title,description,phone,rating,website,image,images,location
Milan Russian Beauty Salon,N/A,0639-292959,"4,3",N/A,https://lh3.googleusercontent.com/p/AF1QipMW4y6N3Ttsta2yHcM3MiaEVjJcb5voTmYQOAmy,https://lh3.googleusercontent.com/p/AF1QipMW4y6N3Ttsta2yHcM3MiaEVjJcb5voTmYQOAmy|https://lh3.googleusercontent.com/p/AF1QipOxUJhcTv-OFncB4Y5H8ZaRM555uWeQaLgzDmL3|https://lh3.googleusercontent.com/p/AF1QipOOFAV9XrBcP0bU2H_k3kKPCJ_LDpbUh9wRUlXX|https://lh3.googleusercontent.com/p/AF1QipOh6X6cHA60WAKAKBE9NMuLreaAYUwb6xtifvAI|https://lh3.googleusercontent.com/p/AF1QipP3e8H33OBeVITnZVXT_cKF5NxSxcQCDRSvjLy3|https://lh3.googleusercontent.com/gps-cs-s/AG0ilSwmoOgetN6xeZKWFH0J2K04ATfidiK8tiANzMEw-kU3HHJYNt55GCTbeKZkt5Vt2TFVfHbp-n4ggKx0RHuWeNrtplmuKB6BlQorlG-wBtUoSr4wcayid_JKJ295gHMShk6fo938MhbJ7jrM|https://lh3.googleusercontent.com/p/AF1QipMwkXE9YJLBRl8HlEa_Q2oGX5_snfAI-nuWwWfF|https://lh3.googleusercontent.com/gps-cs-s/AG0ilSyHBca-6-aBVoGiLd-5OwNg9qlnHR4JMmv8Pt3k2c9NGs911TZeegNClJj-5bedI-uCg9wrVFSusDcmQ2xKjEHSU2ExYXK3645ep_6nWiOAphVam7UQHwVQMh0XrjePzWn8NP4RgF_yNjnm|https://lh3.googleusercontent.com/p/AF1QipP_dyS2FPuG_DrkLruCyvLuXZ2inIz5TT0XJPra|https://lh3.googleusercontent.com/p/AF1QipMflSc27RLbbBzYXJiVLR0vSq0UJtyzaoOUgAIu|https://lh3.googleusercontent.com/p/AF1QipPHU6moovQCRdSBbGYi3gQEBFYcOBqQ6RpKYJ2R|https://lh3.googleusercontent.com/gps-cs-s/AG0ilSwcwEjpwgm3ae5Mi5h6DuBMjVgIlCRT0Ry2hTbLsOG9VaxkNJDAk4mVJEyJvrJ2PD3xNT_D7gpZopOdDR1VXPi9u3X4sNJ0ySlPu4HAiDbL7M_N0vZ2Ij8-5u3K3f2IbNM6SNigk-IDa7KN|https://lh3.googleusercontent.com/gps-cs-s/AG0ilSytPIa7in9w5-EsafRnxPx8Y09pAzJEBgoaM15nWkFeRj0pCrrEIT1ZwOyhzhDLjtgzN8_APLVC69Xjrylty9vV3YxCDLxCNvfJiB1xXaLIi3BzgJODz-GWpB9knM7z3hSwwSuemCcJtzXv|https://lh3.googleusercontent.com/gps-cs-s/AG0ilSzERkGc9KAAFIPSInRUP84v7ypZN3IodHCqMUT4LPjzPMHzheAtS88NkMyc9s-gD51BZbRl37hVJNAhHtNtYNSS4FteQUzbxyd90rX8A76Nj6ZkvTYTkWVNtNOhotR7FPgBiFbUm5dRbvI,"residence l'orchidee 4 rue azzohara(ex lepautre) quartier, Casablanca 20250"
Lartiste Barbershop,"Services
lartiste-barbershop.com",0661-305794,"4,6",https://www.lartiste-barbershop.com/,https://lh3.googleusercontent.com/p/AF1QipP194mU7JZKVZiFgcb2R17mvt1ppLELFHUEc78w,https://lh3.googleusercontent.com/p/AF1QipP194mU7JZKVZiFgcb2R17mvt1ppLELFHUEc78w|https://lh3.googleusercontent.com/p/AF1QipNY-Di18wQDYrhBxQnhpBp7mxXacpElo6pSS1D-|https://lh3.googleusercontent.com/gps-cs-s/AG0ilSzfJ1_64ThI_B3THg58PHIQiy1ErYyN3hgdP-qY4Vuyy_Wke6OWEz9Dp3me9YTis4P8ltVNpWlJGS_ZxUS8dPXo0NuLyz8KWd1l44r29FZVghTrkmTWInaSQZh2PG-uBRgMDGzOlK0c_aJF|https://lh3.googleusercontent.com/p/AF1QipNU8zwj9urBu69wtf_I_L5oGkcDzH5crTPVdKZu|https://lh3.googleusercontent.com/gps-cs-s/AG0ilSwbOOPBUfeUf6slqmG_PtXJqp2ncvZ7p66b3cj-5__Cuzy9RAI8pkM4GWZm9c_Zs7o_TNsdc5LoxlGeWKd3Crnydb_FOSC32XI3-pjXGlUMqgjTN1p2_jpVjWh57zYQJTb1m4P-|https://lh3.googleusercontent.com/gps-cs-s/AG0ilSzi68iPoBtoYNh_xpm2vLqJjA4KhVPyH1B6-zrfGNnP_mLvlh9dbXix99C6GynN_2GTmtabvAPQXHPlEDuDPdwhQ8fgWA6pBAd2VA2dU8o1y6acvWiKrfH_0vJcpOaOAtI5f0g|https://lh3.googleusercontent.com/p/AF1QipPvr7Z9cvN42KMLLpGHfWT_gmkDgeFpvKR66BuK|https://lh3.googleusercontent.com/p/AF1QipNLalDwFp9h7UcGLL6paFykrvMREEHUS3OjrYaZ|https://lh3.googleusercontent.com/p/AF1QipPvnfa7cHMvlJwgJXywzAN9HNUVnZQMeewJy5Ya|https://lh3.googleusercontent.com/gps-cs-s/AG0ilSyhMuLATtgyKnfh4y5-8KD9U6l3hfouT7F5h1s6FSX5hOKxgzcvUDGQ-HTfvIu9v8zNvhWlQNUFUG7TJjd05K_7ahVhdfkC_MGsICKk6_ebR1LhLSCpNqk82ZVpOP5b5T1lA2HD|https://lh3.googleusercontent.com/gps-cs-s/AG0ilSzxAo_NC-kFRyHcKOQP-14NnH0xWWfPpIQc-lbdmDCsGKdZjs1osEUOYrZqhbb8RamVlGRDe1KrGXp0hMPaXYookUbgCoNiuYVv7c9C4eKZENmYn-nAHcy1OSl1D107iA|https://lh3.googleusercontent.com/gps-cs-s/AG0ilSwpBahHtapL4gQfDZ9-xoMH6GTod-DWsueiKFXtQtPTLu9qIDE-tObAuhn8lZYoHMCggse2-GNbzQpvk8-mootSVI5dWeUEMnObtlItwHJUW-1Gl0g3rc1HBOOqDRJ7h7KR4-8BNQ|https://lh3.googleusercontent.com/gps-cs-s/AG0ilSzmuc9vGHbhwMy-94o0sTfShj6AjZiGlexJvIfcV98wKyUtE2idIMsLBxRqYuloVOutS6phmm3uN3DgSZFfDWrdEDRaf_BTfJa8Jim_driNSebCgMh9z0A7p48RJ32AL146nvgKYg|https://lh3.googleusercontent.com/gps-cs-s/AG0ilSyDSEgapCEj25XR9dpzK0rimJEvjMFmQeLTQdw5Sl_K0PBY4PhMjWIhiIZkYZrpuGIfPK1JulYGdOIkba6jZfh6pIPKSmWvXM_Zr6U6ObR7weGIN9vTErm1cuN7ScpwfoQ5GNqL|https://lh3.googleusercontent.com/p/AF1QipPeEVXscGoSp0TmDNkwrCQkltIrtLszD41JT5S2|https://lh3.googleusercontent.com/gps-cs-s/AG0ilSxVDSA2hvyh1KE-qyF9fn2OWmIG3FS4cEOM_sR_vlb92I1CCCCAS-PMR7RqXddNUzS3EwFTX1rcppZZu7JKgBPFlK-yNT1Tb2FD8RnE_yuedfryAQXNRl8RyD3Tihkk2teiFVei|https://lh3.googleusercontent.com/gps-cs-s/AG0ilSxWsNB5WiQpJQBJBwFUJ124dFpU1hCj7lHzTQZB7YbXGmV4vsSgcNJKHCEd0w-mTm61RG3u70oiK_ozPp-J008NXp3pJbvcMvi-LA98s3m5i3Dp4PTpaP6iGcPGGYnyolsIB4qR|https://lh3.googleusercontent.com/gps-cs-s/AG0ilSwIrgVrWS4apO2WuwNdYtDUEyfPoSHKwpJrY527lPG8FqKLM6CUgV2EhELmSTl15wri4iwkK-fkr04KCVE68tfqPCzKJRDB4LocuQ31U166zQOIAnOLUjGwATBNGCvUGaGajns,"Rue Abou El Hassan Es-Séghir, Casablanca 20370"
Legends barbershop,N/A,N/A,"4,2",N/A,https://lh3.googleusercontent.com/p/AF1QipMyxpyBSyAFjnEHDvx3gWD3mmqC1l3mbIotzD65,https://lh3.googleusercontent.com/p/AF1QipMyxpyBSyAFjnEHDvx3gWD3mmqC1l3mbIotzD65|https://lh3.googleusercontent.com/p/AF1QipML0_6TXIFFsPFRwCiL7CXtijm9Psa7NH4JGBGR,"Unnamed Road, Casablanca"
VIP barber shop,N/A,0677-722801,N/A,N/A,N/A,,"residence rakia, Casablanca 20192"
First Class Barber,N/A,0661-320066,"5,0",N/A,https://lh3.googleusercontent.com/p/AF1QipNp-xnlAQ6IfbMTu1ItEdUiigLW7UkjybVQCGnw,https://lh3.googleusercontent.com/p/AF1QipNp-xnlAQ6IfbMTu1ItEdUiigLW7UkjybVQCGnw|https://lh3.googleusercontent.com/p/AF1QipNLWmtxHPwJk1KprOhDWHGPTMHTx4GmyWtu3GQf|https://lh3.googleusercontent.com/p/AF1QipN5s6m8iWkK58ILsf4p-zakHRnmtWgaiFjYdpv7|https://lh3.googleusercontent.com/p/AF1QipNcY6yA8r7qpcSq_Wqn5jJEN8rQQkv8DYyPvkkm|https://lh3.googleusercontent.com/p/AF1QipNa6dI3JTwEnpUtXzcE5IhnYBnusoQRnvTF7Y8d|https://lh3.googleusercontent.com/p/AF1QipM9ksmf2Zspuj6y2ZUPCpXIiVWdrt1NBiOFtjxU|https://lh3.googleusercontent.com/p/AF1QipNXdWOcy0jwLd8UNE30cAvXgyqZefjq8VfyhvIJ|https://lh3.googleusercontent.com/p/AF1QipNa3lqlsCAEel-jwGW0C6f6teOwqARdYWCwYjaL,"1, Lotissement Loubna, N° 35 Route Sidi Maarouf, Casablanca 20280"
Lukass Barber club,N/A,0604-857886,"4,6",N/A,https://lh3.googleusercontent.com/p/AF1QipOucz0TWH_BJ3_z-o_W8gBOKEewFtTziIf-HyM-,https://lh3.googleusercontent.com/p/AF1QipOucz0TWH_BJ3_z-o_W8gBOKEewFtTziIf-HyM-|https://lh3.googleusercontent.com/p/AF1QipOh8k7HySEZZYioaNl5IpKcqeQ0ypr9sbGqmcbd|https://lh3.googleusercontent.com/gps-cs-s/AG0ilSxf5itZ2XU9MPvhMuzUkV1phq7YTDh0Ke1TtK4tbsCJ8QvRP5eXbwlXpbDxZLkn2TQfMrZk1BkyIFxAlsPnvU_4SmggASnWGKoe93hgwqDMH-KeSBtOvvSXhkX1JUDHqTtYrKFG|https://lh3.googleusercontent.com/p/AF1QipNvdfSxd2d4bkgvk2T3fs_LIqGtI7P8tfGNuoB7|https://lh3.googleusercontent.com/gps-cs-s/AG0ilSy-mOut_BbqaFukh6ktarck3ljrAN6EDlkpexUt5yhZkq_T2lvaNEGgXouDcTSzV9thJ2qFF2cCEw-ks-3a3-2iUDLEWaqj3oTbhBaSMyiuWF2GbV0AYM8HYMaELSS82jMPLGJjbw|https://lh3.googleusercontent.com/p/AF1QipPZYr6zCrzwQhYZhJVihldEX9D0x9LLDvonPqcX|https://lh3.googleusercontent.com/p/AF1QipPy8ga-NfrYOeYcF5n93u4GN0s_VISA9AOeAsFe|https://lh3.googleusercontent.com/gps-cs-s/AG0ilSwOtpzr7KeZcxLXyX7Jo6L1aiucVZqeQQub0WoPlE-_YD-e6nczBe4QQ5PlfS0vWI2ZqTbX9LsHCSg9Cq9XWy18a1tnRM1Umu1iI3sK9Gb5FUM4GrdInHcqdZ2y9gCFiPIiLL4|https://lh3.googleusercontent.com/p/AF1QipNn7v9snWgVDkwl-MSP1Nt5y-P5UN8LuwjL7uTg|https://lh3.googleusercontent.com/p/AF1QipOSqmVzFikQbdyYeLcv_KDET__nAANvHdoaFBKG,"Bd Adarissa, Casablanca"
Brothers barbershop casa,N/A,0649-070207,"5,0",N/A,https://lh3.googleusercontent.com/gps-cs-s/AG0ilSw_NhjNtXVGbfh23rWYovFeByZPNSOhbdTauptK2i1MbK_y9zVzUDWsBBbsneEXvlVs6jDNxPfzPOYXHg0vwFg78mlq6Ko6KgEV_jDjSkB7qOsqIPB71z8KC0KAfZRrEWEGs-X4oIIiFnbe,https://lh3.googleusercontent.com/gps-cs-s/AG0ilSw_NhjNtXVGbfh23rWYovFeByZPNSOhbdTauptK2i1MbK_y9zVzUDWsBBbsneEXvlVs6jDNxPfzPOYXHg0vwFg78mlq6Ko6KgEV_jDjSkB7qOsqIPB71z8KC0KAfZRrEWEGs-X4oIIiFnbe|https://lh3.googleusercontent.com/gps-cs-s/AG0ilSzj0zeMe0Soh7Lr_sy0MfOdgn-qmwRKA4EfVO-zR_QutCDtZyIU2QsdM4RradpttkJknabrtbunz-jqnRqudmQT5hkRQApDl5RQa45vlqvEDszTDKIBMC6oMkpbCqBqIGWcTeOJ|https://lh3.googleusercontent.com/gps-cs-s/AG0ilSzaO5nVfJ2H2ZTHy72llVBqnsk0xZ3Znz1uG5rbYjahe2L-zGQ76CnAeOrE7LYJw4_M0506Yi1wBN2JZJ8uIJjYZmjSQbG6_NydaPZRu9jTR1DH0gXbeG57MnSelbILeV0C7gxW|https://lh3.googleusercontent.com/p/AF1QipOljKC5VydKZaXQGD4LT7bPq7CRI6eXO7X8SOSj|https://lh3.googleusercontent.com/gps-cs-s/AG0ilSwIx3ZrT9zDwRmXaYYeTPhHcRjUZHRIjn2lPN3pTLNKLWMjX58OwEnRDcTLZ4l1f24VLwyeUaSz6v-HOOqODMx8ZqSJEr-yD5lUhyth0MHCnLCHxzxZuqu2xc_mrDKy8QgRPCXncFpqD7yP,"Bd Adarissa, Route Sidi Maarouf, Casablanca 20280"
Rakia green boys,N/A,N/A,N/A,N/A,N/A,,"G964+PRG, Rue 100, Casablanca"
Barber's Spot,N/A,0602-879414,N/A,N/A,https://lh3.googleusercontent.com/gps-cs-s/AG0ilSynhLOeUppbQY01jJzWf_wcSb-Kt8fKU33kCRHckv_Ko8JTH45gdBSpMeIeq7dm5PtASzVpc6ssyf2z0LvgZ6r3X0RhONv-7NI1-lLT3DiHw1nIlJYtPEHjXowTGh_AvY8r4BI,https://lh3.googleusercontent.com/gps-cs-s/AG0ilSynhLOeUppbQY01jJzWf_wcSb-Kt8fKU33kCRHckv_Ko8JTH45gdBSpMeIeq7dm5PtASzVpc6ssyf2z0LvgZ6r3X0RhONv-7NI1-lLT3DiHw1nIlJYtPEHjXowTGh_AvY8r4BI,"Bd Adarissa, Casablanca"
Barber shop casablanca COUPE KING ️ Barber shop Casablanca oulfa.The barbershop casablanca.La meilleure BarberShop,N/A,0713-222324,"4,7",https://instagram.com/coupe_king_casablanca?igshid=YmMyMTA2M2Y=,https://lh3.googleusercontent.com/p/AF1QipP1woOSpR9ZJbJ6m48-PnePx7e9Jj9BTIbpi99R,https://lh3.googleusercontent.com/p/AF1QipP1woOSpR9ZJbJ6m48-PnePx7e9Jj9BTIbpi99R|https://lh3.googleusercontent.com/p/AF1QipPVd09fPEppUp7ljUjc3JsUoeD-zfMoa0g91plb|https://lh3.googleusercontent.com/p/AF1QipOdrrFrNCDEw5YK3C1iZo3aOw2jhu1rBXiSPRQP|https://lh3.googleusercontent.com/p/AF1QipMPI-2IyjqmpQ5MAUXBR7Bx63zKAsfiahizdlr_|https://lh3.googleusercontent.com/p/AF1QipNzUEt7JwbhtBglvYnkeUAreJGZrqRmMPic0c88|https://lh3.googleusercontent.com/p/AF1QipOOxsGwHNCMB6EPi6HnY8wnlkJE5sPWGLBO1gRj|https://lh3.googleusercontent.com/p/AF1QipOEIagDVwCp7llyhA5yuluWqSDJ6NYteACXKFEA|https://lh3.googleusercontent.com/p/AF1QipOOk-gjhz-_pWl0Lm10HRZ6mYXkU1AGdC6vKB3x|https://lh3.googleusercontent.com/p/AF1QipPHl9LGFXvPzc5HDGOutgPqucWR8mgNAy4y0e1o|https://lh3.googleusercontent.com/p/AF1QipOeFurk43JrmfCiFowi2dgO43j8IsAvWbGP0nku|https://lh3.googleusercontent.com/p/AF1QipN9JW_sRUYDB_Y5hb7z167BO6Hqzls0qSBkNH5X|https://lh3.googleusercontent.com/p/AF1QipPVk07QQC3EJFdyXIQuHp6qsNfsfFMIFWFadS-g|https://lh3.googleusercontent.com/p/AF1QipPHGb6I3u-PqpREpz_W7s8OveE-GohjRi76hA8B|https://lh3.googleusercontent.com/gps-cs-s/AG0ilSz0VdKG6CMvifyTiGtzeo1ChFli0NkyHLcTLzlR5AQFRdWwq7qWbtG5s_pw3XamhmfFNxAYwOX3A2CYW-j_ZFYBBxJqm3vM3IlL7TH0dNqdc_TZRfOGXd6_B1B3BUZ-01Hq6kiJhg|https://lh3.googleusercontent.com/p/AF1QipNjYTv5vlaFvCHedZLERN-oS_u8pvPJtIn250c-|https://lh3.googleusercontent.com/p/AF1QipMYvuq5qoMVoA33HWqcc-w-OWsH1ZIMt61tTLK8|https://lh3.googleusercontent.com/p/AF1QipP2j9AAy6zh3hlgop5oEM4PALzAYygK-pr1zA_e|https://lh3.googleusercontent.com/p/AF1QipNMfMnpKlsuJcQEnUtkA8btT3mE7rRXZB4jvMIn|https://lh3.googleusercontent.com/p/AF1QipPGHc_zj5MV2Rrxyhu9Fdz2Ldq6rnTWnxMKRWjs|https://lh3.googleusercontent.com/p/AF1QipMv5GlifGde0gvE_uIxMPugNx48wabVkFXBfsny,"N, Sidi abderrahim quartier oulfa Rue 36 GH6, Casablanca"
The Barbershop Premium - Casablanca,N/A,0661-625110,"4,7",https://thepremiumbarbershop.ma/,https://lh3.googleusercontent.com/p/AF1QipM-zA_MWUUHHoKY6sBWFE9iHw8N1_d7QLr-sc9Y,https://lh3.googleusercontent.com/p/AF1QipM-zA_MWUUHHoKY6sBWFE9iHw8N1_d7QLr-sc9Y|https://lh3.googleusercontent.com/p/AF1QipMsAd5dvo3iEPlMaAHMSX8WDrF8Nh7AVzzis8Ed|https://lh3.googleusercontent.com/gps-cs-s/AG0ilSz5vitFZuI8CQ9awkMQ4M2tC1SJevBsHL9jVFui_MhnQuRNVoBuhuFif4dL2lAX9PcQ6-hGntOgBf_c8g6-MOEcXby5DQIfivJluPupK6vkul2w0--az6tFku6XYACc4GkI0iiq-A|https://lh3.googleusercontent.com/gps-cs-s/AG0ilSxOaj0NUB7qW1p8mpLTz7M2lLlsiVpN4bugSL_rYIwJR9zqccXWXchmLIJzA-EOmkMZ0nRDJPP7W7AVUvPmr5qLCgPNCtsAGAoAnVI8NzvGJVzhYhHFcpVgfknz9GvqLcse2KBS|https://lh3.googleusercontent.com/gps-cs-s/AG0ilSwepTFzFdr3Oh3wfpjhM_zKk04WTOaQ-hqm51zEae4MGjdy73atGMA1T3U-WS7GY1EIR_GXqbqQV5a6rKCkVTacii8UsAj4Waj-RY3wzz0o-2cJr7OhBGTfdxphNkOPa41qhFBx|https://lh3.googleusercontent.com/gps-cs-s/AG0ilSyjD0XhwUkF8Cmm8PdyxrO-vHkwld10jzEPc2WGLp8jKmKcRFyGJ3lm68PUN4H-znGfw6kk1H2OYDAIpO6NkVacmRrKc99ZLQvVpMoiLzxHai_3hfRuJ0P-TBIHbZ9EG2JEP2VP|https://lh3.googleusercontent.com/gps-cs-s/AG0ilSzBja_6WSuFsu3mJuPmPVSnjWI_pueVKc8mLUA4E_3lz0zbOYKbZtCO1Fxxxu4uW0M7hYrnu59HUg1J13myhJ6WRw1oOCqI-Hwpj-DZaPD8k_-AJtsQ7tqdmc85oa3YHd-aBnY|https://lh3.googleusercontent.com/gps-cs-s/AG0ilSy6O3IiBRcivFuS1jrVdUrqZCYXoXHFgomRmUowayUQ8egICdjo2tBQVb9ebiTP4q6Hc3F6okQVIHFst_bWbpr5qM-OUQBFKHMe0ZGgC5eXdkqkFwZFEcGxi2tVM5Pi1rqwJJLg|https://lh3.googleusercontent.com/gps-cs-s/AG0ilSwgBwakf0xOuVERRXrLx38p5Rat8wEan5zAooS_6_U5M0wtAVRAOeY58xCp3VFEcVG2f8gSxX2wQ5496LOOzFEa9dPzS7cwLB2Ps4ZdKk3LNIyWRsGNvZa7tz7WgTEoQXNIPRO_AA|https://lh3.googleusercontent.com/gps-cs-s/AG0ilSzfUhnL1l9aMD7ljQbR8cLnqjEM8ktaNaTxipLTSoUelWLIRPo2ER-kE8wdsirl1ereI9xGyf2m5N3jvKHJWZmuVzcXAQ-7bvVB8WScO5Chu8VTHLbOZpq7i2nN_E3sZcr-Axpm|https://lh3.googleusercontent.com/gps-cs-s/AG0ilSyNZ-SRNsTyl_c5mFFjdtbUwReTF2a5IdAvXm8dOwTQiGsgczEnkIo40izJlCL0Kfp98hnpY6Nf0PrvmXbIUo7FXyAcE_QO3BPKrT0DdHSe-vGbVkHuWagh7dezx65Yu0V-t6bf|https://lh3.googleusercontent.com/gps-cs-s/AG0ilSyGBPurnY4TgqwVRXh91ahgmA7HQJpSphorjO6W-iznX8U9gmJ4RjYJrJehsV45gv_va6W3uLyQBDLLudxZzA8pFRinS_wSxpBMnuwBEjgL6E9xYdNXNm9KjW_cc7vhHxibnx-q|https://lh3.googleusercontent.com/p/AF1QipNFkdrAQc6cAXR-pVCiOji2VNvQ2Hb5LReeBcIS|https://lh3.googleusercontent.com/gps-cs-s/AG0ilSzxgfsd3so5fkzRkzUMmXohm-jB_i0IN3M2XKVZ1eKfTBy97hGd5oneM9AmKzWN86fxYmALRN6iBJHSnJtzNV59sasVxdypr11MJ1wsPFaL00Q8pSOz5b1bz2asM5IZLSmvZVLC|https://lh3.googleusercontent.com/p/AF1QipP-nO1-XysH_PbbcWnPmp8FB9EXPnSi2V6vnaVB|https://lh3.googleusercontent.com/gps-cs-s/AG0ilSzdWVqLR78Atlqs9NRmQMqZjw9ufnG-B9xdtJm_dWCL5xGOwP80cCxDN6m8n4ag1KSyA-5e_L7SCdsJbimB_zdTR5xyG7K9F0OQRRuxKzQSyhtK9GMPb2rIyii3kWcR6JLm9qSr|https://lh3.googleusercontent.com/gps-cs-s/AG0ilSzArcy9vgfdEjwEo4ig4c4bDSboLm84wnteKGWL1GVIs6plqT6uTSuMN2RwuigkedeaWcHkGj1GuiRMeiWXHXAU8ws-DXrsDFverDiNT-2wqXzGFkOZQJ_ZnxdjRfKg0vLnOEKb|https://lh3.googleusercontent.com/p/AF1QipPvrGbgJwVDd29thqnp_kjkVqw-_K7ANjWrNJeW|https://lh3.googleusercontent.com/gps-cs-s/AG0ilSw8mrenx46QcOYn7OCKmV-xC_hxhFYw8Mb44fGXGz0z9OnVrzBeogEgewdPz9WYV-9h0r16C-e2fGdUua3Wh5z_2tg62wrgH621l7q1MhAuJT1AnlWoXUhpTCoIcwVmVIl6bTGUpQ|https://lh3.googleusercontent.com/p/AF1QipNsKVdpxFXOqi4y53zkbnjwJ3eeEmi4Vx-PGZDF,"3 Rue Bab Al Irfane, Casablanca 20000"
The BarberShop - Casablanca,N/A,0673-703737,"4,1",N/A,https://lh3.googleusercontent.com/p/AF1QipNmsOVcHthVE_j0fmO9v7cfcInewJA-AuLedbVJ,https://lh3.googleusercontent.com/p/AF1QipNmsOVcHthVE_j0fmO9v7cfcInewJA-AuLedbVJ|https://lh3.googleusercontent.com/gps-cs-s/AG0ilSxi9YPa6Nwkfr5dzt5IxxURrsWYIvoyzuLqrDhIR0DE958GectC9LsSC6pVFe_6_sjYb-k7f0WBu6Uta1vDfCMEtrK2hO7n_XooXp3_aQ3OyKLR62xfVhlLhU0-DXAahQtdSruI|https://lh3.googleusercontent.com/gps-cs-s/AG0ilSxmGt2a8nJaA4_FeEsuIwm66kaavPwPHM58TGRw5_lLjLFZccMBpSB-LWCi3EuUwAMSyQFiGTqeGbrDB58D-GVyKNTNGpQjKfMQvXFgmsM30ssxRCoVoyYqV2gVjO5G4eITU2ZR|https://lh3.googleusercontent.com/gps-cs-s/AG0ilSzYVuZ8wxxpuI-2pB5lDpIeoXuDDen6Y5sX-qqvXe2OPhh0FPZ1jWY3pGC6Rk_8JHUhO3G72Q-4fFz4yD7d8zKR8ZCiHKGxXfLmwzMGO3G6YYYFMjq1iZxfk6yxnQcIukHUOT3a|https://lh3.googleusercontent.com/p/AF1QipMPEVrzalINbO7yxVjFy2J0h-XLiOoAzfSIpbY7|https://lh3.googleusercontent.com/gps-cs-s/AG0ilSwssB5SzjVrNSxhHatYIuIR1qOQk-vm1pDBvmPAwiIApTBb0835jrN5zvVQXbGXZQryK-W300aAeAvwlE7u9sUmmuIH7cCLOfQuTfjoz_m0QL7TawrZ63OXiWIsshxUowWW56J4wA|https://lh3.googleusercontent.com/p/AF1QipONR29YMbibR9drNhEu5oVlJFZqFkN0TTOxQjHd|https://lh3.googleusercontent.com/gps-cs-s/AG0ilSzEny5pG0Kr-adUj4adfr1P31xdmtKBvsDeSkr4lkkow90PZZHH7yM63rxRUbOsT80WvDieHs_zNvBgmZh3SRvdLivnVUcWEUHF_H3EUCLul00dAd4mEcMl-nm12aoQ2zWByRR-Dg|https://lh3.googleusercontent.com/p/AF1QipP7f9cs6Af6Rhxc8HBSHupnrmqLzFMinKg_fY8s|https://lh3.googleusercontent.com/p/AF1QipM1q1qfBVJfj2KH3YMoxnMT6sww16uASsvul8IL|https://lh3.googleusercontent.com/p/AF1QipPEr6UxdMGBq2L69uIVggFK8pwVgH6TmwAhPcBD|https://lh3.googleusercontent.com/p/AF1QipO0dsHDTvILt2cxP9bfac5Dssftiun6ejnqc0MN|https://lh3.googleusercontent.com/p/AF1QipMWBdex3mslUl75zn3wht5MXkHlbZzpOw5nbMzZ|https://lh3.googleusercontent.com/gps-cs-s/AG0ilSyoHPMUl5nIcKXUYfDpVUN0c_2nHRPi4FDhA3yuG-QsgfW_99Vtro3S-fUjIRTCmwZrIpzP36A1FFSNv_r6YwVZLjlqCyBa6AOE8hfVKHmuJ2yGRhyafHOw3RYJTkl6lwb5a90WnA|https://lh3.googleusercontent.com/gps-cs-s/AG0ilSzxCOqww7E5ruSOzg00bEyN9zzkWl2wd-oP2BQ4F5XHOeQcnFkwv7mHtreZegOZEOf_uBhPIHc1mmrSe146p98bj1iQ0qcnRSDzqNUpp1k0-tB7Qkl5RzgsrC-vOW7u2yWX0NqlGg|https://lh3.googleusercontent.com/p/AF1QipNegRQSMFhsRZh9n_MMf3Ov4rcoBB6FXhipYWP4|https://lh3.googleusercontent.com/gps-cs-s/AG0ilSy858T1ECsCzngX9fULfIMEGHN7ZRhoXxGXREPGglyqscFMUc4-ut4CtyYzmAptQAs533lXqccSuoKN0UjeWCOqcx8Y0dZZ_euEeOzR6hab51-l2Wad1HVoc4tSYMkyJ_a-EfaZBA|https://lh3.googleusercontent.com/gps-cs-s/AG0ilSx2b8frt8y36kBcPHUIVE3f-kem1A8qoeYIuAZwXeM5M189TGWfWs7hoS5X7hh4YP5_A1EeQyESugajYR75fAzqQXbiBY3VMXGOdyyNRjecilqFHUdZ3I0oHr1bqxCVj7lzEXGL|https://lh3.googleusercontent.com/gps-cs-s/AG0ilSxeli1wwnYbAg9ukiQ1QA1toi5Nk7XgdqJfHu1F4_k-Ubul9XfC1WlszQCX4K_p805xNhGN5tPG_jED7barFX38nUDVRJdN5U7SwvbA_-EUj2jE-VKOkyyXnqpqVwkbCJzX3wX0ww|https://lh3.googleusercontent.com/gps-cs-s/AG0ilSxTlpnjjsiW-zsMrsffUQaSIsHx3r-BoVasXAgQH8QNKJ0Ut9V9YgvkBdgv80cvS18ykqu06HUTbiuD_G3BvBHgfk_fb2-KzyMH_sUpuFmOSUTPZqwXfGYO-HcVIWe14o2JixaW,"Angle Avenue Ahmed Charci Et Ali Abderrazzak Résidence Pavillon D’or, Casablanca 20250"
Barber shop,N/A,0626-014167,"5,0",N/A,https://lh3.googleusercontent.com/p/AF1QipOZ1ta1Umb0IisGvRzfcwHsTTRIP6IO9Y2uZ6Wg,https://lh3.googleusercontent.com/p/AF1QipOZ1ta1Umb0IisGvRzfcwHsTTRIP6IO9Y2uZ6Wg|https://lh3.googleusercontent.com/p/AF1QipPQv38g_Vjm4mvh22JM1DINKC80qESoDP4KX2nZ|https://lh3.googleusercontent.com/p/AF1QipNy-F6_8pPMhKu43TetzfOdbqSdiXzRbSwJopHn|https://lh3.googleusercontent.com/p/AF1QipOrfmexAxL8wqbdjdGXSxnWuavfPWhJI8uShDMl|https://lh3.googleusercontent.com/p/AF1QipMudz9Q2EbEXyhNTS2LN9ABTgDGBVxbTHTfVaQm|https://lh3.googleusercontent.com/p/AF1QipMUIqQJFVLUGVJvuZmsJGoGu_qGD0TqYz5jYgac|https://lh3.googleusercontent.com/p/AF1QipNhjgA9nrhtTHrE4XgYhQyxSptzvJ2rLvN0uOb-,N/A
EXPHAIR BARBERSHOP,N/A,0604-857886,"3,9",N/A,https://lh3.googleusercontent.com/p/AF1QipNRfGHRLZdS3NXZnEEP9diqbVSS1abNp1OCkNWh,https://lh3.googleusercontent.com/p/AF1QipNRfGHRLZdS3NXZnEEP9diqbVSS1abNp1OCkNWh|https://lh3.googleusercontent.com/p/AF1QipPf6w-nx2rELu6jEH9YpR1Ed9GXLN-qc3EHT8uY|https://lh3.googleusercontent.com/gps-cs-s/AG0ilSwcf45ApL6CKhpKmElAx4MUcLO_eVjAbnTXCI6LS4Pd5BTnShE-VMHMD0WU8tApmp0Yl6OMsihR2BDIdVJnj4Wj0J0mIw_QtbHh-T5gHaOT6cV1mGpu1y4cV9EU03NAK85TEDRl|https://lh3.googleusercontent.com/gps-cs-s/AG0ilSxXvx1hpBewfpT5ZHTVesl4CooUh5vcD9jB-Mbr_S4aeqFyjZN_MRh_m1cR53TMiYIYIOtX2J-8wa73EVpTIC30YqLa2Uf7JoQbuzx0LiEpq_9HLUhzEBnd6y87N0KSAg_w2RhQQg|https://lh3.googleusercontent.com/gps-cs-s/AG0ilSy9xZhiS6lmd_XJsONT0TKB-1iT2H5fdxieLCI3xhqAHonfsF-c2eAiLD8Yqknm3h0ai-7F0orUkS8KHWXXY2XTZJoXqlf8gbd_9XdcdZfjvGyjR1gSeDwd0VzntElRjpxBwWQ|https://lh3.googleusercontent.com/p/AF1QipPElTbCLEvdlw2u_rdr5Deo2kOtrtyNEtMMvXQt,"104 Boulevard Abderahmane Benmoussa, Casablanca 20280"
The BARBER SHOP - CASABLANCA (STAR),N/A,0675-104721,"4,8",https://www.barbershopstarclub.ma/,https://lh3.googleusercontent.com/gps-cs-s/AG0ilSw3EWKAQj9-VFnCeSDnlBySXf3rC8tlUGy_1G4AGOGDmbrIQUkpN1jL8XusDBu3xgbcqPFZLB3maYxBmSFl5AF6PHM23mgeDANIwkPdO4A7dBQx7MWO7R5FaQBeiZOpbPPPR7gf_uk2ZzN5,https://lh3.googleusercontent.com/gps-cs-s/AG0ilSw3EWKAQj9-VFnCeSDnlBySXf3rC8tlUGy_1G4AGOGDmbrIQUkpN1jL8XusDBu3xgbcqPFZLB3maYxBmSFl5AF6PHM23mgeDANIwkPdO4A7dBQx7MWO7R5FaQBeiZOpbPPPR7gf_uk2ZzN5|https://lh3.googleusercontent.com/gps-cs-s/AG0ilSyzCPep_4P5Itk-eLicHoP81wVQa_gULpCqUrq1cnzOh_9T7BahuxZFZ9qiSqFeZKMDl_2ObpCr6cTYOCLxTQjYhMEvW4YJ4reopCagH4JvH5LwsfJCp69vVpMaYUOHm17Q_pKPGDN-UyU|https://lh3.googleusercontent.com/gps-cs-s/AG0ilSw2sG7BVVlZxOhe4xFDngyqX8wbUwUhV4D9LbHdFy0iylqpVWrgbZERZCZFjn7RVoKjqzT0GcZd40gTOadzTQKsZgIrNbIX9wAuAaOIJNnqzeN-NRGjh04Qli_8ukJzEqNHOoN2KS5T24yp|https://lh3.googleusercontent.com/gps-cs-s/AG0ilSzwvvMwlWrdKUUwFUjUYtqjlObgousSxwOrMpyE-OLOqPg7XKDtKxSQthiHm-oQCfSqJWEKenKk9MGxqqX4BNejIk8qo_YoLvg5iV6tBlulspvCL35Bds8etI6ZC7h00azdUh7AkxNq60g|https://lh3.googleusercontent.com/gps-cs-s/AG0ilSw7XrheXwttoxMhD17QfV8LoZqew_3ahoW3AWKX2iPcQPwEmsX3gYDYyCAX_WdFOdRH7LHQjB-14jpoEYb_HpMCMRwY4Fn0m_9JFPv6_pNPZr-LR82cjUYM6fVt5QTyoAFPl3O8c7JUkKSw|https://lh3.googleusercontent.com/gps-cs-s/AG0ilSy2aCu64NWHWwjbeKlEUDL7ax8x3cxW-ZpAF0fZB6yWpB7Ez7xNUyVTLvPFAgvUjbgZCqi6p28j280Giijzl9YLnW7lYEz6v2-xsVlVpqP5_bYh-EeBCHFuaS2wfCgVVjdW79W0GsHn5Ja0|https://lh3.googleusercontent.com/gps-cs-s/AG0ilSzv9ndpdPW1D_bSNEeNE2ouHVl9TGSsJKPjq4xz91C8RDUn0R6cpW8cNihdI9qkK49PsKpUncmu65Z65axQqkq9cRhEX0XrphPsZn1GKisW9ECiYTEzSINnPDUqqjTtFW3Hlw9B|https://lh3.googleusercontent.com/gps-cs-s/AG0ilSxludmHbHgcERLEgRbprlwreqkuzb8gRdXWGUkVvO-BPtNuEx1b10FFzslTd-7bQ8ZK4jPh72-R73AbRQOIylD9-6pKlb7mTVH6-uZPzPeygTv0y-LPZEPeKdHgSaRLceY3o-s|https://lh3.googleusercontent.com/gps-cs-s/AG0ilSxwWTB9sMMqa1LbvaqpWZkd-G4Pl-4zb7TlptpIq922Mf6kIYqybxf-yPdoBone4bcjXpGQxfC3gol0rwddo8NicHL2lSvjvKucNs63mjQBHlreVkrXbdOKfOVw94EwqCIaAzeMp_pFYQY|https://lh3.googleusercontent.com/gps-cs-s/AG0ilSxdPPZ-tosF3GF89xVbHFWllzWRKHGvuSGkhN9ccamP-2zet0iYYY-tAhGMBCvVoyUiIXe_2Q7H1K2ldUwL6L8ubLhPBKoOi1yeZ1TCQ1NuoVJA7Yt2dpxDimuwASZYrojJGIHvbLFRwyB2|https://lh3.googleusercontent.com/gps-cs-s/AG0ilSwHtJnC3ruyPhrXwu5F9OpvHfq-UcKMVCNeHH-Ab69Y6McEE4XtKoNgjHPc_-htyO8P3cOV_6WfF2ndTA2mBcMDtcbT6JBxG9TNZWpQxJZHuh5KDG0wXb9bfQgXMuW8JnwNXXnlLw|https://lh3.googleusercontent.com/gps-cs-s/AG0ilSylLoWKGPOPaJ53H-fCQXsEvJkfOFQF9J__QkCdRgX_hG8S383xQFGQuwoVfulo57Sx5-C9CTxINj-Yfee4pyaBTbGgi4JqlOCRhXSAh6WgE5A6vrb8ZOpZGWcK5kVpVp_P-_1QDw|https://lh3.googleusercontent.com/gps-cs-s/AG0ilSxmY-KB-otT0WZDoGo6zskekw-0H5c4Tz7hUGLFZKP2gHHGCSU64r0q7WukM1Awwy0plQdbX3Sl8_w_IyrE7d9-iwDXSekcUNQU8ki2DqITxWXuXmUXQ6AR5KsqV88TL_9wadRb|https://lh3.googleusercontent.com/gps-cs-s/AG0ilSzj3BDYiSJSdSOUttI-zH3zyPIHnMJgy2z8EY5Xm-PlJtpWvoeyu4ZZLewpSYbt1lXoEkJoqE8e2nBp8Y6z6k0RSlb3PvLOBi-k5gnXZkiOnfbUv_s06MXh-FBphI_-ESVpoM9lcw|https://lh3.googleusercontent.com/gps-cs-s/AG0ilSykCckqKQjwdqoxE1wugPv9yaAbtMzMNZGsn5-eQPXPgR2Bk94YYmpmE-bU339abpp-OHBnacutjuG09jMZCWKYbwnvoVPSmpE5OKMd40XdxROUd0TpUlE9HA46Q7YfzDhrbz_D4QGzjVFc|https://lh3.googleusercontent.com/gps-cs-s/AG0ilSzKIVMO2geGXjcgiK6gluHHC0qAy6JkjSMwSRhfmE4z5wqURkEmTJyMmYbaY2QxOlp3jC0VcaJtPBX4_476WmSKOTquJC8Y1J7b3EuVNyXxAuCwjobkEFAsTczFllQE4Mz3CyS8|https://lh3.googleusercontent.com/gps-cs-s/AG0ilSy8AAmJUFYRFpczG8amrpTAvgYKY92D9SaRYpHTfBFmE6Zu314BT5PDY823C9Pqyg3ePsOLZt1nbWu3RGkOXzE-h7kJGrxNO4gkTE2txWVpKIB6PXGmWTj10dHkLBOtPlkQ02fU|https://lh3.googleusercontent.com/gps-cs-s/AG0ilSzKpY10diMEVVER7T1okY6xesxq-S8Gad0fWNtIclJrBuGTKguCmj3x_8TMR5f05O2BeZPAHRcb4L0uLCeHOhAnsn-HwHCiFt-F-jX4w72cJVrDCFOWSwgQYasw_ZHq8RL8wu_Y0Q|https://lh3.googleusercontent.com/gps-cs-s/AG0ilSxURUAWe3ardg6TBH1G0TEVtq4hA_C-gu4xd4MxbuaGKfycLNXWTSO9BtdDGZtdvvHl7xXPHOvWZCZaQyuGm8EvTA8mOjbF08AFdmQj73C3e_014BkBFyBI3Wt0i4K73nPWM2eN|https://lh3.googleusercontent.com/gps-cs-s/AG0ilSzRbwvRLjKvBzTYlB1FSBfSIYHuMLL30lf0NDeVyMq72f8T2yzYzI3JW7J8nDrWUJ7T2XYFmvD5-lET5c0Mx0s8B1ZVvJpQ0Fqck6EbpkhLZD-enWpIQRJenHRzox-7Zzx_gxRKKw,"5 Rue Abou Zaid Addadoussi, Casablanca 20100"
Barber lounge by Anwar,N/A,0520-020305,"4,8",https://instagram.com/anwar_vip_barber_?igshid=658uvp0r8mpz,https://lh3.googleusercontent.com/p/AF1QipOf5jYV5iEbVgqdRDOQZgoceB5bAFwAOf9z9nX4,https://lh3.googleusercontent.com/p/AF1QipOf5jYV5iEbVgqdRDOQZgoceB5bAFwAOf9z9nX4|https://lh3.googleusercontent.com/p/AF1QipOhPsOC_Xh2QoOXgYwFS_KJZWtExLu2o69-Kga_|https://lh3.googleusercontent.com/p/AF1QipNy1MaopwQixWu35a47yHHEq-_mKZ3LHwSCaVEp|https://lh3.googleusercontent.com/gps-cs-s/AG0ilSxy9TXQcfq9kPkHAQbC2rndHhWNBqgF1v2fyiE3HshU4xU6l1WmGCTUTkh-EJypti6-IjkvUYnZAVdFJ6bTykXXdvXEVnj45keMXfUrDED3eCmRcHpz9VS5tXN0pUObgtGGv_-t|https://lh3.googleusercontent.com/p/AF1QipNczIIDdBulxyeyeQnKiCk2l1VPjX2rv3kFrH49|https://lh3.googleusercontent.com/gps-cs-s/AG0ilSxltLZAS6QLPeTgasWNWTt7w2TWGPxbfNCYVZPVcAhTY9IAS_QW8BihMR0qT4OGPZd081thIUi-FlDVh6dUDqARg40z_x-2Ztvkn0h3ikqJ5ZyTzAhd_FOF72fDfcMcMPZ0p_R5Dw|https://lh3.googleusercontent.com/p/AF1QipNlWd5euRstFkHHEgfQBmaqG-Azc5YmKHxHqt92|https://lh3.googleusercontent.com/p/AF1QipMaPmXrUIgx8gv3C8_eKzIU7_b2yCuK6JhK3WJX|https://lh3.googleusercontent.com/gps-cs-s/AG0ilSzVOW-YqhzcDGvJmM2a6SdFmGwp8t0dzg8mwbNyil0SDpsOiuXiGj0L1tHNGQNv_ALYyKrAcdP7EOA0V6kVuY4s78z5NUM9DKEP_mJa0TFX26g6ImSlxWQ87D0tLMP1qTLGiYrMnQ|https://lh3.googleusercontent.com/p/AF1QipMFInvIvpRJieLdneg_tJW6L5UPemI9FJdWkxix|https://lh3.googleusercontent.com/gps-cs-s/AG0ilSyix5oCv3VbW6myoySn7R203mnzfzSVkDKAfE7Kiv95Rwy6MmkwFRFnZkNp4vhwF1QtKYdOyS77DcG4i03q9MHvN8MOvwqvQTwTkWPFDLae9LbrZSdOuWrglWD0XVUISTZ40mJ2Hw|https://lh3.googleusercontent.com/p/AF1QipM2rKej_jSH598JtoaU1BSiBEMSwmnNu8KFEfPX|https://lh3.googleusercontent.com/p/AF1QipMTjcW8OXZZeMQ1eAyJpDxUi7QpO-937aOyo92L|https://lh3.googleusercontent.com/gps-cs-s/AG0ilSwpkDEO4kfEmsZvaKT1cUKfQ2zuRDl0El7KY6OZkPiqjAXqoLXenVHFnIL6AYNpc7f6pCgswDbCu82wSFE9y-sfszCIbb17XYjnV6HNG-Gxgxs9YXbgzdsfuRkmlgx9JIIpDDA|https://lh3.googleusercontent.com/p/AF1QipOsf6dgM4lyKIJxgBLPZ6NfQ_fZlvIMNI0_WjMe|https://lh3.googleusercontent.com/gps-cs-s/AG0ilSxTq-EHkTyyUiEO04f61kFEr4_HfnvDpIpBC9LUbfnluoLU9oj62B5xhdSJi_U-k1APQGxZ5fN1QcXIlbYyt37yxAidMhwqYbVt6T5vHL4RKdDXg6B6vxAimzPsP1gXyO0OTt0o|https://lh3.googleusercontent.com/p/AF1QipNsZZSi79_brrS9a5btg44vtkNnvcLeTYDDOKdW|https://lh3.googleusercontent.com/p/AF1QipOTmlik4ClC0dMQPNeG3PYbElQlTPKVYiei4pUS|https://lh3.googleusercontent.com/p/AF1QipMDAeGU6sz3kVVGX2h5iT31P08t7QsBD6oqFLYA,"Rue Taha Hussein, Casablanca 20050"
Le salon hair shop,N/A,0662-357375,"4,4",N/A,https://lh3.googleusercontent.com/gps-cs-s/AG0ilSwmNm3DUcy_sEymwUm9m4SvVozxluWN4O3t6BrJovTrtAl88Ik6-fd80OzjCIvug5yulKmJd1XotTlfsoWgjBcEX0bz5C7NXVU0SNOiAeNmlGTmMZkwDu311oc_ZCNM5DL3ZcXIRg,https://lh3.googleusercontent.com/gps-cs-s/AG0ilSwmNm3DUcy_sEymwUm9m4SvVozxluWN4O3t6BrJovTrtAl88Ik6-fd80OzjCIvug5yulKmJd1XotTlfsoWgjBcEX0bz5C7NXVU0SNOiAeNmlGTmMZkwDu311oc_ZCNM5DL3ZcXIRg|https://lh3.googleusercontent.com/gps-cs-s/AG0ilSzxdXtSvHJiRhwt-IvwPmiPcm4IBPD0Rir_U3qT5HxNHuVk39aJF5LAUXvkGxZaSGtqK8cjLEcrz_MLl6i2cu_KsIHxnTKToQzj_ZvxFarArQJZzRgtXvxIf339w7p6lcSWs8s|https://lh3.googleusercontent.com/gps-cs-s/AG0ilSwdFqyQn-WGZq4R7mCVpDG2EP0jfUZBDF8JJqZta_ZyroBlq5xPJ66EiFZ0f0XDYxiTpVPFKrPCHEJ75TUcz6nfbxdT4Ki0AwHWE7BQxwx1bS4aDrwGuDLjphbdYMbXdVV-3DfW|https://lh3.googleusercontent.com/gps-cs-s/AG0ilSwqQxn4R4yyBnTmWMOGYrx80NiDjJUuw_HDLIniWdGeifwXQdoTn-6IUszOnYs2pN89grwW0ff2R4FEVqSUPT8i4wjPfF-tqlDcXM2IsYwpbG6cPwIvaLHdNDgvTSrQ0QvGB1LM,"Route 1029،, Casablanca"
"Beard club gentlemen's - Barbershop, Casablanca , salon de coiffure (Coiffeur) , Manucure homme, Pédicure, Soins visage homme","Services
beardclubgentlemens.com",0716-951600,"3,9",https://beardclubgentlemens.com/,https://lh3.googleusercontent.com/p/AF1QipOEV1JkMohojF-fKJQmaxRGFaCH3T4X-9le8l7o,https://lh3.googleusercontent.com/p/AF1QipOEV1JkMohojF-fKJQmaxRGFaCH3T4X-9le8l7o|https://lh3.googleusercontent.com/p/AF1QipMlc4wizHXFHJRLicJ_hbgZU7mpehiSj1WCgOKR|https://lh3.googleusercontent.com/p/AF1QipNvVE_IuQxpdcoVL8eUPI1EzDdg05IvgsNXgZk4|https://lh3.googleusercontent.com/gps-cs-s/AG0ilSwkkDb4mkzuyYJ1YrVm2BMebbWVKleAHljLhuIHWFYaTWNIX57gsLvz-H569irOACUvjz7qpoC3e6nwyXbHAqa0UqOlb5boqmwhfES1rUKBcoRf9GjliH6xOGCENXXu22CkjDGENA|https://lh3.googleusercontent.com/p/AF1QipMXJXFt58hJDPR0X7iMVdmKgJnAWhMY8nEUULyl|https://lh3.googleusercontent.com/p/AF1QipPeFhcTbNR51Lmg8KeqKlK52nyT-Ryg_rkJo2hJ|https://lh3.googleusercontent.com/gps-cs-s/AG0ilSyPbExI1AlYxSkaHQAEc_N6FzJz3NZT3PF6zABK9Pt6Ak_zJDQipcGdd-FmWuqZlJKwJZ44k5dxJ0cfgCwkUxqun6LPjG_j6RUBC-4aieUyFObj30iLsGnv1acTOwtXSwJGeFiO1w|https://lh3.googleusercontent.com/p/AF1QipNtauCmM0S-CvteIEsyDfrbCIuAZxYwm1UuoIbW|https://lh3.googleusercontent.com/gps-cs-s/AG0ilSyC7BuhtLBxksxQR9i7hpd-ravMf0qkkDIt7-2--1x13U83yybcHAzPI47sz1J4pVyfEpfg3zKXf4VgvkLEjDRf4l4RrywiZjlQ3jS-q7AvLswMCM2KZt-8MLeUkS8nsOA52OHc,"28 Rue Molière, Casablanca 20370"
EL Mehdi Barber Shop,N/A,0664-048407,"3,0",N/A,https://lh3.googleusercontent.com/p/AF1QipPeFhcTbNR51Lmg8KeqKlK52nyT-Ryg_rkJo2hJ,https://lh3.googleusercontent.com/p/AF1QipPeFhcTbNR51Lmg8KeqKlK52nyT-Ryg_rkJo2hJ,"Nr B5, Lotissement ennasim, Casablanca 20280"
The big boss barbershop Casablanca,N/A,0612-995923,"4,5",https://r-thebigboss.netlify.app/,https://lh3.googleusercontent.com/p/AF1QipOwAPsfzjsG6XFbejh8dYWItC9MVAipYQA2OsDl,https://lh3.googleusercontent.com/p/AF1QipOwAPsfzjsG6XFbejh8dYWItC9MVAipYQA2OsDl|https://lh3.googleusercontent.com/p/AF1QipPoHlbcFp7Ls_lJ_bfAnHovFzKHb_x1SG_axMt6|https://lh3.googleusercontent.com/gps-cs-s/AG0ilSz2PZoxZQh02On7fe8EEAiQl4ETpx4iH2BZLUJfTk0kGrzy8gjDf3IR0sOwIJOVIsykPtrr4hdD2R2WDaQhV7AAyIGG4YGCEEaK-q5N_bE8Ht_FOx-sJTn6X1FSaRd_8MFtnBc0|https://lh3.googleusercontent.com/gps-cs-s/AG0ilSzAahY0mP3oGXeFxxeNJOcIBaf6qi8Gg0alxUjtLdSdNFs_Rbrc9KxmXA0aOqRlEW_OznB2YRq8LtWKGvY7p6fxrRKe4NiHKVP46XLTEoaBAee3WlP_bAB_nnF_SnUmS0iuGjzZfw|https://lh3.googleusercontent.com/gps-cs-s/AG0ilSyPGwvLwXJNromZbiGmwaVj0u51ofP4JHjXSRhjr7ha15MUhDCcTrTmPVIMNbf5AYy3z_LqAhAlcYk9YVr21yHAEsricPZIkh1dYwcCnBDiRMRVlLeX1Mdwq0LIxQwE1_2MxxLsUQ|https://lh3.googleusercontent.com/gps-cs-s/AG0ilSyFMyE247ToKwcFKg1NScxe9XcbTfd1G-D6_GNLobd-E2-ZKUr7wRcPW0tulMWa1CMd8mNYMsPvaZGVp5kRjziKrzfCoYh2Tzs4w0UUE-5bH-YqbCISSkVfqXzwm-tDxkZeWBef|https://lh3.googleusercontent.com/gps-cs-s/AG0ilSzfPTw9E24KIDHjI2yqC19ITjKy0UtRvOymi1QrIH4vFwPGi9fpAt2hIyyk2mn3OeVk_9aEnQhZLP78UzVEc8HIqDoX0p__DvaaMiFJ6IIHu1UWwjmh1LBy8XI611CfrXhj5dE|https://lh3.googleusercontent.com/gps-cs-s/AG0ilSw_lyw7zxv0gH4dsKKNa8fkcPN6a-vcJwyWea6DTvlUCy-zV2Y2pBJm9F30IvbTn-UzgxwsCKm9D_elbZNh8ISlYaUqT8TwZZpKwRtXRZYu7S3wobnnQY7mjP2m3XQud2V3ANzE|https://lh3.googleusercontent.com/p/AF1QipMVVNX72d1PKjlX_t89cENwbjRBt9iwAcBq72mU|https://lh3.googleusercontent.com/gps-cs-s/AG0ilSzwe62_PXxhGlzH7L26tvki9vy2rcUKHoVad8Ko9LSw-YvO8pXzVJd4y7dC9C4NsMnDqiSe8ksNtYMJyexMxdLvc7wI9NKjTBL3rIYRY5HHtYTN9-cZ29mRMHZj4q1FcaHhu_V62A|https://lh3.googleusercontent.com/gps-cs-s/AG0ilSyzkuNRdI_DDDwi0g9-LbeKmzXyZHIPG-YqRdcWtph-_P5a00aBYD6J-7tEbyJzYUAOtowX3ApDefqEU8AkVcrqGihsWooTqMCnCGhxWvSA0uqZvPQ6BY9Nt9UKjBVbzALVNU2t|https://lh3.googleusercontent.com/gps-cs-s/AG0ilSwx_uWUV-zo0pANXjwBhpA9fp_KsOsrLvCQsr4HhY0XOtfvHAdshA55TGAa2axxeeCScsocEr7gdcG9PAhFTcDb_3GXEMdIAOB4_8zO4ZyFvxpCYu0nqLgugsDwnmFs9pXFbEtr|https://lh3.googleusercontent.com/gps-cs-s/AG0ilSzhMKUdfxQu78CF1WAALXKcNBD6xUi5KRB16JfGyErf-2_ZBaUJyxUgcV-n-nc-bUcsNIDJVsFzjhdIlq30CTl6xO6_NpU1tIvzf-z-GtnN8TIgbtdFYaxnOTKMKsngAhsRU83gkg|https://lh3.googleusercontent.com/p/AF1QipO3xZsSNyHc9EAWa0AnMNp1VpVThrgAVEUznQNG|https://lh3.googleusercontent.com/p/AF1QipPBQFe_j1aC7RGt1Bip-RKqRvbBPOVpVgNYVYEG|https://lh3.googleusercontent.com/p/AF1QipMjm23GdvgxL1I_5g-yPsVkaLRW6dy58cQa869m,"Rue Ennahas Annahoui, Casablanca 20360"
The 99 Barbershop Casablanca,N/A,05229-40650,"4,9",https://the99experience.com/,https://lh3.googleusercontent.com/gps-cs-s/AG0ilSwj4qQP4X02RUmVvukTkRLX5as_jf1-Yf9SeroGUtqLzjmD1LPCp5dV0MbkhX4Zz2wSvBgsxTIdhzZIfC09TcQ921r1eICryM0naO9OgK3zBBhbcTPbvqvs6RmPYvjlQEsR8fA4,https://lh3.googleusercontent.com/gps-cs-s/AG0ilSwj4qQP4X02RUmVvukTkRLX5as_jf1-Yf9SeroGUtqLzjmD1LPCp5dV0MbkhX4Zz2wSvBgsxTIdhzZIfC09TcQ921r1eICryM0naO9OgK3zBBhbcTPbvqvs6RmPYvjlQEsR8fA4|https://lh3.googleusercontent.com/p/AF1QipMfWf16fS6ljIQPC7J_SyGO6nyewF3H-hM1EBRd|https://lh3.googleusercontent.com/gps-cs-s/AG0ilSwDI80iEe8lGW_ks_nngLrMQj-6lzJ3m4jFBkghcbatU9WfrvKbt-qiOLsxxuwfYDifLUEtiqTV9FGsnHCkabfcT1gVdNafxj5ugzC5xuKf0_cyz9s6os_6x1dqWnEelqYmJ5NSCg|https://lh3.googleusercontent.com/p/AF1QipMnAZZfEuZPrIvjlbRKbKNtauKk--P7FmTIPgN6|https://lh3.googleusercontent.com/gps-cs-s/AG0ilSyajEXXZ0aIPFgeC8jZ_EDMYyJ9_C-LCRvi7m18ZJnj0ZxXOP8uZY1yJ-PVCcGLu_k9g0K3At_HwU9S4lRcRinsJKjj5Mv-Vfx2CEYPbHsZMdcfavnqePKc43AH5Wph7z_IWPmNQw|https://lh3.googleusercontent.com/p/AF1QipM6wKy-jLKk8L7t1tSjpDIsmgwyqXuvvI7-jyKi|https://lh3.googleusercontent.com/gps-cs-s/AG0ilSwbeWQGfbM_NRHg9dmzxctJdGV3yQURx3jDHaDRzCZ60EiMtVbE4bZ6Nu3b6XKoc8pXZtVHtxNwl0U8-cBRRVG-AOl4FOl2TlAjLdheAHNMOMBnCW1duhMk7tcmyIRX-2aEr5Mq|https://lh3.googleusercontent.com/p/AF1QipO8wxTQtCHd30JoZD5ecCmAtzgX_Rey2Wte_D_X|https://lh3.googleusercontent.com/gps-cs-s/AG0ilSxJBs1xXmLmgjlmZC95GWdZa0KWbFwmGT5MoE5kMLr1iyblrBqgQWiFaXDIbCP70OyI-CIz8Owi8-ZWwX6AbddQW13x-gvu9H1T1emXnGHPYhga-momgHYHLAec8qcrWzR6sO4J,"106 Rue Jounaïd, Casablanca 20000"
The House Elite barber,S'identifie comme géré par une femme,0669-610183,"4,8",N/A,https://lh3.googleusercontent.com/p/AF1QipMCTR1aWr8XbhdXpFwkku0rbWbIDwsLhukR616Y,https://lh3.googleusercontent.com/p/AF1QipMCTR1aWr8XbhdXpFwkku0rbWbIDwsLhukR616Y|https://lh3.googleusercontent.com/gps-cs-s/AG0ilSy8gKW5iRWliWN3VwsPRDE0jGdc-c4TvMMus2LSeFnWn-jKs7WgPjU6kgVXK3ZZq0bdTT-QEIPv5qeGJ_BxU5WEZG-msqMIISdhAkFkA9JWWW3o65YduiVbsYyIRJf2GQdgKV29Ng|https://lh3.googleusercontent.com/p/AF1QipM1yL80e1xdSGnlft-6r3pSPPl6GsKfGSdRHON5|https://lh3.googleusercontent.com/p/AF1QipPV18ZsNdDEdKTxw4Q0xJ13CQsvcgh6Gk_zGcUe|https://lh3.googleusercontent.com/gps-cs-s/AG0ilSy6BjU_u8MIfGSWfoaF9vXQ4tZCfT0CXFMgqRsuAVHCYQjvCiqMz2g-I8e09MxsMI0Fi-Ri3n4AWJQcZDhBjuwRN294KgVeurbL4rbnSd6UAbwyRYJd-agTDOzVh2EymLnpulI8|https://lh3.googleusercontent.com/gps-cs-s/AG0ilSyzF6gePuEuAUj4VPU-gj-rWrj8n3dOPw5D0FtDvP33VRgBCuRVRzy2kuuk2JqCzbGrvzSMPV23GX09Na56wDpqdYBEFmdiPnH_KO5noIG9Hn2-oNYz5ZtTfAJcR6ZvZ3OjeCqqt9msD-Q|https://lh3.googleusercontent.com/p/AF1QipP041R1PEuTn07JxsUIwwCjiEH0JMXMm3-2droN|https://lh3.googleusercontent.com/gps-cs-s/AG0ilSw87-auXS9aziH1NTQMMddt2WUY-Uq2VLH1lKv0fT3wKLaRHyDvMSsWxeKdbzk4YiYVeC3bF_r7F8VLs_dPnuEO2XBA17S9U8lwZkCP1XqstztWfxA6u3J7NCJAXA8dDgKTlB-w|https://lh3.googleusercontent.com/gps-cs-s/AG0ilSybTHmbrrUXcKqzog6UKxkv-Ai0OQvrWz-JZIzyG8yT2LkrztwGIcEutBRXLzGiunB-fWLrEQ480DfVFMpCcK8FUxKptdjxjiFDD0pGIi7ce2y3IFiJAEiIP1aRikijqh_evf3M|https://lh3.googleusercontent.com/gps-cs-s/AG0ilSz2cRSIboHJ31AI4Bbozq3e8T90VbfPsldR7VelrwazYelWfdkHBjvUduGbwmaxZ0uJvhSMK_4Vb1m9ihzkLDzJwR-bWToY00fBuDZLIUOtSHd3i3Q2aKqe8fmfJ8dwuR6sZoDUdQ|https://lh3.googleusercontent.com/gps-cs-s/AG0ilSzNigzpqwIA0Cm9_2pOnsM8vtBEgARbXbgev9JPPrJwG4HtQDccg83YRsGT1R9I4njA-AkZ3WnKNRlm0HyrsC7LdZkm4gmrT71bUEgXzA0wYLjz2g0sTjzU_ia_5--tc_qXV0SIWOCcIUE|https://lh3.googleusercontent.com/gps-cs-s/AG0ilSxhC-H0R4TgPcS0ArtZDVzNAfb_7yjqsK0yPzEkUG4o9lzqprKb2Dr-Dghu49TUrTEpuU7C3Lfc9wk2A4Mzy3NJ4rIIq_h8OXxzsd23XuCHbZ-wS-B-m6AnA6vp6Fwx1wj93QnK|https://lh3.googleusercontent.com/gps-cs-s/AG0ilSyVv_8GEI-1E_79I5IiU2cm5Uxj4jjMt779oE_4nCGvsgIx1tHUSI6y56oLW-M_h3S9vlruq2lsMac9UUB06T42-8P4WHHCthjGsH9Y1fz7WijVrNGcOshWq6TdbZDs-lEdCTpNzg|https://lh3.googleusercontent.com/gps-cs-s/AG0ilSyQDNfZTkziB2Pc4Wz8-vWBO0bw18J79IR4biRX-Rsd1m3Xb-KtRNH3jMpzxMRs5KriRKkxCJ8v_l1se8PP6nqBfNVj0-xxHqKqO39B0b5RTKeaxfmWFHJpgF4MP9mi0Qu_UqIo|https://lh3.googleusercontent.com/gps-cs-s/AG0ilSxCjyLkxf4RJISzhoFADkA-foQ6q2R2SRK14Hn6zmN0HiIH1JffvXrYMhAm786u6g4i_olrqyfGDSNXlOIuqk2cCNHBDXbhCxnGRcfYJSa9eDIQnUlmJnuxyEQekB0SlA1BltMS6g|https://lh3.googleusercontent.com/p/AF1QipNEPNkTSvt281tPr_YJdr_RjnkjNwJHRRb18W_T|https://lh3.googleusercontent.com/gps-cs-s/AG0ilSyH2KiBNu1oa-V1rkaEI7zYWP8aVdy9UqQ9LRnMvxGf7tenuHwDdcKwIXI9nnBv9la2I9UB1vDyQ4rpmjAKdqMRlIWvEbzEC88dFGu2U5EFnnq2SHPCV-94ocWcIzZASbPi8WTdp9M5qfA,"num 13, résidence living garden, Rue Abou Taour, Casablanca"
Milan Russian Beauty Salon,N/A,0639-292959,"4,3",N/A,https://lh3.googleusercontent.com/p/AF1QipMW4y6N3Ttsta2yHcM3MiaEVjJcb5voTmYQOAmy,https://lh3.googleusercontent.com/p/AF1QipMW4y6N3Ttsta2yHcM3MiaEVjJcb5voTmYQOAmy|https://lh3.googleusercontent.com/p/AF1QipOxUJhcTv-OFncB4Y5H8ZaRM555uWeQaLgzDmL3|https://lh3.googleusercontent.com/p/AF1QipOOFAV9XrBcP0bU2H_k3kKPCJ_LDpbUh9wRUlXX|https://lh3.googleusercontent.com/p/AF1QipOh6X6cHA60WAKAKBE9NMuLreaAYUwb6xtifvAI|https://lh3.googleusercontent.com/p/AF1QipP3e8H33OBeVITnZVXT_cKF5NxSxcQCDRSvjLy3|https://lh3.googleusercontent.com/gps-cs-s/AG0ilSwmoOgetN6xeZKWFH0J2K04ATfidiK8tiANzMEw-kU3HHJYNt55GCTbeKZkt5Vt2TFVfHbp-n4ggKx0RHuWeNrtplmuKB6BlQorlG-wBtUoSr4wcayid_JKJ295gHMShk6fo938MhbJ7jrM|https://lh3.googleusercontent.com/p/AF1QipMwkXE9YJLBRl8HlEa_Q2oGX5_snfAI-nuWwWfF|https://lh3.googleusercontent.com/gps-cs-s/AG0ilSyHBca-6-aBVoGiLd-5OwNg9qlnHR4JMmv8Pt3k2c9NGs911TZeegNClJj-5bedI-uCg9wrVFSusDcmQ2xKjEHSU2ExYXK3645ep_6nWiOAphVam7UQHwVQMh0XrjePzWn8NP4RgF_yNjnm|https://lh3.googleusercontent.com/p/AF1QipP_dyS2FPuG_DrkLruCyvLuXZ2inIz5TT0XJPra|https://lh3.googleusercontent.com/p/AF1QipMflSc27RLbbBzYXJiVLR0vSq0UJtyzaoOUgAIu|https://lh3.googleusercontent.com/p/AF1QipPHU6moovQCRdSBbGYi3gQEBFYcOBqQ6RpKYJ2R|https://lh3.googleusercontent.com/gps-cs-s/AG0ilSwcwEjpwgm3ae5Mi5h6DuBMjVgIlCRT0Ry2hTbLsOG9VaxkNJDAk4mVJEyJvrJ2PD3xNT_D7gpZopOdDR1VXPi9u3X4sNJ0ySlPu4HAiDbL7M_N0vZ2Ij8-5u3K3f2IbNM6SNigk-IDa7KN|https://lh3.googleusercontent.com/gps-cs-s/AG0ilSytPIa7in9w5-EsafRnxPx8Y09pAzJEBgoaM15nWkFeRj0pCrrEIT1ZwOyhzhDLjtgzN8_APLVC69Xjrylty9vV3YxCDLxCNvfJiB1xXaLIi3BzgJODz-GWpB9knM7z3hSwwSuemCcJtzXv|https://lh3.googleusercontent.com/gps-cs-s/AG0ilSzERkGc9KAAFIPSInRUP84v7ypZN3IodHCqMUT4LPjzPMHzheAtS88NkMyc9s-gD51BZbRl37hVJNAhHtNtYNSS4FteQUzbxyd90rX8A76Nj6ZkvTYTkWVNtNOhotR7FPgBiFbUm5dRbvI,"residence l'orchidee 4 rue azzohara(ex lepautre) quartier, Casablanca 20250"
Spa Diva Casablanca : Spa Casablanca Massage Casablanca & Hammam Casablanca,S'identifie comme géré par une femme,0520-128734,"4,4",https://spadivacasa.com/,https://lh3.googleusercontent.com/p/AF1QipM1VqSZ_MNHlYCO-LxK4IKwfhhO_mumCMlniA_y,https://lh3.googleusercontent.com/p/AF1QipM1VqSZ_MNHlYCO-LxK4IKwfhhO_mumCMlniA_y|https://lh3.googleusercontent.com/p/AF1QipMIr-aRb_a-C14zVbMF3u0wSb3vM5kPUZFLQDjb|https://lh3.googleusercontent.com/p/AF1QipNfdyVq7A0Wr1N_NCCgRVPPEKLI7UN4HrSHZe7d|https://lh3.googleusercontent.com/p/AF1QipMmqlWX0y8Pu3qR5cO17XOu1p-ij5UdbaNnFKPY|https://lh3.googleusercontent.com/gps-cs-s/AG0ilSyDQvMeIRyRS22wvX-spZnGhsILQx5K2JbGs5xDiUnXfK1JRNgCQmswVptkCG58vh0dT3orjc-514e7rYSIspOOYTZXCDkc0mxzyvkFk_kIr8uTTKVlp16KqOA62YsF9PZl8q8o|https://lh3.googleusercontent.com/p/AF1QipMBEOxFYSyPfPaJd1HI_mJm-cxJWBsKdRL8bYrM|https://lh3.googleusercontent.com/p/AF1QipPdaD4ATTTn4EYe265pt-oIHsSPUZjRQ0zqUsUX|https://lh3.googleusercontent.com/gps-cs-s/AG0ilSzCjgOxrSSug6qDNjLc1T0i6LKQu09f8-BDiGNblKasjaWjbcocuIebyaiY2v9mevbB9pfaJKfsVB9pseRAGNm9HLVFS7F-1aYsYSNU7b_Y34PGkXMk3Dnlz1ECPABaDFi1-IKw5A|https://lh3.googleusercontent.com/p/AF1QipPFpv08sdFz1STO_VEA_LmV1X9iq2IjuRSglpdq|https://lh3.googleusercontent.com/p/AF1QipMTyVUnK0MKdP95V0X-IDPvCvG8ksACHWiqEnA1|https://lh3.googleusercontent.com/p/AF1QipOJYZMVRyCUwYHIHj3RKKQKRflL0jEB5cbL5-Nz|https://lh3.googleusercontent.com/p/AF1QipPcZYPleOfFuybp_NQqIEaMefe8eXWT7GnZQFoL|https://lh3.googleusercontent.com/p/AF1QipNHTZMuXN2tfGDJqDxHuIATr4p9UUdmHFlJSNJr|https://lh3.googleusercontent.com/p/AF1QipNBi2P_HhrXWIZEDYI2InrftJWaoeJ14CMVush7|https://lh3.googleusercontent.com/gps-cs-s/AG0ilSzOtegEX10jOf2rCsotnpBEu3ekmlGPp69GNcGPuSxFbVyRb3IYoBtxA-I1cmNF7H2UZuDR9Lj6eeuT8fdMZkncWx870IkpHqaJx0tdRqCN3zSCBv6E-I9Dhm9z_NrkPBjydi-09sQ1fqVr,"6, rue Abou al alaa El Maarai, Casablanca 20060"
Gentleman's Barber Shop By Amine,N/A,0606-757568,N/A,N/A,N/A,,"G9M2+X72, N9, Casablanca"
The barbershop-Casablanca,N/A,0614-938989,"4,5",N/A,https://lh3.googleusercontent.com/gps-cs-s/AG0ilSyCZZ8oLxj4X9tvRwGazeVVmYERkvM0iYBbWp1PBgmGSuDonSLV_muRKZtS5RFh3z6MpGzqCMcPEiR5ws86eDqP36dSc16VX7wYH3z2ATiS-nz47Dvppfd5xgma_pVEQvuNWa3A,https://lh3.googleusercontent.com/gps-cs-s/AG0ilSyCZZ8oLxj4X9tvRwGazeVVmYERkvM0iYBbWp1PBgmGSuDonSLV_muRKZtS5RFh3z6MpGzqCMcPEiR5ws86eDqP36dSc16VX7wYH3z2ATiS-nz47Dvppfd5xgma_pVEQvuNWa3A|https://lh3.googleusercontent.com/p/AF1QipPshD93WPheMZUH_-mmEbX1x0hlPlIbi8mV2l_n|https://lh3.googleusercontent.com/gps-cs-s/AG0ilSwJGAUeaMEAMdNd9GEHOuCy86hXy5DP8AJnJiSmvyo8tLGlMTCFDVQprZtyCkzLb1tXIyk7Hs5MLlsS07Q1JLedp0dXxMMiOpjRSCVh9w45idrQoIFFrW6tWBEueChPy4Wg9j8t|https://lh3.googleusercontent.com/p/AF1QipOoIKMrsxHiOZQZCdxOguDrPeYvyIPMc_QduN4A|https://lh3.googleusercontent.com/p/AF1QipMY8bmCTCcL-AT5hE0Sm3vh7SmogPKpNeuY7Pia|https://lh3.googleusercontent.com/gps-cs-s/AG0ilSwyo3lFu4z7_iuWbo6RhUoSeRCr5gBwbEFouaZnodDe7vpsTmCxMVikz9UX0EWvy4gSb4l1dFGj99SIuoDdgHxXO8rf_1LQoXu6iZCW9X3BpDbcfuZYsX52POVk5T7ZukokLDM|https://lh3.googleusercontent.com/gps-cs-s/AG0ilSyZ4f7zzXD1nko6s3weP83Fze-xWK6qKc5q3ofczg2hSZCl3TjWhIlP8zUkVzJ5ETIYtY--m6EVMBMlX6e79Zw7gwnjqjAprEP3FakJc7fHBkT5Eo-CydXk0RkahxUAmFr7crWK|https://lh3.googleusercontent.com/gps-cs-s/AG0ilSxnwKUAC9P70Ywx0-3Zs8SiSOHxVMSl2gD0U8erqDrFzr1NSCLgtB-u35XjovWTPzsrRRlrkWOD9hWClll5HeR2xfjvKC8ubpmTkeX_mmVtP7SP12rIm6X9s5GNk4_uAR6oR0c|https://lh3.googleusercontent.com/gps-cs-s/AG0ilSwIPr2xKbs2GAC4W8MDh7wVyY8oENMkZ_ONforkOhsvKlZfheI6HQZmMdZu2AjnOJpF8b7N-Bv3pP5zqhKvdgkOPcCJYixby1z881hTdgcEC5lkUonU6G5aKX0__DoPIreTp9ItSw|https://lh3.googleusercontent.com/p/AF1QipNPBa8F-q-ULW6qkVS-VrcWz-z1BNrToTpdhpzx|https://lh3.googleusercontent.com/p/AF1QipPVjTXsBrLE5iQVszSk2jS8faYNYUXYYJetVQUh|https://lh3.googleusercontent.com/p/AF1QipNDFCiLxOVD3BYSP9p-ZWaw_uaGOVYPWLkJN-ih|https://lh3.googleusercontent.com/p/AF1QipPYC0s_NWm9-spV01cGBw09kFuSKyS4ot0xo5bE|https://lh3.googleusercontent.com/p/AF1QipOosa1nieBqIUDEzF-pNsXaWnm-PNXVF5RV-5BE,"etg m6, 4 rue charaf eddine ibn mata, Casablanca 20340"
The Premium Barbershop,N/A,0661-625110,"4,8",https://thepremiumbarbershop.ma/,https://lh3.googleusercontent.com/p/AF1QipP_Uddcx6CQm_vDFCEoAjoxf8Anem6ssWYnQfn-,https://lh3.googleusercontent.com/p/AF1QipP_Uddcx6CQm_vDFCEoAjoxf8Anem6ssWYnQfn-|https://lh3.googleusercontent.com/gps-cs-s/AG0ilSwF3Xk5PWPUau4nOfbl_rap6zQ0Cm33U13q_S22noh0lsJXcGmK2mJIOU1avvDjP0rrRy3NPjJSCqNhGjOZcUEcvGY0VmPbB4QRxWxAsq7T2jWd8Xx4eR1P-UKqEdrVRnDGEfFlpg|https://lh3.googleusercontent.com/gps-cs-s/AG0ilSwji_7LJGrJHlj9XjZQlcDIZklJXmk9w_-LxH2fmIse5h3Koj4369GzYAhI61gUp2WR4VJ5vdf1twAhjD1V2RZJV6ccqGQACuYnfPcWhHvr4AcMHcrCjIHcotn_wJa8W22r3MUWzKn-wlg|https://lh3.googleusercontent.com/p/AF1QipMjouTi9JzGBZ8LEBO17-jn1_EXk-t8dC8WRgDr|https://lh3.googleusercontent.com/p/AF1QipOuG1gMzao6DXAf_0Q44Eo-uQSaErXK2HRJ___n|https://lh3.googleusercontent.com/p/AF1QipMAoR74sgy8V2osCW9RwAA-4a9UWfOil5TUB3yG|https://lh3.googleusercontent.com/gps-cs-s/AG0ilSyKrxxoHujJ314muhckn_iTKCLHJ1bQr48ckQ4pptZiELtzCEJR40jkQ8WmLNENY-OjQ-H5c7gQDwed-Ie0BMRZwa6ZicAK5064-YW_L_8wbkMjawNMavaLEv9OdTfZTi-NbtPTyGJB6WU6|https://lh3.googleusercontent.com/gps-cs-s/AG0ilSzbSai9PwPdlgo1_plzfx8QD31e8EEUOu0BVAjCVz3p8funiscb2rw2D8U9p6wzIRJ3ia6frEIJ8SSEbmC6VcPBkrw9zenP01LxsgBfI8Th7L93_ZAewq5VNsRtmaTf7Y9gnGjwoSp4JIg|https://lh3.googleusercontent.com/p/AF1QipNwIjNxD9tfZzUh58QzcH1HkIJ1xHwgo9-y302w|https://lh3.googleusercontent.com/gps-cs-s/AG0ilSxkFzwYtXw8c_S2085PzaF4LnI1E46Dz7jmOVKMaxigSabtDrSHVd2mVh6svUZmL9nDRtqeRyd-fbdI_0Y3ShpVtFBVnFRNe7BhmP2H4H1X_TkAVj_uLZMKWlDUAKuvd9ofEobFEw|https://lh3.googleusercontent.com/p/AF1QipP4BBEf0Z1EjQPCGmy-1MzZzh_RpM2dBC7GSvG5|https://lh3.googleusercontent.com/gps-cs-s/AG0ilSzQaEO22MSGRIilOxj8O3yF6qaM5Rhm4CXWupcTOJ8CwSxsuzBqTG_wudJEibceePen99a6Q12edJA0hti_nuIXeaLx3au54-DLLDKHAfNSkZlxwUsUd4BI4mOOQV85ebXfdu7oh4VKTzKQ|https://lh3.googleusercontent.com/p/AF1QipPK_y4m6KIwSV_Ds3-T5UVJoPej26QAZgo-IjfS|https://lh3.googleusercontent.com/gps-cs-s/AG0ilSx8XlFh3BJDFiSSxh1XlfQpsNgW1vXkcn73dntFxFN1QgeV_0TyRw7bNGZisnLgJe3uQDBNn0elz6W3h178ZWBspCI-kPeWYyhEDIAwcC4-FNVSQ4MdZemW5I-0XXRR-OEtg8E5ow|https://lh3.googleusercontent.com/gps-cs-s/AG0ilSwyB5jiq59y0badAznbwerDlOVSniVDcSC4LQeAMXfb1WhKj0gIeoAVQVz7okGrqLNOtsM1mk7wkEnoTwvYdwGUmiuhin4ebNAytUeY6q8BkELYIMasxb_SSxT4_vWcsh9clrap8Q|https://lh3.googleusercontent.com/p/AF1QipMwXOlKrO1bMcNn4rTvf_Lj5x0_uKsTSUyWnQ-r|https://lh3.googleusercontent.com/p/AF1QipPwWnr39evTruCloyawYSRNp79xgujqA1TOh2oV|https://lh3.googleusercontent.com/gps-cs-s/AG0ilSxPzBZ2WSOVylrR0aLKmdWqKhv9z00SUavhC-VSO8y0j5UY8VDIVR-KWIkKysTFkuBcv-0OZ-IBY_wmbq97pPp1BUksZnavoiuGYtGDQIL_ZG1jaASdPQbFey56QEIwHlAyUdCp,"Résidence rio2, 62 Bd Abdellatif Ben Kaddour, Casablanca 20250"
Fade O’clock,N/A,0676-359041,"4,9",https://fadeoclock.ma/,https://lh3.googleusercontent.com/p/AF1QipMSI5FCTTJf3RTuuPN9msPo1Y-nq7tP4ZZFHq1j,https://lh3.googleusercontent.com/p/AF1QipMSI5FCTTJf3RTuuPN9msPo1Y-nq7tP4ZZFHq1j|https://lh3.googleusercontent.com/p/AF1QipPAgMR4Qfwqm_2UCRmnWaDZuXrei5Paghw4la-G|https://lh3.googleusercontent.com/p/AF1QipPrWyB8FpC0r8o5ARr-Sy0crYno3STvnl_szHuq|https://lh3.googleusercontent.com/p/AF1QipO5tEdso1pHb-KbTWNw5v_1j6tORpMKp13uP4VE|https://lh3.googleusercontent.com/p/AF1QipPParmSA0p0WVgszbxaTNb9tSEYv8IRETxz7oJp|https://lh3.googleusercontent.com/p/AF1QipNZI0XiTALfXxvjgMIpLArkSgftBc9fatJdLcEx|https://lh3.googleusercontent.com/p/AF1QipMMf52Jb9H8-r8CSDeevXxWnlOvcJMXVvBG2TdO|https://lh3.googleusercontent.com/p/AF1QipMec2DeGCFoJLcsPGAVzjAn4J4Nz5W2ZTje1Yzg|https://lh3.googleusercontent.com/p/AF1QipNKcEeuN6gWEqcYEDVSG8oQZ-9Gj1V8TnGDRdab|https://lh3.googleusercontent.com/p/AF1QipMq_bRTMGzhX9MKWQDoaLFGf6jVignZpyzhRKfJ|https://lh3.googleusercontent.com/gps-cs-s/AG0ilSzsf3iQbXshv-sFcErna7t4mIhNSm240yO1aWA5Fa9jZOk-94VrobKo_HHNiOoCvumHy5I1Xqn8YcjOLEL6VJPKH0xgI9d1NOyP5yT4GpkREaev51v5gUXmNG0AoWjS1U1ZS0XS6w|https://lh3.googleusercontent.com/p/AF1QipMmDVdG-LeoJXKw1K_UONTlyVve95R_zRN6f_lL|https://lh3.googleusercontent.com/p/AF1QipPICjVq7Oh4HszDtt94If9KHtM1RIKusoDcpvBF|https://lh3.googleusercontent.com/p/AF1QipMNjoPV8W4cfFen9ACEDe5dgZTZEQ4WDs5MP9MM|https://lh3.googleusercontent.com/p/AF1QipMXUktNhjd6vygzIaZIFqz5VkJIOP67iKSUl3w4|https://lh3.googleusercontent.com/p/AF1QipNjzrlRMk2Fi9n93QWaWFihMQNaN8SG7AwhRYpx|https://lh3.googleusercontent.com/p/AF1QipP4WywXdW5W-Tqj1eOmsNwUWKftLBtt0Miz_3p2|https://lh3.googleusercontent.com/p/AF1QipOY7HwDeBHBSjD6LuMSteaaaRPXB-qKtPTqDcsj|https://lh3.googleusercontent.com/p/AF1QipPkMlm52Wqvkz9KvEdXFeTFdobX48tqUl5GD1RZ|https://lh3.googleusercontent.com/p/AF1QipP2feHV5liNyeyA6rI6KNKDTVk0IYEve-nW-hOS,"88Rue des Écoles, Casablanca 20370"
Moustachio BarberShop,N/A,05228-73141,"4,8",https://instagram.com/moustachio_barebr_chop?igshid=YmMyMTA2M2Y=,https://lh3.googleusercontent.com/p/AF1QipPY9_xtApoLhLAi1Lzm-scfrRYZBEUwkjzEoFHk,https://lh3.googleusercontent.com/p/AF1QipPY9_xtApoLhLAi1Lzm-scfrRYZBEUwkjzEoFHk|https://lh3.googleusercontent.com/gps-cs-s/AG0ilSx63af97Ka-y1B74zH1UxiB7aobKb7-euATHQ1_Ok4wSN13GipoFufUGYJL45rmj4v0QG59GbLdYXYzG5FSJaL8RHiOGZOHSgQsuCm7o9opqx-1B0C2n9q9hoZW23iwvxQO1FYBfw|https://lh3.googleusercontent.com/gps-cs-s/AG0ilSwb33XXfqhrLteN9WG4bwYmRSA5W1Sx_TQHZIHe7zQSpoyk5nalb2Yc1z1hhGK6WCSnIfCw4cK4CpOp3RZOcpMZe8M8kns2kjG1olGojnpkm701SzzAHiBeJJtoMkUZ67V4EHCE|https://lh3.googleusercontent.com/gps-cs-s/AG0ilSxuh7QRn9N5ry6nIz78VGs0oR23Du1EC2ribpgkQFN7Gel3-CTZ7qZJjREcDJoTXfnCNNX3dgNSniDlIo9mNC0y8knLS5KdGehse5YhJybJuFfRBTBt2xSwUt-kk2dmO1dnLFMOvHsaxMk|https://lh3.googleusercontent.com/p/AF1QipMjUi2qywLGv5H5y8R0RxcmO_4dqH-LUBn_Gd0S|https://lh3.googleusercontent.com/gps-cs-s/AG0ilSwqAP6FyrJy-QteQDa6DGkoUXelzAA8fZp_79cfumlyWjJwyqNoq9BVjVrNBoRD2K28-tXDkCjfx_xSJAxMwJ7KWRo5KhOrsz2NAEOEnJOOukuRqGTeNdtB9QjOEOjjzAZTpKvjZm1exdY|https://lh3.googleusercontent.com/gps-cs-s/AG0ilSx-3wOTH0ZIyv0KR-XZgKMNvgIkMhWKWbfJLQP0b8T3IJghbfBd4nx_jXSdfnqTEUHEyrjf2AwbindH3EiFJEUF1FHLj2XcgWbkhIdIOGkxbfJ0Mv3DYHt9w45_D48FK577Yv7b|https://lh3.googleusercontent.com/gps-cs-s/AG0ilSyujePPpc-2_7bf3C-jvhYIOcHuxePTcEB3WUjGzu6MpiPg3zkkye99lnvEbwRbrFRGv8SUfg1_1gxsqWYYhVv0FbI5xN1QoMnJqe9-0yudwyw_ntBQmBNKGEgnxE5tbdeGpFou,"Bd Tah, Casablanca 20460"
Turkish Barber Lounge Casablanca,N/A,0703-033300,"5,0",N/A,N/A,,"Et Rue Victor Hugo, 49 Av. 2 Mars, Casablanca 20050"
Barber Lounge Maarif (by Anwar),N/A,0520-112270,"5,0",https://instagram.com/anwar_vip_barber_?igshid=658uvp0r8mpz,https://lh3.googleusercontent.com/p/AF1QipPtNRIw5eKYiUFEfvaB7tyzBq8KGDTvFWT6PQr6,https://lh3.googleusercontent.com/p/AF1QipPtNRIw5eKYiUFEfvaB7tyzBq8KGDTvFWT6PQr6|https://lh3.googleusercontent.com/p/AF1QipNdxIvXG1SF82CwjaM7W6S8UDAL0uwuRgAa-NkG|https://lh3.googleusercontent.com/gps-cs-s/AG0ilSyM82KZowHogbXhGOaUxAWzG0NZmBj0EE4802RFlQO_cvo6x0pdVpD6hxazd9Y9S4MJ8RJWTldRqt0n7KqSz2fHHQZ-4QXiHyzwkOWdhuBZhCJb-mK4yhEjDqHBAM1HY927P0JX|https://lh3.googleusercontent.com/p/AF1QipMSw0GzgSwMWRw8tVj77H_nVZ78XXz4C1n-yc5g|https://lh3.googleusercontent.com/gps-cs-s/AG0ilSxq_um-VIBKFDuNc_gP9GP4hKaYfzfnIzeBNbuYe_jqLVrw-dOaAg6QRYcdKJzdNfb8l1bc4GizA1Mgkeuv9IgxK2QYyKJiFwxqHubK3fqQAY8PNlDvqIdrFHibESY6Dzn58eMm|https://lh3.googleusercontent.com/gps-cs-s/AG0ilSxL2thghatiaK_Iv01P-wQ99wnJcsM4FqhQTpyJRqSHEx1K2KLf53SaLure1IClu30t2-ZXnCUO055F--zDe8Tg1tCuEFAqF1za-AVVcVdMCx_tuf8uI65A25HxAeBGoKOvsC_kWA|https://lh3.googleusercontent.com/p/AF1QipN8BTT_CedfvMbi-pGrdeTR_OrZsubE0iHkk75x|https://lh3.googleusercontent.com/p/AF1QipMUt2aWTiLh--XepQWC5Lqi18F44mqG4YrG306r|https://lh3.googleusercontent.com/gps-cs-s/AG0ilSxjvFXL5JjPOPNoU48uZtxyjcKxNKefGVkV7cm0bkYha8IV7Gy_BBVcGZqE_-bvxYazzH-agiXV-4nVlIT3jFcv1iXa4YOqjUlR5HbG8yes-9UFToJaIh5wz-X4azWdS9VUxon6HA|https://lh3.googleusercontent.com/p/AF1QipPUa2PDqnJWC4AjCCPndqBG_jk5CH0VE6iYinaw|https://lh3.googleusercontent.com/p/AF1QipNlB5862PhhaA9DbtML-P-drcVG07ABt4NYDAee|https://lh3.googleusercontent.com/p/AF1QipMjGusl0pki8h22b8JEvmcLGPMnLMc2AHgBaxAZ|https://lh3.googleusercontent.com/p/AF1QipP5v9hpN0tZTLTy2aB-JiIDggZs-ufAoZCj30cy|https://lh3.googleusercontent.com/p/AF1QipNiNMsJq8Am6rzZKYbkOQodRlTuMsPqSbL71VZP|https://lh3.googleusercontent.com/gps-cs-s/AG0ilSxxMylPpNkTalc3FJb05wjt0sSMt0ZnadRsAp312WuIdV6p6icXojrMG-Qb5Kx4AlouqU887JNI2jX9yjJIkMj1ei8fPddf2TnucE0m-0R5KbPZsU9FqterKqTphzDph8JWs2E|https://lh3.googleusercontent.com/gps-cs-s/AG0ilSx2ZrDAoyM45BqWIBaW0IfSI_5B5VAj9Ve1yC4QRXulbwlgP3auQAVjxgm2yvlKoYxrnNBaOTvwGwoxHoyNCtXUAtFEmUvcX6dpQjkFOXTPJ_3Jc5z2Avldrh631622FOoGgk8|https://lh3.googleusercontent.com/gps-cs-s/AG0ilSxICh3RPRqRN8GR8YgoNYx_oslZO5e3iBlHirF-JI1YHj3zJMQqzltyj4ORDPAwkKPRI77LUEtZROTx9rXHfUE3v6553JVP_URcf2uY1eVp878qf3ORQ2R24jS_t29eKhohnSs7|https://lh3.googleusercontent.com/p/AF1QipOm_7NfBpHiba7J0SNrN69a5vGMSjUQAb4paGgC|https://lh3.googleusercontent.com/p/AF1QipM_JD6ZYjNC9lbfr-cP7jDauyCPZMjU486E-m4o|https://lh3.googleusercontent.com/gps-cs-s/AG0ilSwCvKgUarVOBEJQVO4Z9pPlrM0oP5uyNZVY_TTXX-T1qyQuoASVdnl98GLki1rTCo9aoquIS4In3Gpj0tIdkiIcaigBhg1TmMsUE0H7Iz-8XUb8letRw5YRq8ZVrV54sbmSOPG7,"23 Rue Zaid Bnou Rifaa, Casablanca 20000"
SHAVING HOUSE BARBER SHOP,N/A,0665-008307,N/A,N/A,N/A,,"39 Rue Zaki eddine taoussi Quartier des hopiteaux Casablanca, 20000"
Miamar Barber Shop,N/A,05225-28352,N/A,N/A,N/A,,"6B Résidence Miamar, Casablanca"
Black Home Barber - Coiffeur Homme Casablanca,N/A,0691-994002,"4,8",N/A,https://lh3.googleusercontent.com/p/AF1QipMKRTG4df_o2_IOcEkeSVD12cOsIeg1yjljvjft,https://lh3.googleusercontent.com/p/AF1QipMKRTG4df_o2_IOcEkeSVD12cOsIeg1yjljvjft|https://lh3.googleusercontent.com/p/AF1QipPJ25taoWmG8ee_sHCRXer9tNZlINsvjmeLgD6k|https://lh3.googleusercontent.com/gps-cs-s/AG0ilSzoxPAY4rAgEPJMz_rfWJ8gV0io023LiUnvR21tBO_RZ8YvqxnZndEQsAaRkgXjWY4JBBkeHYxlMVuOEBEdahADPrPmQJkFkfbrwQH8lgZC3TdGjPFZlq147bOJFyzbhL7QDNJ9sg|https://lh3.googleusercontent.com/gps-cs-s/AG0ilSxBnVapUjp9utSK4bmcEMmYIyC8JkA_lZ087tDf0KM4HoBb97K5E_tmm0FpKn4UMCS8_zp4HTdW7XDGk-M0girblO70Ce8o8e83XMhYkPJM2X_HdszXXqV5r-7jbt3xrTTY4zc|https://lh3.googleusercontent.com/p/AF1QipPEVoQcDUkZU2_6caiugIgROHnHy7meWb_5sLpA|https://lh3.googleusercontent.com/gps-cs-s/AG0ilSyVpPCtHX0E6Z2Q7W4WhuFFiVxIfhX4-yMx7YLkyMEtPlECLmF9BDjvCCNpbIwL6ST_M9syDfpjh9k6F5zMlGgroBpdLRgpbuWb2W3Qe5W-XKbQeC1yZT4QmWOQsLAGeZP5Jnz2|https://lh3.googleusercontent.com/gps-cs-s/AG0ilSz_vTQswxnUvj8RJmB_307EzwfxdVZmwuAbl6BFBINTKIGKzoWb8EEJlNc7caQOPW_SKFmwH8jyiVxA0E965EiQ1Kv1jDhKlXtYwQOmqi6pYw7kXMaFt95CGNsl71dBs1SxaMtD|https://lh3.googleusercontent.com/gps-cs-s/AG0ilSxDtH5MLRsJRzbGwrK-DcrA-S7VSHlysfviMPhiImJUrqjFv8I3RFLESLPtelDxNJpN7HqbUQNPeTZsX66-pThO8v5ilsp2Q3FGoIE_x7FJb4S9e1IXnxF75x3JaagNYRx-Ti6D3gctc1W2|https://lh3.googleusercontent.com/p/AF1QipOc5NC_lCb5VDyveAaF-szrfk8HsHes3FpgiijN|https://lh3.googleusercontent.com/gps-cs-s/AG0ilSwc3AN6CRF91-8BjaLgZHoUCFMyd5gA3XHoirkC2Y2AEXv_WnRddGpu-pcmBi8_fYrhlUeQcbTeJ-T0CxvMNMFosagv9MMmEY54qh8nrcRIQkxHH2W-su_BX_C-A6rl0rXBRl0x|https://lh3.googleusercontent.com/p/AF1QipN69sTvFWieQmceB8f6TlzuUPTORUx8jBNrjEr2|https://lh3.googleusercontent.com/gps-cs-s/AG0ilSwnJb-FGffkAqe-Br8VfyaEaUjzikkM9oNNapRLqF96wgROCP7xekp8Xddbma-JG0fK9eu0QA_0Jbx8XU8Nq9CFg_Er-gaCAADQdzSRTUBpd7si_Xl6oQAipZWQ8GtyuOYXJTY|https://lh3.googleusercontent.com/gps-cs-s/AG0ilSw3EEEW2uCjSIH1kJmFgIseh1x6MwvsBU7tq_ClopsNjbJ6hLFMVYKeyhUYR9xn04q737b6XY6s4p1Sgv3728uWKc5FIjJ9nxPXYGr6Le-HkgCzhpj_s7fx175QxjW_VbzFSYs|https://lh3.googleusercontent.com/gps-cs-s/AG0ilSzO52bk6MhXDXIZ1aI7BvxfathAAh_KqbmwZZb9URrogsbn4CJM8fc5kpJCjIRbpv-0_YiNF0do0yflO_9qjwo1pKOwnHnjv47a7hazlqJkyPdyu7BbWakx9sajDgnD-9yLpDvA|https://lh3.googleusercontent.com/gps-cs-s/AG0ilSx3_xp1selCWyJbLfgQ34NdJJDwn4YUNgYvWxb8unF8zrBFHzivGpT_twzgibHSKZ09Ddluw4wq0VaroCktPaiqMTBlOODbQpp9NDRo03CPpbEuNoScK0Vfv4RdiGcveZdolxtdMw|https://lh3.googleusercontent.com/gps-cs-s/AG0ilSwkieYSo9kugtroHkDzmVsf21YTQhL-fUdZfGWs3G4Pwik4_9CdYY6PJtjMVO2uL_tOgnl5ln1iiedl4tsbvrEWDfZJucCqm6Enib4SKAfEHm0-DU32aU2LJSLyVR0FNAYU66qk|https://lh3.googleusercontent.com/gps-cs-s/AG0ilSyxPzulPpuNRC0z_e8_5slI2IrSguCKU-H4MWorSpDLT6zuLGzF3j_Y_VTClL1_JUI9iu7QHjS77AGzLXsl4CXQtTUu54GhGARyEenzzFRVZwahcAJlkF9YxyamgvwYWlS0_QFv|https://lh3.googleusercontent.com/gps-cs-s/AG0ilSwxDq28HqVeuXIzgroCnrCNJiUcKzVW6mJ5khJ4peaZwl8PmE2WDEtsbkcukXH9kaH91gXkw0AujcGnYFQIuWCJGJOn3U_CBQ1IqtpaLXDjGtGqhwXyG4EYjafJfSiIxyUfXZvW|https://lh3.googleusercontent.com/gps-cs-s/AG0ilSw3tan32TPwbKJ0fIrFv4WQiVNKFDLHAJogLplHW3ehqlhbj_PBOXYJ7kdaGTEzG-Jk0R5jGw3AVEpLyXCgtrFR_Z9E7W_XH5Fsy6lBGu4yMD2nPtuGXLc3ITchFjlEFZLn2F7a,"13 Rue Ahmed El Mokri, Casablanca 20100"
The First Barbershop,N/A,0669-619593,"4,8",https://tr.ee/jQ_XQSbfut,https://lh3.googleusercontent.com/p/AF1QipPZ01jGS9N5_cg29IwN7FZYaETJUa83CnfJ6qt6,https://lh3.googleusercontent.com/p/AF1QipPZ01jGS9N5_cg29IwN7FZYaETJUa83CnfJ6qt6|https://lh3.googleusercontent.com/p/AF1QipN75NY6lOUXUF5XzBIQ1cSCZESTXCZoDkdfuhWQ|https://lh3.googleusercontent.com/gps-cs-s/AG0ilSx32yzyjehzIW8PsnkznkCCI7tq7QPIS90VDbOQr3h6erDl_RLaiHFOr_fxfHzG22KF255ANvXS9x48qYeSUUFfCElcDLgbz16n9_g-m5sOG6JSPE9VvDrdTWhlbt0NCaE2sJjs|https://lh3.googleusercontent.com/p/AF1QipN6h__MhNL_Lh2tMYC05qAqCkLFA7KQZaSlyv3V|https://lh3.googleusercontent.com/gps-cs-s/AG0ilSxE57IyhxQ54-60QvbA-XfQnkdYueqUAp0ZTJoelofTFptYmV-n59B-eO7jDamuo6CFkID6jpfAKknpbFLcYxRPcI6ZEe5xlVEBNMwMXpmdjASn96ptHGfIFlEmTNuqXjcOCv9B1w|https://lh3.googleusercontent.com/p/AF1QipOc0N3Waq05gSyMlLaCosEewETLjnTbqREihtbA|https://lh3.googleusercontent.com/p/AF1QipPcIc0497h58gezUwvBRiVsn5y2tjUy60TGmA3C|https://lh3.googleusercontent.com/p/AF1QipPocctanrjm2PLQqFQnCuJFV96grStdxN927zh9|https://lh3.googleusercontent.com/p/AF1QipPY-eDiAgKapzzTBB6My_UqbmZ7S2-Ll7-RqkQw|https://lh3.googleusercontent.com/p/AF1QipNHQko-ySHdtuM29IpgJmkKbwBt6n8-mWwJKmS-|https://lh3.googleusercontent.com/gps-cs-s/AG0ilSyfBEUrhIktXJzR71nGBcbhhBWm5rnGYlQGWBGIShVVGN6n26du-X0eP6JvAMaqEsXQEEWvceGh9zJsKuBUa_wpWoAtKa4tqR1mpXB7mp6t2zVtkRoJuiYgopJV7kXYgKslQeUI|https://lh3.googleusercontent.com/p/AF1QipPGW7mjKoovO69RYZZklWNNuOBU41q-bl5WbD6I|https://lh3.googleusercontent.com/p/AF1QipNksN8xF2v9H5r_jDsqWhZSpHU-4Bk072Znv41U|https://lh3.googleusercontent.com/p/AF1QipMY4JQt6-tSoTO_iLBwz4zc7AL3nDGPxscjxVFb|https://lh3.googleusercontent.com/gps-cs-s/AG0ilSzJp0IE1yeyhPAASJ6xq8fjI8e8aJb5T1FSJkdc_dx7XAw0vp1D0pHLY35WRBzhccrvOr4CIS-qPK1tk6Gln7JdC0z_dJa2nh8nl7cbJUgA4IN9rUyv2wpZjJq13siYxntXFnyx|https://lh3.googleusercontent.com/gps-cs-s/AG0ilSwacNhkOPTcwHZ119bj8k7ReVMVwca5B4m_XBDbaVg62N34Q_R5AgmJ5UanoHVAPgEPYZD6E4mzmt8aYKxXcSBeH7cpWKnPudP5l-VHStE-x34MnFdAeFyZgERg_YvZCFBtFimzag|https://lh3.googleusercontent.com/gps-cs-s/AG0ilSzoOt0QeNl2ibMIHq5NmgyRPmKGgC918oWT5-8WqiurSx9Z87Av7hy4aj6z4h6IJOtfyqcEA9Li_rWuQJ7HWINXE66Z1I0czO07bN7IeeVQzErfBBHD4vlJeXbJArn5MloH7nOi|https://lh3.googleusercontent.com/gps-cs-s/AG0ilSzsFphFibAlSNa7qSYSRwtrCfJ53Q3UVaxyQF_hfsCRWD5lOsRvdXeM0By3Pwhpk5fs5HQNfQko0XXNOV7H3Q6GjgNJfhKfqk909glEbi9RT1BgZi2kY5aaSDtSh62aFU6qw_0tAw|https://lh3.googleusercontent.com/gps-cs-s/AG0ilSy9PnvB_vgZZ5kTtLbazSC_QybOu1M-s_lsuvkERAYZ9m6HOCCQMKwpFy2lVzjxPoiuq_Ldtck7qyOtyc0aEQU2mDbr1tOMQre4hVbVx4kF64kPe2OJYc2EljPGlqu6bCD72TSt|https://lh3.googleusercontent.com/gps-cs-s/AG0ilSynNr6bycj2M6X_8NrM8j1rcxbq-nB21HVa0hmz0drgUmk_8yqlBjsIaOdpPWlardwBtiQR1Bg6o709dvjYNyuxmS4BpNiY1jPGjm1XyR-Uv54jZ3c2UIdVYg_xRm0UcCuyQJrx,"8 Rue Abou Abbas Sebti, Casablanca 20250"
Zero to one barbershop,N/A,0673-150040,"4,9",N/A,https://lh3.googleusercontent.com/p/AF1QipNHiVJ-RRPTTgHgYdvb2s0NgeLHZAJcGX9e2XAq,https://lh3.googleusercontent.com/p/AF1QipNHiVJ-RRPTTgHgYdvb2s0NgeLHZAJcGX9e2XAq|https://lh3.googleusercontent.com/p/AF1QipOZtKW5p6EGG-Czbq-gTJcZsqRP_1lOqyrItsMU|https://lh3.googleusercontent.com/p/AF1QipNpMYilO5C9w7G-eDh2vNSiD40585hc_IVHMser|https://lh3.googleusercontent.com/gps-cs-s/AG0ilSx7tseXuLPVjBHkIFkb8GwCbjkN5mzOVL4nwtnWwICqGBwXGhi---VxTz3CwoK2bxf2C49jsGrnz3NP-1MR8BL5JXWBelnm9T8vAtcQhON7ZxSwgZYWsA1ABK6kj9oVroqp3BQvQA|https://lh3.googleusercontent.com/gps-cs-s/AG0ilSy6tWiRT8uC7VF0gQYTeSgp3Izu2xtGNMZlOMTDh9HSoc6tIEbIP7AanTERYthHjioOXvn2XXeprGZRxmmY3TXLIBJQxx2XZSqItX1s_xKjT6hAO7D5tLUDYsDSrNckFJGbK3rR|https://lh3.googleusercontent.com/gps-cs-s/AG0ilSzQZ3Fzaldsozne-Jw9-xGBqJ1n4wDNhpDW-7Vs_4q6O96fTA4wOrBQY4oUfKWzRQ6WUiryqFk0FkRmbkRwFfMQMp8E4Gsow6xAwbmkLwExeStWi6my9wRKXBL344CjDO_ajG_y|https://lh3.googleusercontent.com/p/AF1QipOIRNU--npCTe5j_oc2_bCZsuNv5T2fVzxF216X|https://lh3.googleusercontent.com/p/AF1QipNIWeOpVf8NdOOXdfOR1K2Pij5xhN7DC8nF7yB9|https://lh3.googleusercontent.com/gps-cs-s/AG0ilSy01dE_IAbdP_0sIqSHfBld50Kh32Fb8ulxXAajb_nnBRC5X_FKQ2ySWmCfzdQ3A7XQN7Z5UYKqE8-B_RRRKD49s7gLGbNQoKFSSBwPbvzqU234wFI-dMdnjpYNab0E29LiTI_Qnw|https://lh3.googleusercontent.com/gps-cs-s/AG0ilSwSwdbyWJfsC0WCrKrQeyXLz4BmCmm_mbkpLFol5ekpNenOikNYyIxW8H7SGRB0gVJ1qz6FY7CZ08cLbZ1KX6bCs-mHDblZtCcxlmkIDrqaCZM_bhrIUe3oKUWS_vcESNqNCBs|https://lh3.googleusercontent.com/gps-cs-s/AG0ilSzZS0dEUmOt3w5FJy62P7gUxnoXPKN47aSbw6I1DVIaTTV6LaGqTyxxH0E586igTuDLKmTogo6DeETVvtpKr7-3lpsdcsrgK3Ns_aR3NMZYDqthbmTm4ZjzzuS1d32DxHgo080|https://lh3.googleusercontent.com/p/AF1QipNnis9mKgx5j-WHxeA1VXdSSCtVzsDz0KS70Ih6|https://lh3.googleusercontent.com/p/AF1QipPfCHdf9hYyYXXQDua8HfsjQ-KYNbDR5bGTvk9i|https://lh3.googleusercontent.com/p/AF1QipOrrKjMcjI2MArS949bgNHPKSfqfNdZdERJUHAl|https://lh3.googleusercontent.com/p/AF1QipO3Pv-61wAJ8OoaOmVpcDJwr24ZBofRoMBWBUWz|https://lh3.googleusercontent.com/p/AF1QipNapB4eDff6lXM8Zv0YkHOJgC4XQ5M2Ff40BXrT|https://lh3.googleusercontent.com/gps-cs-s/AG0ilSzwyTaik9nPdwFewCGmJYImy6WI66fvmNVleEmG3zjwHXJWkcL9WqiswiJ1zpMRp3llt1UbSfDkjzVsB7KpB_e7JWowaePMRkTqaCWboGMuouiW_2xfHR7BKGSdh1Q3w2Mh3gJHMQ|https://lh3.googleusercontent.com/gps-cs-s/AG0ilSxLihaStK5qs1_dAeOqO8xPibgSf_0K1kzhKEQ9buMFF21Nbjho9HK30kXPIBoMCTypH4gpKC_Y4pmZ34tX66Kcj8hmiE9adF6UfjiR_12Tjj3MmxudNGV_wItiF2h4NKo8Xeg-|https://lh3.googleusercontent.com/gps-cs-s/AG0ilSz6de0sI3U8y8t9JrpsJDDNFWVkkzZUPgDSw2moJjKELovm2tMqp8fK3WodTbOkHIbi3W1GSDcIYliS78npyQb4OOFWqSJHQ7u6qEzy2PpboiiPPx2cxqPZFAdurSUP-UIMW1mesA|https://lh3.googleusercontent.com/gps-cs-s/AG0ilSy9oN5O6I4t1F4xinjifghPOXv-IlMHqfgHGgDyugIV7uFbzG_HkcqnjkTABPqG_5omSLZwWlLIaEIYWrz52ywamoHeTaFLjD-7HWM0Fj1CkUoWYY7Gf5JnwFtYMHPx0wLRJtJq,"5 Av. Hassan Souktani, Casablanca 20250"
Truman's Barbershop and Spa Casablanca Ain Diab,N/A,05227-97039,N/A,http://www.trumanscare.com/,N/A,,"62D Rue de la Mer Baltique, Casablanca 20052"
Level Fade barbershop (Salon de coiffure),N/A,0664-903828,"5,0",https://www.instagram.com/levelfade?igsh=b29hMXN0OWtzeTJh,https://lh3.googleusercontent.com/p/AF1QipP4NB5LwmEHC4__Gp-ta3tkWfMztDnzYdQV29Dm,https://lh3.googleusercontent.com/p/AF1QipP4NB5LwmEHC4__Gp-ta3tkWfMztDnzYdQV29Dm|https://lh3.googleusercontent.com/p/AF1QipP9kjWpfOatn_hlsdfsjmehR3lHdEKqeLQA8fb5|https://lh3.googleusercontent.com/p/AF1QipNfJApFwDNGzbRY8A3sf99jvEEo9oWLXhDCsHJm|https://lh3.googleusercontent.com/p/AF1QipOIIMtEfmCrU9nfwjMHPZll_fhu8W-V3s4zRTgw|https://lh3.googleusercontent.com/p/AF1QipMNGtUYLvSyuhKkqESa3_ntjFkDKJ_TKYGHIw8f|https://lh3.googleusercontent.com/p/AF1QipMNGqfR7RQfPJziUkrJLyXsz-Wwl8OnMIDwVevz|https://lh3.googleusercontent.com/p/AF1QipO1uDz9BcCgU9cuQHssPkpVw_BNMgXpFe9yJjsB|https://lh3.googleusercontent.com/p/AF1QipNAXnz5L0tOVKZrDlBrxHHMAXtnMIukFCJOYOMN|https://lh3.googleusercontent.com/p/AF1QipNMLTimVsuXa_LQB-yh20qlDVXHBwaxWhZAcVvX|https://lh3.googleusercontent.com/p/AF1QipPuSysLj89UnH6CYrTdM9_1II98-OJevKLeTGWp|https://lh3.googleusercontent.com/p/AF1QipNw8volBkAxGUlQKuPB6PGnN07S-u7XQ-lt1Yuv,"13 bis Angle Boulevard D'Alexandrie, Rue du Parthénon، Casablanca 20503"
Barber khamess,N/A,0613-374982,"4,9",N/A,https://lh3.googleusercontent.com/p/AF1QipP41B9MeXve5YyUVQmJfz_FxuBRDoNlpnzNZU9Z,https://lh3.googleusercontent.com/p/AF1QipP41B9MeXve5YyUVQmJfz_FxuBRDoNlpnzNZU9Z|https://lh3.googleusercontent.com/p/AF1QipPUP-845IWXNS1QqWC1i_D_nc-HjXy7AGnh0J8x|https://lh3.googleusercontent.com/gps-cs-s/AG0ilSz_ulYum5opbzsrq7C2JVFmRRn2DpqVD9Bjy9KdFyGQBCq4yNWXFPkczRrB7OmevRAzQ22w63PxaIhsdwAdcHKhi-mGSEoNvSH_3FmkzcnSjA7LQlk1OGRxNipQHZA1j2so1J9H|https://lh3.googleusercontent.com/p/AF1QipMBK9VUKGAq7DcI9sxQ2GxVVEdCqFuPF7OXmlu5|https://lh3.googleusercontent.com/p/AF1QipPdY194cGy614caDunm0tMlM8-TB_yLcsH7Y1bq|https://lh3.googleusercontent.com/p/AF1QipPq71CbTjIrmUy37O9bu4L8cAWRDJnsuHZBV1F9|https://lh3.googleusercontent.com/p/AF1QipOd96ZA2P4hG9DC0sI0ajpvVrCJrkHR6M5Fwuue|https://lh3.googleusercontent.com/gps-cs-s/AG0ilSypvZSWpiYwO7Oxv1bl07sfACuWN04h7dym7gPZhWCOh7NTl4fpLFBn0Fm39wwOTMItQuMtdPNDWxZ_yo2gnkCC485z38n9Ka1Vlk45c7pjFUs0cUggwsvCduLqxTnxEZlfERGcxg|https://lh3.googleusercontent.com/gps-cs-s/AG0ilSzwRVjRQK9L83TKjqvAhhltS2SDd7qU9Y_vLswGz3Xnj6TMoYy482LDKtfmK0n8BVZ8kNliC02fT8Y1Jx_dhUn9mxhH3ITdQ5wco-AOd1QMvtRmeqwc_CNWOikxMBDzKEmDgI-N0g|https://lh3.googleusercontent.com/gps-cs-s/AG0ilSygcRoVbSGN_QvvKY-7Uzgq2uaW5ISB7ghvWVp0RK7V-L1wavfwQ4wFYVqwKRP1jG4QL8Tsl_qOMdyOOL1hsj5C0V584y2H9zrveqvFMZ5vZpe482CDa71DGRJItrQLCAwGYwWO|https://lh3.googleusercontent.com/p/AF1QipMMchnNN9NzsdMroM1O67XG16UVT3_PiQBJT2si|https://lh3.googleusercontent.com/p/AF1QipMimpoRbup5PdIfUttwzBT72SUher_esMqjDj9u|https://lh3.googleusercontent.com/p/AF1QipNLySh7uzwrMFPajsk10S9GbKIA6C5QVOSxRnRp|https://lh3.googleusercontent.com/p/AF1QipOqwgTKPiRqh6gQqNajaGpU__21zCgi4V55nX7i|https://lh3.googleusercontent.com/p/AF1QipMM8jQp4EtU9kDvs5HAFGSje6z2amYm8GZal6CT|https://lh3.googleusercontent.com/gps-cs-s/AG0ilSx2H3Hd5DNdFCnYtkeUbYuCozKAKL_vnryOwOzX0FZEVqZB1-I5aJzsJ9CC1QxUWXC1pqGzENweBnBF9UdntI7esPL5MALf-rJ2Bw9BwQh36Xi99cEtogoWEKh7-92inXKlKSm8|https://lh3.googleusercontent.com/p/AF1QipNXcT4EDKQGIUbyGRddAWJVE5GgmWEANPN85Ngp|https://lh3.googleusercontent.com/p/AF1QipO_SWo_nRvQUEwzyXhj1CPz5OaLemNwf2Jrcvyg|https://lh3.googleusercontent.com/p/AF1QipOp94rlWQ7VSxnFP_xI2pniXlJrDtpnezT2sJ2b|https://lh3.googleusercontent.com/p/AF1QipPAek87Aa1UKvW8OlEFg14drBEh8NOqTNRsFw6r,"Rue Abou Al Wakt Khalaf, Casablanca 20250"
Tonton Barber Shop Casablanca,N/A,0671-140295,"4,7",N/A,https://lh3.googleusercontent.com/p/AF1QipM9-6HAonMcocfHurNnEc7pzU_DCzX0WJnFyBCB,https://lh3.googleusercontent.com/p/AF1QipM9-6HAonMcocfHurNnEc7pzU_DCzX0WJnFyBCB|https://lh3.googleusercontent.com/p/AF1QipM6nA_0vJaHnvU0f-8BkvXk15b2_O35ziDX4oez|https://lh3.googleusercontent.com/p/AF1QipMHJA9zrzqqPQUODgzk68GVCrdXX3vxB3EAjD0x|https://lh3.googleusercontent.com/p/AF1QipOzSyoxUZt_ljzFSCw1GBXlc8BcatshNVxywyGI,"13 Rue Bab Mansour, Casablanca 20100"
Lartiste Barbershop,"Services
lartiste-barbershop.com",0661-305794,"4,6",https://www.lartiste-barbershop.com/,N/A,,"Rue Abou El Hassan Es-Séghir, Casablanca 20370"
Les Maitres Barbiers Haj Fateh,N/A,05229-11726,"4,8",https://www.les-maitres-barbiers.com/,https://lh3.googleusercontent.com/p/AF1QipMi3hqvtLG-Biy7Tqo4iLffO6tUPzIBOAXLG0ye,https://lh3.googleusercontent.com/p/AF1QipMi3hqvtLG-Biy7Tqo4iLffO6tUPzIBOAXLG0ye|https://lh3.googleusercontent.com/p/AF1QipN-boLD995zG_Yc6dec3BkncAL7Ri4YC_cRlAnn|https://lh3.googleusercontent.com/p/AF1QipNo_ig3XlSKFdqpkVAIAFOQBJ2OMmXPJSq2Vgcc|https://lh3.googleusercontent.com/p/AF1QipOyzMv2_OJpDtAkG2LvxHcjimIejkv3Ae9-SXJA|https://lh3.googleusercontent.com/gps-cs-s/AG0ilSwHzCxo71s0tK5_GiddGR9-5Jbn2qzwV5AWAncZjHW0a_vhj6iuwzNb30kViGLgH4c9ZtJCvHkGcWGeyCYcWNMZlsG9UtFQHFygNvYOT6n-3bs1OKSZeROmZXn6ZZchmEBHeGSD|https://lh3.googleusercontent.com/p/AF1QipOOf0MdVuYxnOhT3uO-xVjAx-zj5I346saSHL8z|https://lh3.googleusercontent.com/gps-cs-s/AG0ilSxh2St0vzRC8Rx-k5vmIRfi_HbEASSy-wrq8t-Gi4KM0xGKHBO0v0F8pytCYQQwUGB2plfZuSSU8fRKnYCFa9cNJhG5KSkanMSbTIIpvmFnxMFDyYpsQMfZEH3Ig24x_gTujl5AZA|https://lh3.googleusercontent.com/p/AF1QipPzokSFkIcPiDty5CfwVgZLqcAKlw_8r_UiXZaZ|https://lh3.googleusercontent.com/p/AF1QipOks-dDgXxVWkMB8vRV0BHMxkPue9AHHj3-sLN2|https://lh3.googleusercontent.com/p/AF1QipMB00S1Lg12oxOYblfv_mXHV5c2arIv0osBcM5s,"N° 475, Lot Haj Fateh, Casablanca 20260"
BARBER STAR CASABLANCA,N/A,0668-366861,"3,3",N/A,https://lh3.googleusercontent.com/p/AF1QipOks-dDgXxVWkMB8vRV0BHMxkPue9AHHj3-sLN2,https://lh3.googleusercontent.com/p/AF1QipOks-dDgXxVWkMB8vRV0BHMxkPue9AHHj3-sLN2,"Addiar el jadida rue 7, n11, Casablanca 20470"
Spa Diva Casablanca : Spa Casablanca Massage Casablanca & Hammam Casablanca,S'identifie comme géré par une femme,0520-128734,"4,4",https://spadivacasa.com/,https://lh3.googleusercontent.com/p/AF1QipM1VqSZ_MNHlYCO-LxK4IKwfhhO_mumCMlniA_y,https://lh3.googleusercontent.com/p/AF1QipM1VqSZ_MNHlYCO-LxK4IKwfhhO_mumCMlniA_y|https://lh3.googleusercontent.com/p/AF1QipMIr-aRb_a-C14zVbMF3u0wSb3vM5kPUZFLQDjb|https://lh3.googleusercontent.com/p/AF1QipNfdyVq7A0Wr1N_NCCgRVPPEKLI7UN4HrSHZe7d|https://lh3.googleusercontent.com/p/AF1QipMmqlWX0y8Pu3qR5cO17XOu1p-ij5UdbaNnFKPY|https://lh3.googleusercontent.com/gps-cs-s/AG0ilSyDQvMeIRyRS22wvX-spZnGhsILQx5K2JbGs5xDiUnXfK1JRNgCQmswVptkCG58vh0dT3orjc-514e7rYSIspOOYTZXCDkc0mxzyvkFk_kIr8uTTKVlp16KqOA62YsF9PZl8q8o|https://lh3.googleusercontent.com/p/AF1QipMBEOxFYSyPfPaJd1HI_mJm-cxJWBsKdRL8bYrM|https://lh3.googleusercontent.com/p/AF1QipPdaD4ATTTn4EYe265pt-oIHsSPUZjRQ0zqUsUX|https://lh3.googleusercontent.com/gps-cs-s/AG0ilSzCjgOxrSSug6qDNjLc1T0i6LKQu09f8-BDiGNblKasjaWjbcocuIebyaiY2v9mevbB9pfaJKfsVB9pseRAGNm9HLVFS7F-1aYsYSNU7b_Y34PGkXMk3Dnlz1ECPABaDFi1-IKw5A|https://lh3.googleusercontent.com/p/AF1QipPFpv08sdFz1STO_VEA_LmV1X9iq2IjuRSglpdq|https://lh3.googleusercontent.com/p/AF1QipMTyVUnK0MKdP95V0X-IDPvCvG8ksACHWiqEnA1|https://lh3.googleusercontent.com/p/AF1QipOJYZMVRyCUwYHIHj3RKKQKRflL0jEB5cbL5-Nz|https://lh3.googleusercontent.com/p/AF1QipPcZYPleOfFuybp_NQqIEaMefe8eXWT7GnZQFoL|https://lh3.googleusercontent.com/p/AF1QipNHTZMuXN2tfGDJqDxHuIATr4p9UUdmHFlJSNJr|https://lh3.googleusercontent.com/p/AF1QipNBi2P_HhrXWIZEDYI2InrftJWaoeJ14CMVush7|https://lh3.googleusercontent.com/gps-cs-s/AG0ilSzOtegEX10jOf2rCsotnpBEu3ekmlGPp69GNcGPuSxFbVyRb3IYoBtxA-I1cmNF7H2UZuDR9Lj6eeuT8fdMZkncWx870IkpHqaJx0tdRqCN3zSCBv6E-I9Dhm9z_NrkPBjydi-09sQ1fqVr,"6, rue Abou al alaa El Maarai, Casablanca 20060"
Barbier Le Blaireau,N/A,0665-143112,"4,4",N/A,https://lh3.googleusercontent.com/p/AF1QipPAdxOglYR7Fbo1Y9RMKw7Y-THaNHJ18QliqqCy,https://lh3.googleusercontent.com/p/AF1QipPAdxOglYR7Fbo1Y9RMKw7Y-THaNHJ18QliqqCy|https://lh3.googleusercontent.com/gps-cs-s/AG0ilSzPdPbomvfI1jzfBgC3cqiDq0M_QdOcJmm-indMy0S47dwjotSMFVAaaOoulBhOGn9kxbwGwCS8EN14Ax1_dK6k6rK__iCPwk-x46urjyEJZKTs_oI4pWunTuFS18j5DTWEK3bYxw|https://lh3.googleusercontent.com/gps-cs-s/AG0ilSzemZTr_eghxwrSq6OgXSjzDEcAd1_BNW0sPBJZt-GscCiMGqrhD1ymCrOLbO9cwMe_9CNHN_MM1pUPWuz4ZxzKAMThB49ubPhbHhMgVEi6zOPDyST8zM24zaW4a06NtR0tzX0f|https://lh3.googleusercontent.com/gps-cs-s/AG0ilSzgO-OUuIYeoIldVnDdAWM_gk_T_oqw-yx8QosaPOEIBpdrXGqbyuoJ1yCtCt46nR9UfGt3odedFnROupyNUfwPu7h1n8p4NykL_Jdw-hXDwBJtMnzTaAExINzYavUF_tE_feq6|https://lh3.googleusercontent.com/gps-cs-s/AG0ilSxYd9N82NEj-5wXy3zIrxAD4CezRK8M3J7YzjyTzTc-8q8WWePk68VpVI5QNT24LK9ECyxETdhSrS6kFb5Y-RiuzVpP6R3_CH7kFS1vFW-ccvjlOVe-nDjhH_ZRJmbr10f5C_iL|https://lh3.googleusercontent.com/gps-cs-s/AG0ilSxA7gB9BW9ntgqTidY4DVi2kpVHqtPsDWUKojkYrx5XePdHRz7YrZM81BCm0VzcBfdyvdmt-o4g871ifHahBJRsDIsTids-62xsaGJvETxZtGgM03Fg0zywOpNYCjBjaiTd5GY97Q|https://lh3.googleusercontent.com/gps-cs-s/AG0ilSw7jpe6tWsZV9BpYohPYf-HCQD7ip2iOoOzKvIB-vIha28dPhq9EV3KPwS-F3XB6RPv1yBXL_d0rYTDrcln80NOB_BNfkInCHkAgmPBoj9uu1KL7uOP07yxZN1cUnC9zELG4S9O|https://lh3.googleusercontent.com/p/AF1QipOyxQYkg5WuzB9BZqFBI2OQ5ShBv6wZzboNn5DK|https://lh3.googleusercontent.com/gps-cs-s/AG0ilSzQzUSF0iNvfahrAtMEm-1afE3cg3L3aJQklHrSPeUbD0nTs3ybpeYLodpkOuvb09IOMH535Ou0VOUd0Z2AJggBXjF61JHpGbe3FaLn0zeshdSuL3-YqgzzZ5ExkEj2ROOsWvU|https://lh3.googleusercontent.com/gps-cs-s/AG0ilSz6fVhJR_qELjGGidRYr0-YjcnJkS2u5YV4FEkKe25FCpD69AR-_6j2-EV-UI2kseLSXd_D9LcURc4IwaZao3Un1b6DRpITzr_WEBJq1M5g8s_sD2AGYTnOmwFw_I-LdJKFWdTgkA|https://lh3.googleusercontent.com/gps-cs-s/AG0ilSxi7zK1xprvdKYKvss8MhwXu4DhMtlZReePsPYLIjs3ngHjDjpPflKBmw29VFozj0zTySLjam5PIj_l2OXucCBNM8ofXU16UkDlPaBXeb7WmbNG8EMwcvsDA25AXuTEEjRaBWNs|https://lh3.googleusercontent.com/gps-cs-s/AG0ilSxRWbnkYYusjHWKK2xaQ47Vuw161jijW-MfuRuKiCLzb4NvJ2qg_x5hSP5gHO_pLA4RLPiB4QY016xJhWHs-WsGWR0s5tsrEYXqtPEFdT7PUCD_eF5OtYe3Ii9m_XjWi3kikOUV|https://lh3.googleusercontent.com/p/AF1QipO6e9wcqAvZkc4DQzmMXNq9V-zu0OqZqTxyDCE4|https://lh3.googleusercontent.com/p/AF1QipNdjcYl9o-004dNRMIEyJRpoG8Xz3ZXdLuJNPQE|https://lh3.googleusercontent.com/gps-cs-s/AG0ilSzz-00PHIqLlmuMoTa_tjT5fkipMYYnSo2vO2VvFEZkpu8IQ5Mbs_ngdvDZeLdHMMZNzVYqKB58An1yP5Wo0B5BMq1ia8jjO5NA_1mx6vtESYROT1RJ0ai6SCy07Gp96va_ucC-Vw|https://lh3.googleusercontent.com/gps-cs-s/AG0ilSyPFlAEZ4gNIB8kqeLRpg_CTmuMy7ZT86N2a3CMAZCOzweJJekbcB3QY_49XjWUdy5zXGkV-bti0MSZh0pj6IhEvl3pp9P8D0s2-nGZaLG6PFm-Z2CoYTVKf8DzWg527zrVW8bf7Q|https://lh3.googleusercontent.com/gps-cs-s/AG0ilSzwyd67lT3exz60kel-N_eeVXSUyDPTXv_jEVwd7WvaWZzDhoPyzV3zMOokZmo1m9lzyBVphcHflr_5rO9FXa97w5yDbYI7Pq2DW_sunCMt7K6riWL9M_XigNB2kK2hVkIc_d5Z|https://lh3.googleusercontent.com/p/AF1QipOR5PqeWKt11uUyJNdSrYR4Lfraj8aWFkSLKFsH,"et serafi, 14angle ibnou hajjaje, Av. 2 Mars, Casablanca 20250"
Barii barber,N/A,0682-454775,"5,0",N/A,https://lh3.googleusercontent.com/p/AF1QipOArOx-1bs2ISMMXV_t7RtPU0CGWxqhDkIPeA6z,https://lh3.googleusercontent.com/p/AF1QipOArOx-1bs2ISMMXV_t7RtPU0CGWxqhDkIPeA6z|https://lh3.googleusercontent.com/p/AF1QipO5s69E8b3xECn9l-lptslf9-NVXoaCOaNMerTi|https://lh3.googleusercontent.com/p/AF1QipPx6K29cAIcJctyvYt812vBrfvH7PKpMq1-rNrX|https://lh3.googleusercontent.com/p/AF1QipODWhNSww-rUqR3iFVybmoFluSZWdyV39h-kyBu|https://lh3.googleusercontent.com/p/AF1QipOyqqlbwL_7l18GqLvNTPeb9o5ZGbo4N8VaEKR1|https://lh3.googleusercontent.com/p/AF1QipNqHMZBVNURkglsSgdSnZFOUCBZulPkQ6d6ZLNO|https://lh3.googleusercontent.com/p/AF1QipNWI2bFr3TSqF9saPaGMykTGauf0mYryo9OqpHg|https://lh3.googleusercontent.com/p/AF1QipPpap52V-rA2OHCnJGghAzrqPpCRF_ROH7d6aa-,"numéro 59, Rue Ennakhil، Casablanca 20103"
The Razor Bros,N/A,0520-630289,"4,9",https://www.instagram.com/therazorbros,https://lh3.googleusercontent.com/p/AF1QipO65IIEQwh9isWN1o3UlEMDNl3FjUmaAlFcy_qy,https://lh3.googleusercontent.com/p/AF1QipO65IIEQwh9isWN1o3UlEMDNl3FjUmaAlFcy_qy|https://lh3.googleusercontent.com/p/AF1QipPZHfJyTBe2dkKnWk74O8bpdPduSPwUIZycu_y6|https://lh3.googleusercontent.com/gps-cs-s/AG0ilSzaAlksHJIidcgVdwkT2VQaft3xx2sXitkFY29YTiu2h10xJoMDj3DRx4hpuehBT1DhalbjCWXSnu9ubfXFDQoN-P0oZ3_LGwf23VcRv3oyTVlEAM4c8Pea7j28NR6BGMoeoPA|https://lh3.googleusercontent.com/p/AF1QipPfpeIUmPlwSvSx8kvTncOQt3NvCw7eY3OjyQw6|https://lh3.googleusercontent.com/gps-cs-s/AG0ilSyXnuKztUlMgVka-O8VPRZhstWMTr02qAADn6bWQjdU9MFDyDjwvDTGjCpVAZW9ftcXwffrSz_5aMlR_sYPhJ88b0kliBVgcfIZIFLBal7Yv3QVaRe6qk2f9MfTO5wLYQFkYnlj|https://lh3.googleusercontent.com/gps-cs-s/AG0ilSwFIXzILFZmJwprku0jNYXycjLd3MSFzL9MIvJ3sYZgIm5iJabGvaYoRwUzBq-nEHLpeDuJ2kmk6A7nzM45PlJxfWHlxM1KwpSmk0msWiacFl9UfCURrMut428wMkT8l_MIk9QhmA|https://lh3.googleusercontent.com/p/AF1QipOStkK1o9DIqvPhVLPPdaskpe-0jM9c34rdZidx|https://lh3.googleusercontent.com/p/AF1QipOPD-vCj1xybD1nazHAGBkzTSfFkVSKX-RkC44X|https://lh3.googleusercontent.com/p/AF1QipPJyNNSpXqcZXjISTiev2xN5k0GbW0WIXCeGbuu|https://lh3.googleusercontent.com/gps-cs-s/AG0ilSzgijuAP92_YPd2GLHlTMTiAcU-FpBdCwX2QSGhXelmSuHfw84MMPW58R7PUDsJedI08kbw7_Xo1cxfjTrbLKz9mZ_I4RmN0Ylqc4zkaZgShnGvbBM7l92he6XZ6h6m4kgZN9Kg-Q|https://lh3.googleusercontent.com/gps-cs-s/AG0ilSxNmkIel_wrFIqoJ15VxIPmEJGRfDKGpdd-6XXIIWlUkKQ9kbgD6y2ue1kEQSSD9c-cVzf4_KtDAX2F1iFaS-0ffNVrkk5LyqZt8cd3mSEEcoyPYyGU6WrRAxbGUvbQP8uj7zgS|https://lh3.googleusercontent.com/p/AF1QipNwADR9JYb7YoHoXG3xjriQuMQboWWsADrphpPt|https://lh3.googleusercontent.com/p/AF1QipP4BJGVKbFIcd81vj5Xp8wMnstKZVlSIJ4OdQtI|https://lh3.googleusercontent.com/p/AF1QipNbeDhsY8fBvPOsrJjCq6-xkTGPGY159AwgPwV_,"résidence rêve d’or, Rue Mozart, Casablanca 20000"
Sabri stars barbershop,N/A,0520-567714,"4,7",N/A,https://lh3.googleusercontent.com/p/AF1QipPnVLjmWbF36ATYep5pr43I-628ZZ6sVQGMjGBr,https://lh3.googleusercontent.com/p/AF1QipPnVLjmWbF36ATYep5pr43I-628ZZ6sVQGMjGBr|https://lh3.googleusercontent.com/p/AF1QipNMxTmObUC5mW8YWgPwuJQS33LTRqaua5j2NPzz|https://lh3.googleusercontent.com/p/AF1QipM74NJuH9Pcm5VkFj3gJtdUJnskLR-ZoE-_tP7p|https://lh3.googleusercontent.com/p/AF1QipM2DwVT44mKWYZMOEmLErd6BJ-USmmSbSubL74L|https://lh3.googleusercontent.com/p/AF1QipOzLxZ7gd1dT6N6AgPc0fFD7yJH2Z8OM1m_fWnN|https://lh3.googleusercontent.com/p/AF1QipOCziQHHVYkCRvx3F-5ftVpU7i5q-59saQNFMTc|https://lh3.googleusercontent.com/gps-cs-s/AG0ilSzvoG7iDntpbsnFZ6gnindlnWC9jI2w8D1anQ1uMTDtU-l7om2vI7PC8FQoLY1Yx7sy0tey5ssHBag4yuyTfcqJ7rhWgHdc65g6Rgsn9LiyHRWA_BKOcARX0XATnQvrXxcoMo0w|https://lh3.googleusercontent.com/p/AF1QipOrre_-xhPi42WJZ-wT5WaPtIWRXyaSxfiO8h4g|https://lh3.googleusercontent.com/p/AF1QipPe9aSTo46mWhxHmG05yJqUd6rd6g3DV-6vPSQb|https://lh3.googleusercontent.com/p/AF1QipMA4Mrzj02wYO_t-LppfacWciDpi8xOBt8R6fUE|https://lh3.googleusercontent.com/p/AF1QipObY2Nu_dWLX7GNOapaK-ikLkfTMlHKrcdocSwd|https://lh3.googleusercontent.com/p/AF1QipPAmYQXxwks23yJJQgmldZLw6UvRBMunIrV4j-N|https://lh3.googleusercontent.com/p/AF1QipNGyj7mYL9yeBvYemLRrA89JSPb5nvY_aAZlY3e|https://lh3.googleusercontent.com/p/AF1QipM1N4EKljM2ydwqvEMc869dVPPY00wb_I4AzLfC|https://lh3.googleusercontent.com/p/AF1QipNRjU_4ac1Sd7yZzgjXG0AUImsaZ2CLl7V-1Pwk,"Lot Hasnaa, Magasin A, N° 76 Rue Ennaim, Casablanca"
Salon Abdel | barbershop Abdel,N/A,0666-535710,"5,0",N/A,https://lh3.googleusercontent.com/p/AF1QipPlWFEGFBdGYUn0TF1OMOAtitrVEpZnt8yZbXnt,https://lh3.googleusercontent.com/p/AF1QipPlWFEGFBdGYUn0TF1OMOAtitrVEpZnt8yZbXnt|https://lh3.googleusercontent.com/p/AF1QipNP5cO21rx6oHYzOfce1bqVN9b_44Uu61xqrPtk,"NR 24, HAY, Rue 1, Casablanca 20460"
Marbella Barber,N/A,05222-31617,"4,6",N/A,https://lh3.googleusercontent.com/p/AF1QipMMwb_rcFfsl5wMqUlGeeCU67-cF7XxLikX291L,https://lh3.googleusercontent.com/p/AF1QipMMwb_rcFfsl5wMqUlGeeCU67-cF7XxLikX291L|https://lh3.googleusercontent.com/p/AF1QipNwaBME5BQ70gWyMMevk2yEUHvb2UIOaoF-vELQ|https://lh3.googleusercontent.com/gps-cs-s/AG0ilSyDMN4ZBx_Bj-9nnQWIKjiVm4ncSE8riqmQX7Aik6ph_wJSxgqW5R3qyYr7eGRTDFUNtmgS24ml7bJgOaGKe5a779zkvqKJYO678REunCmCLpgwwqA4pP3CONCC_2QgBhgno-ktZg|https://lh3.googleusercontent.com/p/AF1QipP0TD5uIaYui9ApzZKpXUfMgJsJKtNREO0JUPR2|https://lh3.googleusercontent.com/p/AF1QipPVdaCIdXGI_cAKdXV5XcbA3o6e0HDo_Vsn9c6n,"63 Boulevard Bir Anzarane, Casablanca 20000, Casablanca 20520"
