image,images,website,title,location,description,rating,phone
https://lh3.googleusercontent.com/p/AF1QipPRPw6TxCr2aIGkbZM9-7d0kwa7hF3Uc2WM28V7,https://lh3.googleusercontent.com/p/AF1QipPRPw6TxCr2aIGkbZM9-7d0kwa7hF3Uc2WM28V7|https://lh3.googleusercontent.com/p/AF1QipMSjX6aWSqVgmazsxJbCTUgKhKKXYQVlnumyYT_|https://lh3.googleusercontent.com/gps-cs-s/AG0ilSyR3xE99AOJwK6cyW1XC7AXAvDQTQc3swsAXbgH3Do1N05wbXX1tFrUL7euZ1YFH3gPov11GPoj-PzKju_L3z9azbaVuF0PJJVUrMyeoWl1kt6xKbbHwv4kiavUOGa5Jqp1z_vBRAJnuyv7|https://lh3.googleusercontent.com/p/AF1QipPSjJFTHHpBbR6-HAyA160-w8aDLXI8ApUdTs9v|https://lh3.googleusercontent.com/p/AF1QipOZDjNBVH-8z2fCrIqRsnE-RWzAZMM9AZpl4yGL|https://lh3.googleusercontent.com/p/AF1QipPZrFpgST6bW7qWaiz3Vd4dDIECfGHFXE0cI9mq|https://lh3.googleusercontent.com/gps-cs-s/AG0ilSxbn4snGrgiyaAUGOJzOUK3Um7X8aaCsaHAYKln87DU0qvOYLD00j5o4V73uvmM7zz9rrM5JaxBIlkDdPg0n19d8QWAOardDMCltPQurghf4-2sC-ViwFouDg8gf8v07QcIlQ04|https://lh3.googleusercontent.com/p/AF1QipO4lWRM-nTPAm2nG31WQOkfreRJ-uC1pqPj6vAi|https://lh3.googleusercontent.com/p/AF1QipOGDK9ZZBqPypoxFONvJQHt2gJ6Nx4WioG0Dks0|https://lh3.googleusercontent.com/gps-cs-s/AG0ilSzAHjrXm1vZuAAO1UiGVqjuDKleKEj_KJKerlgyPe5HJWiFGry_LnCBdsr5VlLv45si5UCl1CuZbfnLC1InfnUjezW0wzR-3YMnxc1I8hACbl-FCIP_jiVmA93qG9QrCWw9w1s|https://lh3.googleusercontent.com/p/AF1QipMMx_PJt4_rT7iVfcVamQVjrgRJ_R7nZFr23SLh|https://lh3.googleusercontent.com/p/AF1QipMF6DSwomUvjx4RCR_Lq4AGeAmFRvXt6x_W1tKr|https://lh3.googleusercontent.com/p/AF1QipMoqV3WD0KWxRhqVtH6UYRj8Hr-ujjFrOTuI21q|https://lh3.googleusercontent.com/p/AF1QipONGqbs7LSegIlFGrOOsVTGwlF757QLugzO92jK|https://lh3.googleusercontent.com/p/AF1QipPLh_547mEOXNoraodyMvcvxcu_3MR_vWAT-0OS|https://lh3.googleusercontent.com/p/AF1QipOddeIWCWjXoKVTfktJxw-6WYXn3GY7lEAzznW2,https://spalarimar.ma/,Spa Hammam Larimar,"115 lotis Al Wahda, Kénitra 14000",N/A,"4,7",0615-151904
N/A,,N/A,RIF SPA Kenitra,"Nr2, angle rue jbala et, Rue Saad Zaghloul, Kénitra 14000",N/A,N/A,0661-309660
https://lh3.googleusercontent.com/p/AF1QipOMv3E7w_Y9mV-R5ewHPYH3qblMVy-_fN3x1kM0,https://lh3.googleusercontent.com/p/AF1QipOMv3E7w_Y9mV-R5ewHPYH3qblMVy-_fN3x1kM0|https://lh3.googleusercontent.com/gps-cs-s/AG0ilSziEZoLtr48XNOb36hqK6n-Njnht7drhICBEvWHbld8Kism-FQqVajMROdRqXxSg_INM216ql6dSfqOXR93D6gcpuUHqaXvk28flpK8qYy26z1jsfQFlDQ2NAb7-6yYPfkg8DKW|https://lh3.googleusercontent.com/gps-cs-s/AG0ilSyHMiTsDnbCSNIDh_0lOtZPV227FxfyECITOc0gNMekgYRw7WpW2EM_LrDdiFAYiM7qSnV7siDKlunwCk6rcVqO3n-dE828DiA2gmOP_hPQibKe7b7jv7o2a3COZQsKEg9bHGQd|https://lh3.googleusercontent.com/p/AF1QipPwObC5MhTQpOhnqBX72mG9v2AvDPkEANfIBckI|https://lh3.googleusercontent.com/p/AF1QipOiHFIW6VCA2iZWLcdMKxjyXvlIOCQ3lFcYLFo0|https://lh3.googleusercontent.com/gps-cs-s/AG0ilSwXuq7PG8c9fID6jwRneVNz801_yyG6UW2BdF1tBA7hUcVbLf9Bl0hwI4Nrx-V4KklzgsDzpz9pgEwXYsKz2HsA0Gj3XieP7beAUzOMQsgaUhz6-DpyWpgKvYqnpZPyTit5_ZG7zswiahq0|https://lh3.googleusercontent.com/gps-cs-s/AG0ilSwSQm5j6WDyaP8QYSNkzvVARpV4BX_Z5AcwUI2YqOr9unOEqQ5fp39ZmK_ZUSwp4TemOsm9ZQzrQR7b6Xh3NRvcKxkOR1BRuF2C63svk4RfJEuztoUo4YwmwogFe2UX90WX6dCDnw|https://lh3.googleusercontent.com/gps-cs-s/AG0ilSwgChP2ucZ96axylDT4gHZp-VJik0iFFyhGJXkJqN71f_vTzKqsQIJ67UDCyyX4EDYvcDZPAsAsh8WOLjBH3CL4h6yeS3Aaoz6jhobyPx4g4VngA3-naboX-d4q-wmLbSxAYvfi|https://lh3.googleusercontent.com/gps-cs-s/AG0ilSwp3Fm5uC2oth7xPm_FPTYtj6nVgZ59bgE4q17icqa-zgPweB6a7RYUxrWwLj0rqIVZsdOJrwI4gtyFuDO-tktkeV2rpFROrAlsusXqgEYGeTPSbuaImdtfC3XlcbC7DZ9gTsm-|https://lh3.googleusercontent.com/p/AF1QipM7mumtWKaeH5Se2ldpex3-kBSbpbmvsLv_LFAE|https://lh3.googleusercontent.com/gps-cs-s/AG0ilSwThzDp5q4R3dVyW93Jy1xyf4TVifNStZTfy5jSuuWoBQtD4MqnTIb933RogbXbfaxDmBGNcc5ynEjSTZrmLQV2_9RMcHeIBmw5HIg3GqB-yiVyhOvWpnyr9ZRdepLGEfOQlqQ|https://lh3.googleusercontent.com/p/AF1QipNz137KH3x5mettMPoIdWgBgRpcZfsR8m2cpHMa|https://lh3.googleusercontent.com/p/AF1QipO0G5phzbLGPZvYBxz-0wFKOYDGerMDAZI8b6rb,N/A,Hammam Noura,"HADDADA, Kénitra 14000",N/A,"4,4",0676-768448
https://lh3.googleusercontent.com/gps-cs-s/AG0ilSxRHKHSYB29sfzM4QPjmkLqKCd5s3phyWtJgs66SIyJmy1Hkxmi8BYsGXS65bAhYq0WcPmpXMBlguklK8qN7ODfoTUnYhrWjgOCVx-9g01WuXUszsYXe-hZwJQF-r_GgXM6jGDV,https://lh3.googleusercontent.com/gps-cs-s/AG0ilSxRHKHSYB29sfzM4QPjmkLqKCd5s3phyWtJgs66SIyJmy1Hkxmi8BYsGXS65bAhYq0WcPmpXMBlguklK8qN7ODfoTUnYhrWjgOCVx-9g01WuXUszsYXe-hZwJQF-r_GgXM6jGDV|https://lh3.googleusercontent.com/gps-cs-s/AG0ilSzdhqYnkZOie7PZUmfb7Qdw7OCFAQC5eOo7MnneIZVXL1p9xK0jVNw2KO1TwuP0gI-OUKWqb4GfjdKH2XNCjfOcxPu_Djsgv4xjXEBlHszRQxjihumZ0G1mHCaOPzoYo-z3t1pV,N/A,Amber Spa,"Nº 67, Belle Vue 2, Kenitra 14000",N/A,"4,1",05373-27996
https://lh3.googleusercontent.com/p/AF1QipN_HGpRDgAxoUxQwrXeZXf-iDKOjTsPxIDf2Rl4,https://lh3.googleusercontent.com/p/AF1QipN_HGpRDgAxoUxQwrXeZXf-iDKOjTsPxIDf2Rl4|https://lh3.googleusercontent.com/p/AF1QipPK-0Df8lEduy7ZAexTDRzxioTItsh9pSNcJ_Oj|https://lh3.googleusercontent.com/gps-cs-s/AG0ilSxVXtACkQ1UbRmDe2eeeuGKvSo7dkOk_F76zS0xwfAOFB_kNPWAuJc7Lh3Loj8xcaPe0Z-KjETvuizMi_FCnLmtxsQfwVC6Qw9PKjLJYVSRKCV-TuJfXNMem6xVxYKKwioyP3DH-nn9EgA|https://lh3.googleusercontent.com/p/AF1QipPv0UuGr7ZB8CSt0_nYaBlLcJMgZ3VDXFjCd24R|https://lh3.googleusercontent.com/gps-cs-s/AG0ilSzl7oDbfeocCT2thLu7jrdDGquN4s_TpREg8nSPOfEv2s4BRobU9aYx0otvnPR3nwbsfJLnVtotS0cBzIwChx2As0VB4xYNn9sSEgfIeDG_KIF9iZMfENKXPPM_fEkAP_izNwfO|https://lh3.googleusercontent.com/gps-cs-s/AG0ilSxFCyuNGL0fKU17wFHGySH7UhBPxsQ8o2nRK7xWhMaZDiUCF5YK2TP4fRQNDXNPDQVK-qnVZf8m7vzIiSuT1h9MPjLBKU_sCkY5cIbO1pEmbuvgQQ_cfZpfZyYE8yCObuSN4rKG0g|https://lh3.googleusercontent.com/gps-cs-s/AG0ilSxIz6ol1sp45roMd1f0Qi-UYyAEkmlLzFqp4Ezvt7h5HMOfSXJkrzgBXIYzQOAI2YX12Jm4cPrQSEqvd-dp1ivz7L08dv9eB7sOhOx47fQMrjK5aaMPGgEkTsYTOqZ6eh1X8oOgrg|https://lh3.googleusercontent.com/p/AF1QipNbczOQD4mUFqvDORy5h2IZpNLRLA-jwlb17ovt|https://lh3.googleusercontent.com/p/AF1QipPuq2p6pPA8jBagizuaxA6HVkqjMCgL6mc85YSQ|https://lh3.googleusercontent.com/gps-cs-s/AG0ilSxYnJ-V7ouuVh1YQ4QGCHSDLf2z3pjAqD_6MhI6CIX5XKzZ3A5RIECxIs_Av1w1Hcs_WsUF44kHp8W6WTXJJNBkF_82SLoM-pdSMY3k9JTO3rQv7gs7rkZTZRR4dvkkAzvbPQI|https://lh3.googleusercontent.com/p/AF1QipOJXxQMqCCLGG8M74c3JHXpvs8FtoOWzxCtAjWD|https://lh3.googleusercontent.com/gps-cs-s/AG0ilSxRPtleY8doMVJ9XCrQCOw4YYtAZ-o6RtFUaxipBU3Ja594NvZcF2-TaHj8b4KUDNsdRJbzaOCmApauSu0qQ9IAjJMuYRsMi6xJwfsIJyUI8vKMXGB6DtPcnRfdlQums2jiRRS3lg|https://lh3.googleusercontent.com/gps-cs-s/AG0ilSzhxjHdTC40wXLiUZTFvuE3JjiqW1CHEHThsgTPqot1iKDKc7AuW9ZxDBno2QxppevI9qOl7-VGGimI_608wjGMeyk2TSGszrtcjYV2n0LpzqLx_fZynUK3lhkAFNoyzVrjFhn5|https://lh3.googleusercontent.com/p/AF1QipN4kyVIN4UqdJIqGWyOAIVvvhu39DBZktMnjM-X|https://lh3.googleusercontent.com/p/AF1QipNWkV90iOWGIMgaTZGNrhsL8XBGYEOEd10UcK5m|https://lh3.googleusercontent.com/gps-cs-s/AG0ilSye1zcGs1XgVIuqwHF6giPZoTuSZ5VOtqR8AUIeB6DWTIAyYiFZ97FJOr9AncDe_I46IYxOMj29OhY4D26sqLbMZmdHF2E82MJApF-eEgUIgKNEVzEMkZxJrtn8WkLAXjcZl366jw|https://lh3.googleusercontent.com/p/AF1QipMsvagRIvcfEtt_M4KRmpcgZxRJbHmCk2MaorGL|https://lh3.googleusercontent.com/gps-cs-s/AG0ilSyZqZeXFBsTE39MM0QNeXLgCmZugShe_qT0C8GUyTpstoz_05lS92SBGGf5JM6xVP6Zh-fZePblqm38VnS9ntXlIrCJYfbXbWxfhllm1Y1fucEtMrByIcSV8h6CfVUspHYAcloTEmDLvHU|https://lh3.googleusercontent.com/p/AF1QipN_CfOOf2ralIbLE4OCWynEbcyd8N9D9r2IpyP-,http://www.havana-spa.ma/,Havana beauty spa,"bureau 9, Immeuble nour, Rue Maamora, Kénitra",N/A,"4,3",05373-60310
https://lh3.googleusercontent.com/p/AF1QipPatqnAphB47v55wwIJYtBTAn6p-Nc-tkVD1nBT,https://lh3.googleusercontent.com/p/AF1QipPatqnAphB47v55wwIJYtBTAn6p-Nc-tkVD1nBT|https://lh3.googleusercontent.com/p/AF1QipPs0-luU5deEPLN4FkN1ybnINDGv12W0uB2_T-3|https://lh3.googleusercontent.com/gps-cs-s/AG0ilSy19eD-6X87EMzFS-IGK_6KoG79SxTZ7166t1YKXJOvlgEENF8vzJA_zXbn6vhY8te9x6Spv4oENxySK69GOnggjIzw3jf0rbO1RZRi0BP2ILvS7jn3MlGTRvT4pgA5jYPmTa_k|https://lh3.googleusercontent.com/p/AF1QipPlVSQvmTJaS7CWTWAw1orlkXKkQ9_2adX1W_qX|https://lh3.googleusercontent.com/p/AF1QipPHkjgTFHD8i8L4jjI4HLVB0Z4RMkmYfndIDmsk|https://lh3.googleusercontent.com/p/AF1QipNWBsohkv7jJo0fMMb2Yc0dQ2VRUSEFGd8TtS1e|https://lh3.googleusercontent.com/p/AF1QipPlU85IeEmQc0AGD3FI1bYsJIs9AFlsQVsAyz4k|https://lh3.googleusercontent.com/gps-cs-s/AG0ilSwo2_DeskU2vUBags-JCdGbBcRyKl7ahmSjjlYJhvSNw6ygL6SXR_6RyrjgPl6QBTlh1mmCAzGlI_9SYRz8cAKB84ku7LTzCAcQIvLihrdAnuFiI6lgi79GDC-o8fAtfMwW7I2o|https://lh3.googleusercontent.com/p/AF1QipNc25Yhc53bI8wQ207ei1mw7SsTACevevMFE_gs|https://lh3.googleusercontent.com/p/AF1QipNLiuItoWLA2U42HSwg_pN0F7iekhugGRXbFZbb|https://lh3.googleusercontent.com/p/AF1QipNq9wo0NdR2_vJ8SDmL8lBQkyiYNkuKMCp7h4Ao|https://lh3.googleusercontent.com/gps-cs-s/AG0ilSyOhpvQupdD8uqtz2QcQl8qj4aZGdOm66EVLx02VKH0GJO59H0PiKtQTsT_CQkNNFiqiTGGFE94GbmCYsziDkg4eDKmd8jJBoTyoAleOmGeRwJn6JNCEOHv2wx6S0uKG5culpcD|https://lh3.googleusercontent.com/p/AF1QipPtyeGgNo6v2j3F55IfJAvhRyiIE10BvFKbsOBR|https://lh3.googleusercontent.com/p/AF1QipOS-WXKPr5L2k6BXdDXBmljcPTOQb4eIrllNiJr|https://lh3.googleusercontent.com/gps-cs-s/AG0ilSwIHG7IElRIzmVO_tTIe1UVHPRVo9YkEam7soioPtOVsVrpLcwFp1Vjmp2X-8F7oKw-kHw4DfacJZ9F-3kgoGYJf9D-8iv71sU2510Axd9hGHzTkrHt30tas8mz31Oai8cLVc2NRg|https://lh3.googleusercontent.com/gps-cs-s/AG0ilSyBRlMLcF-fWadZ5RKo3MpdxiANEqm2vH23S13yxWSizsXeM6JBUmfqvjTwzQP9X-kvjOFr3CNuQz3gGK9bY6Sg9D_7vk4feIdmkupO6gHZ-TAf3n4yg7VX7W4f8UkqWCPpeOTETg|https://lh3.googleusercontent.com/p/AF1QipMFFXp5FPQUdM7epiYNym6xDB9Cdx4WeBqiDDv7|https://lh3.googleusercontent.com/gps-cs-s/AG0ilSwAeEpNquJTw9i1OeIeZZBGjaS8HFXuRH91uP3n3q--uLYwFTLGk9YsF1gsuBOkpQ-xMJXNHaHhLUnbropKqeWq5T7Qc4j79DbSSmGQb7ojDfsgfdycxuZSdgcgedT4TMY5AlG-|https://lh3.googleusercontent.com/gps-cs-s/AG0ilSyStEff219wTAdpwyA3WPmgEaYk1L4zhc_EkInHHHYpDL3U-65u-J_Gs2Y24l8Z0M3qxYgBXwRkNDMxfXsDlgC6cPQI56iPJNx90psDGCA73TmTULw2TAsWffnkKD6LlEN9UytziA|https://lh3.googleusercontent.com/gps-cs-s/AG0ilSxwCa7yPigeqiOsX34_x3FVAeupBzn3hJNMBx-HijCC79hOOcyd1a3xxEWJlTPwOGl0UH9nUZUYV5-dx6rVGmnLLBspOMCDSQvoqxPletJEscbNpc-6T5tPNSiJgk_d16M8ealt,http://www.bttmassage.com/,Bangkok Thailand Traditional,"Résidence Maria, B1 Rue de Damas, Kenitra",N/A,"4,3",0672-826365
https://lh3.googleusercontent.com/p/AF1QipNEhQLJ0EfuwdBFBtmzqJfRlKtEGPaVSO98r_hC,https://lh3.googleusercontent.com/p/AF1QipNEhQLJ0EfuwdBFBtmzqJfRlKtEGPaVSO98r_hC|https://lh3.googleusercontent.com/p/AF1QipMej2fQRGxzhkQ5kjfA37uFpm1y6uQg7Z077iog|https://lh3.googleusercontent.com/p/AF1QipOWkdHeUUSa6YBywsVNSd7TSZbS7E0BP3wFtzIX|https://lh3.googleusercontent.com/p/AF1QipMC7vRKap2fwRZbqIcx-SzmG5nAy0u2nRMRcnBZ|https://lh3.googleusercontent.com/gps-cs-s/AG0ilSyu654ZkKvb2BmH9ccArCJzwU3-_WpR66XZQFF5PffdNTtaByip4zbKm4oTBJuASJtFQ1D4PXOJXDb9OSt4BQYMBlTWucPXI_BaKK_XdIKUHMOgyxaWUmQ_f_9blzM4SC7vEwplCA|https://lh3.googleusercontent.com/p/AF1QipOBHzQAZxMqnkKE_QuP5ZZjfCD1jKuV7PHvYghe|https://lh3.googleusercontent.com/gps-cs-s/AG0ilSwWK5Lil4S613t-TlAIj5fyYNDFyssCfvBDsK3mn7qFsdW1RYGT8jhVQ0Ra4VU3T3P_tctK-isWRRYH75RIOZ5VgyW-3q1RsXDQ62U0fsSQCCsEpdkE6Mr0HdrQK0qSjJm-3bPv6Q|https://lh3.googleusercontent.com/gps-cs-s/AG0ilSxQfxC-i1hoi8Ryc3YzZpaIHsFLWJxgpSWE_cGNxeAf1AZszltyh5GFDHTiAn6EKXTY16WYI2InQYzrSCvshrn2T5n-7D3qKXwN890sFErJKAvjF9gjsZ-Uvxneu8KqcrP70KZC3Q|https://lh3.googleusercontent.com/gps-cs-s/AG0ilSyv3bOysGPKsZTBIJessOOT_DXEqdI1D_D6Qd4QWLwpMMZ_nydnkZsPBFNVXQVnGgITbXjCGlL7xn5HSJLmDaNsgDAt6L1m1G-9D5iucFXy9tv2xS7J63ZbLEdUJgUGlxedJkY|https://lh3.googleusercontent.com/gps-cs-s/AG0ilSzOA9GCFBMcJEmzeFAWGYBJyJdeV4icEPpyvfQjru-5b3x47M112NMv-OUStrb4kYK3EeYtMhmFGJ7HX3JAIF9QlMCiCTtX1sDGrUu_OOQRdooQ2UhkI5N3mdprhr-Ffddhb_Mx,http://www.bangkokspabeautycenter.com/,Bangkok Spa Beauty And Massage Center,"imm 1, 5 Rue de Damas, Kénitra","Services
bangkokspabeautycenter.com","4,4",0715-399556
https://lh3.googleusercontent.com/gps-cs-s/AG0ilSxR7kce_lGFqcmUgVGshxXatxrmd0v_OI4dXm_203DU3luXL_z3MT0fZ-EJSgOTLecYHKBHJY5Bw49TWF4L6zY54Xo2_JVsEOahFv4J9vKn858cH6bgFUww25unh9fued0NlvN-4g,https://lh3.googleusercontent.com/gps-cs-s/AG0ilSxR7kce_lGFqcmUgVGshxXatxrmd0v_OI4dXm_203DU3luXL_z3MT0fZ-EJSgOTLecYHKBHJY5Bw49TWF4L6zY54Xo2_JVsEOahFv4J9vKn858cH6bgFUww25unh9fued0NlvN-4g|https://lh3.googleusercontent.com/gps-cs-s/AG0ilSwZZTbVsgfGwAFHS1oMMTBbc5h_skBrGgHfMNdAsbSDVJPdDM2UX7LsM-JfDLudfYiCKHnrBY5Fy8w2mZmsEyoU7nRNykn6v5Dv6KL2jYiNBq0jM-mJxh_JmHTgE8YdQbYJ7saHSg|https://lh3.googleusercontent.com/gps-cs-s/AG0ilSzsBou56dHgURVSZ92QzDZwJPPWuWFFDwM-n1TBlhpGViocCjrV1ZqTkyPUdS6weLzVM26Al5SdA1POCwe3AopOKYuOBBPLbrNasd56e8HFHkn4gvxoknxeD92hfhxQPDuKUEGA|https://lh3.googleusercontent.com/gps-cs-s/AG0ilSwEnwZqAUtAmh0NCYnJadTjTOVYtFSHfHeOBMcDHPOprF0p4_SZVz6hUpxJfOOKgnokfvWzW-LOc_ZkAwqmDYwK4b2T7R2xmzxT4OQJWK5yOceNN1Bh4K6AQ5JFy34cniHwdoF_cg|https://lh3.googleusercontent.com/gps-cs-s/AG0ilSyTnxcXS-GWdlTWAl1dV_m1GVMSmVlAk1s1fCRfz8jsGrvwaalRUDXcm3qvRrvNenpX8N72vE8md334LriQfqRh3Eeq2-DoMjOAAfJzyWHj6HebkM90VexlLlXo7AY5ZGGBUWsmyA|https://lh3.googleusercontent.com/gps-cs-s/AG0ilSyL8SJwwgzcqgssu0e0fJA0FEajZl0GYxElAM7pG2_GngLw3_9IyI3j5WEPO1yXlOs8bsYl0LNJiDNeSHgdlxh2RWzlRng4aTxZvfQ_zKFn0nF--v9nEFigQVpklGdpJGlWUVrx|https://lh3.googleusercontent.com/gps-cs-s/AG0ilSx2E_UvgI5DIJrWiBSvPzGcq5IJzk-vN8BryQHR2AyjmWKRvncc1RRXaqu-iRa8qTh4okUh_6-DDtOLFPRHBEI9cu8ANzoHvqp0jAPfX50S8hTuxZwWImICWKUFfTDUPcNljkE,https://instagram.com/serena_spa_kenitra?igshid=YmMyMTA2M2Y=,"Serena Spa : Hammam, Coiffure, Esthétique & Massage.",N/A,N/A,"3,7",0636-937528
https://lh3.googleusercontent.com/gps-cs-s/AG0ilSw4AIYLSGgubPmza214FhUxpCnNlFgAHozk7hbUntn6BbZvvNrHZIlzJJw_Cm3Y5LIZCxMCE1zN1okfw8uqq6ejDa1kyDrk-LrUR1TjgpeteA7Tu8QxkxQ6gO96zQ0w1W8S4Y70,https://lh3.googleusercontent.com/gps-cs-s/AG0ilSw4AIYLSGgubPmza214FhUxpCnNlFgAHozk7hbUntn6BbZvvNrHZIlzJJw_Cm3Y5LIZCxMCE1zN1okfw8uqq6ejDa1kyDrk-LrUR1TjgpeteA7Tu8QxkxQ6gO96zQ0w1W8S4Y70,https://www.facebook.com/BenjallalSPA/,Benjallal SPA,"N°1, Angle rue Yaacoub el mansour et, Rue Moulay Abdelhafid, Kénitra",N/A,"3,0",05373-24515
https://lh3.googleusercontent.com/gps-cs-s/AG0ilSyp37nowPL3Wsoxu6VoYLXqnQpH9e8QuWUCDaQ9-OyUh1laVHwecpnnJ6KuXu5gskCYfSGnQ8VQlPJDrPI8ni1kVX0M7mvSzmGo8SADLcsbqPXlUqGVBQAaKhYm1-AWZ-02cgcJcQ,https://lh3.googleusercontent.com/gps-cs-s/AG0ilSyp37nowPL3Wsoxu6VoYLXqnQpH9e8QuWUCDaQ9-OyUh1laVHwecpnnJ6KuXu5gskCYfSGnQ8VQlPJDrPI8ni1kVX0M7mvSzmGo8SADLcsbqPXlUqGVBQAaKhYm1-AWZ-02cgcJcQ|https://lh3.googleusercontent.com/gps-cs-s/AG0ilSyoZNMEs6n10aO7X9b4NyZux4GFG1r6jEx1SX48VR4kSbGEyvfG9GlLumf4ZZSQlIQTwCFt379OBhdlY0SRs-ssicfxlNTrl3-bX88aQU8w_doQfleTJsNJRJfreV0PW2WWink,N/A,royal beauty center spa,"Angle, rue ahmed chawki et mellilia Magasin n°, Kénitra",N/A,"4,6",0667-657514
N/A,,http://www.mwellnesscenters.com/,m Wellness Centers - Kénitra,"Quartier de la Gare, 33 Rue Idriss Al Akbar, Kénitra 14000",N/A,N/A,05373-07520
https://lh3.googleusercontent.com/p/AF1QipO-e_QktDNIftIV6bShpG6XtM_n3HdNtnjHrfY,https://lh3.googleusercontent.com/p/AF1QipO-e_QktDNIftIV6bShpG6XtM_n3HdNtnjHrfY|https://lh3.googleusercontent.com/p/AF1QipPT-ROoSnDSPA8boHyxW9GDvhTwzHKTKBpr8SU|https://lh3.googleusercontent.com/p/AF1QipNkk8tWayzVbIwHMqmRB3irpy3OQQLVzckXIUw|https://lh3.googleusercontent.com/p/AF1QipN0eM2yo28tjVHMvT6Al9wLsgMYeOBMCRTPAao|https://lh3.googleusercontent.com/p/AF1QipPZjHOCemVxLZpIin2e59rXyqgZKHPOvcxuvgg|https://lh3.googleusercontent.com/p/AF1QipMraleal8w1SCAHIjSjzSoQedGWfYtDeKSfDbs|https://lh3.googleusercontent.com/p/AF1QipMNdPWDLbIWT08viipTg30VEeZHz-4iFPDFCQ0|https://lh3.googleusercontent.com/p/AF1QipPjtn-azy3tr0-mytZMUWqBni8la9x1vjZhKcM|https://lh3.googleusercontent.com/p/AF1QipMpnU-1rJg5qoFyx0I35O5ezGKBy4C1wLjtO4M|https://lh3.googleusercontent.com/p/AF1QipNFVCts2D4LuvD6rFsiJX-BO7On1OcMOO3Nqgo|https://lh3.googleusercontent.com/gps-cs-s/AG0ilSwbxIY94aWYV07S-TQa6d-AXUZPs2lQAszC3SNU5f5-Ps7l4rfi4DiXAhiaM-n0HiAZ-mLr5c4H7ti607Hj6hRBvtb-0UuDAH7mspf8c_P64GYBnteperdwvGDiEc4GxxYZyXg|https://lh3.googleusercontent.com/p/AF1QipMDAxKO99tUoNbwq09x-pAhAUmr_J8Z-_Ae1Jg|https://lh3.googleusercontent.com/p/AF1QipOa-ti2_EJzSzzL9C3CI8-AM8Xwoyklp_cejAA|https://lh3.googleusercontent.com/p/AF1QipNcSzoSVmbDgawKy8PoroYy9cdiaAqb5yw_Cmo|https://lh3.googleusercontent.com/p/AF1QipNkyzvWUgoqOY_UNW_oDfOaNofRVjLTKeNFXB4|https://lh3.googleusercontent.com/p/AF1QipO9m0MUkZWHwlucbBhgnQMR1xXwp1Sf8GBxni0|https://lh3.googleusercontent.com/p/AF1QipMOO74uuWnGGyNPqamzkCzrhCmgaisWSIpLwlI|https://lh3.googleusercontent.com/p/AF1QipNWzPEbPHaNZWeqRkS40OmivEfkPUquNOGkg_4|https://lh3.googleusercontent.com/p/AF1QipOBJGIwIYJeTcOLIZg_5VwdLJl0u08EGJ38Gbs,N/A,Wellness Dream Center,"14000, Kénitra",S'identifie comme géré par une femme,"4,8",05373-73355
https://lh3.googleusercontent.com/p/AF1QipMkyHkBvuJd4H4B_RrghWosG0_zOvHf24XLLCsH,https://lh3.googleusercontent.com/p/AF1QipMkyHkBvuJd4H4B_RrghWosG0_zOvHf24XLLCsH|https://lh3.googleusercontent.com/gps-cs-s/AG0ilSzDh8FlA99n-m0qZAa8nGbQhIIvTdp2_h12fqiQaqh2RVKdsggEKPc3sl1AS8yGOB-qvdSVuW6du4vbFy2GAAxwC6AZPd7KpNCJJdfOCDY3WMO1web980fHbwbyLK2IP5vYgptmoQ|https://lh3.googleusercontent.com/gps-cs-s/AG0ilSzJCF15xmzoPWk-m1uuQOHsbGLFXrsr4Zz2_NdUyXXNjn2LE0LdrswnQyDeDeis0PeH9TRiHaAtUa_gv4w0R_L0OIPmCPF4HK1TcTf2yk8sW2Wkl0AlQyDS50YGwjptLMvQxS8c|https://lh3.googleusercontent.com/gps-cs-s/AG0ilSxlFp5EfUM9nG0RSkY8r49hBReD9OGF5rYYQgB9gdpq3mDdYhCcvB6OQVnDD1x5JMREyQew9v5n5vvbaodZV6oM1yuF1KQO60-uifl2T_1Fa7gtjjO-Gl0zmE9GAmTpdDp5Bcen|https://lh3.googleusercontent.com/p/AF1QipOxnQyNtaFOY9P5neuINosT2eJIkTA253YhNL_w|https://lh3.googleusercontent.com/p/AF1QipPnicVOaujqLOS7A_kM2zoWWTVNo9fzZQF7LT6g|https://lh3.googleusercontent.com/p/AF1QipNL83fNgWih6dm-4kxyl9C1bEYQNQb8RH8WSZo2|https://lh3.googleusercontent.com/p/AF1QipNNFkA5nK5sY6HKkYbuM84uUr65jb98eV_WfHd2,N/A,Lamsa Lounge Hammam-Spa-Salon Réservé aux Femmes,"4 Rue Ibn Tammam, Kénitra 14000",S'identifie comme géré par une femme,"4,6",05373-95239
https://lh3.googleusercontent.com/gps-cs-s/AG0ilSwNGLaxEnEs0v99tsCvLrdchcZ8C_cSgtXF7m7XcdLoFLGRkYBOm50L-M3bIrarOAwHBAWs68A7Whma4vGFkqoEFhVK4_OxE7b_oZcY8e4cHrGz85JlkKt3gkBAkzbcjFiZCI91,https://lh3.googleusercontent.com/gps-cs-s/AG0ilSwNGLaxEnEs0v99tsCvLrdchcZ8C_cSgtXF7m7XcdLoFLGRkYBOm50L-M3bIrarOAwHBAWs68A7Whma4vGFkqoEFhVK4_OxE7b_oZcY8e4cHrGz85JlkKt3gkBAkzbcjFiZCI91|https://lh3.googleusercontent.com/gps-cs-s/AG0ilSwwsm775OFl6JeYlM5uj10Jr15GuyX9X6-BepnyMsk4JkXv5XifSbqKJVfcNM0crfjxwfMoKUph7l2f_YkkdINKxoS8jncGHX0T2rnZF0F7ioSd1EIWXY1fLM9X3NRAu1uIhHni|https://lh3.googleusercontent.com/gps-cs-s/AG0ilSwalb5__rABTckutr_9Tctu2VE8Qkytz6nOZelg4d3DpcMyOAvLrsxNHhyZ-DoaMkPYACVsukQgb9GXOlrYCgGR-AjQOyCGoPm_4k0FHFh-KZ1IOgK2rLb6OT8j2DZy6BF49Hl0|https://lh3.googleusercontent.com/gps-cs-s/AG0ilSzCT4ySZePbJcU9Kanz6AluvmvgPMZoIfglUmeFH5qtj1Cn1o8WnVghD0rLAYjZ9xfHbJgZIy-fh00BtLKCDqzp0FX-mme27dJRt-ay2G8ZjYIBQZQh5vUFIbQtipyEbMj-PaMH|https://lh3.googleusercontent.com/gps-cs-s/AG0ilSzBdKhxyvM5oNa29pU1Gj9NavDEr1Wxos6kmrkwKAbI6t1dTv1Yh9GLHpmZfyhXibQs3Fd0YCYK-zrt-jQVORkMt8oOUwpFzBylIS3tYcHXrmYRzcps3x2rckBYe4irD97IiwuLJA|https://lh3.googleusercontent.com/gps-cs-s/AG0ilSxPeggSRA4mlWY6ee-FhTVQ4l9HDCGSQIY51yGSeeuOnCEo6T7WuMFVH0n9FJTAsTofkBbPGzFad-8b-bnnEh-O3faGqUMB70ALJVSIbzlV9U82OgVP837jAyCfyLyeysAb1Iqh|https://lh3.googleusercontent.com/gps-cs-s/AG0ilSyfSJYTx-wsKy8P7lSbsqC83Jhcc7iL_qVUZw36wCkExyhWNm9aTkEX5SLFV4wD9uy1SLngBzWkkAmm37cXlKV0_a_onAoMeZsAfGHB8lMa8MsaWU9UNyz3knn_fvRfJLQ0v4RR|https://lh3.googleusercontent.com/gps-cs-s/AG0ilSwZf8LD6n2o0iRGxbDPAqnkuMmnvr1L-8MW4DwEkp8BP5OYlodaALJUdS7sR9a8XM1-Z_20RO3VW60VvVvR19M8Pz4WeeO7gxNeM7_pnh3FIxkQG8AOKhMuvNP72NBs82DEaYpiPg|https://lh3.googleusercontent.com/gps-cs-s/AG0ilSwJkQHQzC3UgbQPKP_-5iVyQmB15-yvWM-cC_zQ1A89MX14in3UeN3rtexkSHB1JGQB49aWckLsvQRWV9xWM5fifo6z7TekWQDt3ltisPq3WjzpFGyRK2aZuAaCnv3S2-MGzdNz|https://lh3.googleusercontent.com/gps-cs-s/AG0ilSyMgFNjDbhVfJtoS8BaZIvRGOO7mckDKGKdYVk3ORH768zSDZKsXkYk86z0ozL4GBQcy1y4ZZ8wRMTbhmXPKHzS_Cxpup7ase2xqg-OnS2nVVYNJEwJxo9NcslS2tdSfjHWeOzhPw|https://lh3.googleusercontent.com/gps-cs-s/AG0ilSw1NMaaKGtEFyGY55jbNYdPodHo_xFFWqOKQl-OiwMeR232qViQm-rH_WnPGgeuMYUfBQnyR9WrVsm782qjqCyXibIV9xyLFI2ZAhIWpLhhR_fY-Uh4PZ_BlNi953hUOOKT9KA_|https://lh3.googleusercontent.com/gps-cs-s/AG0ilSwxReUZLKcq9iViqmsBWfDqEGlGTCZqEphzLFE_ym7Rvz1VrF5ec9yF3msuTa4bpVAzeiq221RnAT_AVc_7c2ulRcbQrC0IadmgrsoJ9-E41Ls62G6SggbzIyFv-N7jg77WETXN,N/A,skin deep,"7C35+985, Kénitra",N/A,"4,6",05373-27599
N/A,,N/A,Lotus Beauty Center : Coiffure & Esthétique,"Résidence Khadija Oum mominin, 23 Av. Chakib Arsalane, Kénitra 14000",S'identifie comme géré par une femme,N/A,0639-075645
https://lh3.googleusercontent.com/gps-cs-s/AG0ilSxnsKqC480mz00q7Zlu3dCymWd_S5QS3De0ZV4iLpBerXYfY4zp2Db0JAAB5Vr62hZJGP4NxjGJW6pwUH5hgDULnrdxkDvz-y0DHZ45PNMm_9dcZ5N4Shgke_RFk8rD8DsszWfWfA,https://lh3.googleusercontent.com/gps-cs-s/AG0ilSxnsKqC480mz00q7Zlu3dCymWd_S5QS3De0ZV4iLpBerXYfY4zp2Db0JAAB5Vr62hZJGP4NxjGJW6pwUH5hgDULnrdxkDvz-y0DHZ45PNMm_9dcZ5N4Shgke_RFk8rD8DsszWfWfA|https://lh3.googleusercontent.com/gps-cs-s/AG0ilSwUjTwOutpDGemFj7_OHCzyLByIRcwmmn2AKKnh7_Oto21sXYVnwWCTr2Hy8XUKI02UoLazZ8BimUQcnsNILcgT8geB6YkCY4feIJ-lnOVFzNAO3A14x0qfLRw6Hoyt1mEY974|https://lh3.googleusercontent.com/gps-cs-s/AG0ilSzpgV4-o5UEXjHR8Diwzw4K9f59YkXU103p1FnfeszLLXo0aRaeu9GTvgSvv2TaGRDs40w8eJdqvw-YO5F1NMnj47PFRaoMMjsbgpQolpdd5BsFsR8VoNrunXKOW_4dldSstGM|https://lh3.googleusercontent.com/gps-cs-s/AG0ilSwcVX74MI7NVf1_JcigUebyNQmDbL9wullMzLDaobxT6V7FaC3GV3eOuMsU4r6x4Z6Vyd6-72Uk-o9ip8EoJzM4EXqU4ixMMLJZE0wufBAgLNwQXR3XuNoHnkfdxtOCJJoqqNPTiQ|https://lh3.googleusercontent.com/gps-cs-s/AG0ilSw1pLcSjUuYhlZil-Yo5LLgpRf6pl8vXHTdirP499JtRYJWwWH6WFWYSW2cSpfERQO88wgbakodm3FRgKEOH7YZrfvZ5Fc3NEMNpVQTE6HqdTFboCVoUobywOBes-g7ix4OjKSvSg,http://www.instagram.com/hermosaspa.ma,Hermosa Spa Kénitra,"N° 03, Lot Haddada Imm 2143, Kénitra 14000",N/A,"3,9",0615-404869
https://lh3.googleusercontent.com/p/AF1QipOs7d6neUs3J3ionJP3hxyBht0cS73GuSqW9WHs,https://lh3.googleusercontent.com/p/AF1QipOs7d6neUs3J3ionJP3hxyBht0cS73GuSqW9WHs|https://lh3.googleusercontent.com/gps-cs-s/AG0ilSzrd_Ph7nDUUZEDB3e1Ir7SnUApWp4_7FjrAMz9XMBbQquftuD1V3PMsNH39se_YKnbwesFlQ3LiQ0v-UwCRjXR0wJg49585BopWA4UA0eplv-XWWYL6jDnl_xzSce8XVZ8KpkV|https://lh3.googleusercontent.com/gps-cs-s/AG0ilSwXHO_TJcNwnr0OuT1Ja-XA6HPGtpyG6V5Xfc4U7j801LOaAm9z05VJld-lZWHwiXmffrTNhFUob_Je3mRurG5ECgQP5cDfbneXvStErVDEAJCJ40T7fYXiAmpd0W04xGe2QaLFvQ|https://lh3.googleusercontent.com/gps-cs-s/AG0ilSwMocROoNwUpCZbIwthrYUtRYmVX2gsrDmApMkx5W3BZRa_JpYYO_UQK8eX2sLo41uEfjdkhbojsN42A52iTXoQZabzBq_w6MGSAjUhPt8sRv1nUcRa9d88Vk4QPR2QlJVxnb3I|https://lh3.googleusercontent.com/gps-cs-s/AG0ilSzr1tQ9rZ1ElSljksQeb-8MA3ctYHLE3j49n84oB3tkgGNOlLAl0LAEQ_nao-GqVfBViwE_-AnziFJhOxh_gb3589Yg2CUv4A1yepfgVfh4TkPjsfie9ACR4QjLwbDM0s3RRAYW|https://lh3.googleusercontent.com/gps-cs-s/AG0ilSxq6NWna032ntbfXOZEQVB7PqnAS_h8j8RS5pXzoZvsBsxkWuD5NAkYmFSZ9xFpBA4PU02p6ZRVRY5mnV4HVuDBEJchX2F1H8M87GbP-bHz7YhVNmoh0olICsi2WpAZhIUy4nGX|https://lh3.googleusercontent.com/gps-cs-s/AG0ilSyB-06MCuhWnJCMNx-yrAcTUmd_qe1Uhm4je259n3D-5n8W5dQlsOTYqcHd-C3A7CLBWMHwQzjXRvISW42cuzLt8KQygWORrc1OwVpdMJ8KSmcC3NaMLL0BBSKkRGSVQWt0Tm7k6w|https://lh3.googleusercontent.com/p/AF1QipMikB53DHLEBjIk7HcnKTRSnvUsm6fYOa1Lr3Lz,N/A,Manila wellness therapy 100% femme,"résidence ennakhil, 29 angle amira aicha et mde, Av. Mohamed Diouri, Kénitra 14000",N/A,"4,9",0649-338683
https://lh3.googleusercontent.com/p/AF1QipMGOcbGa3DoWPJkrMNp8w5_WRr_2QxvO8yqY9Ta,https://lh3.googleusercontent.com/p/AF1QipMGOcbGa3DoWPJkrMNp8w5_WRr_2QxvO8yqY9Ta|https://lh3.googleusercontent.com/p/AF1QipMgSpS-96FExh8nwdrENqVk4h5Uvm1k7tqCsZiU|https://lh3.googleusercontent.com/p/AF1QipO8c3l7iUdk9-mtMtJ7_PC_PLrGdLiLcyQDoSVk|https://lh3.googleusercontent.com/p/AF1QipM2fKsGt1RwVBNTELzMLtAzoGv-fXYQuA_DXlQP|https://lh3.googleusercontent.com/p/AF1QipMrz5JUQodFk8fiKZWlXgZUhrfMVuz8Gwx-IYw8|https://lh3.googleusercontent.com/p/AF1QipMVfZZ066UG4DCvJd-P6Ih2-9ohzTcdfADTsXeW|https://lh3.googleusercontent.com/p/AF1QipOgyMWw90EEIp4nsrnm2xDMesbeKUKvJ0-xDmri|https://lh3.googleusercontent.com/p/AF1QipPX2fb9isCbCvFlivUD33jFhvLsHtXLx5imyI0q|https://lh3.googleusercontent.com/p/AF1QipOygOCyr4XPUl1E6nrhv2KnKVhezbozFy5cgctE|https://lh3.googleusercontent.com/p/AF1QipM8fAEf1FoVo5cLexeDlCPtXY7KX-u70krmUYRO|https://lh3.googleusercontent.com/p/AF1QipOblRaP33yQ_Oqefabz6iICzjuBlJhYyNgCRQFl|https://lh3.googleusercontent.com/p/AF1QipOmNfNTAjnuNF0jzBHEJKClgn41VuClf9s4Kutb|https://lh3.googleusercontent.com/p/AF1QipNXvUOT5d4sWpjGLK7W7Gp4Mxe8OTPQ0tA0p_jQ|https://lh3.googleusercontent.com/p/AF1QipOA9p_oEJSsgkkLFbvdl8GsHH1Q6y6v7tMgrXtp|https://lh3.googleusercontent.com/p/AF1QipPslQ3-AEbwdVTASlnfq7-nuCeusmznI9NtPYRI,https://instagram.com/signature_by_leila_spa?igshid=YmMyMTA2M2Y=,Signature By leila & Spa,"bureau 4, 7C44+8R5 résidence Palace Mimosa, Av. Mohamed El Qori, Kénitra",N/A,"4,2",05373-71039
https://lh3.googleusercontent.com/gps-cs-s/AG0ilSzljpxl-X9Fu5SW2mcMPm6Cu7Q0KENmvEVmjl5j_brkkUaVyw61zGuoKzbCu_qKNRUdXTPI3BerjcY69Fz6fs2Xn19Dj6lZoMawEd147Q31UujaAKrwUIOO4xlSZh-SrrvVwjH0,https://lh3.googleusercontent.com/gps-cs-s/AG0ilSzljpxl-X9Fu5SW2mcMPm6Cu7Q0KENmvEVmjl5j_brkkUaVyw61zGuoKzbCu_qKNRUdXTPI3BerjcY69Fz6fs2Xn19Dj6lZoMawEd147Q31UujaAKrwUIOO4xlSZh-SrrvVwjH0|https://lh3.googleusercontent.com/gps-cs-s/AG0ilSzLAbyf4gV7d4K54j88d7jYQiseIAMN_pCrTXTKBhb1RL9ribUevbOvyGajCgEkQjk2jVkJ0iusog7Whb0EGa_vM3vLIu6PEHAryMhoqt5ZwFzNq3wr9ASIoqsrTP2AEWfGTVF1|https://lh3.googleusercontent.com/gps-cs-s/AG0ilSxk4PpDO6Sn_zwi0sjheTchVpPHdrdNw8qUpJSDotR9I2ISEFZvq-c9zp7YH65hAbIc6H77exFJSamQHRSIdVTCTH3j8wSlLe6YNuNONg8v48GsM63EDBAUF_KaoTlTJ2pxwuCTRw|https://lh3.googleusercontent.com/gps-cs-s/AG0ilSw0cpcTg6DEEVxT4IB_EcJsD9sr_8V17Yr8qO-A_PLAvqZ1_OM2ep3sKB-pPKN9exERzxml4o_nkkZMCSK_EjnuCg-5kZFflJaiMk89cvWvPSORt3YIadZiuQaFpphIRhMEhFu69w|https://lh3.googleusercontent.com/gps-cs-s/AG0ilSxu457vEDjAEOrwmvdoidyp6CjzTHgs-B-CBD6xZm0mm5B0AGD5WnqCI-aMmFxMwZZm89Eed9_-rwLl6NAqVDUegANLixd_Aiu7KidUucj64yEYAPbZm9qUzLXY3ponQLEDBhEo|https://lh3.googleusercontent.com/gps-cs-s/AG0ilSz446us-QCwwa8Aw-O4_nOuo80v3XwiohBbBu66aIxOrB59v7i3a3h3C_hZjyXRl3RtGAs1wGiTOSvo_nLkrec-N78nHL_BvG6D8aYrVrx8g1mshTTSPVfv1AmtOsmXiCjZuJPoVQ|https://lh3.googleusercontent.com/gps-cs-s/AG0ilSy8a1UuhiqlJm3U2CtDio8pJkJGBH1g8Bjg4JOvnYQ-rn9H5B_dRwQ6x4C7pGTwV7CpF6Z183B-6oyVQGdN1pVOfF0TNhtb4wa4Ckmb7LfGSIJdUeNlVWOPn20FMnsu3_TRKMWh|https://lh3.googleusercontent.com/gps-cs-s/AG0ilSy3Lm5yfGGGG-Nqx4c77AElHnZNQ9-gEZI-yalrqq4NNqIO63UrMSMZGWzMQ54cV_oq9ObIBCSx080_gfdVJiEHawVmOHbfFoYDF6h8_qMwWU0J3YPzWK2ca4RlPqZf_fxz8chz,https://www.instagram.com/spa.safaa/,Spa Safaa,"797F+Q8H, Kénitra",N/A,"4,1",05373-50885
https://lh3.googleusercontent.com/p/AF1QipNxrnOQO860OnHlpwhym-Hzh-zOYvG7V7TUfIoI,https://lh3.googleusercontent.com/p/AF1QipNxrnOQO860OnHlpwhym-Hzh-zOYvG7V7TUfIoI|https://lh3.googleusercontent.com/gps-cs-s/AG0ilSxqapwcluMJxh38Nwf1MUfyQ2A_N_drO02yAiXvpiSEUuUymblkZaLWgEkUHUkN_dBPlBOQ-EDpVDj3JnW7KCh5J-xKovL2YxbCNQwwl8UjX5bxTuZzdllUeRZZSSUarPga6nU|https://lh3.googleusercontent.com/gps-cs-s/AG0ilSzpnj_E7zs1JBBEjfGnnSiRgHZmKIDE3Eb30lUPPLstmCsbLG47h0I5P6ztti17-fAAwCPTFXx1N8brkJJc1qYHXyHtsxc38RbJdtw3vrucbtGNiGVoMm9ecNvxOsVgXxeEmdl2Eg|https://lh3.googleusercontent.com/gps-cs-s/AG0ilSzj6pHxg0K2TiGbpcsVNt6suncFYuNarzn0APTI1sdY6J-QSNxDsM1ICS1XW46wgsQFJLv7jc3ompncZg1dJveL_S948AlBQSOSFLYv9BlzQ3sZMJzNYMlDegfjwW7woUSRSLfK|https://lh3.googleusercontent.com/gps-cs-s/AG0ilSwsabUV3kQbQGfkNB13NpQfmwTYkajRpdCXMsMAUNfi3Yn_8hHQDVJtrKHAnaHeNykNtdNuZInosxN3_SZ3V0qYrv1VZnzINjB_asMDT4bNmGxS7vzaBppWNYToUgZoDZe4BjT9ng|https://lh3.googleusercontent.com/gps-cs-s/AG0ilSzjvktPC5DegtqoQPlVURwee2IUrDuMz9UnqMBTkLe38_-ZtJh5AarKTgmwe07EVxBDN28ZXA_PliifkeNd_KgemCnoIvIaCGMTa4-dQ6sXGxOvDkJ55pNtJctl7uFxcL6Ckj49|https://lh3.googleusercontent.com/gps-cs-s/AG0ilSwopudCiX9XnNH-yV9JSZ9I2Y1et7oR5U7Lmp5EkfPQqCse39-J1GHZbuuBV-kOvQG4Keu45W7uchb6-xc63YIGNr2ry31WTGMzLFQ3uSAMeiUhP4FQmbvOjHQY3Ar14rLVm3pp|https://lh3.googleusercontent.com/gps-cs-s/AG0ilSxUEJ0DHxERojna3kbYmiDgVd0tkr04dvx-8mkBQibahSikz8_AQL8obdxEA61gBpvlIpFk8GhYPccUxjxD-XOyYaqwc8rOmprlbGvVDn-iY_EBxjeiuJ2W6mFO8D5t5W-u89_o|https://lh3.googleusercontent.com/p/AF1QipP24hWRQDi68WCq6MXKzchVL536F_gXCaT_m2dQ|https://lh3.googleusercontent.com/p/AF1QipPSSh67fwil8KZEElhHl4Qszoc6EX4JdHUrm1nl|https://lh3.googleusercontent.com/p/AF1QipNq_fHvkf33PnjC4jllg6dEnu9G1qyIZd2FcQa4|https://lh3.googleusercontent.com/p/AF1QipPlqe6EFoAcjHodKbQnTkA4sCnpgG7K8qK5iKxx|https://lh3.googleusercontent.com/p/AF1QipMJMs_Gd5ZscMr8b-B8EzDfkcRmJT_UkvYr3Mlw|https://lh3.googleusercontent.com/p/AF1QipPBs1dEsn4sdYnChr-YOf90qLtXSVmcX0MCMAy1|https://lh3.googleusercontent.com/gps-cs-s/AG0ilSzKCt3TxS7j3nx733vx-V-wldz7oRklHi2n4x4hjF3pMBnWtjN-Nt_Oh3nzRJJXUcG6d1NBuwi4s2Zqsr2KMMKQs9Z74NTbmVDl69y3Fm1zB06KXgF2ujKtqR_bGxhDvdNiUdU|https://lh3.googleusercontent.com/gps-cs-s/AG0ilSzphFOCzWqxvx6t9uiEEJYxUOCbCWWAb3jgZ_Of3RQ7WEpZjjCGN624k9SR1Vj6cu-Sowi5zA_12ThpOHrNK1qT9-_O3D-0iidOtzO_nkqUNtgBvZf7H3MAT3x0rsEvqBENK-Xz|https://lh3.googleusercontent.com/p/AF1QipPqH9MvybLIqYtw4T9EDBP_fQ6zlnU5k8U0-b4a|https://lh3.googleusercontent.com/p/AF1QipMAzON4-XNS39HyCccLDoiK51lbWKyVhVwSoJlJ,https://www.bttmassage.com/,Thai Hammam Kenitra,"Résidence maria, B1 Rue de Damas, Kénitra",N/A,"3,8",0672-826365
N/A,,N/A,Spa Maison Glory by mb,"rdc 13, residence loubna, magasin et, bureau sis Ave des FAR, Kénitra 14050",N/A,"4,4",0530-770918
https://lh3.googleusercontent.com/gps-cs-s/AG0ilSzedzB4TaRGUvhAxd41blulVN_FWroscdPq8KUxBFzP5tHs8MC9dmmJDN2oqN4M84aDOjAnZXnr_w1mA-U2L_r1gTnYea0eCjq-Qu3VAo3ffCzqAxstLASS9SvVyVtlPde-hd8Z,https://lh3.googleusercontent.com/gps-cs-s/AG0ilSzedzB4TaRGUvhAxd41blulVN_FWroscdPq8KUxBFzP5tHs8MC9dmmJDN2oqN4M84aDOjAnZXnr_w1mA-U2L_r1gTnYea0eCjq-Qu3VAo3ffCzqAxstLASS9SvVyVtlPde-hd8Z|https://lh3.googleusercontent.com/gps-cs-s/AG0ilSxtAtSRzlbNPuzCxwWfaU-jYE260Ek_LmctSJc1iunRft0sH48KitC9TZYn2qu5Rhf7hWYxsRk46waOOQY41a2eOguC0p2RmgZQhOg0PyXlpKZxBCZdgd82GOIf2NKk2HGiBdmA|https://lh3.googleusercontent.com/gps-cs-s/AG0ilSzFd5QvEF9HIFFg5wZ5--p7CShWxJd-flHAgrRpA0UIl9lwkTrl3-uf7DtR67wtxc6K3DLuneL6TJgMw7qUzbdkFo35RqTT3hh1Q9VSyY3f0fzB7JDIHiUHmGAyyi73TOx7gbJN0A|https://lh3.googleusercontent.com/gps-cs-s/AG0ilSyarBKW9C63ex9ed2fQurAJipEgxhM7cXiHFBC9S1ii1OmWHCpPLSq2GBXSYNueEhBkNR6bBzZdG01a6fb9TFvtjwvvIgaIKrcVYiZO2MTHk8yUw1Ve-0zy1Jpuje8XVZ0h_ME|https://lh3.googleusercontent.com/gps-cs-s/AG0ilSznYIJqNd14hPFS5GLUcA5TXTCZRcf1GbnCFTSWiAg7voDcDIJogm4yoLfBCQO-UlgXh6xLjt8yuwJ7ez4D_q8W3bgs9IlSL6wSYUcjuuceipPv5ztcCCqN2Zl-e4Jerk2C89A|https://lh3.googleusercontent.com/gps-cs-s/AG0ilSyVmTJZLIBcGvOJY1wnk2I3PuUfelcrThw_Xfbm_2cCJcD4t7nb6iCAGz2fa74_KEnP2XoUVVZ8t33R0FWCnPR5qwAzr-BGtejSDSwbmvwyLomG8yDRU8JQA7uiArMhsG8OemAP|https://lh3.googleusercontent.com/gps-cs-s/AG0ilSy6A3CmezTpmir8Eo9zIQARnNwXCYF8tTQ-EUX1-zBdzLO3GPq-80uTLQfjgaZ17zA-BIkeMSizGlYul7w9PeXxo1KGRrBnzNkEfiMFC3-6Qmv3RYt6eEjcaCZMHyFMdzooTkTX6A|https://lh3.googleusercontent.com/gps-cs-s/AG0ilSwaencYgUB4TM5G5wce-d7dmmFnViTj7vggngx22mF7TFiU2Li_ikUjdwFPYFmsPsEYXFqkCypJ89EmwWcrsle6HYqdbk4rFjqwIBrm-lUykpAQAV_Lqlpta4UWuMjpWu_8fWg,N/A,Vapeur d’Orient - Spa Wellness -,"7C74+4FF, Kénitra",N/A,"4,1",0530-117692
https://lh3.googleusercontent.com/p/AF1QipO5iIHOae8iS15fMNSErsQV8lbkHu3eJ8TEH-Qd,https://lh3.googleusercontent.com/p/AF1QipO5iIHOae8iS15fMNSErsQV8lbkHu3eJ8TEH-Qd|https://lh3.googleusercontent.com/p/AF1QipPOJyh9L8YlVsDGnrqET6iiSm3M_hCnCNIAWRzZ|https://lh3.googleusercontent.com/gps-cs-s/AG0ilSwHyqApYecjXidn4Yq-RoJnmoFQmCh_E4n2zqITeCMK_YHQW0AE3M65L8cTtBp40wGZT1AZ04keb6Rp3b1x716RLECECdH1j1ot7MqG2LCDR29cY4dpTdY6Qn58LcnpmskvNx-AVw|https://lh3.googleusercontent.com/gps-cs-s/AG0ilSzGbkhX-Jc6XLvzBCnkt5Rc_kIspLdy1UYLVsiSNDyV_ndb-mgJWklRm5bZmuvasQ3dcTlQDi9q0zRBy4Iy_YeV07UBP1hEHZwJ5HyxjYPiUi7G4aQBIQAmq37D32EEPIkLVLvT,https://laperla.site/,La Perla House - Beauty & Spa 💯Femmes 💅,"N°2, Résidence Acacia Magasin, Rue Challa, Kénitra 14000",N/A,"4,3",0656-314943
https://lh3.googleusercontent.com/p/AF1QipPtZxShD2KsiZPir2G0nCG-k8UdGyPFx4TSY_1G,https://lh3.googleusercontent.com/p/AF1QipPtZxShD2KsiZPir2G0nCG-k8UdGyPFx4TSY_1G|https://lh3.googleusercontent.com/gps-cs-s/AG0ilSzdniJ8ur8c2gbB_5BWEZobeEbQO7o0r6_RC76RpUaB5x33aIg6cH7Z1xHWXx63VCiUh23dhm4FkF4t_OGN9IwCihPgFnNokpmFWvbnpN3yOGE33WxESFLl_Z6bs0DuNrtprqqB|https://lh3.googleusercontent.com/p/AF1QipPiVNtLWnBppg3V-_8sQBBMg19FpsWLz26-J6xL|https://lh3.googleusercontent.com/p/AF1QipNMgAfPPO4iDvFqXdoSuzFedkfksFt_JWCThE0g|https://lh3.googleusercontent.com/p/AF1QipNupVCIsRpZfHSO8qZ8B6Z1HEgKYl_2IYJLzNYy|https://lh3.googleusercontent.com/gps-cs-s/AG0ilSwwrIe9FmUrg1b89ZJ2qFPbMEQCLGbhZKV-Agslk9-oRyf1IpTotgy2JXwOof-yyw24enIjWGdDqZSmf4fUii_uRdk0lw1kHCYhFg7IUP6luDKjGVP0oH-zVP4h-5bCIQBWM74|https://lh3.googleusercontent.com/gps-cs-s/AG0ilSwSjY_Mg2lAI1nZc0bmZ20U9ICOT1o2_Hc620U2wmyPRTDu2GZDOcYkfQiq-YKzW5FUdWnd-UT8aUQsRIeV6waKoc41Rutb0fYkTEeWEDD2qFPxwKgdte5mMeWUKWXyNoi8DkMiJg|https://lh3.googleusercontent.com/gps-cs-s/AG0ilSxyNNYigLD6YHl1kFTK3gkfjzc1-MK_cbXTH5K-oCwC-xBPxi2hIxqgbzOmVYfC4feUTw7NJ9_Q5k-0A5E75AQOShd6Ha882YVuNkMPwWTmCPYrl6-Ke89rwST5NcAcUb9iThg9|https://lh3.googleusercontent.com/gps-cs-s/AG0ilSw5H-VnOOcGOXrsKVSpgDOsqGDrE1DZ5t9e3W6dVlfxV51Xgykho-Gh2vs8k7u6MgewXJAVednsVjpy4PtBsJBVW6bAx2Z8-DrTpe0jdGKB8M4BpkhlocWCC9ccNZcQdwo5e7RI|https://lh3.googleusercontent.com/gps-cs-s/AG0ilSxpN90fbd5vekurCR572sjsQTaedcBKYmrke9stt5_vcX8HO6tqV38w0sIR7pDS_ihox_a1YYOnW2S2a2t3n-7nFzyZ_OgHXljhEEBnLoMUZxXd5_0Eo90U7d3heH7wWge4TVLM|https://lh3.googleusercontent.com/p/AF1QipOmaixK5wF4TLDAK324Sqd2Rqy9i04_OoTJiR6R|https://lh3.googleusercontent.com/p/AF1QipONJQQNJxujR-7vdUMtq1c3UrM--w-qSvaD6QKH|https://lh3.googleusercontent.com/p/AF1QipNHnFf7gvQyea72mE_XG2DO6UmpjIGaUc_jb4Oj|https://lh3.googleusercontent.com/gps-cs-s/AG0ilSzJB9BjKAO18ea8rAXlR19KZn0gcmv55i8GkO11k9ulD3UsZGU9XiXAnaSWYphYKv2y_QQHszDMyI722zsVG57VY_zOSsITYNwHe9GX-UsssfB2r1y4r1IRNQMcizNu-HciSik8Jw|https://lh3.googleusercontent.com/gps-cs-s/AG0ilSwD35kUY2usWrHNaoZKkDoRGVTASbwBkOn2G-r2tTU0aVRBFYc0fM0h5ppryLKHIITnL_mSeQcImY32Xo9mwXzdtfs-fqkdsgmNHeeu2qcYnkPki5J4SlryK9JlmOQ79QsvcP2O|https://lh3.googleusercontent.com/gps-cs-s/AG0ilSyLY0R4Er39Ivf5BDQ13Lp_CIaweO90cPdQBm3jM2Hx8r2scKUVw9wVSvl0R8betrJjoFu9Gq--DiLpK-0yYu4JsmAi2AfXcMhY0k254TxSRIzFz0qeT-INCQEKY1QV_jEuZhA|https://lh3.googleusercontent.com/gps-cs-s/AG0ilSxf9xws2HBMfXsUaou3m2KKsmybfaNcxn0sQTYRZL4P_PiX7KblTulYyMheB1RsntPWDrpUTXs6upZMcuH6pPXFMzGcp1yoBKRIPlpv08WTe6lD4J9JmnHunZqH-BCS_QQsNXdImg|https://lh3.googleusercontent.com/gps-cs-s/AG0ilSzB6Gpmu7kjrRcrTdWrF8287vAZrgRf8i7AQCdJBXZej2t00Mtl6eHSjX69fmXHcbsx6BnJrO8k01LwW-e9tMlMjI2PELh5tUESR1Sw6k9dsq1RPEM9r9j2NrcFXehOwjtJ9SJl|https://lh3.googleusercontent.com/gps-cs-s/AG0ilSwNFk_OgcuschIwOjAKJyLdop63a6w7GeNtHpXMAEQjJ7qpBZqkPPw7Ixxx1LVankgvlOMMXO1I2NcYoClcsVETsNZmRjsJ7re0AcGja5v0310JB6peEw8hjRdj9wvqWdoM0ZU|https://lh3.googleusercontent.com/p/AF1QipOdteJJl6d_vMMl2gXUOWtLuElRw8S8asrEk2X0,N/A,CENTRE AL HIKMA,"311 lotissement maghrib arabi d quartier maghrib arabi n 1 KENITRA, Kénitra",N/A,"3,3",05373-58589
https://lh3.googleusercontent.com/p/AF1QipPwVBTlRpiu19hM6S2Q397nm5jCnSQfsKDFN1lU,https://lh3.googleusercontent.com/p/AF1QipPwVBTlRpiu19hM6S2Q397nm5jCnSQfsKDFN1lU|https://lh3.googleusercontent.com/gps-cs-s/AG0ilSzc8oL5mF-5EfogvA_awAyeEU6Z1JT24QHLbqe6jyOb3uls1CfjnYvSlgYLDOON5hjd3kRhDU3fMN5_PIK3U8Od2BxtV337LJUEqZvJmGmu1ZqSvdVKkFDqwgqWkomuagxeeyM|https://lh3.googleusercontent.com/gps-cs-s/AG0ilSx3aQEQInHxw7V6UKcLv1yJZ9LMgYVUythGhxi1yj7L_j134Ip5Y9Pb6Twfg5eUu27pIff6hJ-HP6sZyZRoADigQdNHrlrqGNFVB_ggzRCA0kIRYlgpYQPnFwyeHhlzNBlGZcIvtQ|https://lh3.googleusercontent.com/p/AF1QipO9qRsHyyGtHjJpwWo6gdR2uQYdF_zPXi14YyHK|https://lh3.googleusercontent.com/p/AF1QipP5S-0UD8FQHfQ2B8zW4IrfETjIOQ4cyeE5oiFJ|https://lh3.googleusercontent.com/gps-cs-s/AG0ilSwF_rgNgCOtApp8dJkD4vmqldv_TFklbdWznfL5OOeoHlFeB9ISUQU26m282xrwZK6H_3-f4OVN3SAXRovc7t7Qp57B0I7HNlmNDAkyVImWyq_9xmC40gyzc_rWWRAyhpcexQbrnA|https://lh3.googleusercontent.com/gps-cs-s/AG0ilSwTGPjPqekAdnqvICDenV1FNzVXb_V8LHaSjb7GmuwxzVVq85P64YQMAp3Ad2Ex84zRYT60O7BkEpwjggoNt7PKJZuNg2yuhhn71hyz2dcTL_LJXt3VfVlIgFMX3QQ1G-fjQ_Ei|https://lh3.googleusercontent.com/gps-cs-s/AG0ilSzkCqlx4OUR9htI5yErHjB3WR84Gr8nkMSwBzpPSyhY9uvedI7gVuUZkFCTJju3X6ab5R6sA0ORsULnbjhohHOuqfvyg-jRuDCuZNeVuVzKMSUNUwYpMRFgrCCCRX0iEMRRRM3Vrw|https://lh3.googleusercontent.com/gps-cs-s/AG0ilSwbpoNQSCfEvUHuwGR6T2W4hoBg9BhMfePJsPdvZg4iF9YJlQmx-sc9Fkcm7Bn5HS7zYtB9VsbF7L0g9zBVmzwa9I31MI7QiBjfg8mPnERqcMfUespvEGdUCjatYFrRWePUuyY|https://lh3.googleusercontent.com/gps-cs-s/AG0ilSxL0hMO72qUGMQt6PYXn3lH4aQ-_yz7pOStOyD7fABlD6pTS7OsDyUMsgFsuVc4sMeqfBoXoZ8xHleKJKnDtl4fb6Bkar8jUNX_u21UJfT4xIVbxh9omeQ0ZMs1D5a4LyAKMtU|https://lh3.googleusercontent.com/p/AF1QipM3_uOH6--VtRiomcHBmTGJVJ-kIagtPP8_-qrY|https://lh3.googleusercontent.com/p/AF1QipNPyGi4tn9K1m6nMQAbiNUKQOrLffE4qxt-BBqT,https://www.facebook.com/Hamman-Al-Andalous-1902354326444341/?ref=settings,Hammam Al Andalous,N/A,N/A,"4,0",0661-489311
https://lh3.googleusercontent.com/gps-cs-s/AG0ilSwhrD0osGpZZzL4JyoUe8vBEq7A2uY5bcqsJydhZ79NOAOAHHx-hFfc0_5hWmDuB6lJvINGKHjpXUxkti4yj2kb07MlCBa3_cNwmRW1SyFkYH-rY_Qcz7wJTi3Ay1ZtNiI4ZS8v4A,https://lh3.googleusercontent.com/gps-cs-s/AG0ilSwhrD0osGpZZzL4JyoUe8vBEq7A2uY5bcqsJydhZ79NOAOAHHx-hFfc0_5hWmDuB6lJvINGKHjpXUxkti4yj2kb07MlCBa3_cNwmRW1SyFkYH-rY_Qcz7wJTi3Ay1ZtNiI4ZS8v4A|https://lh3.googleusercontent.com/gps-cs-s/AG0ilSwXoGm4nYy1Ur2UjSBQ2RWuqfiMNcfEO5BJaCL4W_2eQyBBlMwUdDHK_pqVjStjUnRTLt2wu8PbGhesJguF1TDl1dWhQfM2F0_WYf_An9yG-hmwP49Ru4fC2vcanFJ3I8LeaiKG|https://lh3.googleusercontent.com/gps-cs-s/AG0ilSzVcq5IwyJvyfGbNfWURgTkJRSiOZAlDBvkq2UYPA9RSa6hIRB4LLCQD8vQGNYJ3YZGbA0BpaHBvveon_1zBPSnItnXm5C5614w-OT2iNMK6VRm-RwXc5Z6VahIY1EWCxretdg2|https://lh3.googleusercontent.com/gps-cs-s/AG0ilSwiSktdZ7SZ_ZMCeZsywVYHeNSRvgAv_BKI9WW5pU8loEyDRU8CM6P9SmBB1JRhEdQ2mDuJOxQOyZyFPXkm_DKd_dPfmlisRcqVBnKMr9DZe4oT4JMms2M3AsTu-yOuh4OuFjPw|https://lh3.googleusercontent.com/gps-cs-s/AG0ilSyLqv-i_kS4o-gzSICOaOWWoEa319FvxJOyJuTPiRBVqtMZtGclU84O26jFmJwqrpRCOFO2hP9iLcqfGQRFdgt7uxzdkHR1FDfbld1UTzKQWoVtp3GwzHdv7nmK8ECS9fjxsfkq|https://lh3.googleusercontent.com/gps-cs-s/AG0ilSwtO0k3BSE7GBml7Bkyil8OeGaCEFgUyUFF5QrTb-kvCNprxI29IJXwGgFxsXiKEGn4m6gLgAj--g5nsS8zSpDjznTEpiTrf3vgTcrzmNAvM2s-ENqsobbH2w7Qz-AIdv6Gy8c|https://lh3.googleusercontent.com/gps-cs-s/AG0ilSxL4WA9VsQrLJmQoZyooGSYWcmhxiJAQwuSYY8OeH5yRu0YBijbc3o-_eOBqBHCz2_nLwNO85JGLBXEPGxkfgVIVEp4lOvblwLkqjsaFuCUULth5yySxpaNh6ID2SasSByHNaG5sg|https://lh3.googleusercontent.com/gps-cs-s/AG0ilSzNp-69M9Zyx0muB3CsZPLjI-29DAmqH9QXOMrdp3njVye8U0DY0bv3xgHVgBX_jSQmQPMyAf4uGBuc4pFZjqtWnqKCp1e4_ehz3aQL9WapU9jOZXFAhsKJ5rFKTD4cjjAuxylwkR6MLhmU|https://lh3.googleusercontent.com/gps-cs-s/AG0ilSzeGb3K3Ol47evDQ1IDp5lhtjIDxQlSVIA0s8ibxBOCP__QecfZp3_lus2dCQqsI1E9ZXHWDlKYQ2AUp_HHSm2JAWNl27If00rt6jgjS8679eOUmXfhj4c6-5l6gCGexxHB7Lvqvw|https://lh3.googleusercontent.com/gps-cs-s/AG0ilSxwg1DM0CwuJEeBD_AK_i0-SiZQMFnr_2ZNn6cKTXkGPkWSqQGlvKLWvw01RZZkm5UFdZLwqeedih7IFUJie-DCiWwvxNboIvrR1BYciM80bma6Eg2JY8iQKQx_myoH-Dr16bQ,N/A,Qoya Spa,"7C64+WP2, Unnamed Road, Kénitra",N/A,"4,6",0644-800385
https://lh3.googleusercontent.com/p/AF1QipNLKL2PWWEsITIl62sPW8msCWK1_7b1eqB4EDgm,https://lh3.googleusercontent.com/p/AF1QipNLKL2PWWEsITIl62sPW8msCWK1_7b1eqB4EDgm|https://lh3.googleusercontent.com/p/AF1QipOt_FPv73xoc8Br8MKQ5IWPFxzUd85EFYDE5RID|https://lh3.googleusercontent.com/p/AF1QipMcC5Zuc_5Ho525AEL59dlxCZ5f-7U4mBxDv2nY|https://lh3.googleusercontent.com/p/AF1QipMv995L9Y8UrD8smt-qLgyVC33wOqKjHJ3SH3h8|https://lh3.googleusercontent.com/p/AF1QipN8LegXknJ_6qZMObvGoVTHMBa-A1pvt6DdBFw7|https://lh3.googleusercontent.com/p/AF1QipM81g0_fmxJTC-zZre25sU-A1AXI82-v_SekKlw|https://lh3.googleusercontent.com/p/AF1QipNGtgXIshieN25iK8JZ23ikw87ZMYRd4jLJ8IIe|https://lh3.googleusercontent.com/p/AF1QipMqIgQATYBLw1vzsqDd7COoIKJ-TVbOl8fTJL-p|https://lh3.googleusercontent.com/p/AF1QipNJPo54FvnAmBazwt4fqp15YUCGc6rA8l6YFh-E|https://lh3.googleusercontent.com/p/AF1QipOBnoakZo8f19LZaINeSsp7JLVglyiBbA4mlAmr,https://www.instagram.com/coin_zen_et_belle_spa?igsh=NjBoN2c1ajJxZDJj,COIN ZEN ET BELLE SPA (100% femmes),"7C76+733, Kénitra",N/A,"4,6",0618-185919
https://lh3.googleusercontent.com/gps-cs-s/AG0ilSzH_E0C6n4K-F2_f3b4Wob4pr3RSUqmGakBpNoEnmxNdFdTGnuIaaKqQq0XFqUQb8VT01pfmB3O3GqM0UERwl479-z4BhI-WVPNcqAuCY6jlr_aRTImhpvmQbqPHaXVBQRcO0yGGaWYpPDr,https://lh3.googleusercontent.com/gps-cs-s/AG0ilSzH_E0C6n4K-F2_f3b4Wob4pr3RSUqmGakBpNoEnmxNdFdTGnuIaaKqQq0XFqUQb8VT01pfmB3O3GqM0UERwl479-z4BhI-WVPNcqAuCY6jlr_aRTImhpvmQbqPHaXVBQRcO0yGGaWYpPDr|https://lh3.googleusercontent.com/gps-cs-s/AG0ilSyIuVv_m7bO8p99F6kGdPdJmP09EiutWyD8FGsQfskQyHbFXCrQSrM6roCjoqnrQJddQ47efXho0OK8L_lKhAVpQ22FT7x1TExdvbnNqT6dVvKmsfy8qrg_ZzOaWid_v9RLZQuN|https://lh3.googleusercontent.com/gps-cs-s/AG0ilSy54Q_TQNSk0VC3s2TFn8IxGKrcn0tvJvSwswbs_HAUm35nWEdNpN4OYQkFGogLrA3XwIpN6XQV4ZOS5ypanLB0NlylrJWLcg5tzeEwnxdOSsL-0EMA_v6arjpAOUGFHa5yJ7I8p1UroS2b|https://lh3.googleusercontent.com/gps-proxy/ALd4DhHS7m_ffa18DPW_i94WYFX6bskDQaYbD9dDzWCFeVYFAiUFxsuLyaYryCdz638k0UcUpfSzr_m1E1y3EDXkPlMSea4QFLJ30DAUrXW5hMb7Q9UBac1fL2n2czYxUAqI6qRtnodvPozCFLw6WYErfQesuIrc0hNK6kRt7VZkaQ0sb2REa5dAnrYW|https://lh3.googleusercontent.com/gps-proxy/ALd4DhF0ITTixjHkTXgXZC0BIcs7P-os-p9QCATeqzX2kfsvc21HaaPIfPzRjFHDladvg6eRTUWBPjIEKEZfubSvwuknQNmzFUgeSsdY9TgVU_nvuMM7FWTqFCLn5I18TiL6fDiB9a3HwR8DPxhX8XJXpLAqxVudMtfR523oL0BrNRlQoS0gCLi1SHm7|https://lh3.googleusercontent.com/p/AF1QipOLKJaFFytV72OCau63PEA8qZKlYiMzQXkbbbwf|https://lh3.googleusercontent.com/gps-cs-s/AG0ilSw-YtnViDg74hTRmrxpZ9k6ls5oM1HJ524W2Zkys7asAW9kNb8QEMfDDsV7AWpi3thollDyNZg2ByFeLYiN64SLHQ9zgEhtBWKwL-Pe_4aukoOPOGWUDSyxq_PbomZwKLkt81jk8Q|https://lh3.googleusercontent.com/gps-cs-s/AG0ilSyDsqVffj0US5QZaaUB38nSpvs4o8tkTZDj3U8SdZpqMv-4tLoAZQumztw8DTMj6Aq4TVSrNkZeWNKs4MuUoNf0b_nlYRL0IvLiGfYu0-6a0tcIr4fLRCEr5GcVCJb4XGqTHNs5|https://lh3.googleusercontent.com/gps-cs-s/AG0ilSy1tnMW_6VGpH_t-5778QK5SeazIts7RUeDi8SG88TDH0xBjK3rl-Hob54B1H8WQK1xn2CcgWrhYrztOhwp1Hsb6KrnJ1LX_7Z8rFtwZUklVeJwFKkflcRbbr24QRGxwaNOQlZK|https://lh3.googleusercontent.com/gps-cs-s/AG0ilSw9NUpEOp2UNrCCX629mrMqdAusd36p4_F6HVQ0OS2H308ioZXChjwB-dTiSl23ZPTyxXHv2OIgcH4iLo7rXDYjjBD0uUyKUh310TeLMtupk-rwv709KD51mVbDh3gIN9tvqVJCdg|https://lh3.googleusercontent.com/gps-proxy/ALd4DhFaW1brO3ZVSd1wvGb79Lnsd1wbPKnKE8Bx1T4gikcRTObkH9gu-ibo0yxGyT1sMAC-ojQGDaqZjd703d2WVeHvRSd2DRU9jWAj2oi8l_AuhdTkm74g3VJMEdUWtkNOaIET46gXSCPWl0mOQw_kp1hxxdAjDsKHtyi_WMqzgiDUONMUfACZDwwn|https://lh3.googleusercontent.com/gps-cs-s/AG0ilSz65Ol7O2t47xZHXao9OxO_qcrtl5pmFKgr_5oIgFOEUjjaXpYA0Z7QBiNsxVIFe4G5mrt_8ClENA4Y0UfgNk9h-huWbfRTGUEJAmQywWcEdypHgBZ6u0jfnFE6a6d4fsurPcXxnA|https://lh3.googleusercontent.com/gps-proxy/ALd4DhGAhC1eF8zSDjTEztsxEVHAaGiQZR3KTXP2YYXSYavZlTlGm-mOXvfPAMT_liE_bmc0_LUZWfIhh99zKzcgNpmK9gwZrJYyyW1VFiAoIAIiXuA09lwoujie8IsNFj9KWMBCkcQRUbHlaUBdGes_fMLqMJwNYeBiXnvXC4Be4WIDLkJzhXp7qmS3|https://lh3.googleusercontent.com/gps-proxy/ALd4DhHB7CH-tYjPiLZ0UN9gLgUq99IsVKCRUvnbWQGWBMQznVDnEeHOAOrh6tSDk0sQKraRF1GIMSEZObvwYzyzh6Xf1bbjtxd0QfSU4Oji1YVdAZtmqRsTNEA9Y3M2JVHF6OBDkQDq2Rxc1_CfnaqqHv1VWfNLZHQaAdfJiMa8ew_A_1x_YuuFqWA01w|https://lh3.googleusercontent.com/gps-proxy/ALd4DhHIOwVgvtkrc0tKDcALp9Z9YB5CLtyBdfgIY43n_b48P5mBiiT-61LzxFzst5S2spEksa8KkNa_bNfEPyEFWzZeL6w9LdzDuEzS7AGS5YeNk8hTUYYR5U7eRH3Z8YfkAA_wfhWREmGzL03Vo7JSvRPTFJzQqj7XTcUzGmzc1-cXL46y62CHsQyV8Q|https://lh3.googleusercontent.com/gps-proxy/ALd4DhEM2G0a2uVK-LCrCZ3Ws_IPbPQ2sCOH9TakK-9_fIy0k3N6bjtUeTqJq28iVnZO0XeBHa1SK7SYLhCKZOrw6G31H_497FwMHzDGJilDKOSzThpfYktzuDP6QLeXgTdmYe1R_LsxHpPmJY0V5u2IluqR1PR-qTxji_obucBpfFOxSVxkf4_Vh8k|https://lh3.googleusercontent.com/p/AF1QipNTHe3DjvfQs14nXUBg-AGxyWJFnUONKFjB3pwh|https://lh3.googleusercontent.com/gps-proxy/ALd4DhF68VUUY6gjC_xRTUoiR4if4YzBK2DHbFE0ZDYKhVT7gq1A1KoAGtSyD3TRck-BrBDRzAnNy3Js7PTHlTdxe6wla_xdA7ogPwODR1_YUubUi6RVtbgcTjI2baCa0wWWXZtxXH7u7I1gNDM8saSOoQGH87ZAhHB9uhnE4XbrF_wo8YGcNLM0JGV5uw|https://lh3.googleusercontent.com/gps-proxy/ALd4DhGU_b6GxH8DTMg2YVQCHJborXfPsPDadvXkSWqMVJRpYHuQD20Y5Akt-fzFKYpvlpy4S6b1MhhBrQdfvgpLFEtCmMfgtK8KFeKIOm-up2hMrUCMu-kp47UoH6vqCzHICqfP6qrkd1J8-1Qkd-NUlz_ZbxbBeD2_0km05068d2eqY6VqCOwfdiaN|https://lh3.googleusercontent.com/gps-cs-s/AG0ilSw6uezyFvpu2JRlbEsHygOIYAnPLmfO4u-e51nbfhhD8x6FEH8CwFZxny8vRxLGodlZCkDMcjJpo4jqsvFb8R71MghY7CnArEuOA0qyX4bEwWtbVWDyZogr8FzspfwveUjj0O_z,https://urbanhotel.ma/,Urban Hôtel & Spa,"Av. Al Qadissia, Kénitra 14000","Heure d'arrivée : 15:00
Heure de départ : 12:00","4,3",05373-07540
https://lh3.googleusercontent.com/gps-cs-s/AG0ilSyUVlSKGjDz2CEvcOaerA3y0Yl7Gv6HJqERzi_zeOfWOTIL8h9HEpRkZKh10kAT_MKKlMzPq2P8SMKl57QcDG1NhPJ5ZCvcxHhsQckArpUBDiC1eKGxx5xaxAABSSVplk2IgA1s2A,https://lh3.googleusercontent.com/gps-cs-s/AG0ilSyUVlSKGjDz2CEvcOaerA3y0Yl7Gv6HJqERzi_zeOfWOTIL8h9HEpRkZKh10kAT_MKKlMzPq2P8SMKl57QcDG1NhPJ5ZCvcxHhsQckArpUBDiC1eKGxx5xaxAABSSVplk2IgA1s2A|https://lh3.googleusercontent.com/gps-cs-s/AG0ilSyeGcDbWOuJ9tCVXX8yzTkgdrY2XG1nFD3_OY89wvbuHGXLvLGE5Nn91i-iy-bU_0XcA2A8gbDoKUbQoS8BRR10RPGM_-k0HEp7yNJ3ptQRZ_TkumJ4R2iywk3dvI-GiPQ8s2zP|https://lh3.googleusercontent.com/gps-cs-s/AG0ilSxRtU03m4sSfU8pWtrpcQl4im0uPjnv_qobimnPr2oZsyfjHbavrmCyUXZYGd5p33EOSM4VKC0iwoEu65R1Sd2uYlsNtncEds1XR3fo-9D7ES-DSBHh67bMGqQUxoL7kfcfY3cOPg|https://lh3.googleusercontent.com/gps-cs-s/AG0ilSzLYyy02-dBfyi-n2GiRGgILl08FHJeG_Qfer4Whx17rznAXJt1eAbMdwYWSvuBMnBhfDzaDKQuom-UYp4KekCNBGR6Ge2iHn-F4YaKMg5O4QodXjAjw3_rjY4oXDNstKgRu1yiYw|https://lh3.googleusercontent.com/gps-cs-s/AG0ilSyzzr5j-IZzeo2fBxXow_YCTVZ9wASC96aC8jhxlYJ0Nd2JI3u1J5V_936U9syJdR01qiVe04jZHGKoZc9nEV-pMvBBLflH2Gh-NhqALDEmsaTIJ2n7uYkTltVW1ZFfDtyi5L7WiQ|https://lh3.googleusercontent.com/gps-cs-s/AG0ilSxeRtBZ9j2xdDXkvykF2hEu9NgBNZyQcRbO8lSW06te_mgYVQvg7JskWlLih_6xsm_-59B5-nS0GrDqJPIXCzQDaPS5SwcZMOljpG2rDe8X-lWCOkXQ-vQjI9ytP7cUxVK7t9ya|https://lh3.googleusercontent.com/gps-cs-s/AG0ilSxCE6xYAdvwdikQQCyGbGHSqfVHqmcLIpkRueVr9hQbaqXS1Mwn82tBukmvhM2efFl7ekc1_2239pJV_D9aYvHdNE1Izb6HEo6Tsqdny_-t9XEhky2GiYUDlhLDb9EQSFwiflrmFQ|https://lh3.googleusercontent.com/gps-cs-s/AG0ilSyHrvUhgiWtMADFy11q1uqy9zLGwP5VtKBO2Xid9_rOcrAOgEy4QnJYYtHFRy1nGraHfiYTCIXwl6zC15mby8RnqoDHSzyXF7pJEMq6tmmicThbcGCCDhYpt4P36Y47GoUJPq2j,N/A,Hammam Ismailia,"79FQ+F5M, Kénitra",N/A,"3,7",N/A
https://lh3.googleusercontent.com/p/AF1QipMgNXzVqoztSk0tTDjHV0qYYHBpF-QMrhxOjlQg,https://lh3.googleusercontent.com/p/AF1QipMgNXzVqoztSk0tTDjHV0qYYHBpF-QMrhxOjlQg|https://lh3.googleusercontent.com/p/AF1QipN55AW1JMf_t-gEpZ4GZCDOWpNtFJWSuuh0TSva|https://lh3.googleusercontent.com/p/AF1QipNmR24kg_x70N3TEQfR32nUoapp_9ANK1Fm3Ytg|https://lh3.googleusercontent.com/p/AF1QipMIi1y2X_4c5bEshe9LUhCam6ZEo_cjnOFka3Qd|https://lh3.googleusercontent.com/p/AF1QipNDNQQp-LIb_j5vW7hlaeHGBHXGO6b_igwmuWGN|https://lh3.googleusercontent.com/p/AF1QipN4pL694gwPTOwTq3RzZIRxo0SFGVsFrnKMFbAZ|https://lh3.googleusercontent.com/p/AF1QipO_JTSUOc19En_72DBtmUmbjozzJm_YvhnpcRfV|https://lh3.googleusercontent.com/p/AF1QipOfjK17VA6OjVr6bF4-X_xp4zhX0xKcr5-ZhGiR|https://lh3.googleusercontent.com/p/AF1QipPy69dVyI1laA4N0ZdrICOxJApCMmSOLnfBlNuU,https://instagram.com/carrevipkenitra,Carre VIP,"9 angle ahmed chawki et mustapha rafii, Kénitra 14020",N/A,"5,0",0530-807080
N/A,,N/A,Ikigai Spa Hammam,"ELMOKHTAR MAG2, ANGLE Rue Omar Ibn Abdelaziz, Kénitra",N/A,"5,0",N/A
https://lh3.googleusercontent.com/p/AF1QipOZDjNBVH-8z2fCrIqRsnE-RWzAZMM9AZpl4yGL,https://lh3.googleusercontent.com/p/AF1QipOZDjNBVH-8z2fCrIqRsnE-RWzAZMM9AZpl4yGL,N/A,Spa chez Yasmine,"7C68+4QF, Av. Mohamed V, Kénitra 14000",N/A,N/A,0627-222046
https://lh3.googleusercontent.com/p/AF1QipORFnopNX2IDPeuejrk_e23tc7QawbkoY1GlFqP,https://lh3.googleusercontent.com/p/AF1QipORFnopNX2IDPeuejrk_e23tc7QawbkoY1GlFqP|https://lh3.googleusercontent.com/p/AF1QipOLSG9xV6y8zyKAf3uSZJf-v3f78tKoEFPTeKDq|https://lh3.googleusercontent.com/p/AF1QipOcf5LfGJdnoifltnVXDp-aMnoo0e9RNbx13TdL|https://lh3.googleusercontent.com/p/AF1QipOolqAIzhe3D_35HI27nmrU0LzMltNaNsPvV4qS|https://lh3.googleusercontent.com/gps-cs-s/AG0ilSx6HlP7RhLAnbB9ZWmObGhv2CTZvY18BmqdM4fAXOSy_DmymUJa9E4tSyptj8H8aVd9JwaDVDWEYR07Zq1hOUpME3I6AJoh-HVpPK-dfIlbNckREetfRzdxMu-k168ifHhcSRoV|https://lh3.googleusercontent.com/p/AF1QipNXpkgJE0_COiRglrCEVCdzJ6U7mr9tfOt7dSYb|https://lh3.googleusercontent.com/p/AF1QipOTzWW_Dwx48v8-2PONL-uKmow5Td0qhBCQ6S9o|https://lh3.googleusercontent.com/p/AF1QipM_KY2v-F-sUy0-TUBDLkwc8PGDKVBBTE2gE3j5,https://epiltech.ma/,Epiltech,"2ème étage n°11, Résidence Nezha, 465 Av. Mohamed V, Kénitra 12000",S'identifie comme géré par une femme,"4,8",05226-47272
https://lh3.googleusercontent.com/gps-cs-s/AG0ilSy2lxhxN3eL7BA54fMrQqzu9DMT9VwObeMKrlYqmKNp4vc1eZy_dd_Cb8GIxY4pksdI6dxFgzjquhHQ3pExggwx2UbkTuvy_wUjEYw5VXY6CXVhjD8JGllyZ-P8nM_07pbtvUaK,https://lh3.googleusercontent.com/gps-cs-s/AG0ilSy2lxhxN3eL7BA54fMrQqzu9DMT9VwObeMKrlYqmKNp4vc1eZy_dd_Cb8GIxY4pksdI6dxFgzjquhHQ3pExggwx2UbkTuvy_wUjEYw5VXY6CXVhjD8JGllyZ-P8nM_07pbtvUaK|https://lh3.googleusercontent.com/gps-cs-s/AG0ilSyWnp7Luond7xyHVX26a2AryyXoYOA9MC3d1JnZ78OOQANXlMgAFwGw5FTkWhAFI1KQoCRQwUfr5fX_WDQFJ4uzRzKGJ9wEoVQIzQt3z2VzVVWwOagedHCWE84lG9ApU_uIxD87neUNS2r6|https://lh3.googleusercontent.com/gps-cs-s/AG0ilSzVY4IThC_bqNNHGGosEtC4toNkTQMRFWs3CZqpwYDkhqsxe45hesbubBJPMpURIE1bM437r5_ohX_wt-LkaMQ76LfprMLAWPgwEhMeTOsbXyPI7Q5SIjOYscrqdVa7BQD8Dr-RPw|https://lh3.googleusercontent.com/gps-cs-s/AG0ilSzLLLv0h4yRYpoFPobTlfFUYhHwioN65xFbYSmXW3xiVnwlNGkSEdiW7OzPlgNnbwaodfbIXcMzol3oJAbvmdNkDn1CNOBSjolHGz7aFcXy0lbdEmJT-pO_thI44_gZMADzQfgcMZTSlIQh|https://lh3.googleusercontent.com/gps-cs-s/AG0ilSx_B5nGKiASProrB0tKecUX1n9Ac4kVBGJPtmU_ZkdxXtlVEBUeIF4lwfUsGX7rPXqCs0uxUU7Gm3E5Qkvg-J2t6SnhjAGZ48ns8-W--30qnBs9qT9Y73XdlgCPU1uWpdnpF1kz2rNy87Vk|https://lh3.googleusercontent.com/gps-cs-s/AG0ilSwEN1d0EvJiNPqklJTN2UkgMuLid0b3HFSOOSxCpyHyV6a94Djxm7ShvNIj4z-1eq5hghS8ZHvVKY2lOKe2ZKrBFsVhvUHvlcgQV2n5oO4G3fzOTR3MKN1LfSz5_MXXADmXcxuoBcwjUWQd|https://lh3.googleusercontent.com/gps-cs-s/AG0ilSwqcWzVBBoUSnJi1SoxnIBiKmEq4vM3gQ50F-v_i1hTJgwszrZmYvFUXqsvBtYeSAjL3tkX6PcdWz6hINDr2dASFOYioDPIWBFHPbyjpXTBb09DZGo3tdDND9-FQAJDjk4KQDiJvA|https://lh3.googleusercontent.com/gps-cs-s/AG0ilSy6Il9l_BbBk_ql4lgKbXE4X-tssA9fTJp72MRnJC7pDbRyF9iKdTKiYcLOljEUmG999ElSGQLfYjVlKLgE0W3AgRnuHFvXrcUpJ5UyXjxF6cO6r5yIe2m-BcTtmPcMQgOh3pFN6w|https://lh3.googleusercontent.com/gps-cs-s/AG0ilSwYD3C84m4FMCMddry81mFUBptdBmvdnXlssb5lG6Cgn_bpJrZvVJaKpQn9LnRUrWaEHVyPrkHtUgKeR2-pOWUVifsf49HtSI8-HkmrdyRfC8ECWTi5nca61NUMW5RLZXheE9cl8w|https://lh3.googleusercontent.com/gps-cs-s/AG0ilSz1G8BrWRrEnIbvqOI7wGjb7kdMwO9Qk8fRiZL-aTNPF5lRwYEHC7qJ31grS142Uypunj4BaE-FOqHv9vw6IYaANb_VV6juKdnRbnWZgIId7YMFcX2X4LEam53aNO1uzRyDhd44Il5IGvRM|https://lh3.googleusercontent.com/p/AF1QipP8IiuJ2G5dghfuUAI_rrbatJs5mZm2TRF2wwfb|https://lh3.googleusercontent.com/gps-cs-s/AG0ilSw1d2KMhQaXdxFNMFVsEY1dcdYazXaJvNeMo9A2Mz-fen5iJ0ZD-U7qx8kkYfxMPO2YRxqcaBoV8RG1TOaKw6Y3VEvA9hTQQxFNIJd9q0OU6KKDQS8sBJEF2PZaEGrcMZO8D2ExT32EFpGy|https://lh3.googleusercontent.com/gps-cs-s/AG0ilSxKv_MqS-y0u-mHUYNpSOHMlM7cccxSBHXabvFbR4-ArjEDWI_mrOS0_LcA5TCWa0PlkOX3UfwcnBIJTmJpMN6ZvDYYjHgOilk8Aubo2EPcpuMgNtJM6SqKnLazuG0BnuBDIhup,https://www.facebook.com/share/16CLYzR7Ec/,Centre Beauté ROJA Kénitra,"pharmacie Tarik, Maghreb Arabi, Bloc D, N118, Bureau 3, Résidence Rania À côté de, Kénitra 14000",S'identifie comme géré par une femme,"4,3",0666-821134
https://lh3.googleusercontent.com/gps-cs-s/AG0ilSwFgqY2yPTOTcwpAp_qEYia6txLCZ0f27t-62dqgF66emiIJGXX-pusqTdnc6CvMxTn-UOVfbWk2rKE7brPoJWPWTa5C6qtNT9KVZN0r3kxk6t_me1_cR_rnvXaZ2QksnqL_oYpEw,https://lh3.googleusercontent.com/gps-cs-s/AG0ilSwFgqY2yPTOTcwpAp_qEYia6txLCZ0f27t-62dqgF66emiIJGXX-pusqTdnc6CvMxTn-UOVfbWk2rKE7brPoJWPWTa5C6qtNT9KVZN0r3kxk6t_me1_cR_rnvXaZ2QksnqL_oYpEw|https://lh3.googleusercontent.com/gps-cs-s/AG0ilSwJFTOOz6Ouj2Pe7VjUXXl4Ra0MgKkSJUYQLvuORRzdqQ417yn6JwEyMIloC5YYrjBTZbjSAAoIpytUYo1ZmzVpZ5llgdz2AhVp0MyIJ1X7wHiXWFYaSa-G5owtA74zkCNEMJMC|https://lh3.googleusercontent.com/gps-cs-s/AG0ilSy71yneJ2oo2SS3GLbmt9qlGqPHb6wx-GhiXMgGFfh8luPi9ANfQiOBc-K_uZtKfdlAvRPmQhWLsxfqrDCCzieKJYn5GAg-B5xlOskdDiEj5V9EIQYPeE5Le5NukcRsSi6mINBk|https://lh3.googleusercontent.com/gps-cs-s/AG0ilSzpWD66DhAAlMmT7a03erdQIlC_OC4BtoLMYZV7J1qkgtVrO8nrxHz_3d3EkuXa4dnJGTFSlyYrVetlBGG_DXiepk_xOq4Wz9CtKkh2oQabLu-buLw1ZCghi6Fe3ZJuQm7IyqE_Ew|https://lh3.googleusercontent.com/gps-cs-s/AG0ilSxhums1zJEhiHql1FN_ooaaVW4t5cOnIBtM_TxVB9907dAR2Lpfl3n-BrYbN9BasllKOG2OPw_LgjV3Exd_ydp5T0aAKkkejBDVhuG0-_cf5UvDrLGUMVQy8O-Sq8N-CgMGJQWq|https://lh3.googleusercontent.com/gps-cs-s/AG0ilSz2KSthD8VN1mkyGt48_yZRgsiRk2ZAiOEz4y7amjfAM_24yMBuuPx_iddBdZ4zJjX66yZ2CeRVv0DZ7RXFiAzrsVb846diVD9g67PDRHFwDcAn4Agn25xQoMhC3eFzyVEWo0an|https://lh3.googleusercontent.com/gps-cs-s/AG0ilSzoiIqzFHiiTK8RvE2KXOSO8cWc6ANdTMQHdVzV1KiIGCD69ujdvOcwFi66OKkI-JKlVeukfdW_Brlk7pcsO6C8aeJMFKxDHroS6OzOtBihmArGxwId3ysBC2i3RZC-XQ7JRt8|https://lh3.googleusercontent.com/gps-cs-s/AG0ilSzigySnCrs0fr5aa13QRmZ40rQqjyleRqRfe-Ut3nMhrJVpALqeQwoOPT2jhNdhgQbzu8Ej-ydJAy-BS8_3a7JPNAkbO5EretGcviGneg2FoXDLv2XudX3FImJczANUlGU_sSzwug|https://lh3.googleusercontent.com/gps-cs-s/AG0ilSwqIbD5vNxSzQYwNClqNehEWpcnZD-Yl3XJ2634oz398dy3OhmEBodw-9d8VUF03OmKg8kkVuECuYNk4asNoYIifiPZq_MoSw25qHy5wtPDEuCNpbPFcC-BAkTsSMfKP8K2ZNsL|https://lh3.googleusercontent.com/gps-cs-s/AG0ilSz8GRIoCWJgj7kVd19DPGmfKWTsAM0zhSQCw_QT5WdD2HZIqOQKq_k1tQ9AWXjjO32Pmb4qhuG6u7kNNURkmmqFTcDuEVHVVWuq-55mtVCnJTNh5UPvOk8HRAiO14IsRtWpqRNr|https://lh3.googleusercontent.com/gps-cs-s/AG0ilSylDAtCgNJN6G7RyhHSAREoflcnUXVJGRihaQ5_Sjv74YC8jweZg58j4P6FfAmx48hoF2GSn_kRqYiuSIcIFzKChjU2WgxP6koiljkxs35jKAlxTIWTdkvYwmnQsrYKZcmBCOJ8|https://lh3.googleusercontent.com/gps-cs-s/AG0ilSzNsBs5ucGTySic3m9mM_r1SFGxse0eKbbKsQu_CsqNgzXevoBpURc-4-Wq_kb_Wiv0rP6c-h_lqN-UdEn2qlQUVuJBu6tcJsYzbZ82b_3kLZ1cZ6C3ev-_3OPK71cy9HjlJf14|https://lh3.googleusercontent.com/gps-cs-s/AG0ilSz-bfjxjlSlj878tsSQpCKC5jbbVlk4CYKaAfWcIr453D0lNNC5tSxb637P93y4NxnA7An1AX6W3if4G2tPaiaqhzN5vc8d1mpCSol69c6NSA8mp1vp1VWT0gfk_TLBTVGYbE55|https://lh3.googleusercontent.com/gps-cs-s/AG0ilSyAw2_nho3odV687B8Xq4Ir_II5l2GlcurRxUA2Bxn3HW722PW6hOCj9w8rl-ZZ5F4qWFHH153trCi_k2HxdwTLWZVK5hSBYU7TPTWa988DybX4gxfk5rdA9qBd4YC6c13kGrhWXQ|https://lh3.googleusercontent.com/gps-cs-s/AG0ilSyPsmHfviduq7wZFQ4XH13amL86OtRUiJr5o1o4iMR0SrKon0bUsCDis-NK7Y5fELkts0iyFjYobGTlAzwN28XwCLvGhsinRvSnznAVYu97ebNzhv93vGZU1txCT7mro_ObEhG8TQ|https://lh3.googleusercontent.com/gps-cs-s/AG0ilSz_li-pyaxiLl8W3qfF2F3oefWtEbj0ibzmmxYb6SbffFEmV_QFueZtOzCUHdyc-kmjqz5ywwvWHnfKypNQC7BpigWK-fkHnn9KYtbb-X1RyBQBDaXu_d3-p63QOan_blRF1DTC|https://lh3.googleusercontent.com/gps-cs-s/AG0ilSzwuiUZm4LKOyddrhVz2dAJDSUZ-f9hIOrknYfu4CfG7DBNhLKARpp9FDkpR5WyBnsUU5WXGA9lXAEbrZQa-SDhMOxC0qXGn9Bammz3N5WrwviRKEe2VUW6_dWiL1DeTCpIeQw|https://lh3.googleusercontent.com/gps-cs-s/AG0ilSxBRFzQ_Ti43cve0feTjPnirsVuWEr-3PysYCBdt9NRlVxvSjPNynFUEd9P4O_D72f2Nh68P6IaKIlH9qywLS6CH0gYQ4ancO55wQxFQLrWaJ88k2qyX5KVktNYv28SWXN24Dvg|https://lh3.googleusercontent.com/gps-cs-s/AG0ilSxKtppUg1eJOw_SGL6pqDHycEUbPBAUhPXvg-tiwDG5KXJrkuux9ztQwZBoy3NReR6a9K-5M28rqJMplK2atyMmWk6v1eVcgeOUnfdY0h7QIQ39dmoD8lsG4JZ1JGOSQn3Jy4zYIg|https://lh3.googleusercontent.com/gps-cs-s/AG0ilSwY4Bb-RHBudkf9OOigHPHswBxN1LO2-Sw_q90D7oTnbDxEQI48Vf2AKCgag_MR5VnAeJh7SIIb1O7yHOs492iJNcy2mYWsGAAvJr6Jb_eY-lP9ljF16esxwLQN7gt1FIUnQ3VK,https://www.instagram.com/mimosaspakenitra/profilecard/?igsh=NGRjeml0dGZobmNn,"Mimosa : Salon, Hammam & Spa","7C34+3QM, Kénitra",N/A,"3,6",0530-174402
https://lh3.googleusercontent.com/gps-cs-s/AG0ilSxISnn2qtEAohZsw1YvDGbtpcAl51z3W2vYjA_dL9kW-USJ7pG0twoiJdxTmkHT8_x8iFHAjju0IZHo6IDj5DoWGicHH1xTk3hnP3ajI2Ne0KivkKsW2y-Q3ziP7Gvbw8lRUwzt,https://lh3.googleusercontent.com/gps-cs-s/AG0ilSxISnn2qtEAohZsw1YvDGbtpcAl51z3W2vYjA_dL9kW-USJ7pG0twoiJdxTmkHT8_x8iFHAjju0IZHo6IDj5DoWGicHH1xTk3hnP3ajI2Ne0KivkKsW2y-Q3ziP7Gvbw8lRUwzt|https://lh3.googleusercontent.com/gps-cs-s/AG0ilSwOzfWAZiL63KTPqliz7QwbTi3IFd_U0mx7tqsvCu8BaioU-qVDm8kmktlIwCLheH2uBdV4AD1YmLrnN-pBvbWczeA-xq8_U-9iWTiXWRX6CmL-MhbFS8KkRgZL8lMwhpxkAT32,N/A,Hammam Amina,"799M+8F5, Kénitra",N/A,"4,2",N/A
https://lh3.googleusercontent.com/p/AF1QipNNE-1NNvVhVEHdbWdwF5DrvXwaUV5NI1Z83vYa,https://lh3.googleusercontent.com/p/AF1QipNNE-1NNvVhVEHdbWdwF5DrvXwaUV5NI1Z83vYa|https://lh3.googleusercontent.com/p/AF1QipOrViG0K5oLopUg5akZB7H-hoG0znx7UItZrF76|https://lh3.googleusercontent.com/p/AF1QipM1xpUEIex6mOuhG5eXyBXo922MJm_8mjSgrX78|https://lh3.googleusercontent.com/p/AF1QipOwW9qacv3dQYeVZMBOr9JvjRDuWAqaE-yU9NU7|https://lh3.googleusercontent.com/p/AF1QipMm0AvO7WwSPNLEbNh2KHX1Y3dTUj2Z7tYHqfwU|https://lh3.googleusercontent.com/p/AF1QipP-reVCrGJYsjlOKhnopMyHtuLk8ynl5DOtt5yz|https://lh3.googleusercontent.com/p/AF1QipNFF05mk-I2LCWplrhx_IsYAJsHyuZuSMo-9ilW|https://lh3.googleusercontent.com/p/AF1QipN8XQ23GVzkjAIsSCmTA_XMcMWpylWt32GoNRFo,https://www.rahatime.net/,RAHA TIME MASSAGE & SPA,"56 Rue Salah Eddine, Kénitra 14000",N/A,"5,0",0638-820405
https://lh3.googleusercontent.com/gps-cs-s/AG0ilSw3TJPlTYx_3FZEwPqmARxeO4knR69Pw-3pZaGmWcYcIlzpvqSMLpn51NEfb7C-yEBw5Sk-oR0Jg6WJkekduWUtl4YUnANlQ7O95QA5D-WA6cyLB1WBjApOBk3CaY9R00dNLweEWYzAvbk,https://lh3.googleusercontent.com/gps-cs-s/AG0ilSw3TJPlTYx_3FZEwPqmARxeO4knR69Pw-3pZaGmWcYcIlzpvqSMLpn51NEfb7C-yEBw5Sk-oR0Jg6WJkekduWUtl4YUnANlQ7O95QA5D-WA6cyLB1WBjApOBk3CaY9R00dNLweEWYzAvbk|https://lh3.googleusercontent.com/gps-cs-s/AG0ilSyzx151ODgD0EEtrXsKh_-HhM4ue6PBXxxOSFesNK-N7z85uw72BiwvRkGlhb9A3-hIwYM3U3J5ByAYHAn39j3SyyTCUJfxzrvGPFi1fEpvJ6Px4WobEmLvOMKqR650SmlNLzDS|https://lh3.googleusercontent.com/gps-cs-s/AG0ilSzoDivb0QsCXnCLpWuw7F3Ktpcdm92iJUjt5xOItNA0WZ4Ji4_qWpYtxEDFAg2z8dnqVpkH8ypilQAsAPAw-bdX9pIwqcieIDQTXXva-XyKptTAw3poS0dabHoEhb7yyWvZLXsZ|https://lh3.googleusercontent.com/gps-cs-s/AG0ilSwcHxGykLhZPRR7KW7WjQE8MZsoRPujJjUU_KDxEqaA8GHpWRVhVWrCQGi6Yq71HLI9uyNZtkEYQ6x29oUTAw-apuuVxh2zep1uQSLG9xKHW71_ds6LkcR6T6bYiJ20beH1bCh4|https://lh3.googleusercontent.com/p/AF1QipOe-_yySpWbXCxNWNqYKIwrq6J9WqSVvR8hNYC9,https://www.instagram.com/khaoula_beauty_salon?igsh=MW5pem1hcmRhdGxzdQ==&utm_source=qr,Khaoula beauty salon,"Angle Saad zaghloul, Rue Ibn Battouta, Kénitra 14000",S'identifie comme géré par une femme,"4,7",0719-353765
https://lh3.googleusercontent.com/gps-cs-s/AG0ilSzg3QBX-Rqn0CJ3yfrpS7RPD89c1kspRXcLsptGTwk20XlL-TU8yXZ4hAn5yabRXfZ7vF8jmIe9GFKxYxWF-xkiPm0gBxCxXLpYUDO24WoYjTXyZTYjSVNqbrx_PFyPbt7--0Q,https://lh3.googleusercontent.com/gps-cs-s/AG0ilSzg3QBX-Rqn0CJ3yfrpS7RPD89c1kspRXcLsptGTwk20XlL-TU8yXZ4hAn5yabRXfZ7vF8jmIe9GFKxYxWF-xkiPm0gBxCxXLpYUDO24WoYjTXyZTYjSVNqbrx_PFyPbt7--0Q,N/A,chicas kenitra,"799X+74G, Avenue Azharoun, Kénitra",N/A,"3,0",N/A
https://lh3.googleusercontent.com/p/AF1QipOyHa-pmohidyHUVfRu8evs-jqTLMD8Cax2rt_v,https://lh3.googleusercontent.com/p/AF1QipOyHa-pmohidyHUVfRu8evs-jqTLMD8Cax2rt_v|https://lh3.googleusercontent.com/gps-cs-s/AG0ilSwwg5wyiU4hSkFyiqMTg-SXyvoE4oBDUJU03lOXbcZcFUcKNkBfpjMKQ05uOqFESD3e2q8EnTIWkcZf_bxYdZIZrFS04T0Z1JRJh3jXi3BrnN3oAw-kC46fBx1x6F4nLaMUCJFC|https://lh3.googleusercontent.com/p/AF1QipNgzfPUp3zqOprB6yxbUtYHk5Nwxj5ExXnX3PL4|https://lh3.googleusercontent.com/p/AF1QipMHYTgKhBEgN_73MhDyfpPfxfdibSKykDd8XsnF|https://lh3.googleusercontent.com/p/AF1QipMMHN7sYLRNdYvD0lx587nIQDEPXpRmGy167m2G|https://lh3.googleusercontent.com/p/AF1QipNygoZ0KtGPif2F39ycC-ZdZj6A75cv6wQG7w2D|https://lh3.googleusercontent.com/p/AF1QipMzg9hU7IQyYui8Mau0M1WB749D6gCfsBUfNOTj|https://lh3.googleusercontent.com/p/AF1QipOHXydBmCp2cySIoYme8my5JbjiWWqVc0f8cPiB|https://lh3.googleusercontent.com/p/AF1QipP3iNsARh-Y3gL1yeNA2FJmm1dleiZvBL0dYILB,N/A,Natur’elle,"résidence salma, 63 Rue Loubnane, Kénitra 14000",N/A,"2,8",05373-94035
https://lh3.googleusercontent.com/gps-cs-s/AG0ilSy6qejPg4eItblOnHc4lUgS-RHF2VdOXyfOAlcl-ept9QuifHWhD_Ymb8VPty6dxGg9-0MZI3rvVSTSFnBBSdTnVHmi_NZ7USr9SNAWoDnEIZWH_KyzSr_tWuaAqMBgzTptF5Sz-w,https://lh3.googleusercontent.com/gps-cs-s/AG0ilSy6qejPg4eItblOnHc4lUgS-RHF2VdOXyfOAlcl-ept9QuifHWhD_Ymb8VPty6dxGg9-0MZI3rvVSTSFnBBSdTnVHmi_NZ7USr9SNAWoDnEIZWH_KyzSr_tWuaAqMBgzTptF5Sz-w|https://lh3.googleusercontent.com/gps-cs-s/AG0ilSzWDA7CotLjFG0rRmhrYCOvfzVXmfEJcgeqhi_pMJQJdaN0S8NvGwR5bQrliy3gQ9-s7hlnEiET0O5Qndp8Dvbaa64qaD6uIB6y9_Yg9lridu9d9SziaKqBvLT49n_TM9B4DgG9|https://lh3.googleusercontent.com/gps-cs-s/AG0ilSwCINKs_dPQ0YJDiNEBMzS-y6EzqxFuGDxjVE4W-7EpsxciE6HlMEpDtjcw1S-CKoYeiA9WhhQCEotpjTopxdxInqo1UjniMOzsbbpUy40VuNkS497NZhE7kFv2Il2ylgB1XWnG|https://lh3.googleusercontent.com/gps-cs-s/AG0ilSyIJbv0r9E_uHJalqhJzcwSCFcL0iCIxFGXitrIBVfwjytHnLE-dJIh-E3Rgi2uEBV6rXVu5JVy0sqzPvfFmamPaIQ2O2u0DM3n07Oajz8g1GyqhM4ue0r_rn-pWHkW3m-PI2TJ,N/A,Hamam Chaabi حمام الشعبي,N/A,N/A,"4,4",N/A
https://lh3.googleusercontent.com/gps-cs-s/AG0ilSzrGTacYd0WihmfZx4JW6jZP9B9P9G5A2hpIrPAg3dAu3fAklf8WQZiHWPMBOhEhn84vqdFznQnATR7oX09ufGI8dU4zHTq5seWGHWrLJroTq-Vwrqa_DBG_d2IBu4qNXJSD2zc4g,https://lh3.googleusercontent.com/gps-cs-s/AG0ilSzrGTacYd0WihmfZx4JW6jZP9B9P9G5A2hpIrPAg3dAu3fAklf8WQZiHWPMBOhEhn84vqdFznQnATR7oX09ufGI8dU4zHTq5seWGHWrLJroTq-Vwrqa_DBG_d2IBu4qNXJSD2zc4g|https://lh3.googleusercontent.com/gps-cs-s/AG0ilSwJCYZKXYnhLGFRo5yijfwxOY_HOW3JmGAlK1rhQ36XdUrUHkmOWOH7VmL4F9aJEXu2SwAgUCjEiIKwRiwmeElNGZrYMUg58e2WjCpln5NoYvwExbx_6m5lbhBlzUZCU1kfQ-FqvA|https://lh3.googleusercontent.com/gps-cs-s/AG0ilSxKgAyRzkEhF41Ppy3fhibv4NuoLBpiC1701nw5Ux8ZLimMRVL1VOidwExW330pkENadn70fCNoHCEgV45Y5EbCK1bvzaiX3chkpFxFtKDihH5s-1dbP01L1N3LFGjV45LNamk|https://lh3.googleusercontent.com/gps-cs-s/AG0ilSw_iPC8-NER3Vu-iTMBAM9vgMjH3nYF_8qV4liSytbekYzmUK4B1cix5UJbtvEi710ndhRvnMo-_HQ4AuQ6C_kLtoFRVGa94pnSfzImpO7oIqYt0YCcIj77DZRCIZ-8-8WSWEmzTw|https://lh3.googleusercontent.com/gps-cs-s/AG0ilSwJJuTnBPdjn8msLwt0fnFXt1EBZlfBtlPHkLdP_9HTbIu4W6kApzk3JkM5F1PKcIbBYntqfcoVYP5Sx9jLyqC9pAqdRUDUZdZgxyZKa3yflLeKcHmQ189uD7qRrFF2JwlYREcQ,https://www.instagram.com/oslinspa?igsh=NzM1dnoyYmxoNHB3,OslinSpa,"bureau n 9, 176, 181 Av. Mohamed Diouri, Kénitra 14000",N/A,"4,0",0657-762031
https://lh3.googleusercontent.com/gps-cs-s/AG0ilSw_06umI2SkjhtQsRz14AKvpkrQ4OpwI8-djUQ3Qd1ctjU6_-DXij37UleymbdeNsG8PwutrGD2B6etYPD1bYA0DdP7J3fzTLngoyANwh1WDAkg3EENt8MhVDEoPLGJbrqz_W6u,https://lh3.googleusercontent.com/gps-cs-s/AG0ilSw_06umI2SkjhtQsRz14AKvpkrQ4OpwI8-djUQ3Qd1ctjU6_-DXij37UleymbdeNsG8PwutrGD2B6etYPD1bYA0DdP7J3fzTLngoyANwh1WDAkg3EENt8MhVDEoPLGJbrqz_W6u,N/A,Hammam Mimosas,"7C54+38H, Av. Mohamed El Qori, Kénitra",N/A,"3,8",N/A
https://lh3.googleusercontent.com/gps-cs-s/AG0ilSwO8flT_c7P9SUlzY803ZPQJw9p-AQN2SNP1TT4MvSc0elphGYFelr1PXZgWOKBkpX2WwsOmeoe1HNNFPb6IWMzNJaoJurV1MY8ZgCoH8bdOanj1H4nDvdp9Rhh1rz-HWz7umoc,https://lh3.googleusercontent.com/gps-cs-s/AG0ilSwO8flT_c7P9SUlzY803ZPQJw9p-AQN2SNP1TT4MvSc0elphGYFelr1PXZgWOKBkpX2WwsOmeoe1HNNFPb6IWMzNJaoJurV1MY8ZgCoH8bdOanj1H4nDvdp9Rhh1rz-HWz7umoc|https://lh3.googleusercontent.com/gps-cs-s/AG0ilSz8uz_Z_YXVWrUTZuzh7ysF9E1EsLwGTLhNiNUuubCHBxOgCVaXV2lfjoSMNSCsn_69OhCNIOTJkcjiyiPgcmd9cM57BC91Bz9hNptbrFAriLi0I28e1Bz2XyEE6tuG2krBsj6kIw|https://lh3.googleusercontent.com/gps-cs-s/AG0ilSwowu2eLbuv2vhG1zt7hQ4oK7wtCkA955c163z17yoD9MLHz6w66_qlcUzcc5Kr1k3AP2SaBrWdbkfkJIlA5_yaz1xsQhfS2SN0tVSfT6x4X_1c0R_FUDlOYW7nG80bWuAr0r1u|https://lh3.googleusercontent.com/gps-cs-s/AG0ilSwdJXw8JTjEY0jZthZm9-TjezwORHwoQccdDinvhSDdimbVCEWmRNag3c63Id2Ov_yudrkPWs_qWl4O9iF0EcUgO9ze1_Ggri0tJb2R1L3Yq8kirPCDaez23XIa9TvI7WrY8iM|https://lh3.googleusercontent.com/gps-cs-s/AG0ilSyE-xWXcfjEtdkv-qh6NUzIgQv8fnp_c7SYD_uKPMAvYK-Uq_XsZP9vtIhysSbQnQfKa5hWOitRj4f-4NXLH42wgn9XTA4dnt9l36UQd96FljDCmLG3ycsHPWG-6QxYLMdkpBR-fg|https://lh3.googleusercontent.com/gps-cs-s/AG0ilSyV7vIQbChYELpg5X4aEcajKrlyVdc_aaIInitZLdM-vrgygZPYskWnv7KPVUr_sKntbBOxdsrvB7q_F70OMwPmnbCrrEDAXTg-Pu8B4AIMzs-YjcjU_pxDkb113No7rvyQprVnww|https://lh3.googleusercontent.com/gps-cs-s/AG0ilSzRUFTHBVBVae2o99C_AvkrcHSQ6XZb8iTFzNy_GR-8yDYoy6mWvipoNlsJjnu6gFsaxjKTWOD8tDcu3JHOat6hOGc6dW_Ts6Cr9gmeaSvodnZ_UFKw6-sOTiUCujBQSouYttj1sg|https://lh3.googleusercontent.com/gps-cs-s/AG0ilSz0eWMI1nbP6RLG_kcNTnf0xA8aOIHVz4NSJ_Eh2lcb5QUDqR2LxYt3Zm9WzrFiIlPnEj18bMvEoGXxrchHpCN1Xz9ueXuB_a6wwuqg15Y55LSQUkSu8UhTjo43np86KNAfaNFBTA|https://lh3.googleusercontent.com/gps-cs-s/AG0ilSzYexHoXEl3NQTTP43i1_6XRAa87vmtX4K2RFf62QU63Ligw2XOwUeQsZQ3ZOd0-QZvJQiQKehymiQ27flbDPdfSbYD3hR28WaSMoDEe3DcjmFChnlBt972dkS2vKBSypep00-j|https://lh3.googleusercontent.com/gps-cs-s/AG0ilSyzgoXFkGP6fhLMYADtiAEUDA7YciGuMC49YXCeEQzOtXy9uoT5Wp91rHFTvSTBAFIEVu_YYzyMGiYPNVkFAooz82icD3Qd6TB_cEA6PLRsybjyGR7eh4J0GcQcaqEO_Fb1gO8,https://www.facebook.com/hamam.turque.othman/,Hammam Othmane,"784X+P55, Kénitra",N/A,"3,8",0603-028040
https://lh3.googleusercontent.com/gps-cs-s/AG0ilSw6hdh41f0l2-QwunvDn61SJBPvuoDpQCeRO6GsEevpx5yYXHu1Lk3y6p8D_AKxUaJB2Jv1lDFszB8zh74xzJ2pw-mXQ1ZgkF38xC-h4gPXQwKcna-Ulh0ew4_a7ui-1GTqOzfR,https://lh3.googleusercontent.com/gps-cs-s/AG0ilSw6hdh41f0l2-QwunvDn61SJBPvuoDpQCeRO6GsEevpx5yYXHu1Lk3y6p8D_AKxUaJB2Jv1lDFszB8zh74xzJ2pw-mXQ1ZgkF38xC-h4gPXQwKcna-Ulh0ew4_a7ui-1GTqOzfR|https://lh3.googleusercontent.com/gps-cs-s/AG0ilSxIEVCir0kpsUHLF__ikiDXgzQQQ3Xx0OEbznBEiauU4ngIvV_gQt0WBGNphJJ1wKmP6pIEa02Y8_admwyZA6cYlUy-02dnq-qAeBwra-31yS_PH7isly3EgepSR6_zfa1WrnmzQg|https://lh3.googleusercontent.com/gps-cs-s/AG0ilSxY98KgVtGX4TDO83NVUC4wNSmehzI7NrISbo6gvJxKFXkUEBsTDzxOYtd43MrPsJt92q2bZwd3yPFQHKaHKa7TifHAO0FLc-oSV9QWGn8NCcqzNcMUycmILGy47tyFnKMcgArJdg|https://lh3.googleusercontent.com/gps-cs-s/AG0ilSySOrAfT7kTBBkx1fZ02i3TaA5BVWh6dFJbRIXRS8dtzx7Ojrl-6oy6Ncf4YO0lbq7BIYUwExLh1-xVNrlwn1TCKwO3mtAm0He23Xg5i84z-m8FVF15ZWDX8ChRo6lNSs5ZxHFj|https://lh3.googleusercontent.com/gps-cs-s/AG0ilSwBTVwq5uCKwsiUCMlpY7r56dtvIALGmrMvt67IvdJM3rxEpk_rrW-A7h33YL_m3mzZc-AwEKwdhz0rBZOBbQXWz1JK6r_D_S-truy0Fb_Fdf_ozGA3XDKuQOmTl8ejcvQXZGbg|https://lh3.googleusercontent.com/gps-cs-s/AG0ilSzCZDj-JQy597sdawFR5u9ymBF7jWXhOgCHLOF6RJG7uqNVKxWWgDSvMv7B_chtDKy82sPEuq4pTa9TfKGoRawBKSYS66pBwywE0WacAI3rAe8erSS3pk6wzVlL_LmQjthH5AynAg|https://lh3.googleusercontent.com/gps-cs-s/AG0ilSxYc59gD5b8XYADPW1x5gaL1Un5oRjcXFaYgq1fKs9N19Po3amXnRoOZAh3Fwfvc72pyEfd3RzfgcLMkuQca-MY_UL952zq-z6HeQ0rnakJgepIRwm9iTrEnN8m9E7gpuhtDPVUqA|https://lh3.googleusercontent.com/gps-cs-s/AG0ilSw7Noo98ELmIvno-Dm6q6XSTZ5V-i-sp4ckk_it6FJ_pVEShwy_bRa2antP2WKdN-8cqEnXt9A7qqswPVGtprXOd4BF2PdkcXz-AlRfEfBhsrtwJbWzhXf5nRQjG2sP14sO5WA|https://lh3.googleusercontent.com/gps-cs-s/AG0ilSzMLeAgo2buwGAU2w-eovRXnylYdXH_avlx4yWCHJncQnsZUqfr3NGlh77NztP00qaFrQVbhcZmYn4zTZVX330frP6085NCoid4hCumSBa3o6fBNLLJshBNO662IHyCv8pTdqO4qw,https://www.instagram.com/diva_formespa?igsh=MXhpNmp3NzY1bGNuYw==,Diva Forme Spa,"7C87+72Q, Kénitra",N/A,"3,8",05373-63271
N/A,,https://www.instagram.com/ashkspa01/,Ashk spa,"Angle Abo Baker sadik, Rue Ghandi Riyad Al Andalous II imm A Bur N° 5 et, Kénitra 14000",N/A,N/A,0530-114055
https://lh3.googleusercontent.com/gps-cs-s/AG0ilSw9XK-cKH9NiAfvhjTZ_-ILfzqnrFJw7_n6NpffBoROS33dL0bSfJCgOnibJvlwUfBwKPYIzIOcwBhleYc9zFOUrhBQlJmXraG4ykErbjhn7DPxecdC8PyxgKL9veobGCLZ5iKXnA,https://lh3.googleusercontent.com/gps-cs-s/AG0ilSw9XK-cKH9NiAfvhjTZ_-ILfzqnrFJw7_n6NpffBoROS33dL0bSfJCgOnibJvlwUfBwKPYIzIOcwBhleYc9zFOUrhBQlJmXraG4ykErbjhn7DPxecdC8PyxgKL9veobGCLZ5iKXnA,N/A,Hamam esthétique RANIA,"résidence houda, Rue Allal Rahmani, Kénitra 14000",N/A,"3,1",0661-066940
https://lh3.googleusercontent.com/p/AF1QipM-R5_qfYZ8Jzt5JC8h-L5uq_70mAfxLuKH6WtX,https://lh3.googleusercontent.com/p/AF1QipM-R5_qfYZ8Jzt5JC8h-L5uq_70mAfxLuKH6WtX|https://lh3.googleusercontent.com/p/AF1QipM4JGulicrlN-BzmxxjvVJZr2ZH_QG3QnKhMmAF|https://lh3.googleusercontent.com/gps-cs-s/AG0ilSzf89oEftWmajQi1H82NdHsNXDyeTaU5lWbxx8c_ziPsSTMh-e_c21b8HtWMfKi_Nyl_i_U7Ai4W6Df0S-A2Xco0fSMv8CoUH_H6FrsU8OGH5nI84B-v6vPIuULoGCyrsGFgNVDJk2RSJQ|https://lh3.googleusercontent.com/p/AF1QipPCgrodOsTbxyVFkLMCwEfHkDfBmxHKNg7qUGzu|https://lh3.googleusercontent.com/gps-cs-s/AG0ilSzpvHLqAXJRQHYSzbHxehfKmFnYBv0rqHe7BA1Dp162D5924hWtWPJFyh3JBABm6AS47UFRHwW-66J8smzY_-mc_1ezuoOzBto8bpVQipgNtw9Dh-JFz7qq-ZTynu8NHw_S975qrhnn-MpB|https://lh3.googleusercontent.com/p/AF1QipNmnA7DqyzVp6Ftvs2aXw-Bwq6TKj5M5V9lBiaK|https://lh3.googleusercontent.com/p/AF1QipP_TngeLAX2dUGIV_eZrWrV_a8otnCIFaAlSUzI|https://lh3.googleusercontent.com/p/AF1QipPeq_XbFJPsWXnjbJuWov6UWAEjzxuj8p_HH60e,https://linktr.ee/MaisonZayna,Maison Zayna - Beauté & Spa -100% femme,"Magasin, N1 Rue Ahmed Chaouki, Kénitra 14000",N/A,"4,6",0775-498515
N/A,,N/A,el khaoua sante,"angle rue challa et imam ali immeuble A numero 2, Kénitra 14000",N/A,"4,3",0699-536568
https://lh3.googleusercontent.com/p/AF1QipM0A3nlcVy5M401eZU6wlZDubX4ehwXJt27vBlC,https://lh3.googleusercontent.com/p/AF1QipM0A3nlcVy5M401eZU6wlZDubX4ehwXJt27vBlC|https://lh3.googleusercontent.com/p/AF1QipNaoz7mcUqhZVbXrOYzgG5mY6j42USR70r5xAvm|https://lh3.googleusercontent.com/p/AF1QipNqPLokSG48-RihwGY0VXd9KdGMWelSPkWUDoJV|https://lh3.googleusercontent.com/p/AF1QipM505ACii-AMyj5kuiADUkcnSo0SPbxzZkImPLV|https://lh3.googleusercontent.com/p/AF1QipNCDqvkDFtLEXyuy9kPGSeTUwkHDFkg-iRMZ7RL|https://lh3.googleusercontent.com/p/AF1QipNQe9FKhrFvi7oz1WpLm8EysD6HrCIl0H413dTN|https://lh3.googleusercontent.com/p/AF1QipPZQofXAY_aEvIRG-RJ4_ZoiAzs7FauZN3hAmmw|https://lh3.googleusercontent.com/p/AF1QipPyACYoa3Y8Dke6hgE3BKumSaR2i4mTP29g15eu,https://nutribeauty.ma/,Nutribeauty,"7C68+9Q Kénitra, Maroc étage, bureau n°2, Kénitra 14000",N/A,"5,0",0530-074446
