description,title,website,rating,images,location,image,phone
N/A,ANEL Beauty Center,N/A,"4,4",https://lh3.googleusercontent.com/p/AF1QipMq2QsNuG_wbntFnsNrim_GjM0HRi3KK7xIx7yC|https://lh3.googleusercontent.com/p/AF1QipNMnfwP85Omz_ja0lvhpbvBLPJgHiIsAS7fDs95|https://lh3.googleusercontent.com/gps-cs-s/AG0ilSzqeGW5yctqhTfNJgNlbMaqSBwEejVD1vsx5aBLZZ0ii-xa1QcK_ttsV8D-FnL9XmhppuOMy5PugKrwhl8qYx-ZcuUhmnQp5s-4SKZOv-BZLK_awrBx3gnMJaZiQt2MNOVCxiKJbg|https://lh3.googleusercontent.com/gps-cs-s/AG0ilSxELzQnv0uZ7ItF1weaDod2IgOs-kfcEuJ3KErqPh6ZFgAvhr6eN2g8VdwuPs5hdZTN6Ap5KRqaZ4TNrT5BXZ-C0J1S9zFg7c0bkUyt7U7cgdnevhImz53sKU0Uee7h71-2|https://lh3.googleusercontent.com/gps-cs-s/AG0ilSyFbkVffH9PtqE8c3DpbCSOZixaaBfLf_vJgE5M7CQUYw163KjsjRHDZLqxdnzvHdwTJc26jSaTsbXIBb68pJiFf4xBCUed148aVLaF6OLZ3YE58KarTP0Wh4pyqRuNIuBX10TD|https://lh3.googleusercontent.com/gps-cs-s/AG0ilSwgc1L8oZuAfezh4LuQrlkEcLmBNnesLA4L007uD3u3fE5IkG5wG8sNmVvjjj5KaaIz_TAcJziF2u_DqrKRYBA021uyChfWuLpS4aWyTVpkZBlr1YPGqREAeKmO869h8J3PK3d6p1sSosY8|https://lh3.googleusercontent.com/gps-cs-s/AG0ilSw2txev29wqxd0MdcugxBwmqdbpk--WbigYhEX0XmkQJDpwPi3fbVb7jAye72bi3H6p1W_YAlY7VZUCRHtPlkc4DTcL718a-rfr-HgY79rmFHCGr2lvxgP_XlkSwVERyoZ2kBUJXg|https://lh3.googleusercontent.com/gps-cs-s/AG0ilSzciq1TehzbMI9Rp0A7rwgETcjd6tx4dlAmoJI2i5K_Xtnhc8esbyRt_bNtfYn8Vqvs1mJ8u4Hmg_bXdW-FzICKFF1NVr09ZdKzXo9SUsBmyzsEjIsLC2-b8k15KeP2ZrWZMkS9yw|https://lh3.googleusercontent.com/p/AF1QipN1QMGpnUrBi46LR4ErPoSs34FbkpNc7HQbsKEO,"N° 237 Bd SAKIA EL HAMRA, Nador 62000",https://lh3.googleusercontent.com/p/AF1QipMq2QsNuG_wbntFnsNrim_GjM0HRi3KK7xIx7yC,0699-999237
N/A,Salon Beautiful de Coiffure & Ésthetique,N/A,"4,3",https://lh3.googleusercontent.com/p/AF1QipMFBuIFGBLrynnUiUwVd-uL7cIHfNNkzsVn9ao|https://lh3.googleusercontent.com/gps-cs-s/AG0ilSzIn7w9x9c4vnWs4n7yTxufr4bCxIFtGmKNr4ee-IOa5_Cb0l5iIJRKBrVV5JNgpIVT_bNK8o1iYJ6lKjW1r0Mmy0smGDnxxKWqL2EDw4G6Y_7lL1QM0P3xLd4EK0R86Jam4dD3|https://lh3.googleusercontent.com/gps-cs-s/AG0ilSyUXyF-ghZdBLGhjM4jw7VtFCLhUZq8Qjw8yjFDmIWr1WPPjPE1rqSSXxpH6xQqbBi-9_h7_eMjK4Lmuz5_tXPdh0yrMHPhXuiqSs2tI3E3ZvASXou_Z2fMzNf8VVnc4Ce7Njff|https://lh3.googleusercontent.com/p/AF1QipMbI5Wm73-WJSDiLNyrE5FftKxqCWz0cbPFes0|https://lh3.googleusercontent.com/p/AF1QipMwObMh9IbV96eCNnCKjkhkjnzydxyFcuV6CEY|https://lh3.googleusercontent.com/p/AF1QipNhGu9geP9qkqPJZdfw0vJO9Bc2KqnxGU10uQw|https://lh3.googleusercontent.com/p/AF1QipP-QPDrAU69BaDzO5NbaHUg8aEJz8uWRqJFU28|https://lh3.googleusercontent.com/p/AF1QipOl9AdGX5TwnIjkAex-MAFOPplfBQMXGTQInpk|https://lh3.googleusercontent.com/gps-cs-s/AG0ilSyrVrLvCR2z9zyYRr6k0yaKHHOusIY9HGDkSbdrH6FZMg4m4nXupMG55imWIh6KuUF0IvtGgJf5jTPlbgBae03lN2opKUT6Ycmh0Zexrb0VXHFr2oU_NNDZ7bXbgNtnP5Kq8aI|https://lh3.googleusercontent.com/gps-cs-s/AG0ilSwZVk-BN29SzXkjYT87b_hfVMEbHQYafPpjVBDAnXMD2GbS7vGgj1DbuDjwqiEBlIs1CeSEubbwlUYGOe_O2w9WqzxibMDBg3hFrvGE05jkBvjqAxX70LdjzJZv7GQVrrgejJLAvg|https://lh3.googleusercontent.com/gps-cs-s/AG0ilSyeCjD2bT3QklC00PEIpBZCVUpOxgwQK6gcSyFFoY0JsAgC7YP7-G5-w0o0ZTXfCI6tW8qJWVerMsP0xtO38kcx-2WwEwwgZzL1ycTGNVUkF3czjyEmDhml43xKUpuHsMrjfY7O|https://lh3.googleusercontent.com/p/AF1QipPhZDVyAx2Lmf-PFvnNsgbim3hKt89CpYxnEMY|https://lh3.googleusercontent.com/gps-cs-s/AG0ilSx4FfzQpsJe3AfORAINKUxXq78TWGuz1DLYufdPKNfu-d6efN1XUZ-T-J9JmW6qk70W3qgkXH9bvkUrO2YTdGe_yskjfMhq3BrO8frguH-hny1NEb_irJpnV9zPIa_oNi7oa1jUAw,"Av. EL FARABI, Nador",https://lh3.googleusercontent.com/p/AF1QipMFBuIFGBLrynnUiUwVd-uL7cIHfNNkzsVn9ao,0698-690980
S'identifie comme géré par une femme,Salon l’avenir perfct nador,N/A,"4,6",https://lh3.googleusercontent.com/p/AF1QipN2KRibHMvzibHIB-ZdPLcO8QhY0bYoUSJxXBMq|https://lh3.googleusercontent.com/p/AF1QipO_whVsp6bCflpIalHTF2Z8-me2u6m0zebieaB1|https://lh3.googleusercontent.com/p/AF1QipMDNl0yWyBgGZYmEdYe-GV0u9EgptBt0d7g8eQZ|https://lh3.googleusercontent.com/p/AF1QipNLOQzHD8eaamrJq4mscngwvi7Q3aWDMMATAZiU|https://lh3.googleusercontent.com/p/AF1QipOu7S8VD5KG7AT5EyZP9kZennb3FdDAF0nDQ7BK|https://lh3.googleusercontent.com/p/AF1QipPxgKzv_aYWaaB6iCsSSfDoXUQg4L_FPln4GeS5|https://lh3.googleusercontent.com/p/AF1QipN-LO9SJcpKan2ehFhUIgYnMgjQm_aIHV0DuA6P|https://lh3.googleusercontent.com/p/AF1QipPgbvgMuKTNLw7G1IrN6Pz3LDG149pVBmeNojTG,"426 Av. Hassan I, Nador",https://lh3.googleusercontent.com/p/AF1QipN2KRibHMvzibHIB-ZdPLcO8QhY0bYoUSJxXBMq,0670-494864
N/A,Barber Nour,N/A,"4,9",https://lh3.googleusercontent.com/p/AF1QipMtcN9sOoLU-Gz61zPdn3iG5pyFOiMwnu8GkTfl,"N° 611 Av. Hassan I, Nador 62010",https://lh3.googleusercontent.com/p/AF1QipMtcN9sOoLU-Gz61zPdn3iG5pyFOiMwnu8GkTfl,0626-375558
N/A,NABIL COIFFURE ET ESTHÉTIQUE,N/A,"4,8",https://lh3.googleusercontent.com/p/AF1QipO71Ct0KZYkJ8M2g2c9AP4TrJ5RFYkVcYtZiHT2|https://lh3.googleusercontent.com/p/AF1QipN4yMN3wQNskamNsA-PHugxbLaZew1bbtT7aBny|https://lh3.googleusercontent.com/p/AF1QipO3RuBb8Iy3YKk5EqamN1n2jVc4q1SnOU4f15m3|https://lh3.googleusercontent.com/p/AF1QipNfFZma7DZXHjytYtvxKG0qxkuO5qhgjLhdZUme|https://lh3.googleusercontent.com/p/AF1QipMqT0hniyn78XuW-fKJiCAEWDOUA8_8jt1ABfVN|https://lh3.googleusercontent.com/p/AF1QipMJhsJfzENhwFnEDzO5bgyV66duXebvgQAmsftX|https://lh3.googleusercontent.com/p/AF1QipPgRt6f-B0CuiIk5XCZbF6aTQC0CDqUF5riHO6u|https://lh3.googleusercontent.com/p/AF1QipNrwwHF6lcSvSSG4_qTfCBpYQroAKdURQiyQnRg|https://lh3.googleusercontent.com/p/AF1QipOskuLFOVDG5MIiZXJX9L_6cWWBazLWupPC8s_p|https://lh3.googleusercontent.com/p/AF1QipPlPp2RBbzK7l8BywRMlk6sYe6gKdBIrSgF577u|https://lh3.googleusercontent.com/p/AF1QipMuPLzdBnNS8evM9BpbE-NHfNe9J7sC6K92LC_3|https://lh3.googleusercontent.com/p/AF1QipMO_8jsLtnCDENaqXsd5tZF4_TCoHIYFa34TsK9|https://lh3.googleusercontent.com/p/AF1QipO5hndEPtME6hn99-UqcbAVkJM4X-s9omNGjj8v,"254 Av. Hassan I, Nador 62000",https://lh3.googleusercontent.com/p/AF1QipO71Ct0KZYkJ8M2g2c9AP4TrJ5RFYkVcYtZiHT2,0608-009081
S'identifie comme géré par une femme,Ritaj Beauty,N/A,"4,8",https://lh3.googleusercontent.com/p/AF1QipOCtikZTSAIj_F1Gv-QWoOuG4VJ9VX2UuCXlefT|https://lh3.googleusercontent.com/p/AF1QipMdFcqWmQtQ8JhMX0WwCNKmsAAANFieghtQoEkM|https://lh3.googleusercontent.com/p/AF1QipMA1_TPDUtq4X40BHmUdOHAHskKuQNnjcbf3Njs|https://lh3.googleusercontent.com/p/AF1QipMYfG_7DY45RF8b3-UXkb197Nb6bzLKkMDlOOo4|https://lh3.googleusercontent.com/p/AF1QipMaytvhreuMwhVLYsI8YluTGLfjFJ0wghNaBS5A|https://lh3.googleusercontent.com/p/AF1QipNlB3CQB2gWMwNJzIm-fFUL0Q9wTC15qJdLleQQ|https://lh3.googleusercontent.com/p/AF1QipMJd-kMDhpTRoSmRxKDBwygm0o9M8rrRU11hp3c|https://lh3.googleusercontent.com/p/AF1QipNN4jnyWX7FKepefWOsjH4Dw3K1TbDlR0ueDdfi|https://lh3.googleusercontent.com/p/AF1QipOw9GsC4SDyc5tAmZ8ATT8CmMB0Dwwy4vTxkyQO|https://lh3.googleusercontent.com/p/AF1QipMT8Ox5TZnMgOUmaU8NKMtTU3hpIe9Tck98bWPs|https://lh3.googleusercontent.com/gps-cs-s/AG0ilSzgi2UMLOsc8zuB-eFdfnA99RidI3zdS2-crVaTXrix3Yp9fJbpxHDrG6HjYSe4AD6mZW5lhHkChuK5gUExMOgxlyBzFEndJ4bTx4vK6aX2glTLcdQRPhc-1oeHcd1RZSktwc6beKXIGCU|https://lh3.googleusercontent.com/p/AF1QipPS1z9HSGpoWbVFLCJtyumVTNjut1NtOKqeLXX5|https://lh3.googleusercontent.com/p/AF1QipPRPKq-73GM4VoLoigWo_VVs7cqeLKnTjxEtNbQ|https://lh3.googleusercontent.com/p/AF1QipPrAYzteP7NyfL1yzWOOJhQSqXZ4KokW8_-BPjG|https://lh3.googleusercontent.com/p/AF1QipOEn4cIQ23yIe1MEXv4jYTK0PvlMY2h_SRrNUik|https://lh3.googleusercontent.com/p/AF1QipNna_raDeJpSXSPPFlZgWV3V0rdY0V0QMjzGcfW|https://lh3.googleusercontent.com/p/AF1QipM5FGWG3BCL9TOXyVSKyl735CC5aQI3GNVJciLa|https://lh3.googleusercontent.com/p/AF1QipN17d_kMGcdw7lveear8CK3QGpskaKlUfF8lQ_M|https://lh3.googleusercontent.com/p/AF1QipOFMVBVPI3IQg-c7b96LKtlBmg0rDCVxHtv7uvm|https://lh3.googleusercontent.com/p/AF1QipMrimk5S1osnos4abgK2Ii_4y3YfzAr3pMDvT5_,"53CG+XGC, Av. MOHAMED ABDOU, Nador 62000",https://lh3.googleusercontent.com/p/AF1QipOCtikZTSAIj_F1Gv-QWoOuG4VJ9VX2UuCXlefT,0629-979198
S'identifie comme géré par une femme,Barbershop Najim,N/A,"4,7",https://lh3.googleusercontent.com/p/AF1QipMv4R7hkRCdtLpWlng6_3tx4VmYBtbTo3i24ahD|https://lh3.googleusercontent.com/p/AF1QipMjNdoMjh2Vcyy9NETWV-w6X7D6wBnPqVgKXkl4|https://lh3.googleusercontent.com/p/AF1QipOymK5nVnkF03JtwBZvopRZvl2NBMGEfZlrZnFA|https://lh3.googleusercontent.com/p/AF1QipOt9RRlin-A5opxjncAbQtR-Zb8WtCYl8YgGT0n|https://lh3.googleusercontent.com/p/AF1QipNYEX87H6I70JwC1LxRr0p1MaqK6ToGEyt3ksC6|https://lh3.googleusercontent.com/p/AF1QipMnEGYgFbPQRaWZisLWCQRlNPEb2gMGkKnqdfMl|https://lh3.googleusercontent.com/p/AF1QipNjU7fcTbqv-UnyxdDJ6cF5piITsCbXHnO2AOky|https://lh3.googleusercontent.com/p/AF1QipNToHZi3TddhFaqW1ygCisOQ3ZORQGkIO2h4YzC|https://lh3.googleusercontent.com/p/AF1QipPAKzOu1PsMypP6QrjsPxgH7ilGBmVgGsXc9uBk|https://lh3.googleusercontent.com/p/AF1QipN6yxpsxPTRTkckJcyZ86O098ODaD-oITr_EF-J|https://lh3.googleusercontent.com/p/AF1QipNmCIpDVMwmx82qlaJa-Rvp8sDLOzzmqj8bGZSS|https://lh3.googleusercontent.com/p/AF1QipPwEOLR3CT0B79Cc3sV1A04UIff_Vmv9b36hr72|https://lh3.googleusercontent.com/p/AF1QipNjjiocZpVldCRvk3JAm2gPWyq8aJvp7pI6If9H|https://lh3.googleusercontent.com/p/AF1QipNUmQkOA4SwHoC90elZu6f0cGDWkr8nw5bQqMvi|https://lh3.googleusercontent.com/p/AF1QipMYHZlrOs3k_EFD_5JYMIggkdpsAqlBdK22TqH3|https://lh3.googleusercontent.com/p/AF1QipN72cYbplirQu_sLiGpHQ_Br15Ebs6NR-JjCXau|https://lh3.googleusercontent.com/p/AF1QipPYBbWhtf0e9l9_SmEK2dbQt5zcmgOIgDLwY0gl|https://lh3.googleusercontent.com/p/AF1QipOi0-aPiGev-qI6VjVg9136yvsQ_E9ocF3A-MX-|https://lh3.googleusercontent.com/p/AF1QipP_s4yYPUKtthdkq3c_Ta370XG0XYrMI2FqWbhB|https://lh3.googleusercontent.com/p/AF1QipPGrYo1R0P39JTWVDk4xLNYG-0OVBo65E1I4Cjg,"N227, LOT EL BOUSTANE, Nador 62000",https://lh3.googleusercontent.com/p/AF1QipMv4R7hkRCdtLpWlng6_3tx4VmYBtbTo3i24ahD,0667-304544
S'identifie comme géré par une femme,Coiffure Rif Style,https://instagram.com/othman_coiffeur1?igshid=YmMyMTA2M2Y=,"4,6",https://lh3.googleusercontent.com/p/AF1QipN9FmsgYtYoX8ILnWLDrWyp7I74pQMwQMCnWWo|https://lh3.googleusercontent.com/p/AF1QipPje7mOdoi70BKpFwasbkggWK6B2U2KFiOZv5Q|https://lh3.googleusercontent.com/p/AF1QipNhqMLYuJ-swXM4RxKmz07FYvMeuoOn587dgtY|https://lh3.googleusercontent.com/p/AF1QipP6rNdAM6eK0UBR1w-sf7l8kS-RDMAurlTGPAc|https://lh3.googleusercontent.com/p/AF1QipMRnw0gj4smNC68nEDFDjMGRrK1KK1glcuH_M0|https://lh3.googleusercontent.com/p/AF1QipOkwJy08feWfDz7DFY9gAdgVm6D9VZnObtyftM|https://lh3.googleusercontent.com/p/AF1QipMJS2tNcR5dtZfrE5-uXz91l9j-SUE3L-7cQBU|https://lh3.googleusercontent.com/p/AF1QipNwuusTZOheQL21bhsZ1EHKS3jFqtRritsWDmw|https://lh3.googleusercontent.com/p/AF1QipOTMOmcmetryyf2iFkGOgEvjGOmCEn68Vjiadk|https://lh3.googleusercontent.com/p/AF1QipNZiDh608o2qkHXWaTWWpnpcxDFUCQRyNjr1Mo|https://lh3.googleusercontent.com/p/AF1QipOHTyEaTDwRXOOXfqEuxltrf6w1bPbov9bGs6w|https://lh3.googleusercontent.com/p/AF1QipMFFMUMPBcKgMBvpYvwqBcT35MmHsoMEiRafD0|https://lh3.googleusercontent.com/p/AF1QipMgsS806hyJU40AqcVABrCi5GN6bw28zm52sJg|https://lh3.googleusercontent.com/p/AF1QipMKZc7Hw-WQVhp0wHGtwUk17m5NoXj7I6mttSc|https://lh3.googleusercontent.com/p/AF1QipNgE7MtjTJxlCdPSKNSU-2RcmwDB8UaEFndU-E|https://lh3.googleusercontent.com/p/AF1QipOZlYmVCol-gHWfZxHk4JXrklwJwAQV_WLgf6Q,"rue 301, Nador 62000",https://lh3.googleusercontent.com/p/AF1QipN9FmsgYtYoX8ILnWLDrWyp7I74pQMwQMCnWWo,0636-054344
N/A,Nissmo Beauty Room,https://www.instagram.com/nissmo.beauty,"4,6",https://lh3.googleusercontent.com/p/AF1QipNYiR_yyGMgTvbp8rLPwiFGcdFfyRtQR3eng1cb|https://lh3.googleusercontent.com/p/AF1QipPCEp-_G9a1DJ-gNnQGjsrREvv88P0rrUUWKtY1|https://lh3.googleusercontent.com/p/AF1QipOesZ6a4eP6rCafQz458qxOuxHL1QpUfA1n8nmB|https://lh3.googleusercontent.com/gps-cs-s/AG0ilSz7bZXGjEXaGq4NmWD8cnumIYlRopLO1JOafq87zOJ4cOjumw8aGx5Sj67rJEfMeJ6KPcsgDB6f8Tp0Bu3OIFXohM5Id13u6-4bvw2d9CgfnSc6t9Tz8j8GRdB-Adc21-HTsDd8Lw|https://lh3.googleusercontent.com/gps-cs-s/AG0ilSxDt1kCpJVa_9TrSFpLkFBpausODW8RCadt5vKwFsKDcNr39RP91oovMDSHNUKXedValibRWGirzgcGvzj7k1OFyaWJfa5t091HqdmKHQlClk1dZCD5rHJsnvdNXWKxqlAv6p-8P5xX4RY|https://lh3.googleusercontent.com/p/AF1QipNm_BtQWIImHayu5U0Ijz_M-QFIrya6sGD9z8le|https://lh3.googleusercontent.com/p/AF1QipNab-VzaNXZYPg_P0XebwItRuTCbMvk9-LlF5SK|https://lh3.googleusercontent.com/p/AF1QipMKlKFuNo8NDgqJn1BNhd47Ad-zpXIcQSAT46vP|https://lh3.googleusercontent.com/gps-cs-s/AG0ilSwnVdOK9WDQgAmtsA7oDDDB1iDWE7MUlEbdfftsWScF4Ky6KZggTlasblDo-T12UoJ3jCKl3blHBjABdRBRLHBCJmJ42AAJbGKe-y6S5u8IzJq2fiy4tWR1Bgon-tJrtmpi8YCvdXDeEKZY|https://lh3.googleusercontent.com/gps-cs-s/AG0ilSxnoby7oof5c88O1ABD1c3nHmtgnQVj6iqLU43ITDnsdAKAp0YKhi1j95uX74B9WpI6Me5Ix0INNwQhkGPyVDFdUuWmyOZeJO5D4EGj9k9NQ0AfK0UJLbv7M5PY55yS2GkcBi5GZw|https://lh3.googleusercontent.com/p/AF1QipMBwyHVLFJJtUVPXYjhT1O9vjHNWhOI6ZnIqbwJ|https://lh3.googleusercontent.com/p/AF1QipNOm3_oI9cqYj_s9hzaWHLZMqvSgMJdLCcZXgVQ|https://lh3.googleusercontent.com/gps-cs-s/AG0ilSwnbLzXS2yyN7rtNryt-Nco3bcqBcmYnFdjWVH7M4jnYMZdjizT-JrTUL149gTgewG4zJOoNGWXCP18iQ-sQgJIGgn0Q6wsoMdwvhSIWFhoAwnVC4aXqqHzJN33sMcbgoT6FWcR|https://lh3.googleusercontent.com/p/AF1QipOwl6SgqvDOK13WApR8xGnHlOA_R0lsnB98HRZc|https://lh3.googleusercontent.com/gps-cs-s/AG0ilSx_pogCUewV2y95yOzxfsfytp4lYSwklv74DM4307Os_oIL0sOpg3tgC7ssFccPGkRIS8u0DeCgFV-lA8jF78hdNt7smUDJ9m8s7wlB7sRbMSNk1tgmc8BrChrT3fU68GC-eBBw|https://lh3.googleusercontent.com/p/AF1QipORRdN6sz05WesL9b4PwLKCRRfALji9KDITDO19|https://lh3.googleusercontent.com/gps-cs-s/AG0ilSw2-FT1heXn9aVrgkSnQqjLouv3O72kfyED9jGLitks5MJ-v81hSk6hNl3u1HOirbpQYqq0iu9SToDzi2Ygjc41og94iEEHs3UJ_PhbqwXT6bEpaLRxmQw9WVyx2bEXyfFopN0B|https://lh3.googleusercontent.com/p/AF1QipMgt9I1WzpBABLQdwbqOIT26fK-y3CsscKxJs5n|https://lh3.googleusercontent.com/gps-cs-s/AG0ilSy7vYwB-hK-k7igd6nLQ0WYle1bMiNjbQwqTbx62oWUJJ6iLnSESXQGXNfjaO6elSZRBPgD06EBiC2VTzDYuHHbz8OJtr3fqlxnzOWPnJrryR3pUQAJ4hEIMkmTAwePzz7d1VMQ1w|https://lh3.googleusercontent.com/gps-cs-s/AG0ilSzz96_JWmWSTo55c4OR5OgZMQZ-IOmpNcyWKKcX7S2vC84lUD919ze-ABQ43xAC20Xe3G4a4cdRcYeKj0KxdmtPud8kntKrsVdr9OaCchGSV-cmG2B7rLJQI7GqeggXhmGDW3z9urTGdU3h,"30 rue 4, Av. ABDELKARIM ELKHATTABI, Nador 26000",https://lh3.googleusercontent.com/p/AF1QipNYiR_yyGMgTvbp8rLPwiFGcdFfyRtQR3eng1cb,0667-581427
N/A,المقص الذهبي,https://www.instagram.com/thebarber.gold?igsh=NDZhc2ZmdHo2NXJw,"4,9",https://lh3.googleusercontent.com/gps-cs-s/AG0ilSx_1CjbNKTlsizMckUcK9DY9RDumVVKVVkeSK5YlBZIJK5msUOMMgtrNgH5geSK1yKBgMXMMuvLexTpTtZ60Jc64Vk9JMgfUCvAT2YTo7ZjHwPmd4qvOt8fgF39y2_OUegCwgIizPLmT11I|https://lh3.googleusercontent.com/p/AF1QipOfhJjzn09w4UglpsGuEbYtjf4VB9Qdiy3CpgXe|https://lh3.googleusercontent.com/gps-cs-s/AG0ilSzcXTU-RyS3g9wgiJ4lsBfBaTpnrH3-FjN03HDGYUN9LFADKtjYEVdVxLWXnSYgaGugM0MW63dCYQh9mMZvKizgF-a2njJgg_5f9jWutddhbd7EVqk8QcHT-Vmzox2CExHoTK5T2g|https://lh3.googleusercontent.com/gps-cs-s/AG0ilSyW3Uzy2CUnh3odbexePlD9zrBp5iITvP8_5DsdVs9yf8eUJNx-wKvflywEUUl88HEnAnfmDsvpkvY-qJYHHRhNVKrLzd0YL0PPXEhSH_TbrqH2zLrAUEcAfODw6KdRfse_B_ADFQ|https://lh3.googleusercontent.com/p/AF1QipPH-uma2BFWwwfLpqeiNNny2QACQZ6jDdo8BAPP|https://lh3.googleusercontent.com/p/AF1QipNhWBt897KEM6cxRAnLT-tTILbia5oH8hk2-z4j|https://lh3.googleusercontent.com/p/AF1QipPugjYfOSKqwQj84JL6sOTruVm7qJAtL04_vMlr|https://lh3.googleusercontent.com/p/AF1QipOvVNBG8mSsRfWVWy3G32htydKPdruUJkALChfr,"Ave Des Far, Nador",https://lh3.googleusercontent.com/gps-cs-s/AG0ilSx_1CjbNKTlsizMckUcK9DY9RDumVVKVVkeSK5YlBZIJK5msUOMMgtrNgH5geSK1yKBgMXMMuvLexTpTtZ60Jc64Vk9JMgfUCvAT2YTo7ZjHwPmd4qvOt8fgF39y2_OUegCwgIizPLmT11I,0622-790948
S'identifie comme géré par une femme,Coin de Beauté by Hos Hos,https://instagram.com/lashes_by_hoshos?igshid=YmMyMTA2M2Y=,"5,0",https://lh3.googleusercontent.com/p/AF1QipMso-o0mNqoIYOBp9B5dFz95UR6i2Lu1qt1oTFK|https://lh3.googleusercontent.com/p/AF1QipPxgZDE8lSolmQxeIwJV594-rAy8k0eysopsntx|https://lh3.googleusercontent.com/p/AF1QipN4s3vKOYvYV6ZFZkvZais-1CmK9eq9YFYQokL1|https://lh3.googleusercontent.com/p/AF1QipP9CYJ5JtashmN1JbqMbrIgXr26wp056i78vEil|https://lh3.googleusercontent.com/p/AF1QipNyaaLjnEyJRwifsOwQ0kh0jlT0Qpp2J8p-1vM8|https://lh3.googleusercontent.com/p/AF1QipMwCcPsq66QpWmCKEZt4eJ8xrtSvzZWgxpveH9p|https://lh3.googleusercontent.com/p/AF1QipPOEKylvKTVIUt_d66jP5ZMEJbbCGDUBsibeyRh,"51 Rue JAMAL EDDINE EL AFGHANI, Nador 62000",https://lh3.googleusercontent.com/p/AF1QipMso-o0mNqoIYOBp9B5dFz95UR6i2Lu1qt1oTFK,0600-974390
N/A,Coiffeure Elégance حلاقة الاناقة,https://www.instagram.com/othman_coiffeur1/,"4,9",https://lh3.googleusercontent.com/gps-cs-s/AG0ilSxNb911x9XBnbJzaGeTWYarymWCcH6RiZ03D1grT542IzUdmjLVGF0WXBlToRLBUHghCYoRk1s76UQXpMBTZlGPv21ZhnAw4CuimIuu_MkGwWwFbZYbIMJ-8xHPzpMBaLMXohSb|https://lh3.googleusercontent.com/gps-cs-s/AG0ilSwedFRNEDkJZnooTitZfHaH-9VFBWHy7ixV7kghDMI9iQ6e4DZEL-i5oK5mo7lMkg7CelSydh-nF2x3DmdILLCGidxh2PCPIBuBqmRcLpiUDCeBl4IKey7Ro_aca60JTV3QwrtZnQ|https://lh3.googleusercontent.com/gps-cs-s/AG0ilSzJDI-RWxi8PNjY7kI28YY12WdSzvEwQ2K7A7oMaPDn3Wkq0lCNfZZhJaPi5TfwWUiRjuSyyHfokeIP2G74e-CrGr42VOVvsX0jeS_p5pIKQWnuN2XdDZvtmn7QsxQ9rs63M7MF|https://lh3.googleusercontent.com/gps-cs-s/AG0ilSwcAf7pXkZQ3nibOsni9_LHTKK4dyC-Gtu7aTgzUqPy9KaKCItYgTSYXbFCtk3uPwL3iQPisic01s0-rAFyZTH4-oVZsjPzIdo8qgwUZ3QZAt-_bQqDtxVk9tdCAojTN4jxqZLi6w|https://lh3.googleusercontent.com/gps-cs-s/AG0ilSzaqbI1xdmWjbK_TI6t0Inj2BkGsIotNa21qHk9sDSS7dFHAKsEkchrEARiRp-n1Xrh4JpyvMaDrU5VVr1zXttplJgXkJPnfa8UCqiMLw7qXMm_7bQlS_QkiNWoJzB1mS559A3rCA|https://lh3.googleusercontent.com/gps-cs-s/AG0ilSzLmHULIha-_fAbWpIGUe4xxhlVc70OypXjBcS7kdNOHGtgUWzc-TcB0w-_RU725E8BQvFP2r-HFj-lZhSecw1VP7oM2bFmrDbZWDkTk0nvn_9lZe15gt0z2v4snysLYt2iyYCqGg|https://lh3.googleusercontent.com/gps-cs-s/AG0ilSzliloxTjt_pleFCxWGoTQt_HoooMnvhIUMpg9tLVMIgcAipglKOpBYMQRqrU6SwzsOekePEPBFQSdDBxvDPUw0xKih8X-laodoz0ZUxwRZGlCKVT_zNgV9dQZWAJ2MnMp_W8pE|https://lh3.googleusercontent.com/gps-cs-s/AG0ilSxCD-vxpCbhMh8cJzJYBXULwTEz6pmz6lgAqfN2W0lwAcEgMVNUjk1UHFeQm3TQPNyrmFFTZ945SRoqygaGFTH0eE1pPmxH42VlrRIM44_IsgiJ_86gC215MvKyJeZpz1n8zBgT,"Rue Marrakech, Nador",https://lh3.googleusercontent.com/gps-cs-s/AG0ilSxNb911x9XBnbJzaGeTWYarymWCcH6RiZ03D1grT542IzUdmjLVGF0WXBlToRLBUHghCYoRk1s76UQXpMBTZlGPv21ZhnAw4CuimIuu_MkGwWwFbZYbIMJ-8xHPzpMBaLMXohSb,0681-718600
N/A,Centre Beauté Luxe,N/A,"4,2",https://lh3.googleusercontent.com/p/AF1QipPTaLF3h9k47LCefLwt2vb3zFGRuQcyrb_UaNU6|https://lh3.googleusercontent.com/p/AF1QipONm8_b7S0R-uTMkranA5U9_FC1XVlytCNN3gI7|https://lh3.googleusercontent.com/p/AF1QipNzuNWl3UwTi-FK3QtjG6ejYWy95vy8T91nmlwD|https://lh3.googleusercontent.com/p/AF1QipNZqAZ1fNq9PKfqGrEXzLRBj7dAeL6TzQNrehis|https://lh3.googleusercontent.com/gps-cs-s/AG0ilSwTv2k_C2cU55O4zr8JktZMJTn1kT8mWDf0dXJT4DeqKddTrFsflEgUHoVciwOxMH5BF8QjMOM4nIYluFDr6O9H0V_lXEbl2NePRMpLOaeKTsaSvoq082dSjIyCj9VNFVv_ya6zwA|https://lh3.googleusercontent.com/gps-cs-s/AG0ilSx0CwOqZhqqbjbIQvnoZcMCvDGXQQfYi3Qyt2qc0epL-RZKzBZHjna_xdLe93EO9sOtdJlsYy1Bh5mRf9ndXNJ2QDUF2FW48ab8YLFk8mNNylMiWasztGFTcjtqLKFmfRX7lHBaag|https://lh3.googleusercontent.com/p/AF1QipPqUtnuxTp1PoIiK_wsg5gLQT1OVo9TgauePzot|https://lh3.googleusercontent.com/p/AF1QipNwD90418GaqL7iwlo83D8Sp6JqNSd6c__YDCRw|https://lh3.googleusercontent.com/p/AF1QipNEaZfI527_yAvkZ3WzGYylJcLJ-aeaQSENuvA7|https://lh3.googleusercontent.com/p/AF1QipMf10AGrm5aKTECwLzFt32jP5cWVEgWrFaHavjx|https://lh3.googleusercontent.com/p/AF1QipMUfJdOwm94EPS0fn85I4aZL3flJgvrLVg81Jhj|https://lh3.googleusercontent.com/p/AF1QipPPuypESHDcObV0uyoMHd_5y6mk1X6Syv_kodTT|https://lh3.googleusercontent.com/p/AF1QipMYSB825AOhPOXPtPIrMKU6V6YsT05IysgbgfyZ|https://lh3.googleusercontent.com/p/AF1QipNQ-FAc6EYVIqYltTbHWQg-r7tzp9d8buwAb5tz|https://lh3.googleusercontent.com/p/AF1QipOgrVLGP7ozUESHFmQmjB7IoZ7vazgmmdQ_Tp3U|https://lh3.googleusercontent.com/p/AF1QipPjeAGKJrTpW2t0AgbjJOJv9hCar13qnivp6Z8z|https://lh3.googleusercontent.com/p/AF1QipPzEhrZ6CnDTdAAhGNOuuYBGJuN5LHFu55eI-rQ|https://lh3.googleusercontent.com/p/AF1QipOwzikytcPu2Jg8yMxgz9pi5XI0b-9PI70A6ieC|https://lh3.googleusercontent.com/p/AF1QipPY51UPtR4O9GVraZzL76LC6i2UOSsR2Uc4Es5j|https://lh3.googleusercontent.com/p/AF1QipPpbxpH4E9gAJt488XNV24R6MlO73QsEICK44vL,N/A,https://lh3.googleusercontent.com/p/AF1QipPTaLF3h9k47LCefLwt2vb3zFGRuQcyrb_UaNU6,0767-514048
N/A,Fouzia Beauty & Spa,N/A,"3,3",https://lh3.googleusercontent.com/gps-cs-s/AG0ilSxzNwKJEfhxxRXN9EgVd0_t58aifg970-OCB1cboXgYEblNQYfss_8TRuj5muoRv7Oy6EtZtlFYrJXWGR94VGOdR1hYkIG7aTLzy9CyIWf2GWyKd-P_a-9531yREuV0077aJXLTDw|https://lh3.googleusercontent.com/gps-cs-s/AG0ilSxLWNZ5z0BGodWBUmKLzbjQJX4-R8U7phbCP4vg3WTDWW_H46IhHxEWxj4Ysfr5p1hMbs2_aDxOpW6i-B_bwXgRIf4UYZd-TZtdhRxlKK8euCOCRq6JQCv1SAX3r-4dXmbz46gb|https://lh3.googleusercontent.com/gps-cs-s/AG0ilSyj38C3m3q6M5pxVQ9uEBL5QGmKr_bt3wX1PLbeUEN9Q7lyATYSOWUBXoO3Qu3V6RC5sAw3uuSXtrsXxvsiYdEwyZyXHX-hrU35p-ItRil3hBcaqS6Neh3AkPaRkausUm3_iAw|https://lh3.googleusercontent.com/gps-cs-s/AG0ilSyQmlQvx_7XUbHFQubpiljXURaaWgKQ_GhxuzS8DERFHe3dxCLZecRlAdaPcYYvkgrJgpjeojZcgQphcQqrQTHu64bcOkrAWPsPHU6NmvW53Vg9gz201DDYc6M0ix003dD2H8_wQA|https://lh3.googleusercontent.com/gps-cs-s/AG0ilSzeU1VPzyLfEe4rCndllkS-4ANB4D_Ve4MIlYHjaUP0AW6giOMs675ghVBVzfs81bOIqHWjjg306FIDPacptWFp81TxV-H3aCzs2mcsrA8YKf8XF7e8Z-9wTaCtokKAviqyzQIL|https://lh3.googleusercontent.com/gps-cs-s/AG0ilSwipj6NZO4GT3durcZm0BON12xj5POmCQtkWvjoY7p6cCqMuwBvTP5SCj0Dw1vTinUEEXiBv0VvVSZZoZwp30LrPgy9-o9mMxK9c5CT8DNNUSvE7sSEROqAir5g2y0tM5YA_URT|https://lh3.googleusercontent.com/gps-cs-s/AG0ilSyxcHf2vju3tfT22UvjH1FvjXkq7sn1xn-dm7Xsp2Q3sJ06wjFXMl3Gnxx2OtSFj0p0eC43asdcqUV8gNoD4AjWHg0G9IbixOGImyug0UhE_M7jg_IhfkgOazBASr0KB65ihVmavQ|https://lh3.googleusercontent.com/gps-cs-s/AG0ilSzs7OacQcIB3mKz9rYX89CNc8SF63GbnWCY-F3FZQN0P3VHTS5VECPQXkwCEzjI6d9sF7sU_EEQdT86zcI8tCve0kXLjxp9CLcuCfUxPDvied-yjyV3AeY3A-bY8DRHp8I2aYEk7Q,"53GC+8XG, Nador",https://lh3.googleusercontent.com/gps-cs-s/AG0ilSxzNwKJEfhxxRXN9EgVd0_t58aifg970-OCB1cboXgYEblNQYfss_8TRuj5muoRv7Oy6EtZtlFYrJXWGR94VGOdR1hYkIG7aTLzy9CyIWf2GWyKd-P_a-9531yREuV0077aJXLTDw,0636-773737
N/A,Sisters Beauty Center,https://www.instagram.com/sisters_beauty_center.sr?igsh=MXAzMDg2ODU0ZHNyZA==&utm_source=qr,"4,7",https://lh3.googleusercontent.com/gps-cs-s/AG0ilSwpYc6hRVarv2LWuNaPqz0gKoSdIjodnwApXZ5O94SHj4UaY3FmBjtyhccvtM1HojEOW-FrumBd89AFEgic0PD8K4LR0_fktk827ouJH0tAxOsDLNdRc4S1z3ani1YxHwWP9O63wSnXLBFn|https://lh3.googleusercontent.com/gps-cs-s/AG0ilSx2C9lUkdkXvCSLMeN87mZi2QLDZPP_HGCmHaWoUT-V8-hk6OrxqvQpreTkOUTptx71c0cjsnsNzLjsxLzfHbqtKn52w6-n1gptZ42-krEiWd9Jqym9o8lz38JnikcAV9tCStMj7Y7qMEfA|https://lh3.googleusercontent.com/gps-cs-s/AG0ilSxvzI87UFO3N4axeLo5PT-KPw-FEvfLjuroMcv35XeNRO0Stwi87j1rX7s7b1kCiQSn1IwLyJOlbRP_22Bvwi10k_2Urerw8jDa8Pp9jnD6xnwRK3QRBxIh3f4ZJWtizTRTevYs8Cr9pPQ2|https://lh3.googleusercontent.com/gps-cs-s/AG0ilSyFLLaZwd-0o0U0z2UYXxPm38zo8ZE6ArU_Z343kqJFfYHMjKXE6IUARTXPLrFOyEzJaUtZRArTXm5Jeb9t7DatH9bbrwX573i0XsQn5bQB_SFU1pmBNdloRsTKHv-2mwZTqovYtuGn2XoH|https://lh3.googleusercontent.com/gps-cs-s/AG0ilSyoozASQVAMBJWMn1Gu25wtVJcLzvSly_7pK8-2K1VwWMQULq-24TVjoTMmXOk6WM5UKfNcPTea9OVeAujW82J7rIJrbcosaZcqpaPqiJR3TVs3g5-ckX3IjJr9hYw9B4O4mwiwzfW53qQ|https://lh3.googleusercontent.com/gps-cs-s/AG0ilSxEwvLYUKyI9daV75np5O4cI9on-sTkBFajVd8UJNUwxKr58YuWtNiHnW618dV5BhNNckM5zyFsqEGWPVUr8qg5GQPg4LXRP8zWU69X15BL6KeI_0zAcBZPdsdVDjfOsnkXnYDCr57NVuIt|https://lh3.googleusercontent.com/gps-cs-s/AG0ilSxD_zRkIhSmrx5LH2fuXYJjmATC_gq0DROSPi_1SvZqMQ0HnqIDJqfThN9uG2bTFSfnLdbPLYFTPXJi2huw9cve2Q-JEVs1AekgSGKolUp_mQBFNVxAxZgWcp63LT3BbdXZ4birBrW6P9SQ|https://lh3.googleusercontent.com/gps-cs-s/AG0ilSzPPba1wqXtwY1sCXMsLw0lqNx6hIM26ZX6LoAe2VcxwqOlMsuVbjwaDp_ks_EZpUrSPZJrxon40RK3Qfm_aHGhlo2n0Jo6nATGs6XveXUl8VoBozJr_w1jscwixi0CvJAgSnTSRtO8rvY,"53HC+2MX, Nador",https://lh3.googleusercontent.com/gps-cs-s/AG0ilSwpYc6hRVarv2LWuNaPqz0gKoSdIjodnwApXZ5O94SHj4UaY3FmBjtyhccvtM1HojEOW-FrumBd89AFEgic0PD8K4LR0_fktk827ouJH0tAxOsDLNdRc4S1z3ani1YxHwWP9O63wSnXLBFn,0624-987293
N/A,NeoCosmo,N/A,"4,6",,"53CC+F4X, Av. Hassan I, Nador",N/A,05363-35757
N/A,O'Natur'elle,N/A,"4,7",https://lh3.googleusercontent.com/gps-cs-s/AG0ilSySz8GkBpU5AhsO31jLGtH5PuMwn13ol0n2NWrbS10Hwz8A8cmiOLMfmein_G8vALveFfZlrpQOS_th_ugiyShd-GlxTSJn62BTCBI9c4DXa1P-MU2sraXIqIgCspH1-_WvQq5A|https://lh3.googleusercontent.com/gps-cs-s/AG0ilSzA574W7DbsRfC7AcJlTkW7eci5yfTSqCskDvneeB7a4s7p296mlQbQTsss4qr12yjg99eMobuPhAhd3BG8Ks8YsizsEZR2lntxi74LTDq5Qv9f9PFo84uQjLkfIHmJUz2LWD49|https://lh3.googleusercontent.com/gps-cs-s/AG0ilSzCXNDX-P215VNL-0lM3O-mhPv8gN46a859SZd-nicoPVPv6zwYdGs49FTB5_u5s2yQibVdXv7lf_HRKokIqzQo0IwVp2j63TcMXkwhp1Guamc5JCHUfoLPkd8utdlPn1jkrD3n,"53JG+75W, Nador",https://lh3.googleusercontent.com/gps-cs-s/AG0ilSySz8GkBpU5AhsO31jLGtH5PuMwn13ol0n2NWrbS10Hwz8A8cmiOLMfmein_G8vALveFfZlrpQOS_th_ugiyShd-GlxTSJn62BTCBI9c4DXa1P-MU2sraXIqIgCspH1-_WvQq5A,0634-333650
N/A,Maliani Beauty,https://instagram.com/malianibeauty?igshid=MzRlODBiNWFlZA==,N/A,,"Av. Hassan II, Nador 62000",N/A,0610-120521
N/A,Fadoua Beauty,N/A,"5,0",https://lh3.googleusercontent.com/gps-cs-s/AG0ilSww-2iPpwkZYZFKEOSJcMOFKxdbPnWXDDPlnPSSRgLuy19FIxDDh8qJEK2hghZuBuGjatQ1xNagkf0zDpNUwWds4TenS-IEAp2Ymbg5bb71tbakj7GuPAsosgtJVCvsNB9ZodE8C-I7S1nv|https://lh3.googleusercontent.com/gps-cs-s/AG0ilSyCqanjAFWBz4TDDoN4zlH92LEb29CLfihw1q-KQISKB3fNopGFJu5DKO-kok37z-_j8eWsjyuLky5J7IIkiCXeLeO8mVcAKUK_jOESpr-I_jdX56h7NdLDC2vSOINnQFDNJjB2y7CsLzrL|https://lh3.googleusercontent.com/gps-cs-s/AG0ilSxx-vvWYosKYjbfpOXouccRzQ4ux1ZRKo2pQ61ETfZ6Y8yQgLq4O_5x0VeYZoAv7yUCljlc3btpTVimPJZ7r_7uYvVu3YjZBz2lyYNO0ZTJjfC1P_i80DSXadnpmly6HqUNl313yRNR0oaQ|https://lh3.googleusercontent.com/gps-cs-s/AG0ilSwT5P2yiXFeJQKoMvvp3pvpRd5xmRJJFMMtposov-NMVWpctn1WkSKuWL3IUWj6r5UECvp-EDb9EeEY8C-bl9Pb9Fptxc-VbqUz-YFMe15tNWF7pAPNTXlVl_WL5mq10knaF8609bPfgLKL|https://lh3.googleusercontent.com/gps-cs-s/AG0ilSy1Agm16s08TYs1BBoFlPhJsR9tSSMwPk4OZ9ZxVl7wQBmEGRrDDgk7uORbEiWA4MgCX8KGL5T3dUcvsFjW4VopL7WrQU7LFfBlVFtmTQ-mAMDkMWxefHoBM93PPMDPbjLPuPhH6-JzIa4|https://lh3.googleusercontent.com/gps-cs-s/AG0ilSxn_mdESqEkG7ki0MqAeP4--j2yJqysMQqLr3Jdlv-Qii-WsJlIyEyRfH8kqaxb6qRXfvR7ZjL43Y8s9OZvvrQEQB5Ub4XkSmfuo86VcQYIQZQwdg0RexQfXzN_-VKRBO8MS2eTwAA6sKk|https://lh3.googleusercontent.com/gps-cs-s/AG0ilSzkcix02natk0bxcPV-b5hsXPeTOj_dxouBVkpAmo0PuzaZ_CdR0LxTY_A_dxm4nwOi4QBuys2CbLj1Gzm8kWJyXVUuaNaLivzB_65PkL2W7umOYAtG50q9GMqIOm3ACn_abL8l3_p3rY46,"53MG+22P, Av. IBN KHALDOUNE, Nador",https://lh3.googleusercontent.com/gps-cs-s/AG0ilSww-2iPpwkZYZFKEOSJcMOFKxdbPnWXDDPlnPSSRgLuy19FIxDDh8qJEK2hghZuBuGjatQ1xNagkf0zDpNUwWds4TenS-IEAp2Ymbg5bb71tbakj7GuPAsosgtJVCvsNB9ZodE8C-I7S1nv,0707-432981
N/A,Salon Reina Beauty : Coiffure & Esthétique,https://www.instagram.com/reiina.beauty/,"3,9",https://lh3.googleusercontent.com/gps-cs-s/AG0ilSy0kuvj12eKsTNQJHOx4DasCEbN7XapPr2AiSO9-fokFWgtfPESiZWRvZmXlahMKPHyKtS0gL77yiUierc-bFvz_gWApL7Xzun4pPUMgXQ22QRacI7w_fi2JGLQAhD_4jSKHi3Zag|https://lh3.googleusercontent.com/gps-cs-s/AG0ilSy7l5NMfqBP9uyicnJITbTlAvZlgu0SL_hGKRyQWCqvETr4iPKva7laB8Cldq16MEyC5IxDsuof9Hsqz1p_hvbp7EO6EC3kT5DFfHIxJeqyCePV8z2jeOyuIvCk_KYIHDTId_TS0Q|https://lh3.googleusercontent.com/gps-cs-s/AG0ilSxd0QdEVyTlJ0NVXjrm2eGFq9EylDu2syW4DvAm14n6MISGhYPg1rIx-PTRXrVM0Ff2Yp7444eMNbobNozZPOueAnnhDAPhwmNUm5RfK3W3OdkjtSimK52vZZmhT5cMeenZRLuCccrrkruF|https://lh3.googleusercontent.com/gps-cs-s/AG0ilSzbCCdtYiZLzQHsyGD8KGS83X6HI0ABKVAxXBQ6BlPsKrx2qmymubW0GuwYZTL9z2gVoQtYPPc3Z2AG7y5dxD2iM5HU9cNX8IwecH2vzHXdpNBya1Z-qCdiR3qRadRrrQlFRcLGBdU2GyC-|https://lh3.googleusercontent.com/gps-cs-s/AG0ilSyaigj7nPqp0RYZSms2MMGx6p5nmCbh2r3NbfV0K23ms8TlW93ROV0oCXOuLI0iEMcM6DUh0UWHZX7yopnclbnuGyC2RknyQKzs-TUZvgfWmgPziS5o-4fsTM5s8oAxgFcJ11cz|https://lh3.googleusercontent.com/p/AF1QipMcMtir8Cjt3k5K3D4qUbvGw87NWrkso3X_fklv|https://lh3.googleusercontent.com/gps-cs-s/AG0ilSyKdJfSMKCuRH6Rlj-oM6nODYrS3IX77LFJ9sYHYNrt62rbVIHyJi3nHY0m7YL08H63mL-kujLOdJLlcGsZjJ7sCPj_Ecxfur321uw7YVGRdEoxg8KFyrYpth5-8WvKLLjZQXU|https://lh3.googleusercontent.com/gps-cs-s/AG0ilSxyLto-VerX6lKvkOeMe7XopGlaSnVc8qehY-hLa9-DkWXiQyKXozuxF7voFqYQmX26nwpPzrR6qUOydWeL6EvNh8eVk-HAtYbgLPCbvyp0P50vFVCm36_h-XPshFX8Z2-bJj8|https://lh3.googleusercontent.com/gps-cs-s/AG0ilSyql3Z2sx_1tbdFfxYR4k9c9r1yEAmrAlLrBucs42zhExJ0lnMuhwRrDnpb0hWzsWoVt6mNC8geM06I0LW_riR8Di_l0-L5QW7yccP2loewvnt0BTlBVfMgzQfwPpl_J1jqsIua|https://lh3.googleusercontent.com/gps-cs-s/AG0ilSywiOV7AqolLFlfD3sXYnzOjoi2rpmrKCVahET_7WJLXCkYMKPtIAcQDglCIFA_KSyAPZANkfXwZhKjrfyJyl4CiMWudYosp4BxJz06eq0_uvlmiYWKbjRsYDDu3O5WWO3dbM2k,"Rue khalid ben el oualid, Nador",https://lh3.googleusercontent.com/gps-cs-s/AG0ilSy0kuvj12eKsTNQJHOx4DasCEbN7XapPr2AiSO9-fokFWgtfPESiZWRvZmXlahMKPHyKtS0gL77yiUierc-bFvz_gWApL7Xzun4pPUMgXQ22QRacI7w_fi2JGLQAhD_4jSKHi3Zag,0626-624853
N/A,La Barberia del Nador,http://labarberia.company.site/,"4,8",https://lh3.googleusercontent.com/gps-cs-s/AG0ilSxfFKcRvowoOwKa1LwSnlWfoNDPughpg0ZNRQTlpwU9q_XmSpwj7GLORoI22HR5GsM0yioQmx1ktWBBLdyt2MCSNbTe9gB_BfpWw_l8LhGCqB1-Adfohi7u1M7ffqqBZ_KAWjyhg8ERt4X3|https://lh3.googleusercontent.com/gps-cs-s/AG0ilSx936qMNRi5r4qxPMQQ8-2QnEsbFw_7w_i57wP08kG0GTYdTuoWwS2hcD8BZCqQF5blKNHB76h9Og6Dc51-0zyYnmhZ9kfa5rZq0denbpH6mf-72OE4EDMDfwZiI2zrzrbzOapEbMUpMBM|https://lh3.googleusercontent.com/gps-cs-s/AG0ilSyw4pnru_pvbKE5FAxSXAFGsGiXvD3B4_MZR4DmlJg2oKRq_9yZZDOkRhQnwBHtXb0xFOZN3n7xpKIEA--gAzqO2GfOrZteTRRMDQZLPBqqvZxoKJ44dKOkz8Rv7rB4nf3gpf603HSCnsRz|https://lh3.googleusercontent.com/gps-cs-s/AG0ilSx7DseWVKwWMILP_nMnObH6Pak_RjkiTiSS_-Yv7F3S1DadaxdARymqQYwYD3TZYgQoXdGAMsUSD-3czijnjIZ5PeetxuG0rJsPBih1f6HL3t07Y-mhE8dm9XdwWGtb7Qx6EAjOXB0dKHsa|https://lh3.googleusercontent.com/gps-cs-s/AG0ilSz99w3je2pRxNCwY9wLZkXIBpS0nCJ1ySxPlVvDJor0qCe4x9KcP4POQELf4pqRLBpTksbAp9gXE8rvEQTX7BkxZl6HRiNzcGu93MrLJ0g2ovTbXaNsJ9jDo7KGNeQGPbtVbsu76AoFdJaC|https://lh3.googleusercontent.com/gps-cs-s/AG0ilSyRZGPlPU7utZz9fOLib_98Vfs_oDYrw9VBBSp0o_bZ_iY0WmLY_KeLxLgYYaPcyMqHEvl0-bdLBBPUGLnXEsg9WMtnivWrvrUJLG6HuSySTqygHYTuMd96HI2aMhxtMl8chb8|https://lh3.googleusercontent.com/gps-cs-s/AG0ilSycKPPNDgoO3MyLAK_LMBY3lvKf-aQWnhGlqU_jb-xZqiQ5UIT_q8L568qXHIEMv5a9oPfeFPHE8c5sii40FoaoO5Fg-KczjudaCj5SawoL4qGInIre49Xg5S225F7YbibwSGG_aQ|https://lh3.googleusercontent.com/gps-cs-s/AG0ilSxlsJLjfPcJre2ujYoA1Ky8ydqs3me0mV0PjiEfvQ5MPtd4ExTZk4BFNj5Y_z0471RN4lYAz4u_SX8L5JaJVLJpiw_E9BBvpfJGuF3bah4tZbQC3_lv32PIRJxwY3Uwd-nuwgsYiAoM1Mkg,N/A,https://lh3.googleusercontent.com/gps-cs-s/AG0ilSxfFKcRvowoOwKa1LwSnlWfoNDPughpg0ZNRQTlpwU9q_XmSpwj7GLORoI22HR5GsM0yioQmx1ktWBBLdyt2MCSNbTe9gB_BfpWw_l8LhGCqB1-Adfohi7u1M7ffqqBZ_KAWjyhg8ERt4X3,0708-060233
N/A,Salon cheraton,N/A,"2,8",https://lh3.googleusercontent.com/gps-cs-s/AG0ilSyyOIUv5Hk2WOImkLSrQwN2iOgGsO8G_iKMHBKtDDzefqF_oBYwlN8SwbXsdnmzk2sQtROpkMIGvSL5RmEItJ1niq-pdDJ3QdtLKkiP_BDO4qdz49cgKIJJu-wcTy7pqpbr0dZ_eg,"53CC+G62, Av. Hassan I, Nador",https://lh3.googleusercontent.com/gps-cs-s/AG0ilSyyOIUv5Hk2WOImkLSrQwN2iOgGsO8G_iKMHBKtDDzefqF_oBYwlN8SwbXsdnmzk2sQtROpkMIGvSL5RmEItJ1niq-pdDJ3QdtLKkiP_BDO4qdz49cgKIJJu-wcTy7pqpbr0dZ_eg,0609-312440
N/A,Aziza Beauty Salon,N/A,"5,0",https://lh3.googleusercontent.com/p/AF1QipPqwvVTe25FT_QxzLy29-ePlp94zTjHqnK0zILV|https://lh3.googleusercontent.com/p/AF1QipOoiQzwK1-YDUZCpJT9i8thxrVKvMWYJfSbP5FC|https://lh3.googleusercontent.com/p/AF1QipMJThHo_gKvBdvZ_Fbg48F8fEml7rwPkxccdTec|https://lh3.googleusercontent.com/p/AF1QipPE8M6sw2sCCCXTGcqrhWZva8a2OxHo8ZZaUriB|https://lh3.googleusercontent.com/p/AF1QipOJ07S7i8SzAu5rL5FoNiPsdTE_t199CS9AaKwZ|https://lh3.googleusercontent.com/p/AF1QipNEQj_YMNEbqgCSRVq2eWbh-NNeDnwQcUeu03ul,"Rue 01, No. 19, QT, Nador 62026",https://lh3.googleusercontent.com/p/AF1QipPqwvVTe25FT_QxzLy29-ePlp94zTjHqnK0zILV,0662-171491
N/A,صالون الحلاقة حسام,N/A,"4,1",https://lh3.googleusercontent.com/gps-cs-s/AG0ilSyrnIlVWXLpoT_vz9EyL5Wp8dYWgyvaYl-8XMsFZSRRCaKnpGydxTCa_DDN6Guns5PVaKY_oRv-5K2Ppm7sCbC-bjCvJMZJ5zYgbe5BDr7u9soGTUAsnRc89mP_nInZgqCbptBwcQ|https://lh3.googleusercontent.com/gps-cs-s/AG0ilSzv6O4rfkj5MFt9wByISg2h7sYDJ_r5qKu9NpccWhD6DiZBhIz4EYXkdAUOnOzVViNRzyP1fnQsWav6IC335kHacIcDrCsk-Wg_2PV-c24X4BXVDbf6FLGAxYtK3H-9OdkmAU0|https://lh3.googleusercontent.com/gps-cs-s/AG0ilSzFEv1po1ePp4Br854tJxS97Y1v3dyj4pouwHB53f5cu6wdB6pJzF9DRpx5yuTs85U4ud0UgG1NITazbeJGv2Mh3GRGqe5ucklfv1HW5y8ecTyHaSAYBd4ZTVyB4wyPB74tnzr14A|https://lh3.googleusercontent.com/gps-cs-s/AG0ilSy7oXpF54vraNZFtJ3i56-5ymdA6ew3JC3VSQf5ARemG5y28-ihYgiNuWAdYLqwI-k6cJeQtRpKOdgcgVf0qw_W8RMSeTQSaYPsI4gI_6XUz03uBwtuUmtFVOJdNnQ7hTi6cSL5qw|https://lh3.googleusercontent.com/gps-cs-s/AG0ilSyknbJePkk7gdbG93MrPF01LhXFHEKCkwIM0BOVSL4dtVaeNnU0GipoYl8-FCizZpBElp9c-YiLrIvomlH2US1xK9KZTCvTFYF95OJlE7KFeokgZ3OaSYsQl8BfIirdbzUyHE8|https://lh3.googleusercontent.com/gps-cs-s/AG0ilSyXRbjcxo2OP95B64JtixT4XAglbJ1q9Tf9F6h6PrlxkVAW_2HIP3lKJK4b3I5smEZw3aSJpdfUXr_EzNowIr-fUzUzJUScxcdICJIGXbe4Gi8v8UN8lUYpBs8owrNBgOUYZJw|https://lh3.googleusercontent.com/gps-cs-s/AG0ilSyJXtcI4LjJBM8jylSl5pLpFcUyZErry4VDMKw5d0rtZdY9qKvzl1yD6xdemac5EoriUCJ9LKaNIThkpqV8bbckpbtqFPMRamUgCt27wpd-kNFWupUbZcmc916IVk3Tg4w_XNE|https://lh3.googleusercontent.com/gps-cs-s/AG0ilSxvhBCnU4D67G1Gjpqetj-LupntjpTesojWSLIXEERAEEx7-G7jmw0zQMVcRegGcS3UHI6ZxMv4-7TYZNgTlmscd5G5XM2Auh3k45M90MnQH4a0VUvZlMDNyKi8eDARu32Fq0Jg|https://lh3.googleusercontent.com/gps-cs-s/AG0ilSz2aGsel-6AEbILsNsZO9R_PRXkDXhZe9w8GD0dWKL3vNGA-OvCT7a_c8jpYVxh7xpI-LtgAwU1Wm9qOvJvvWWCKCQ3Zb_VvudrapC_o5M4Qq8XZw_f_rpkiVxibTVabmehZA5i|https://lh3.googleusercontent.com/gps-cs-s/AG0ilSytWozw9CaFXhOT9eBFDiSKxvEL7KziqXqVwQqXw1SaPtcxo1w9MDqiEww-XxJXuYB92WoLMu6xtgPut7Vm27PDC6uOuagFehfXWS_qTclQl0F7MfHKwc0dKUHlRqpb2wfiRyQKpA|https://lh3.googleusercontent.com/gps-cs-s/AG0ilSy6SsMF9XyLu8Uxs_WhqBTTTOGKnfOrQPUtKCo0fyeX5s6_zqGL8iDrVZTdxBjN8rnTEhF40BU1mWWPZwvGof-qJtibEFdhqmUqJZvnI0vJbccZGtxBkUk4Wj7jdhSkDUE_bfJ5|https://lh3.googleusercontent.com/gps-cs-s/AG0ilSyMXYxV6Z9cVPv2r-C5KEdN2x5MqTx-3MRDNJ8jyj7WpDbirZrMLhP-IHtWZaVjlQvtpnxqfZ6nbAlnO_mT-nv8hGyyXBKdxumj9Txhx0QdjfY7igfpOsfE8hwBTpdoxGAvbieuRQ|https://lh3.googleusercontent.com/gps-cs-s/AG0ilSwrXdQ06IqPjetsiG8iIomGM28JHpPrGQHzhmlguAaDvd3HwvBezHmhNN0GmsevT6Sg1_Pblz-V9OYlIQEY59CP9M0akxJ5RfvCPUXeTLxtYNN3SJgLBVHw9Mocdj8UjEEqjVfj7Q|https://lh3.googleusercontent.com/gps-cs-s/AG0ilSysbN_heTPSS7kjc_TpWAeTlX6rRtQAIsO_6Eg5Q5Uu2H7lmpH9IJVsGlv2KJzqZv0HG_wpsv-cE-PyQz_rE71_iAjsr_kTOo3hLmBm0HdaHi0w0iXYuAgp-a6Hd2i9RAxaSI48|https://lh3.googleusercontent.com/gps-cs-s/AG0ilSxJPnl0BZdKFe3Sqz_E477ai6djjuTFfrBw53ZRtGD1hfG7_dG16MnFGUW3Xyi3wGNo2WFyYbdEpCIMDIrHbIPIVc0AqiXvOao4FiCE-hYOD0O77kVe29-7LMAwTUyXawMXK35p|https://lh3.googleusercontent.com/gps-cs-s/AG0ilSyrOjnziausVEZdqA1bglHRRpukcbrJPbLqAxUkb7c-MiJAkb19afwm2PRhRzPZCPMjN-Cy0kwyPKAIKew2cWetT5CncmUjwuHm24BmnOqvVpCsZ1WOFtMqBtU4XF0gI1Lsrxfo|https://lh3.googleusercontent.com/gps-cs-s/AG0ilSywqgfzVRFTN7NyTx4OTxxbIGEAYonPHP4vB_pV0fCYWQX9YA8bX-xElwa9Qa2A6Zviw7CfH2LnORr6ZeAZt8hB-ihIEb0N9AGnBMGSvKZ_ANFn2D49LHdAyqnlNHHiyRa1Vt3tOA,"Quartier gaymo rue 3 N15 boulevard el massira،, Nador 62000،",https://lh3.googleusercontent.com/gps-cs-s/AG0ilSyrnIlVWXLpoT_vz9EyL5Wp8dYWgyvaYl-8XMsFZSRRCaKnpGydxTCa_DDN6Guns5PVaKY_oRv-5K2Ppm7sCbC-bjCvJMZJ5zYgbe5BDr7u9soGTUAsnRc89mP_nInZgqCbptBwcQ,0671-187513
N/A,Maison Hassna,https://www.instagram.com/prestige_beaute_officiel?igsh=MWZ3czFremd6ZGs0dA==,"4,2",https://lh3.googleusercontent.com/p/AF1QipO-PB8vWUVz350wc8ePfyh20BQ31XQzta_hSx0b|https://lh3.googleusercontent.com/gps-cs-s/AG0ilSxMfexrfxHMAP4S--7hcd1dQPp0QNOoKayA2jdP8tpnVkV0je9yN_j8_eSwC7inJ6qL4wdH7qEAjn8S-ER-8_y1MUaDy0g_kR0RJuLS1N89CAZ8fNvnjl0qzV_LpkUuhVAxzwIC|https://lh3.googleusercontent.com/gps-cs-s/AG0ilSx1kvU7W9TMr8lbOf_05TwhNOSatkMhD83RRLW0Q0DjIw-byiin0GdDM5p6KOaRx-BJDQ82sYPwbDjw0awf7ftj5luYIr0dhzBCDLsdszeZXVSvz8a5gWz5LEq8QjfDrkVmFxKV|https://lh3.googleusercontent.com/gps-cs-s/AG0ilSz3JrNSO6G2V6lTj_fyIqKuDuwna0ZFxFwN6t6MFqQcagEIo-CAVlfPmA6u49Y8TetluJogwaoqLUfPyV0ARuL5vIqxgpKlsxdTb23f9CXrFQGBAX1h3jvsKmRfXadahfEZPwf3Rg|https://lh3.googleusercontent.com/gps-cs-s/AG0ilSyfRIjPfxqD-wxFsuq5IU1b9jN_ZpMWWx4K0Hd443wofn7pkjevyZmIjP4APLzIf_gNSZj6ugUMvE5sP-hCWIwqO-WIClo-V0dJogiQZJmyiaDcQCRyr3-h0RMfsNzdd0VTuxDRmg|https://lh3.googleusercontent.com/gps-cs-s/AG0ilSxt3RknPJy9Dd4s_3gnSdcVoevk3e43gmIJcrCvUJ6Gez2YTc_ud3qRcyPV9Uw0tI1hpeb7749I8mwgF6KZgEifGVKFnMT4tHumO3KLa3m72jVvZHYfIl6l0J9S-Dy_NAoCKFlU9w|https://lh3.googleusercontent.com/p/AF1QipNrxtlCaxqyVGjRM1WfVEBk_sh6qSD_B98CJoAA,"résidence anoir, Db80, Rue Rim, Nador 62000",https://lh3.googleusercontent.com/p/AF1QipO-PB8vWUVz350wc8ePfyh20BQ31XQzta_hSx0b,0661-732289
N/A,Chez Mme Souad,N/A,"3,6",https://lh3.googleusercontent.com/p/AF1QipPzAd10BMATSGcMKxxAmT1uV62sa_M8K9bjtSoY|https://lh3.googleusercontent.com/p/AF1QipPDwM8oCkccVDdr-5tz5jsMI0adYn3BxjR9X_aX|https://lh3.googleusercontent.com/p/AF1QipPSCoo-mIhfkLQZLr58wyxo6mchlj3mdT1QK5l9|https://lh3.googleusercontent.com/p/AF1QipMRPhOZBm2vTdy3eNhHbotZe74DYC1dK6sfrQJk|https://lh3.googleusercontent.com/p/AF1QipNquQnc7votzNoDpBHEdwEcsF8eH3C_1JYfiyBL|https://lh3.googleusercontent.com/p/AF1QipMVup3fAHdYoD1VgPHBiCcAsTsOQfD-7yubHwWo|https://lh3.googleusercontent.com/p/AF1QipMwPHDwsWptnVM0fFJgLWhg-0CnQpeCxJIPq3GL|https://lh3.googleusercontent.com/p/AF1QipP46nZI-NHAUbDQXelvQYQXFfBODYVzH8QZGxMG,"318 Av. Hassan I, Nador",https://lh3.googleusercontent.com/p/AF1QipPzAd10BMATSGcMKxxAmT1uV62sa_M8K9bjtSoY,0613-333353
N/A,Barbershop Art Of Hair Nador,N/A,"4,8",https://lh3.googleusercontent.com/gps-cs-s/AG0ilSwHuVBmkBBUpQM3VyyiYFsfPtqmybyV5izF4IxIWX8qWeZi8AhoyT_ZvNNhS-wZJXvD_QPMA0EzHkTfrnmekSg9BtrWdKQkOL2WMFPH7w-8f8y6BxklzIWsVyyJ3exJj9A1DHnu_TR1jwPP|https://lh3.googleusercontent.com/p/AF1QipMyLzEWrK61KoMpNk1DQ1CdhAkYjfJ8cB30REO2|https://lh3.googleusercontent.com/gps-cs-s/AG0ilSxOqw6pDWDI3FJmk35OeYPaWoTDFzPkaHtB4V-IYROEZ2Ps1sfJdaWsVqKnRcU_8EJkHz5Ifnfr4rRVXEotI7d0TSEV7FsdkKvqW7-GkArAkoIjN7R0B68IVnjBAEoVulIhwUUAexXY821R|https://lh3.googleusercontent.com/gps-cs-s/AG0ilSwd8ZWzLdCvY-jpbrxTPwVu8uZx9kT0C58t9y7QSguv3AMTu-pBLSiWIvu_OZqXAcaSE7f_kKlx8p0lJvIPD6rV5jmaCGhXy2hbwV5ZymhA6HYCECSsbkSMRdzfA35LOv2Hnjm4AmiOrHg|https://lh3.googleusercontent.com/gps-cs-s/AG0ilSzkbWW_YcSd4v1YHa_ZokgOGjBM0q_DjHVBYEYj-mGSWxnRb9Yeq1So7xZO2KDQJmPMDYUXrYILwpCt1Jmc_-GAPqIAAYOqWviQ5iZph_vWM1REC9qCLrDkZdU_FVduvwHE08fdspVs9A0J|https://lh3.googleusercontent.com/p/AF1QipMOILcHJDGbrFMUHDoc2z1KOx27GkUuISb7A7N8|https://lh3.googleusercontent.com/p/AF1QipN4uP1_wLtyMrBXXLJHhgRXYzAp55JzSItf-KnS,"N3, Bloc Fatima El Fihria, Rue Al-Arin Sheikh, Nador 62000",https://lh3.googleusercontent.com/gps-cs-s/AG0ilSwHuVBmkBBUpQM3VyyiYFsfPtqmybyV5izF4IxIWX8qWeZi8AhoyT_ZvNNhS-wZJXvD_QPMA0EzHkTfrnmekSg9BtrWdKQkOL2WMFPH7w-8f8y6BxklzIWsVyyJ3exJj9A1DHnu_TR1jwPP,0603-164206
N/A,Monro’s beauty center,N/A,"2,8",https://lh3.googleusercontent.com/gps-cs-s/AG0ilSx7XoXliLbMX_bJXYJn5sdIsIbrB_ARDUPM1-3sm_UsSlOcznQ2U-8Esvkr_Mog8xQoESna0lWm6rDqbNROfArCdYkz3taGpSROJJKZpYkQ82CyqbjZ0XIZb2RoeRvswMjnKB0W|https://lh3.googleusercontent.com/gps-cs-s/AG0ilSyC5bUQMvqAjx0HtCsVbfMzBfGV3Eur2RtS6JdfVxIuFqn6apuhatm01BrAjy2kJlZMz_bwXFohvfaDPrrgxL8f0sGovOdf31JWmaSACOdwzJ7Np6Rx1BWndfuv3k2blECcWpE3MQ|https://lh3.googleusercontent.com/gps-cs-s/AG0ilSzaqqIck7dJtuF485CGe-d4M59cd7mNzkM7YXqJ-XBRSEfau-ZOJyKXmBkFWTfC9o4PELJewdD9D4_uki9EM4MWghwdMXu2iAlY9QOpN9n9KR9CcSZ3cZyyxXjJUx4K67aYGk0Q|https://lh3.googleusercontent.com/gps-cs-s/AG0ilSyCgpzFz8sj6MFtZc3qsmQpZ20rzJhv8lyTMJj9ON89rMw4d0dfAwjQFOKo_TSWXxvgnjQvzfDybQTmzCeZbjU_iMaPUnrt-GolZnW_PIXmofJFokqa8hAMFLs633UbGZ_auHBi9CvQQsaD|https://lh3.googleusercontent.com/gps-cs-s/AG0ilSzN3koXWuu1VbMbv_fjGksYcSEHyzKn2AiEyr3cE_49QGMspX12VgFVmlOJ5HXoHTk-rqCLjVMUTnV28SLSiMNhCtDRPZRQscnXYBCS-e0Iy1ivIUm6uQIQJJBqNVqDF19iUYyP|https://lh3.googleusercontent.com/gps-cs-s/AG0ilSyG58dDYODZVYPkBfAQI2RvV-w9p1y8jVTF5XvVcmBsdCesptKzIikoQMf4IrMBvPg8PVteuY4K4dgyPvXsAS6nosNSwWAPM5yVLEvTyyBQmjIpNumcmJAk6obpvNQIyfPEd6Jt|https://lh3.googleusercontent.com/gps-cs-s/AG0ilSzH2J_qu8eRF7uRgOWYeyEKPQidHPSwwXw6_iCG2bZcMgMrHNBVxxZXJpDhQ5voBNUiZkk35eY8ztaKopwkum1Jc66qyUqoxaUTStDKEwdiQRmm3oLbf1EMp6AQxAIh-0jcQ7VZV8PIif_r,"325 Av. Al Massira, Nador 62010",https://lh3.googleusercontent.com/gps-cs-s/AG0ilSx7XoXliLbMX_bJXYJn5sdIsIbrB_ARDUPM1-3sm_UsSlOcznQ2U-8Esvkr_Mog8xQoESna0lWm6rDqbNROfArCdYkz3taGpSROJJKZpYkQ82CyqbjZ0XIZb2RoeRvswMjnKB0W,0664-558787
N/A,Coiffure chourak💈✂️,N/A,"5,0",https://lh3.googleusercontent.com/gps-cs-s/AG0ilSwmqmPLXGw3T3Jq_FVpcO2ppa90z_7_xtYyLe_YYPJRGr6wkVhaXxlWn3OQlKkaamiTS1pklttI0tsukLM6CDqV89oy8ppHsTgfSuwC0LIUhUSeRL8lOsIuEJyb2hD_PqZ0Vdog|https://lh3.googleusercontent.com/gps-cs-s/AG0ilSxGhTtBAnN8XTB9k7jZsu2htsKtda_-o2lqqg7jTWspi-lQusxD6ZtlEzNVaa7uO2XJG9mB8xU66XGIywu6BE4K836IGAqDKohLclRXyzM2ij_FGAmmHx1FQ6SZ2bmh1IcEVEVa|https://lh3.googleusercontent.com/gps-cs-s/AG0ilSymD0cSMGgRhOvPNCntxghVSlOjU6TiPFXnS41SdCsf_7guOxQXPnlWareYqzLd1XK98dSFeXrQXY20uiPGzVih0Lu2d8BEQZm3Y5fAHiTlI7EfRHpZi-q05VH1VzVstO0Hou3J|https://lh3.googleusercontent.com/gps-cs-s/AG0ilSxUxlOL-R68i0MB3nVLgTT66Ei0DqMXbRLW9FfysducZzKaG9aZBnx3yYwwV34-EhifYc5D9GTkNyrlHigw1xBZf58d4DweWReboxneK2AjyJ8u5277_s0aOAgYoHc8wi3JjeB1-Q|https://lh3.googleusercontent.com/gps-cs-s/AG0ilSwcPQO803QmaDDI4P3Cbffs47cxf676oxrW5nEGhWCo5fsDtZIpT7l2sBWi7u8olHry6I6GxkOpYTtpTzNtUELtiUQxXwI3b5WLtWQq8Y4rBPB5ZOFzty2LZJfMo3JXDZWBICQrIQ|https://lh3.googleusercontent.com/gps-cs-s/AG0ilSyCUs5VnUEsKf_GVpHhA-Y6EVpzs1gro5l00CcmrAZT1N1GIlUDp66lZNfc4SAg5BhoR21XSEzg6KevtE-X7z4xQoD_lqQAqyPFYXZJwyK2tK79c7AauvSIsRdbGApzFuaVumpeBQ|https://lh3.googleusercontent.com/gps-cs-s/AG0ilSwMpGQqQwrcUoFhc97vzllXmv2yUsBhRFvyQ_uALsWq4zsHeeDvX73TY-_Y5dfrhaD-BfMrswpLwa4ZD_JyP8wtlnDKIzFtEJ2dH51n-1mkErb-5hJJtwhjd5-poNl6iU3Afyyi|https://lh3.googleusercontent.com/gps-cs-s/AG0ilSyDJ7CcziVrpUwwAcmsI2YeAaW3fPGpyKkTscRILIffQ804G0oVxkD1VkI0ZMdPBRKFhc2VFzWuDkgg9s7FF1QP3k975asR2HoYyf1SgAxXeQIlZUI_07PAJ--a0ZP1s_pf7hv4|https://lh3.googleusercontent.com/gps-cs-s/AG0ilSxSVYZid3vpxhBavSEW3hf0Fvvrh9PvyHCB8veQWqSHdDihd8NsnFi_R7B3qikGHfVd0OWvcutR_gt5hdUxR83SGsSCNRdPs-22q-8UeQNBz0AhwP0gd3a7IPWJUCnhsLkOOS53|https://lh3.googleusercontent.com/gps-cs-s/AG0ilSyvtQC1bas_Kl0RDFd8JsywmZ0J9ybHZ5JnvY_K_W5tRj9eExPoAgN3CP1PHiQEG2tN92FadYdCbktdgYWjgF4sWWC-luwz_ENYNnnCq1lDvyDlFKzvYrq8zKKl_r7KENGEfa1A|https://lh3.googleusercontent.com/gps-cs-s/AG0ilSx8R_VipsfstcgrWMIjditZlQ_QN0ENupo0gcGvlhDwY6rEH8Q3FPCyRUhJZ92pDa6NDhhwNRTuqijMJALpAtJ9_zOy3XxZKZs7AbwiutMLxKYrIFlG6qPM_TWs_TlubnBb16tMHA|https://lh3.googleusercontent.com/gps-cs-s/AG0ilSxnaTk_apELhvdOTlK5kL8oJhQwzP9CvNMQwti-kyRH09rWWf6_WK5Ln7emnIKE7tZFGG3UtLPiimIExYR9d_ALzTgN96DNU9XEdB5twPHq4ukRL20GSCeg8un0bYoCcWOOunLY|https://lh3.googleusercontent.com/gps-cs-s/AG0ilSx8sH8ZqgMfUq-_umzN5ud_Pg_l0w5l6eH1xmji63yo_O1ZV8qJ-7josJGwvrv19ztRA5x9E0yimsO97q3SfexQmNhYKSyfUekbf0-Cffjp1Pr2wzndRKVW_p98d88FwqYCSONvHw|https://lh3.googleusercontent.com/gps-cs-s/AG0ilSwNjPKs6BN8upi4-mit8QpqaCFAjnQQ3a3aXAmCNgtLmIkJsWuJwPTRPsC77JGH747o_1ec_ZUEONJIoFPnRU_1N_2I7nPmf-RLSQ7eHLV47YPu5-BNmW6JCMvY97ZAEYn-dsAceg|https://lh3.googleusercontent.com/gps-cs-s/AG0ilSw-p_eSZ06PtCcTWCZsXl-5vy5tU2q4qgLcx3emXurgD-7wW98i3oFgZ2ymxvhdiq2IaHaXb6bbLj2M132npOJZgoBvZKKxKI9_dx27-pTqzrcc3EOepM4TSxnjE7dudsJyqnQ4|https://lh3.googleusercontent.com/gps-cs-s/AG0ilSwC8tWwX5kg8t4Z1IMifvvHkAuES8S5pJv0ZvqJgu7KR0BCQc7q_Da2YoysvDxFFgXNbKmRjm7zdgXDk9XSLfvvd1SsaILYOOEdmaM3_5uLd_EMKsV7DIo0EZnayaNom0h5sqkmxQ|https://lh3.googleusercontent.com/gps-cs-s/AG0ilSw8p4dms4lQ_5XjATsGvghON8j4V5_F5RWShYI1BQk4sv3a9bODEhb1vvnwABoIhaJqhfxK30QYvs94rsAbnoA22vCa-xW9jdESSSdbGBc7GND46kFHxH5-NoLvcjCfnKws3Ojh,"53GC+QJP, AV. Youssef Ben Tachfine, Nador",https://lh3.googleusercontent.com/gps-cs-s/AG0ilSwmqmPLXGw3T3Jq_FVpcO2ppa90z_7_xtYyLe_YYPJRGr6wkVhaXxlWn3OQlKkaamiTS1pklttI0tsukLM6CDqV89oy8ppHsTgfSuwC0LIUhUSeRL8lOsIuEJyb2hD_PqZ0Vdog,0654-449050
N/A,Coiffure Khalid Tourke,N/A,"5,0",,"53F4+W67, Rue JEMAA GDIMA, Nador",N/A,0672-814493
N/A,حلاقة الاسماعيلية,N/A,"4,8",https://lh3.googleusercontent.com/gps-cs-s/AG0ilSxsDameuAtazLgFvForPcmZg7ZFKc8MugGG3fzbiWtk7HnlL1OdoATZE22bxCZZXvKUPZECR4DN8E1zCGyucz2YUTg-Puu9aleEKpuL6fCLpnjBevYei0AmJCuhwuD_w1_4iZIN|https://lh3.googleusercontent.com/gps-cs-s/AG0ilSz1lSarZYr2GB3ay6g3lSk4lwuXB3m4FBzPDWzZd4K5guQ4xJHn5ZoL2G6kPBHXJjqpc_wTlIzJkKAThyKG9ei_ARQWBmNh-WuZBPzVeJJtD7QWEGyBcLpTx89gIpfjdV84NsM|https://lh3.googleusercontent.com/gps-cs-s/AG0ilSxmNoa3monBWpAh7y9PefS8Dx5Iu6LHsdYzRDQ5xef5kQkNRugb27DzFNwQcp5sMZSVArXw01cJJGfillzXXOfxLzcste_LyRFL6R-zymk6PG4epC9Txjc2pDxfde6p4fIvcM3xGA|https://lh3.googleusercontent.com/gps-cs-s/AG0ilSzWxQRLQKIpIGgjZIYD8uYd43uGnE7938QT2eZAeszgLtZzvzCxeLelUZIy2J2NpMc3F7-4xq4A_yly2EPqWCU7WVez-LZd8Z5Ml3Es15o-ITWljMujHBw6aQ74Cd4Id9_WODZI,"53FF+MH4, Nador",https://lh3.googleusercontent.com/gps-cs-s/AG0ilSxsDameuAtazLgFvForPcmZg7ZFKc8MugGG3fzbiWtk7HnlL1OdoATZE22bxCZZXvKUPZECR4DN8E1zCGyucz2YUTg-Puu9aleEKpuL6fCLpnjBevYei0AmJCuhwuD_w1_4iZIN,0672-488945
N/A,Barber Shop Art & Beauty,N/A,"3,8",https://lh3.googleusercontent.com/p/AF1QipOxMlINdZMRJJ7jLTG9jg-pC5VL4lrAR95h4Ls|https://lh3.googleusercontent.com/p/AF1QipNUJWO6o9iL_fbYv_uTnIm01Tqsy88UfIUymqw|https://lh3.googleusercontent.com/p/AF1QipO8NG7Xy_yTvUg0ecn_rfhU5iHXZWWRn-w-MY0|https://lh3.googleusercontent.com/p/AF1QipNxan-TqZmMg5pBQA27S3g7oUi-8GQOL5jr4RI|https://lh3.googleusercontent.com/gps-cs-s/AG0ilSy5jqXy1H-o7nVROvNm_LmE-QBObtYDBDDlQ-VbXloW9bYTnyTPZSZ2oM_4PdR9VR4-qZrCdEZ3tKizwDQ746B5DVtuRSVpo_MEOF5jXDKMzFh7YlNRskzUi9_NVvvDrHdR2sf3WeDRjJ5h|https://lh3.googleusercontent.com/gps-cs-s/AG0ilSzzKnMN0vclh0JWEs348KxEIfaH9fkSlkx_9svbE_B_wcj8k9VByb9kBymQi0y20TtuLdrtq5Bq1JLNewbF75_k5d-jI1d2T7G3VBSyqjWKX4feyJuWFqwV6s3D5lRVQEyPpqoAvg|https://lh3.googleusercontent.com/p/AF1QipO6litnNiv7_qREMoCWtAGmNofhuqHw9zFSMbk,"2.922195, 35.15564, Nador 62000",https://lh3.googleusercontent.com/p/AF1QipOxMlINdZMRJJ7jLTG9jg-pC5VL4lrAR95h4Ls,05363-83862
N/A,Nadia Beauty,N/A,"3,0",https://lh3.googleusercontent.com/gps-cs-s/AG0ilSzAKEO5LcrwUYaXuiKkACNdD8Lf97Wa1R2fL8EtfVPKplgcdgJZ8rwMyCosEwhZLPjW21Utq9olJSFw64N_ogTBRZzy7mrIzIL7dcGhvXeCY6gUo08mCF7LYSXE64_1urosFqYo|https://lh3.googleusercontent.com/gps-cs-s/AG0ilSyjXZdf2zGjOTtAg92kI6J_saH94DIg7QZethxw1-elEF4WbxxN8ttAFVdqb0apPSE9vSTApvCxju0peol9o7PlngSnzmdb57-EfV3jMiPZWs4ilbwcsFJcYtoJdbE3BSLa88nytg,"5329+6PJ, Nador",https://lh3.googleusercontent.com/gps-cs-s/AG0ilSzAKEO5LcrwUYaXuiKkACNdD8Lf97Wa1R2fL8EtfVPKplgcdgJZ8rwMyCosEwhZLPjW21Utq9olJSFw64N_ogTBRZzy7mrIzIL7dcGhvXeCY6gUo08mCF7LYSXE64_1urosFqYo,0662-468610
N/A,ALMAS Beauty Salon,N/A,"4,0",https://lh3.googleusercontent.com/gps-cs-s/AG0ilSya0M9_6jSZQ8fkr_RHmGTVJJTelhaJQF6uJp0WMyIQmFy_QHWO0-NSxj3fRZiQh4SGGb-ALOgJELYPQxBQYl40AOYCUwCSAfx0zIbx-ZJx_jPM4T-Mf9Kpl55c8g09g-Q7my8|https://lh3.googleusercontent.com/gps-cs-s/AG0ilSyyF9kRr5YivN6rCHB0HznEu9Yj2l08dbDqK9waThHyRi0Rn0jtamczzNBaSqJ28T3YoaXj73I28_UHCvehYtaLIpiwIugbsfdKbW2rx26N83-RmKJNkbxCPMtm0TCH1i3CYmk8|https://lh3.googleusercontent.com/gps-cs-s/AG0ilSwW2jax9usXqIpFBP3eJgW1-LQuB4cNaWTGICEpEk18Gp_jLZ7k5wtvASUWc9YIVyapP39exEAYMITUO5E-0W7vEAvLONsMHRQ4KilS5dlCWZaAU-4oWijy59EI4cOdpcGRBSo,"5399+CQG, Rue JABER IBN HAYANE, Nador",https://lh3.googleusercontent.com/gps-cs-s/AG0ilSya0M9_6jSZQ8fkr_RHmGTVJJTelhaJQF6uJp0WMyIQmFy_QHWO0-NSxj3fRZiQh4SGGb-ALOgJELYPQxBQYl40AOYCUwCSAfx0zIbx-ZJx_jPM4T-Mf9Kpl55c8g09g-Q7my8,0603-480501
N/A,💈The Barber Shop 💈,N/A,"4,4",https://lh3.googleusercontent.com/p/AF1QipMdAlyAIVwB2kmRfD-Aoe2aWeIWIHvBksWhOBc6|https://lh3.googleusercontent.com/p/AF1QipPuo5VNvemFkiuVK2hpeb2jruC_fxaxVSYFIyww|https://lh3.googleusercontent.com/gps-cs-s/AG0ilSxwGfnCJ8cmtyBXNeFukNySL91NARvnwOedx9FWE-fB_Qvb4tf2z4UQ0guYuirHfqwJKsQi_IS-pW3cjt-JBY0575isepSBvx6wkCr5iNKWaiWoJH98SuWitgJGA2KolNUyJjK0|https://lh3.googleusercontent.com/p/AF1QipMVnOVn2g2WuXAAF0jf584QloNmnn6-6Gc8laX6|https://lh3.googleusercontent.com/p/AF1QipOzbt4knRfeF8-4MUEKazedmIVLupY8iboKsyxD|https://lh3.googleusercontent.com/gps-cs-s/AG0ilSxHn8YlOxqUOB-Z5kZ5jlzRZaqjOwt5-pW7wDZmPD_tBUFy_dqojeUOV-4VYu3-9qmF6jbzOTxMB4pKE2DbOV2QrcBTKl7KDrdwrfacJ0AkWQQVt3ti0vgCB2e8GLLJveKExAhA|https://lh3.googleusercontent.com/p/AF1QipPRAWRj_dH-bAXNtZfZUjcK3OVBXuOtcqohZ1or|https://lh3.googleusercontent.com/gps-cs-s/AG0ilSxBwnVXMpof-LiB8uRUDITyHheIj1fdrDXB1h45aBRe3bbrn0uxugqdtNfNeX_H6xawCz9blXqgeFlm0uBBJnb7YS3l9EM3RA2_iA7oufWXW6Y_j4k0lN6_LXYHpfP9vXKf-9Q2Qg,"Ave Sidi Mohammed, Nador",https://lh3.googleusercontent.com/p/AF1QipMdAlyAIVwB2kmRfD-Aoe2aWeIWIHvBksWhOBc6,0658-312818
N/A,Salon_Achamal,N/A,N/A,https://lh3.googleusercontent.com/gps-cs-s/AG0ilSyqRywVqK7L9UmyKyLJ2bwfCg-abW3Oy5yma0nFAd85P8ksdPEmV6RqgYSJAFj-cHg9l2CQAg7-mDR1crtD_QL3ps4SawdBz4N96cp1Hg5ohbrzylkvkxgEMrANp34vAevYYdFj1w,"536C+H48, Rue 303, Nador",https://lh3.googleusercontent.com/gps-cs-s/AG0ilSyqRywVqK7L9UmyKyLJ2bwfCg-abW3Oy5yma0nFAd85P8ksdPEmV6RqgYSJAFj-cHg9l2CQAg7-mDR1crtD_QL3ps4SawdBz4N96cp1Hg5ohbrzylkvkxgEMrANp34vAevYYdFj1w,N/A
N/A,Salon Mondial,N/A,"4,1",,"53GC+P9G, AV. Youssef Ben Tachfine, Nador",N/A,05363-36117
S'identifie comme géré par une femme,Beauty Center Nador,https://www.beautycenter-nador.my.canva.site/beautysalon,N/A,https://lh3.googleusercontent.com/p/AF1QipMMhNafhJd0lNZtLrqA0cqtA9s0v8l2kFlw9ck0|https://lh3.googleusercontent.com/p/AF1QipOvrgKQNPXpDvsGaPpBGc7JGXGfEbUiyseh9clP|https://lh3.googleusercontent.com/p/AF1QipMuFfdPS4vW50nU3e6SeamTT5Ihn0Od3ysXnnWE|https://lh3.googleusercontent.com/p/AF1QipODVdUHcqXZAKNsGKTe3bXlKkvuja9BF6RGoIlV|https://lh3.googleusercontent.com/p/AF1QipMP_ICYA10xNUgg-lQ-DGBgUf4sL4SBzAodLJul,"539F+7XX, 153, 160 Ave Sidi Mohammed, Nador 62000",https://lh3.googleusercontent.com/p/AF1QipMMhNafhJd0lNZtLrqA0cqtA9s0v8l2kFlw9ck0,0687-280855
N/A,صالون لمسة الجمال,N/A,"5,0",https://lh3.googleusercontent.com/gps-cs-s/AG0ilSzYgnmKE4kMLVhaxDjHxI965seA6yRGfElgMLNoeMjJQggWKPexP-Q-2dXsjh3j88SKn1fHmilGO3Nj3iWwkitJbYenlW9OVK7EP4dsafYKdJDx_w-G3LY0WUgnR_8v8ayGtNs|https://lh3.googleusercontent.com/gps-cs-s/AG0ilSwtjQnBQz_8vdzCx1te2TnJ-tX-dGhvUrsm3uCszC7SJmTyyyEVwxpu6N1cDaVQkDlY-x65ktZ9O4RVx52QzdP6ujZBJXmIAb0-zVSdhlUn4uNczUk2Hm2uMTk7E_TNgTVQx4JLVg|https://lh3.googleusercontent.com/p/AF1QipOzZ3h3bAN6g_MO_SHUnrKofNY6FWyX47GsOQiw|https://lh3.googleusercontent.com/p/AF1QipP3yVzEjJT2GhCfklyFQnO5UwhlzQZJEYnXuk4g|https://lh3.googleusercontent.com/p/AF1QipNPBF2M7w1XJZVeJ3DKCvd1PajsVpRJyp8M-1ru|https://lh3.googleusercontent.com/p/AF1QipOXUFxibHF_sDpLPWXVpcJvaGS5YeCecrVmIRfQ|https://lh3.googleusercontent.com/p/AF1QipMxfZ3yTCiTUkmwFhSBSJ7ffS0FMr7VyjG7Xnqu|https://lh3.googleusercontent.com/p/AF1QipPBIuxByX2rHwUCITCFHdYsHxBl29muXamkQOGv|https://lh3.googleusercontent.com/p/AF1QipNAs0FcZGcISZQr5PkzRNIwiZffHI6M1eYchB6Z,N/A,https://lh3.googleusercontent.com/gps-cs-s/AG0ilSzYgnmKE4kMLVhaxDjHxI965seA6yRGfElgMLNoeMjJQggWKPexP-Q-2dXsjh3j88SKn1fHmilGO3Nj3iWwkitJbYenlW9OVK7EP4dsafYKdJDx_w-G3LY0WUgnR_8v8ayGtNs,0641-666233
N/A,Salon Ziko,N/A,"5,0",,"5399+3M6, Av. Hassan I, Nador",N/A,0613-725232
N/A,Salon Mawahid,N/A,"4,8",https://lh3.googleusercontent.com/gps-cs-s/AG0ilSz5unABKrxzWFPpHNR2-jbKDFB0gKJrLfQ5pNGUCWY-H6-RErqyClGJ9vNkv0OqHx8pecZK4cRViRMOmiG8WS7-luL8QNbHyfC4pvaItv9ArLWEJLoGhujK1Kf8aKKeSY3Dm2A_oA,"53FF+5VQ, Ave Des Far, Nador",https://lh3.googleusercontent.com/gps-cs-s/AG0ilSz5unABKrxzWFPpHNR2-jbKDFB0gKJrLfQ5pNGUCWY-H6-RErqyClGJ9vNkv0OqHx8pecZK4cRViRMOmiG8WS7-luL8QNbHyfC4pvaItv9ArLWEJLoGhujK1Kf8aKKeSY3Dm2A_oA,0661-716612
N/A,Coiffeur Amsterdam,N/A,"5,0",https://lh3.googleusercontent.com/p/AF1QipPzdgV19m4muIQpTEhry0FAI0RxrgTeS-l-3ZuE|https://lh3.googleusercontent.com/p/AF1QipODQirYJPlG_ss7_PEUByLZ80yMiNDoGZVqj_Mg|https://lh3.googleusercontent.com/p/AF1QipNmO3alFEuqMHZBlJmmQesBM4G-UYGDY5Kbx06r,"الطريق الجديد, Nador 62000",https://lh3.googleusercontent.com/p/AF1QipPzdgV19m4muIQpTEhry0FAI0RxrgTeS-l-3ZuE,N/A
N/A,Barber shop el baghdadi,N/A,"4,9",https://lh3.googleusercontent.com/p/AF1QipPc4NZyKBI25A3QWd9x5Z3iT0jZtXiiFFvDBeQ6|https://lh3.googleusercontent.com/gps-cs-s/AG0ilSyyI3P3456LzwL4eZWmUnW2bTgr0-dtQC7w-Jq1DgYp_vKjxjSnhmagpWYG_4KfAUVaVD1MIENyzTA3yoOAskjgk4N7g_8RavHlMHwbi2IKphk9WH0tbb-7Ehan5wxltHUyw3w|https://lh3.googleusercontent.com/gps-cs-s/AG0ilSwBMHg7V7vpJMPyMsMwDWDZigR-sUzmgCAhiDhsvFbZNWq5JaVMS6NxZ9VH6yu_Y_eX7D-HJgHy7ITW7UwFh1SBg_7TaFTH-wHrdZ--LXZ1TK3_N8Rar6Y9CtTpzwt52OUiAlvM|https://lh3.googleusercontent.com/gps-cs-s/AG0ilSzf3g_DfcIbDOeZTVKJPcIkQl8OdvOztYZ-e8XyRwOp99iszrR2xGfMPk1sysWzCo5Q0V-EvideykZsSEikpGLreaecIYdjRoWsal2kpB0hLZH-anYlfphplI7Gm_SUtcuWH-Y7SQ|https://lh3.googleusercontent.com/p/AF1QipNBQ6aE1EvRI-yl6dqzHSWKoWIeH7eNSyPVJlZx|https://lh3.googleusercontent.com/p/AF1QipP-4-oKyq-jXRGFqA5dkR6oFETnGrovneX_upUC|https://lh3.googleusercontent.com/p/AF1QipMn8kCMNVXrrt21SiPuoAR3Xie-yqBL2t8oj8h_|https://lh3.googleusercontent.com/p/AF1QipNqKsSAqMF2nAUA-1ZThtE3b5HwllmPXkWE0OAI|https://lh3.googleusercontent.com/p/AF1QipMuqLohe1lDBCci2KAmWgh3ZdEoE1t-71F5p-bv|https://lh3.googleusercontent.com/p/AF1QipP-Ng6XgnJ-Nm6MEiWl9b2Xe3I8M07kewdLn1ZK|https://lh3.googleusercontent.com/p/AF1QipMb4RZBB21ApQ_0bi4nwLe8WEMmtAFQuJDvO-lF|https://lh3.googleusercontent.com/p/AF1QipNd9VpkChN44BpW2zaGf3kEydCZMGOKrMwQ82r-|https://lh3.googleusercontent.com/p/AF1QipPx6gAk-6AKJl-vrwcHQyDmG6s54G1F5GvUHM8d|https://lh3.googleusercontent.com/p/AF1QipP4y9LoLlmhtpiGGfX2IrYfyvUdNnPI-ZA_98hp|https://lh3.googleusercontent.com/p/AF1QipMuZ5iWzI7jR5RfCKjpCXJYsgrYtq7VvYL2Z-27|https://lh3.googleusercontent.com/p/AF1QipOf7E05518UnypM28M_v92gOUya2lVBso9gr7Kx|https://lh3.googleusercontent.com/p/AF1QipNdoY0OaByuhTylSh77Zpomrk1yeyZIo6tBXEL8|https://lh3.googleusercontent.com/p/AF1QipM4TsBFGBy6mn5Jy9bGV-7hW6ydsED5vVnDVibR,"Rue ASSALA, Nador",https://lh3.googleusercontent.com/p/AF1QipPc4NZyKBI25A3QWd9x5Z3iT0jZtXiiFFvDBeQ6,0670-345588
N/A,IO beauty and spa,N/A,"4,3",https://lh3.googleusercontent.com/p/AF1QipM2v-n34PotaFFWpdJftUWyOqtfGGvRJ-CAbDX9,"53G9+HW4، Rue Moulay Youssef, Nador",https://lh3.googleusercontent.com/p/AF1QipM2v-n34PotaFFWpdJftUWyOqtfGGvRJ-CAbDX9,N/A
N/A,Ziana Ghizlane Make Up Artist,https://mariage-maroc.net/listing/ziana-ghizlane-chez-salon-gold/,"4,2",https://lh3.googleusercontent.com/p/AF1QipOtKXy6ofP4L1C4H63_CTDQFN6fcEq9Aa1KypQA|https://lh3.googleusercontent.com/gps-cs-s/AG0ilSxJLtZ7Mq9khaw79IeRWbXEmt2VpwVYQz4KYz7OrA26OZ7J3TTDgyD5v0PfiIuDaFjpQWCirjxmpNHI9fKY9LTOenUNB4Xy1Vf8Tup9NkW_5y4z2IoAdudsj_0DvrNDLVQWHBQnvQ|https://lh3.googleusercontent.com/gps-cs-s/AG0ilSwD17J6qnQm57p8LT3JkEYgg1Bn0w1n_qMJp2rDA7NiLaZOQgwsN8qQKEhn89cnTr0KafhnvVhb_VTF7v_e3SUEa85nG9mS7pguhczP8M1_KbL_ZjcfR8qf2Sk8PVp6S8mimtnY_g|https://lh3.googleusercontent.com/gps-cs-s/AG0ilSwZEp-9ri-nyFuI7QsXsw5RAWBdZ4vPn5_UT7EQR5wnvxbCVX0VagSYscNOuSODWw6sYZUzc15iU3dcDM1BwrsAW-DVBJAhJgBbcdY-inQkZATUqT5DMLWYRD7lzu1vsIu60v4uPw|https://lh3.googleusercontent.com/gps-cs-s/AG0ilSy5pnMgUBYazA4GVEEJpJjtpR5Gmf8lLeBVZN9zJORYqDujE9UQaUwMqcXbeWDft9ePGGKr2FPjzhRCZjQn0glg-bpX-3CMCt7J3PzX6W6apc_LQ5rAnMDwZJx6zV4rJXPM97d0|https://lh3.googleusercontent.com/gps-cs-s/AG0ilSwR6lumgKLnDzEucUIXT42pYAZkk6lZjqLkAxmQsf6XK5u1_XFnhxy_FtLJKEioBCDzeqdSsA0qyods3kSpwM4FJP7LRWKIPJRuxrgdend4vu4RPgtKh1vM4U_ZiUNOI2tYOkhj|https://lh3.googleusercontent.com/gps-cs-s/AG0ilSyTlSViWHTKxanZt-kqV3FjR4pjcXHvS3vnjHQXstzKhCIKNNRrlqC6HnEc0-qjEgJXQ2HStZGufNDUZl9eR9TYW_XgBnqMlRk8AGkx_ndQIltMHM3tuHnTJnldw5DSncq7tfwHng|https://lh3.googleusercontent.com/gps-cs-s/AG0ilSzexULtQEFqzYepiT5NymSBrfXet7_5KhN0Hpk49y6QM5ngBHDgcxvubd9p0CVov9EPAsmSDoydcjrN8mbRttU5qe9hiCEmP_qBwV3M0wZnksDkipYtO1K_Mg8fmv6Sv7w5qfBB|https://lh3.googleusercontent.com/p/AF1QipPrnZsashc2bK1J4Ytin-0Ic094wc2rsPljlVwH,"Qartier Al Matar Lot, Nador 62000",https://lh3.googleusercontent.com/p/AF1QipOtKXy6ofP4L1C4H63_CTDQFN6fcEq9Aa1KypQA,0702-203672
N/A,Sisters beauty lounge,N/A,N/A,,"53CF+JG4, Rue EL MOUTANABI, Nador",N/A,N/A
N/A,ZÉN COULEUR Coiffure Y Esthetique,N/A,"5,0",https://lh3.googleusercontent.com/gps-cs-s/AG0ilSwRPAxV4iMbYnG3yOWOIYafnL6rA8BURrcSGcAH9e9ifzGQBpGwc-hP1TPkkT-e9vY-QW-iA3P4e1CmiYXgEGZbWokwNZ3HYc-T56I7NycNN8cNSFl7Ns2r3f0_nxbJl7bLLJ2l8A,"533F+P77, Unnamed Road, Nador",https://lh3.googleusercontent.com/gps-cs-s/AG0ilSwRPAxV4iMbYnG3yOWOIYafnL6rA8BURrcSGcAH9e9ifzGQBpGwc-hP1TPkkT-e9vY-QW-iA3P4e1CmiYXgEGZbWokwNZ3HYc-T56I7NycNN8cNSFl7Ns2r3f0_nxbJl7bLLJ2l8A,05363-82445
N/A,حلاقة و تسهيلات الأزهر,N/A,"4,6",https://lh3.googleusercontent.com/gps-cs-s/AG0ilSy9RuiracQuhGpH7_TDp47F06R9wDLQrMsap2QyP3ZTIYNK87L6t_EyeXwWAVIu2se0fdVmIu_PdTpqpnk226GoICIwnernqYviTw1EMD7u08S3Hh9pEInV-4JFOVJu878rTdQ9hQ|https://lh3.googleusercontent.com/gps-cs-s/AG0ilSy3zLs5RhxG7AOlvVLp5RiVowx2kR1BygBzSZViXcQL9i5xSr9zG5u1LTeKNBN3Cy68TGYPjNQV6MH73iKokWgG-fXLkS7QoZ3g9vTiW1HxNy6avlerDidB3zV28gByHCFhrkCa|https://lh3.googleusercontent.com/gps-cs-s/AG0ilSw4NNc4ohYKtMIGRPjiOoak8eTTzQRjedh-99hvIwKZq_5DbvTP3tv1ufJublFRM_L8MXPOgyAaE5iidSH2whcPbxSUWYQNjhXMCGwTq9v0K4RlMFxs8qMsez3axONDhj4kbyKQFg|https://lh3.googleusercontent.com/gps-cs-s/AG0ilSyXFyzP69Sz10e3Eo9pLgTnQC_TecY82Peyg-A2sIVyZ54yS3GNywQjh_Ss3rxJiJOTsvAXAw7JRq6tubINQt7CvZEUBgae4QAOthPP7jnxGFkh0cmYtA7HuGe5HI6msm-7mrit,"53F4+X34, Rue JEMAA GDIMA, Nador",https://lh3.googleusercontent.com/gps-cs-s/AG0ilSy9RuiracQuhGpH7_TDp47F06R9wDLQrMsap2QyP3ZTIYNK87L6t_EyeXwWAVIu2se0fdVmIu_PdTpqpnk226GoICIwnernqYviTw1EMD7u08S3Hh9pEInV-4JFOVJu878rTdQ9hQ,0662-671119
N/A,Salon Hafid BnBn,https://instagram.com/salon_hafid_bnbn?igshid=YmMyMTA2M2Y=,"1,0",https://lh3.googleusercontent.com/gps-cs-s/AG0ilSxvfzMh0iX33djWA8OWhQXa-nJ-E4oAbvd_fxE0iTrQ8A5dVkdFVs_4U0wJKo9jmOMuj2kxHl3b2r8WTp9eqmoPchschqc0cG9U-Mn0grHta_h7eyia1AAzyrxiJYjGJCo9HxzwCw|https://lh3.googleusercontent.com/gps-cs-s/AG0ilSwHoa8oiXGUTqkVjofJ9jXe1tSmGMFq60Zk92MYB2VQvQj6NZMUJ3TW-eTtLdikR1MyCV6vMM39YDFiG1QG-TRVArsB5_UBc43vfbJ-K2AKEOJfFGxI9lVA7iwLa2OIszIIqsv4|https://lh3.googleusercontent.com/gps-cs-s/AG0ilSw2JXw-wZZ9t6WrW7O-XoDK-ITX31x5nkTTZBEZNCaPNRATGQBd9lWW61h4g03zHpV15TNjcTsE-nl3ixmSOeBDwPhfYFyC9_6Hoh0QctN_V6-3bOTiaBa0eJN7RidVh_LR-AQ,"Av. 18 NOVEMBRE, Nador",https://lh3.googleusercontent.com/gps-cs-s/AG0ilSxvfzMh0iX33djWA8OWhQXa-nJ-E4oAbvd_fxE0iTrQ8A5dVkdFVs_4U0wJKo9jmOMuj2kxHl3b2r8WTp9eqmoPchschqc0cG9U-Mn0grHta_h7eyia1AAzyrxiJYjGJCo9HxzwCw,0628-388851
N/A,El Haddouchi,N/A,"4,0",https://lh3.googleusercontent.com/gps-cs-s/AG0ilSzaqb9NKBSo7Rey2MqMVMZDJX9wusQ0txlCbls-yrfKGg5VbaKIb6Kzc8te-Aw28bsA8LH9Xwh-BP3cS-HLxvOOfufE8N-PTzItz1NXglcR31sGlZ50P3EgYLHB0DxG1Lk8zezPmw|https://lh3.googleusercontent.com/gps-cs-s/AG0ilSw32GaqLVljVkssQUH6QhG11k1OItA-CBIrOWJqBDdKz2AskNBcLZI_jhNnKxI7s-d64llHampiiwqQGHOC4YEXE0GPx-eb36Fp4sXjOjzTfRe5RnQOWGe0vcGko9UxbEsQ_m4DVg|https://lh3.googleusercontent.com/gps-cs-s/AG0ilSw5WL2GNkBjpxPIXPR9Od_Biyg8F1UsBi72ref6hObFIwnXeHYWXBpJ_ETm35TSQwOj8lhx2LS8EL3jFI8t6JBkKzFHYcbmsKQtF2GG5270zM5hZDfw76kRFX402yqd-LFzpfWLcA|https://lh3.googleusercontent.com/gps-cs-s/AG0ilSywq3wno0s4zih6PyQupc0w7cbcUN8s6slke6CC-fUGEvGaFMI2OKbL86Htg1ktm7TsEfKkKjyjYlRiE_fqXOHyq-IZFebvYHHOo7kAGP3iaXh2HtpLFV9Ui2gTv-BwHFwYKpv9lg|https://lh3.googleusercontent.com/gps-cs-s/AG0ilSx9f5gzENV2eESzEqjd89QFpLnw29P99GLxa_RGVDjW777u0Oz4kAtnb4EXk46CoD1eJyDzVHTF0apVL3OF6sqMhWHx6V-Kk4rQZLgpQp1Yk_K9f5hkYSXyK9wskDNBqmLqpVYLvA,"43WM+R98, R38, Nador",https://lh3.googleusercontent.com/gps-cs-s/AG0ilSzaqb9NKBSo7Rey2MqMVMZDJX9wusQ0txlCbls-yrfKGg5VbaKIb6Kzc8te-Aw28bsA8LH9Xwh-BP3cS-HLxvOOfufE8N-PTzItz1NXglcR31sGlZ50P3EgYLHB0DxG1Lk8zezPmw,0667-243955
