images,website,image,description,title,phone,location,rating
https://lh3.googleusercontent.com/gps-cs-s/AG0ilSzywz3nR-tnTBYAD1xhcwYU4zDQBNOPuozE7VXoou_sGc4LZQHhRnFhdqt-5udikXN0NQGwm94UYMXxXI2utn_sYoGgokEssaC_PHP1sWN08F-Ohvh6Q8SI097EgOj4SKeN5fY|https://lh3.googleusercontent.com/gps-cs-s/AG0ilSwZUuYn4ch-iAcgtEpLTAf-WfRzu5ieY2wadIhQ2QL2Y3wGia5vCjEDip0Ifahu7duPhDVjNfHUNDSoH6079iaAxgea3nw-A35dszeAaghBzleVe9zx8nev55V4Qz8FGNIdhRo|https://lh3.googleusercontent.com/gps-cs-s/AG0ilSykStl5yYA4s4OQ2wzquUQaX1RhygrKd0d4LBWDXtNPYXeXUmgYwobhWb9M2TziMgCmPt9cx08uu5FXUCTQp3lDi7Myk_dhlHIEJ07aalfj19dfli1vm73l2dz_3t02z2L6xSZWJg|https://lh3.googleusercontent.com/gps-cs-s/AG0ilSz63XLEL3fW5LlPsUD_9WRJZaBKqEQMTogObDKLhwrMPlPMRFyIReOHMaBmJczIIHqq04hlzp-ZvfKP_gmBKX6rDBfJqG54HgzBSqwOARmMg8CfWEs36roJis9oHpGT8jYKpkc|https://lh3.googleusercontent.com/gps-cs-s/AG0ilSwz8TtOFqIXiVFZ--RqSmcM0-f2Wc-Uq78JQjcH4apUrsla1ziETbg_-KYL1q1oiJ2VlvN6ZsoHaKTtDJegK_Wh712VDTLk0Khks1LTONuy7ewOuCxINu8cPImH40G7AUEtt9vi|https://lh3.googleusercontent.com/gps-cs-s/AG0ilSxlXV9ntpHGKTJWqlKhk4OWkHY9JDf-D13czvHXyUFXPfH4z3P3eWvvinZ-SEyAuqakWPhHJBjuHfvOvBjROWIPEM6-jhJFxAxTlgCUmzKgXXmKBIQweAl6-p9TwLQjvy-NOU9X|https://lh3.googleusercontent.com/gps-cs-s/AG0ilSxje9u5jWW9VOeHEVMY6zKxfbEdM75z_uu3w0bYvv6fblhWtn4NtGFXJHYP_VKfqDwe-lO6p_tqUtHyp9J700vEW0lIibjwzNglNokbH3-KtNENMuJLP9RiNfHc6mYUS1NlHDIy|https://lh3.googleusercontent.com/gps-cs-s/AG0ilSyCCgkFU67rT90aPdF2J_lLvlVhGzJGasz_Yee-uYghM6zFvvqyONXBCOYTQBlLa79Dzz8JzuIRSVZzapZmisgMbgBooRRx5cXKWXDYuQ7qbKTEogpTK06ihfLAuVL6iSFPjmTfb7SuMww,http://sdkspa.com/,https://lh3.googleusercontent.com/gps-cs-s/AG0ilSzywz3nR-tnTBYAD1xhcwYU4zDQBNOPuozE7VXoou_sGc4LZQHhRnFhdqt-5udikXN0NQGwm94UYMXxXI2utn_sYoGgokEssaC_PHP1sWN08F-Ohvh6Q8SI097EgOj4SKeN5fY,N/A,"Centre de Beauté Al Jawhara : Hammam, Massage, Sauna & Spa",0607-961487,"5329+GG4, Nador","3,7"
https://lh3.googleusercontent.com/gps-cs-s/AG0ilSy3MT1KVAgwljrrM8Bxw1uSmWer2HvCJLrqcbTmusNRzNYKK8pYxJtdaYEonVfn_QWVvQvAzjTgdzEirvhLASnM6GME-knh_ttycC7KvQea5VWl_THYVDY_Q16InCqQuMAIx3ofhUtuMzov,http://sdkspa.com/,https://lh3.googleusercontent.com/gps-cs-s/AG0ilSy3MT1KVAgwljrrM8Bxw1uSmWer2HvCJLrqcbTmusNRzNYKK8pYxJtdaYEonVfn_QWVvQvAzjTgdzEirvhLASnM6GME-knh_ttycC7KvQea5VWl_THYVDY_Q16InCqQuMAIx3ofhUtuMzov,N/A,SDK MEN’S SPA,05363-80400,N/A,"4,7"
https://lh3.googleusercontent.com/p/AF1QipPnQLRwv1P-SeT0VmJb4Eudrn0BJjtBLj8BMmkO|https://lh3.googleusercontent.com/gps-cs-s/AG0ilSxU9xu7pfajTTKlxo9SepKOB7FCzSBqIDoQlEHXTdcHRk7e6etjeWPrNDq1wZL3ug7Gq1pfOXR1vEBCSvmVxyEMv6Zl9QdDfpaSVdRFICAmHEXaNBnwHalvqLzwjoziK-XhzRhf5g|https://lh3.googleusercontent.com/p/AF1QipOWCO36U4J9Z1eqSspYy23Pdmtvegzw0tkuxYhE|https://lh3.googleusercontent.com/gps-cs-s/AG0ilSwYDenJxdZRqWhG7eSAmV2iBb1hHhZOJNIXQLOtmgawHQcTaNGCedQ5ExZSraDjmqiftrTwW9j4rtbsJQbEQgsqJbxVmQ97QemqtSaN5uuFRcQGbCcEFpWAeVQFIYrWKHnCL3r-|https://lh3.googleusercontent.com/p/AF1QipMMJ7R_HKInd2WlHbQyZO4UcJF578wYHLx5KQRV|https://lh3.googleusercontent.com/p/AF1QipN7yySiM9s5KcLi72laYlpqdgXBi91FPQs4bytZ|https://lh3.googleusercontent.com/gps-proxy/ALd4DhGS02s2GSGnPXRGDft3ybomNBhlW4FTUqRPLiqaMPVPlfTQZOSIyV93QHnlSudaT9L4qyDUuZRjIg6zIi7ecKMkEEGUNJbiQ7zuqpYR-h5VNk179tV78AV9ab8P3680BTx02ig0sxYrunHcWEGbaEfqy4zInSYmG6bAJk-6H9LTxSP8kMQ85pRd|https://lh3.googleusercontent.com/p/AF1QipM_DJUHiGPJH8DC6TA3yT98qcq-Ta4h9YMx04pw|https://lh3.googleusercontent.com/gps-cs-s/AG0ilSzt60p76f9V4nn3T2LBW-lt6GHy4yHCNfox2uM5G23fRoIsg2iPIENH3GxgMiZY-pjxUV0C6MGKm0o5o8PwmHK0KC_t9hAOHC4bYqMtwD8PkGgCf6NUMMBAEB581-9Va-2i3OM|https://lh3.googleusercontent.com/p/AF1QipMzCYhp4jFMgTMWB2pEzTIicA5U3TQIue6SRZN3|https://lh3.googleusercontent.com/gps-cs-s/AG0ilSx4Ax27SGruhqOBt-xON7VyC5JaiMydyxdaizxMuihr-IAdMk4BkAWG_-DD9McTz0kq7xCDjdBqB5fgk-4LGlegJj7X6cbmGnYPekReg1RjMU8d8u_cLnmv58L1KUdbIkHHdtd4cw|https://lh3.googleusercontent.com/p/AF1QipOFevnEnC2YME-UjqdzZOQdD-9KkGJMPwUL7f9K|https://lh3.googleusercontent.com/gps-proxy/ALd4DhHz6sKa8pIR7qp3Kqg2ZsbGZMPrAMv7ss_wL6sMPnywKaZV2ZGlT9T8hJUuMGeGPkMPTT2KvtDhUD4siRueSlg5pAV5w3KT6BynA-m20QvwmwHsRx3FfP5TXHA35zI_CiF-6C4l9zwF1zaN7gtH5bYP1ETWicCJ6QU-OJAxYVepmyOdJi13NkIfog|https://lh3.googleusercontent.com/p/AF1QipNtKJF1k0vShiPV4-8_PVsn6Hq3QXOX3fjstX8Q|https://lh3.googleusercontent.com/gps-proxy/ALd4DhEvjHwSesdKuN3mvLX5iqxWM4ge-xdqTVnYHTvgvOoXTUpCJIMoxUhGOMPbHGawW9LD6scBPgOmgIRfwRGTXFLKKAuUl8aWCZjENgKZ7purH-myKWt9qe_XifBt1HDRowf8cJHxDvert8_gJd2MA7R8TxfJZ0rQYx3ZEEiyTHFs09Sqc3EEYLM|https://lh3.googleusercontent.com/p/AF1QipOP-9062_zm9GRVz0FCWQKLhfKF3QDZb3nFxH37|https://lh3.googleusercontent.com/gps-cs-s/AG0ilSx03JuhwqcZBZvO7cU-Q-lEP8k59-sM1FD3cShencv1xGrdDd2lHSB-Jy61UMZ0m0OwGOAIRBTmDaQyb2GaaDc1IXjf3epx_R9nt5EFpywaIg3muVvG6REjiYJPgshIq96c8wua|https://lh3.googleusercontent.com/p/AF1QipM9O9w9Ar3O3HvTnHASA-ubBL39aG8SgPT1Q7ST|https://lh3.googleusercontent.com/gps-cs-s/AG0ilSxFRSp4SdeKIFoJyoUh3884LAA9qibZSHOnQFGYbqoC7K__auJUWJbLpKLXDGpJDb258wwV3xC_25dPsaqmK8RUfhSUGz2d-hutRNARd5kYsvMksJRM3zdlszWhNIXhng_-jrjM|https://lh3.googleusercontent.com/gps-cs-s/AG0ilSyHgrqSavo_DvxpZ87npZsp5SZR5-siuztczewGuSVImJ9bcSyFWp8QmPm5jwxAgxYWsa6l2i_MYB27v7WM4T5q0afRk7qoAI73skn83YKvgSUdEDPraLTka_hnEGm6LnL3r41sUg,http://sdkspa.com/,https://lh3.googleusercontent.com/p/AF1QipPnQLRwv1P-SeT0VmJb4Eudrn0BJjtBLj8BMmkO,"Heure d'arrivée : 15:00
Heure de départ : 12:00",Marchica Lagoon Resort,05363-28300,"Cité d'Atalayoun, 62000","4,4"
https://lh3.googleusercontent.com/gps-cs-s/AG0ilSyGHKTIb3x0PK_RiyE-V9hhj5gg3w7duVsYPE6OORBxh7wC07M1ZmZHvsPp2MbvHCDHlDtvKpYnR0-wqJYCABfijg8WD-w5OB4q1IxVzXTSGQ-zRtsfht37HsVz9oBLdzXGZYv4|https://lh3.googleusercontent.com/gps-cs-s/AG0ilSyEr9SLDzm4cTV8wHdq_XQ5OoAEwrYogVRVTaFXf0kfMd3VSs-A68_fkHlx1pitHzlueuffPhhRiSYQNRNh32bqFpMfJOiKoAzPZkt0Fp8BmGssBFUhLX93thNaD67IskCI91qrhmeKaqWb|https://lh3.googleusercontent.com/gps-cs-s/AG0ilSzCc463jVRGSzRZJagXJ-ojS7PdgsWzogC_iSHuQBfJRbORVct8ONzImE2pIlCDFXfnT5ANZz-owsMvXYYf_IezhbNinLpkD-sYiZGMqY5e_2vhvUd2ugnsHcShS87O5wggcPnv|https://lh3.googleusercontent.com/gps-cs-s/AG0ilSw904dm79ds4ty6hrUu6sdDfz2YWzR1RIvQ7HNfpDEXObsr_pMMaJguUNPlq9FAC76-3v8F5aBWUY9LyjQrrzeWGK19_G3Xlf0Xn0Bu24hJdclsrybFFw-1w4skF1d5ZoUxqTXV8w|https://lh3.googleusercontent.com/gps-cs-s/AG0ilSwS67YfGa0v6ojffhzGzb8Y8C2jpoSgj5S-sWDu-TpZbF3WwEIhyHctVJCuiM3pvYQQScGX3Cv2TkVomSAtNxAaIl1TsPv4z_EDgUtw8znl3Iddc8KXMzRKaG1JUQNm7d9YWp5oLmwWOpxq,http://sdkspa.com/,https://lh3.googleusercontent.com/gps-cs-s/AG0ilSyGHKTIb3x0PK_RiyE-V9hhj5gg3w7duVsYPE6OORBxh7wC07M1ZmZHvsPp2MbvHCDHlDtvKpYnR0-wqJYCABfijg8WD-w5OB4q1IxVzXTSGQ-zRtsfht37HsVz9oBLdzXGZYv4,N/A,VIP Fitness and SPA,0611-242293,"N, 297 Ave Des Far, Nador 62000","3,3"
https://lh3.googleusercontent.com/p/AF1QipNt2evJB1pMS8BsZL9MuhaYKATlKPXyv3xSFFtt|https://lh3.googleusercontent.com/p/AF1QipOxKNPWsaNWR5Yc9yXIKYSeIpGab1hvmsjFaYOa|https://lh3.googleusercontent.com/p/AF1QipNB4E2pE6plO_sj3CtfPqylSM9QHednUYK9_1UC|https://lh3.googleusercontent.com/p/AF1QipPbSFKhbMqa22r35RS4wX5k2k80i_sMVkPfpd11|https://lh3.googleusercontent.com/p/AF1QipNSs6jwU0mCRIoiwrdpxhen8UkOWYBblPRdOvJK|https://lh3.googleusercontent.com/p/AF1QipOxCQMxyO9CIyt79gzq7vDUy6EoFfogaZ_xmPhm|https://lh3.googleusercontent.com/p/AF1QipMk74sdv85ZWCqThcjWPCeOy6vQoHww-aZpZ97d|https://lh3.googleusercontent.com/p/AF1QipOzRF0VAqe4FkF5-4tIA4TqgNVzyfO2m9fkzh1H|https://lh3.googleusercontent.com/p/AF1QipM3YQ04GMwkdLsQzQwibkjf8_6928kxMdwW6pcb,http://sdkspa.com/,https://lh3.googleusercontent.com/p/AF1QipNt2evJB1pMS8BsZL9MuhaYKATlKPXyv3xSFFtt,S'identifie comme géré par une femme,SPA DE LUXE NADOR,0644-144401,"N°1, Ave Massira, Nador 62000","2,0"
https://lh3.googleusercontent.com/gps-cs-s/AG0ilSxg7J9anVJ2u94mZ0N3iBvhovO_gD5dsbsKI31vk8aUznIyQepQbhdsicz6velPbktKL0y_Y84OMV63tlczMLewvHsEswCeHksNHkH47gV2dPH_3g1wj9OH-IWJrDQ2ZOnIcCJWUQ|https://lh3.googleusercontent.com/gps-cs-s/AG0ilSytEg42M11gNwVxYLZi67YH07tx_BwdcohB108Kt-8zaWtzrFMquxrNueHyeXMC0X3D11wkBzzuV2NxOaC6qbboEYNPaW1D6pkUIne1IH0jqKbbNYC67cchhlb6LMgQS3-lyLNp|https://lh3.googleusercontent.com/gps-cs-s/AG0ilSzWBfFM2Ls_-v9K16tdlj9HW0KlqRtkpJFXZ-RVqjidYQQeo3G1SF5F7z4CYaqBYIwQeD4KJN1cHNPK7g9nJsBYTy94jkjxBN3Z8_c-k69tXREXJAIM5N6z1akqaBWjsEsh2A5v|https://lh3.googleusercontent.com/gps-cs-s/AG0ilSzH0IeKSkXF6NfCVln3dG14V2uQElKEHpGLBWGuB_QoW5I3phv2FlJclr0xERmpWMM8yQGQfNAHhkNw02EEgdSlAHdv46Xkv95Hr7bfyAs-PgW2K4q5X3OJj1Lasa8_KKKgXdS2|https://lh3.googleusercontent.com/gps-cs-s/AG0ilSw4Jlle33z3yBwJkEUq4KRInq5x3LxkJY5PyehCxPwxhs2pXaa7J36_pp7RHlMGDsAyBWR7WqlXctMcwhnYpRu0OZWKYZZhtjvJQUilvrtqFyk9CrAmOqmqU22rx5-iA-oswQRW|https://lh3.googleusercontent.com/gps-cs-s/AG0ilSwNFJ1kdeGhaUdFf5mCaPpnVR1MBx6EjnH_jA9nEalGtxDFV-9WVxWcNqHjiW93ZYScFhrov0xtvJhS0yHBJIlUOBZj7LsqkOgQoc3-BhEKrkUziJDaJNEsuJa26vFScbCzgl9iWA|https://lh3.googleusercontent.com/gps-cs-s/AG0ilSwdDASCKzcldlqGczdiGaR_QYkOlTOUws2tqZ7fx3FJ2keENOIJb-P_1TCG7NeIbd49h0OOmHM1cfTnf6-1C23QopbqKW_04xXWMaDbgnF7oHiGbx-ikY9wiJUS1kBjTml1Mptx|https://lh3.googleusercontent.com/gps-cs-s/AG0ilSwBWH3f9ENLH50rMnuJwKh8J5iRcOlA5tRUcMIbeivLRY0MeS-UR-fU6MyxvpSPeQsiwle_WtFPes_CGPmtGzaVCVy5iZPFDoz8SpE-rncgZJKKn8EAOcm0-UHGlQ4cDe-yfe4JEQ|https://lh3.googleusercontent.com/gps-cs-s/AG0ilSymQ_muwIXoM5DCQOGNP2lnbOxYbOcO7du5OShZeSkuDTE8fvF7N9efk-11x1mvx6VF02tkg-1UP-qbQmlaThvapGYGfnQkLE66dtuhxhZRqQfQa71TBfj1Ru8ebjXBCptnfmh2|https://lh3.googleusercontent.com/gps-cs-s/AG0ilSwidqq7as4FZx0pW8G9INiJy2M51sYISkJ3LBW9hPbySERNGzJiTnxuVi41y43BRS-ebOfBpJSPB9iSWNauBbyjrtgPwe5Tu6DdIwO7RT6abWK4XEvDiXLb01JSlU4B810M4pnD,http://sdkspa.com/,https://lh3.googleusercontent.com/gps-cs-s/AG0ilSxg7J9anVJ2u94mZ0N3iBvhovO_gD5dsbsKI31vk8aUznIyQepQbhdsicz6velPbktKL0y_Y84OMV63tlczMLewvHsEswCeHksNHkH47gV2dPH_3g1wj9OH-IWJrDQ2ZOnIcCJWUQ,N/A,Hammam Annajah,0689-221837,"Q. Aarid, Nador","4,5"
https://lh3.googleusercontent.com/p/AF1QipOnqvtiD78RlpTqqecAD1QpwNBIKw06nG_EqtTm|https://lh3.googleusercontent.com/gps-cs-s/AG0ilSz03coAoGXLBRcoxymizIfhbjshWLmNkyEiUEUOnrkXkVjWGRMCICe0BFOWgMe1H61lixuEqG4ZqTGwOuy_rfiatq4WhmO3TFibelvIScZxCKPxz69FHH-bA5Q5j4sISKaNjTzfng|https://lh3.googleusercontent.com/p/AF1QipOYw77RK9TYsByGutGSY_FomO5koXQ3Gbo2zOSN|https://lh3.googleusercontent.com/p/AF1QipNSetUE8-C_gXaAi06K1nu6VMCkN7DmLNQeoBFy|https://lh3.googleusercontent.com/gps-proxy/ALd4DhF-R1ZenjOd-4T1u2-I5kFaorI2vNNTZ0difvloj6jHaHgm4C86vK-RV3sRgcLXyAP9vLEupDk6F3U9g4kxTamf8LyR4lkQEiwIb4cNBkoWS8-pbochYjlRgPt6AiPtGfiRoJ9FNzR3oEwEWhG3aFOlhYhZaJ99wOr4MRrlE4S2XMsy8QhTeFiu|https://lh3.googleusercontent.com/gps-cs-s/AG0ilSyUtJlc5fo64RhbGNvRf6UZzF1gNQhZQLkBYxDUm0YgOlKMR4r8UpMkndkmFA-4UaSvWzG0iYlfDoCfJ3MsAOm3ztvWxrLW0rUTR5zof7pCPsoItkcEAZAhtST8LkRg50G7sTk3|https://lh3.googleusercontent.com/gps-proxy/ALd4DhH75THjm_cBRQZfBZ1qPv7ZWhgupCDuOkq2uBrjXyOzieNRPl2jAqhX3y036XvE4jzKV9wFTsfsmyol4H5jerz7HZN7CN81ARe3Q3e3vG5nWOvb_zMYZhbF4EsoLvIIMcCHBKAHBzMMTGhHR3cs9AdxlgY0MBr4_f2v1vn6ZKPEyOONNa9DIA-9|https://lh3.googleusercontent.com/gps-proxy/ALd4DhGQp8rHWVeOacHNg5GGvvY5wh0QRQb-3nLkY8yncJJp3RCo4iftwm1LihVMdVR4saJt3imFiD7bi21FygbQqeHf-4UKCzDvWjAV2jdvPyJ6Obai6MlgErFOsX4I8wO6Di10dbkmM2oKmv2-16t4GUbZbbEIoIDNQkEzugkpwiks9KvCrOf1xwb5|https://lh3.googleusercontent.com/gps-proxy/ALd4DhHD8s15CxEoSiZMb4eJRypd4_Nzi5R-NEtzIkDHX9k-H74ssGyIS5K8455oxV6A3PrlsULO1FkdW5_pEYYpyCyeV8MIFqv0N6k4GfjSTXaZPA9gCBl_t7_cgTlfhTI_rz4F888mddd_0bkc-VuxLQ2xnx62RP7NGVE8CuZ9n2UzNj76kThVlL4_|https://lh3.googleusercontent.com/gps-cs-s/AG0ilSyo64d5lE2XLn2LD6F9SAievOX6LnfpVwDIhFAlN28mvpop1UYUp7U-HKeU1Kz3LB9vbxFkLfxlM2dd6k9KwmIe3Zs47ax7UKX-fCfC9ian1FR8qD9mQXamHtJrFxLAgNq2e6Mr|https://lh3.googleusercontent.com/p/AF1QipPWbTHrvwBI9y90s-5hcn2mtaT8qa7DWNniCUfb|https://lh3.googleusercontent.com/gps-cs-s/AG0ilSzVqqzBVGVp4yBwFSsg04PaWdox5xg8qdCUwKfOvd6-0grLm0nbB1j7mTeBQb_Z1a4oPG2onVh6dpBWeLJ40A0sRnYasP6rS3YOspKwN-cL6x4sSYGDlgcSyK2Qk7l-weWS9vE|https://lh3.googleusercontent.com/gps-cs-s/AG0ilSyyJ-9yoxGQ1aE8XYmYpl9B-fFkiG_CFToxTIHx5oEf3b65Mq2DlZF-IzyU4mqfJ4gM-3KRtsBGRMzufufZ0CW4A0izXgPoJx2t51dRz8r-AuBwkfbtgyKAZfhAWrPT9KfrJZk|https://lh3.googleusercontent.com/p/AF1QipOykZD3x_2z8WQqkTjIxRIK_2sGa4trYrCuCJfY|https://lh3.googleusercontent.com/gps-proxy/ALd4DhEjV_9JcvebH0_21cGCO47zkQrl2dCqNsdQNr9CUMEdfv_jqgcYafR448d0d9uvVzg-GRjGM_5DiqvGsWEa3CZDbxTRw38E3AUSsKnDYMSdLEhUtJPcNL_ct38jQ36SnmWT_puEZFdYWqdoyB_AztgIfVVCSPYRiWWV0-LQ76O_WrhxLdjIJB7vHA|https://lh3.googleusercontent.com/p/AF1QipNxrcBeRHrU0J14jayJfybGM9kJPpyjKvWLGXxC|https://lh3.googleusercontent.com/gps-proxy/ALd4DhEfr-0j4NwVI_yv-CpZ3SLE7NxPp_b25uemb_8FMU6r2pjLRHXmelIgrylkZMoOHFIUDzkf6ckil0vZPWsSUYA6CxFUcBp8bGsUKeC-uhcVgT5mfWiQYz-WH7SpNiox4DYWVRWakpRdhba5VRi99jf4qn81y0FvehbwwvdqYUukrSdNnhnxKrzO|https://lh3.googleusercontent.com/gps-proxy/ALd4DhHsm7G91TheiH90vNFpqsSXf-1GGpEfP7HBSghFYNUmhXSv6tL1tDmpH_OJkLvLvPK0_BTAWWZKYAc2gJOM25DsqzqiMNqlgc5dkGnXCsV1MZxoNiJAEbIS-4HYLQHgMQV-uf7mhzMFTw-ynrFDaCe-zq48OcPjVGxQKqFSzTtW0LNuo7BHBeQ|https://lh3.googleusercontent.com/gps-cs-s/AG0ilSwUJ89AOiYbfFGEgEeI8gGztQDe2hePWsuWxlYve0-WW41RVZag4UfKuJ6Inv8ubsTuLetL38wwlI4sXDlzDanb2gFgtM53ebWhToiu18NoccLUJmsvjp8iiLL2zHE0eck53I-Y|https://lh3.googleusercontent.com/gps-proxy/ALd4DhGA56BOCJwy33l-VLPp5pJ3AYcu3yPPmKDWFc4CEnNYaoM6xQtgG86Z1vPwiVXQSkrM-ZzTiAeZBPHe5ZoXB9aDnAv27GwjG9ab8Yuau0EKiy5R1zxgU91WMZv7OriaFI7YbrIkuSVX8vgBTd6gENxl0dzrzLaiVaF6zh_VrZWUFXGOwJC3q_VnsA,http://sdkspa.com/,https://lh3.googleusercontent.com/p/AF1QipOnqvtiD78RlpTqqecAD1QpwNBIKw06nG_EqtTm,"Heure d'arrivée : 15:00
Heure de départ : 12:00",Mercure Hôtel,05363-28500,"1 Avenue Ibn Tachfine, Nador 62000","4,4"
,http://sdkspa.com/,N/A,N/A,Massag,0605-776109,"Av. Hassan1, Q, Nador",N/A
https://lh3.googleusercontent.com/p/AF1QipPzAd10BMATSGcMKxxAmT1uV62sa_M8K9bjtSoY|https://lh3.googleusercontent.com/p/AF1QipPDwM8oCkccVDdr-5tz5jsMI0adYn3BxjR9X_aX|https://lh3.googleusercontent.com/p/AF1QipPSCoo-mIhfkLQZLr58wyxo6mchlj3mdT1QK5l9|https://lh3.googleusercontent.com/p/AF1QipMRPhOZBm2vTdy3eNhHbotZe74DYC1dK6sfrQJk|https://lh3.googleusercontent.com/p/AF1QipNquQnc7votzNoDpBHEdwEcsF8eH3C_1JYfiyBL|https://lh3.googleusercontent.com/p/AF1QipMVup3fAHdYoD1VgPHBiCcAsTsOQfD-7yubHwWo|https://lh3.googleusercontent.com/p/AF1QipMwPHDwsWptnVM0fFJgLWhg-0CnQpeCxJIPq3GL|https://lh3.googleusercontent.com/p/AF1QipP46nZI-NHAUbDQXelvQYQXFfBODYVzH8QZGxMG,http://sdkspa.com/,https://lh3.googleusercontent.com/p/AF1QipPzAd10BMATSGcMKxxAmT1uV62sa_M8K9bjtSoY,N/A,Chez Mme Souad,0613-333353,"318 Av. Hassan I, Nador","3,6"
https://lh3.googleusercontent.com/gps-cs-s/AG0ilSxzNwKJEfhxxRXN9EgVd0_t58aifg970-OCB1cboXgYEblNQYfss_8TRuj5muoRv7Oy6EtZtlFYrJXWGR94VGOdR1hYkIG7aTLzy9CyIWf2GWyKd-P_a-9531yREuV0077aJXLTDw|https://lh3.googleusercontent.com/gps-cs-s/AG0ilSxLWNZ5z0BGodWBUmKLzbjQJX4-R8U7phbCP4vg3WTDWW_H46IhHxEWxj4Ysfr5p1hMbs2_aDxOpW6i-B_bwXgRIf4UYZd-TZtdhRxlKK8euCOCRq6JQCv1SAX3r-4dXmbz46gb|https://lh3.googleusercontent.com/gps-cs-s/AG0ilSyj38C3m3q6M5pxVQ9uEBL5QGmKr_bt3wX1PLbeUEN9Q7lyATYSOWUBXoO3Qu3V6RC5sAw3uuSXtrsXxvsiYdEwyZyXHX-hrU35p-ItRil3hBcaqS6Neh3AkPaRkausUm3_iAw|https://lh3.googleusercontent.com/gps-cs-s/AG0ilSyQmlQvx_7XUbHFQubpiljXURaaWgKQ_GhxuzS8DERFHe3dxCLZecRlAdaPcYYvkgrJgpjeojZcgQphcQqrQTHu64bcOkrAWPsPHU6NmvW53Vg9gz201DDYc6M0ix003dD2H8_wQA|https://lh3.googleusercontent.com/gps-cs-s/AG0ilSzeU1VPzyLfEe4rCndllkS-4ANB4D_Ve4MIlYHjaUP0AW6giOMs675ghVBVzfs81bOIqHWjjg306FIDPacptWFp81TxV-H3aCzs2mcsrA8YKf8XF7e8Z-9wTaCtokKAviqyzQIL|https://lh3.googleusercontent.com/gps-cs-s/AG0ilSwipj6NZO4GT3durcZm0BON12xj5POmCQtkWvjoY7p6cCqMuwBvTP5SCj0Dw1vTinUEEXiBv0VvVSZZoZwp30LrPgy9-o9mMxK9c5CT8DNNUSvE7sSEROqAir5g2y0tM5YA_URT|https://lh3.googleusercontent.com/gps-cs-s/AG0ilSyxcHf2vju3tfT22UvjH1FvjXkq7sn1xn-dm7Xsp2Q3sJ06wjFXMl3Gnxx2OtSFj0p0eC43asdcqUV8gNoD4AjWHg0G9IbixOGImyug0UhE_M7jg_IhfkgOazBASr0KB65ihVmavQ|https://lh3.googleusercontent.com/gps-cs-s/AG0ilSzs7OacQcIB3mKz9rYX89CNc8SF63GbnWCY-F3FZQN0P3VHTS5VECPQXkwCEzjI6d9sF7sU_EEQdT86zcI8tCve0kXLjxp9CLcuCfUxPDvied-yjyV3AeY3A-bY8DRHp8I2aYEk7Q,http://sdkspa.com/,https://lh3.googleusercontent.com/gps-cs-s/AG0ilSxzNwKJEfhxxRXN9EgVd0_t58aifg970-OCB1cboXgYEblNQYfss_8TRuj5muoRv7Oy6EtZtlFYrJXWGR94VGOdR1hYkIG7aTLzy9CyIWf2GWyKd-P_a-9531yREuV0077aJXLTDw,N/A,Fouzia Beauty & Spa,0636-773737,"53GC+8XG, Nador","3,3"
,http://sdkspa.com/,N/A,N/A,O'Natur'elle,0634-333650,"53JG+75W, Nador",N/A
https://lh3.googleusercontent.com/p/AF1QipPTaLF3h9k47LCefLwt2vb3zFGRuQcyrb_UaNU6,http://sdkspa.com/,https://lh3.googleusercontent.com/p/AF1QipPTaLF3h9k47LCefLwt2vb3zFGRuQcyrb_UaNU6,N/A,Centre Beauté Luxe,0767-514048,N/A,N/A
,http://sdkspa.com/,N/A,N/A,Spa,05363-28588,"1 Avenue Ibn Tachfine, Nador 62000",N/A
https://lh3.googleusercontent.com/gps-cs-s/AG0ilSzy4tBkmJsG2c_XTXDpt4XMdp5H2Yc3bDKGFZy6Q1wc3Bw9ctLFCvqidgUMfHjgChvXOjuta1wMGj-rA-3E4KH3DrbpCHejZ6edRHEiDsisAGVlQnTcrdcXN_bynHGoxo8C3mcJnb33f8qH|https://lh3.googleusercontent.com/gps-cs-s/AG0ilSxEt645f7Otk8b8gIv-vt8sYV7FLRiotheVTYw6aEPFwqK_upnsD3UxoBjE7hmBJtcMjhhnUY7qKYUYYPVwGPPPeTotVHBYwq5VSNAHp34X7NZvJmHN9gQGJVps3-I7zUN5GULPvw|https://lh3.googleusercontent.com/gps-cs-s/AG0ilSxZSzk5A6zNmZ2ow0bjoztirZbLmO063acX4zbjsuJxY5sTp-EAt_YAWZnyQ0kXv0taZWr3NS3MJmI9SiIxkEgMYBnm0xDgYSSpbRuYMaUR9nF1KKg3hrJ9nD54VxEbZ_95qYmwVA|https://lh3.googleusercontent.com/gps-cs-s/AG0ilSyiEC8mKoI8Rt2rCoInRofuyzlW7MeZJbCJ7DVO8E4aFj5eXZE9-St9WdmziOT0D5DTfzUNbmRqpw06gcJJZLOuaSYwGaBD32yl6uTSo_cxN0rxCS-aqTbx5iehqSmun2ux8Bbw|https://lh3.googleusercontent.com/gps-cs-s/AG0ilSyekpbGim40aXVf-EdfpOTSvGnVFFXpfswVIypk_cKxLno3l1x64OfJktGGPOTR6vqjwvPbdHT11gmByE0wWpcatQHUpRPpG0n0DIQ4ypYU_IQOSjp-kpIOj4CtdzDk8YPgGojh,http://sdkspa.com/,https://lh3.googleusercontent.com/gps-cs-s/AG0ilSzy4tBkmJsG2c_XTXDpt4XMdp5H2Yc3bDKGFZy6Q1wc3Bw9ctLFCvqidgUMfHjgChvXOjuta1wMGj-rA-3E4KH3DrbpCHejZ6edRHEiDsisAGVlQnTcrdcXN_bynHGoxo8C3mcJnb33f8qH,N/A,Eden Fitness Nador,05363-80302,"533F+Q3G, Nador","4,2"
https://lh3.googleusercontent.com/p/AF1QipNYiR_yyGMgTvbp8rLPwiFGcdFfyRtQR3eng1cb|https://lh3.googleusercontent.com/p/AF1QipPCEp-_G9a1DJ-gNnQGjsrREvv88P0rrUUWKtY1|https://lh3.googleusercontent.com/p/AF1QipOesZ6a4eP6rCafQz458qxOuxHL1QpUfA1n8nmB|https://lh3.googleusercontent.com/gps-cs-s/AG0ilSz7bZXGjEXaGq4NmWD8cnumIYlRopLO1JOafq87zOJ4cOjumw8aGx5Sj67rJEfMeJ6KPcsgDB6f8Tp0Bu3OIFXohM5Id13u6-4bvw2d9CgfnSc6t9Tz8j8GRdB-Adc21-HTsDd8Lw|https://lh3.googleusercontent.com/gps-cs-s/AG0ilSxDt1kCpJVa_9TrSFpLkFBpausODW8RCadt5vKwFsKDcNr39RP91oovMDSHNUKXedValibRWGirzgcGvzj7k1OFyaWJfa5t091HqdmKHQlClk1dZCD5rHJsnvdNXWKxqlAv6p-8P5xX4RY|https://lh3.googleusercontent.com/p/AF1QipNm_BtQWIImHayu5U0Ijz_M-QFIrya6sGD9z8le|https://lh3.googleusercontent.com/p/AF1QipNab-VzaNXZYPg_P0XebwItRuTCbMvk9-LlF5SK|https://lh3.googleusercontent.com/p/AF1QipMKlKFuNo8NDgqJn1BNhd47Ad-zpXIcQSAT46vP|https://lh3.googleusercontent.com/gps-cs-s/AG0ilSwnVdOK9WDQgAmtsA7oDDDB1iDWE7MUlEbdfftsWScF4Ky6KZggTlasblDo-T12UoJ3jCKl3blHBjABdRBRLHBCJmJ42AAJbGKe-y6S5u8IzJq2fiy4tWR1Bgon-tJrtmpi8YCvdXDeEKZY|https://lh3.googleusercontent.com/gps-cs-s/AG0ilSxnoby7oof5c88O1ABD1c3nHmtgnQVj6iqLU43ITDnsdAKAp0YKhi1j95uX74B9WpI6Me5Ix0INNwQhkGPyVDFdUuWmyOZeJO5D4EGj9k9NQ0AfK0UJLbv7M5PY55yS2GkcBi5GZw|https://lh3.googleusercontent.com/gps-cs-s/AG0ilSx_pogCUewV2y95yOzxfsfytp4lYSwklv74DM4307Os_oIL0sOpg3tgC7ssFccPGkRIS8u0DeCgFV-lA8jF78hdNt7smUDJ9m8s7wlB7sRbMSNk1tgmc8BrChrT3fU68GC-eBBw|https://lh3.googleusercontent.com/p/AF1QipORRdN6sz05WesL9b4PwLKCRRfALji9KDITDO19|https://lh3.googleusercontent.com/gps-cs-s/AG0ilSw2-FT1heXn9aVrgkSnQqjLouv3O72kfyED9jGLitks5MJ-v81hSk6hNl3u1HOirbpQYqq0iu9SToDzi2Ygjc41og94iEEHs3UJ_PhbqwXT6bEpaLRxmQw9WVyx2bEXyfFopN0B|https://lh3.googleusercontent.com/p/AF1QipMgt9I1WzpBABLQdwbqOIT26fK-y3CsscKxJs5n|https://lh3.googleusercontent.com/gps-cs-s/AG0ilSy7vYwB-hK-k7igd6nLQ0WYle1bMiNjbQwqTbx62oWUJJ6iLnSESXQGXNfjaO6elSZRBPgD06EBiC2VTzDYuHHbz8OJtr3fqlxnzOWPnJrryR3pUQAJ4hEIMkmTAwePzz7d1VMQ1w|https://lh3.googleusercontent.com/gps-cs-s/AG0ilSzz96_JWmWSTo55c4OR5OgZMQZ-IOmpNcyWKKcX7S2vC84lUD919ze-ABQ43xAC20Xe3G4a4cdRcYeKj0KxdmtPud8kntKrsVdr9OaCchGSV-cmG2B7rLJQI7GqeggXhmGDW3z9urTGdU3h|https://lh3.googleusercontent.com/gps-cs-s/AG0ilSyRaP3Q0V9HOzv0bLxftqk7pN_buNl0Q9G-tI6TuUfXcayDGxVndv3hymIEtiRHv8Y8_lLkj48AawiIeymTzUlEgMicqAbPjwXhgRMvp-OGGBToemrYsRjwkQxG8lMih0pNCY4hKGdljRA|https://lh3.googleusercontent.com/gps-cs-s/AG0ilSzeAM0HdD_CBRPEvXYDBpSIh22KuCOgU0uCOqFKn0pw8itGw_NWKxGzE1MAEkgTl-jwoVx8h1yfAOPylO6cM5MGDcEZCvEL5muYLBzXeNNQ2DGFLYN11vYESqggo4lyN-3qnEjxqEMAJBw,http://sdkspa.com/,https://lh3.googleusercontent.com/p/AF1QipNYiR_yyGMgTvbp8rLPwiFGcdFfyRtQR3eng1cb,N/A,Nissmo Beauty Room,0667-581427,"30 rue 4, Av. ABDELKARIM ELKHATTABI, Nador 26000","4,6"
https://lh3.googleusercontent.com/gps-cs-s/AG0ilSw-qCciUEluFRAEwIfjLl9uLfQ-khw6m5QMfow1nNfecXRJETe0e5LltwZgu5V8A2twXmIygwJJcOezFRMSk92kc_uzTZoG-x6uyjMr3SUvvX__uJf4lo9KVl0RaFwgxQxa5eyU|https://lh3.googleusercontent.com/gps-cs-s/AG0ilSzTpsitUvVmifuANBwRV_5WEymDgcx9szkBnC-RfarMh4ZYZwvf2xInQrgClQLaYvw0Bg6TbSZS3oXkZCyLkrpbvw-RGCJLJuqkVHBJyun9nK1kgik-UpuJEh2NQV6BUrXZof1T,http://sdkspa.com/,https://lh3.googleusercontent.com/gps-cs-s/AG0ilSw-qCciUEluFRAEwIfjLl9uLfQ-khw6m5QMfow1nNfecXRJETe0e5LltwZgu5V8A2twXmIygwJJcOezFRMSk92kc_uzTZoG-x6uyjMr3SUvvX__uJf4lo9KVl0RaFwgxQxa5eyU,N/A,Hammam Achikh,N/A,"53H9+3JM Quartier Civil, Av. Tanger, Nador","4,3"
https://lh3.googleusercontent.com/gps-cs-s/AG0ilSzYgnmKE4kMLVhaxDjHxI965seA6yRGfElgMLNoeMjJQggWKPexP-Q-2dXsjh3j88SKn1fHmilGO3Nj3iWwkitJbYenlW9OVK7EP4dsafYKdJDx_w-G3LY0WUgnR_8v8ayGtNs|https://lh3.googleusercontent.com/gps-cs-s/AG0ilSwtjQnBQz_8vdzCx1te2TnJ-tX-dGhvUrsm3uCszC7SJmTyyyEVwxpu6N1cDaVQkDlY-x65ktZ9O4RVx52QzdP6ujZBJXmIAb0-zVSdhlUn4uNczUk2Hm2uMTk7E_TNgTVQx4JLVg|https://lh3.googleusercontent.com/p/AF1QipOzZ3h3bAN6g_MO_SHUnrKofNY6FWyX47GsOQiw|https://lh3.googleusercontent.com/p/AF1QipP3yVzEjJT2GhCfklyFQnO5UwhlzQZJEYnXuk4g|https://lh3.googleusercontent.com/p/AF1QipNPBF2M7w1XJZVeJ3DKCvd1PajsVpRJyp8M-1ru|https://lh3.googleusercontent.com/p/AF1QipOXUFxibHF_sDpLPWXVpcJvaGS5YeCecrVmIRfQ|https://lh3.googleusercontent.com/p/AF1QipMxfZ3yTCiTUkmwFhSBSJ7ffS0FMr7VyjG7Xnqu|https://lh3.googleusercontent.com/p/AF1QipPBIuxByX2rHwUCITCFHdYsHxBl29muXamkQOGv|https://lh3.googleusercontent.com/p/AF1QipNAs0FcZGcISZQr5PkzRNIwiZffHI6M1eYchB6Z,http://sdkspa.com/,https://lh3.googleusercontent.com/gps-cs-s/AG0ilSzYgnmKE4kMLVhaxDjHxI965seA6yRGfElgMLNoeMjJQggWKPexP-Q-2dXsjh3j88SKn1fHmilGO3Nj3iWwkitJbYenlW9OVK7EP4dsafYKdJDx_w-G3LY0WUgnR_8v8ayGtNs,N/A,صالون لمسة الجمال,0641-666233,N/A,"5,0"
,http://sdkspa.com/,N/A,N/A,Centre hijama,N/A,"Unnamed Road, Nador","5,0"
https://lh3.googleusercontent.com/gps-cs-s/AG0ilSxk21NRUJi3PHTQX0nDeY6i0x-Ckto46kbkvJVlA6ST0lm4qVIQKe6JZ6plt7kax0gnD2ZnpTmLAc2COetbJOl2Y5oS2qO1MNrWhYu7MgYdAchFnKjeaqJZNU525p2YqEw8s-A|https://lh3.googleusercontent.com/gps-cs-s/AG0ilSyuXT2hF7RJmCb9QYf7mSw43bxybR8M2NzR6lUXPmMDBU2vplAv9DbfgU87znloRNV-t8CwCSn5k2gLHtEuC3p5ecMidBl5L9J5tQas2JiAY_F650SSGFDTPCWmW59zrf3OVl0|https://lh3.googleusercontent.com/gps-cs-s/AG0ilSwy8GyvRvDLJ_B7va-XwKrQa2EAsaDE3j_IfOAPLfrOcUWa44WI1NAd-C7thqASKEC9iv7T2LL5sUV0IYIrHh2dcKbxw5rSYP8NTsmp_Q5kcw2FK7_cWLbuRnqjVXSgUK82XVg|https://lh3.googleusercontent.com/p/AF1QipNUgyZP2wKafySB6VdwbP31N_Ra3x80dpQ22Bwd|https://lh3.googleusercontent.com/p/AF1QipOOwF_RUEBz2QIBwQGIE743hD7MDFfMLHmGWW7P|https://lh3.googleusercontent.com/gps-cs-s/AG0ilSyw1Q6xAKabJErWz_H2oJWkucw7TtlHETOrbqRGbNhXojNYI92agxqbruUiM2fuSKSmWidYwlBBUoH_xBbOl6_GehqF9TpPVYx0uHOg2_ETny_q8HyOVXWZoYMEUxgf1OeCSSiMrw|https://lh3.googleusercontent.com/gps-cs-s/AG0ilSwLJmsW9fXy_axXgIbgUYde7xJrcL2XZ6JesjCjJBxB0_SQdBoq61UqbcqvwPxgR0sXyYDkXHpvyM4YixgjVdsJA_8xAGxWBrpudSmh3XYW02FBR7xlZXJBiMeMD-nQ-9Jj0-HkkQ|https://lh3.googleusercontent.com/gps-cs-s/AG0ilSx54xD78L4ZNOrfEtMYmrvIEghrnZtNyU0ilaRiBoH5qsULEdiEHDvBZ3rTdABmec-YsIyKTDJSwog147MfPqzT1QZsF6Fog3_8GhzacMAA_wIel7ZFRJx4RWQ5LmKg06YnIbLcMQ|https://lh3.googleusercontent.com/gps-cs-s/AG0ilSxwy4bRaU84rS5K7JwgIOFC5-ps13QvPtGyY4tw6rePWOBQPi_wBiLe8D5W-ZYiRAtbjolscv78l4BtZsrdvfIVSbmFJYrclGg7lRMqb3n3UF5k38oxC7R6UZZggyQZ5cQ7KguzuQ|https://lh3.googleusercontent.com/gps-cs-s/AG0ilSwWC0A3mCeJv-HWgT61oM-BVhV94lqOc5w_aGa2p2lk0A5F38JK5n1eKsHA5aBXZ1eP-wNoJT4kig5ClvDCmZ0F2eMRiuJWS1LatsKAbufh0RNmQR0OoIog-u05iS0_nwdu6tWt|https://lh3.googleusercontent.com/gps-cs-s/AG0ilSzRTnOsqLsLkr89js9zktmgU7_DJRhCJo_lgi7FtDr438yNpbJaL_Ycr0SGGMLTBbwbByjWogejJdDm2fAO_Zp8w4T1GC3Sp8iNa2Al3Cx6G9dbURjFou0dPBeCQLE3eObfFIhb|https://lh3.googleusercontent.com/gps-cs-s/AG0ilSwm40EkhkA9Tyzx8ttvNWPWwV5jCFlrOw0WQfJQqgfe39bGFbQi5_3VtsT-ACPsHNTlNFH9Uav79NbhqfurWgX9iO_huXZT-KrBixjBelF29RfjbOpj9I3D7_4aji1ZWUnmJIk|https://lh3.googleusercontent.com/gps-cs-s/AG0ilSyMVHcE5R22_EIju0T-oxRKlACu80GWCU2qVJ7zNNIcLAnbHF0vtRbJXdD7CZrGVX9-0irLmcbYtdIyFBGx9ye9ZR9N-LfxNXSSdsvUDX71xbBh18TXqSn66IrEwVqDlu_lZ4Un|https://lh3.googleusercontent.com/gps-cs-s/AG0ilSzXAO-PXsVFuYWjw-j01yBzta5zq4mWHKCo_zcp9q-OzxlLJpeRlAHduvCb4Qrq-8MKlv-DYWlbx0HTcHrpR_ONXy4ipaqjxG5K1gIyZ6Va3X0AjxWPwh6bsoMM0wNrKFobOH0L|https://lh3.googleusercontent.com/gps-cs-s/AG0ilSxZ6IRNq2bJ-f4Kh0e4GX1SBTL9EHtGGq6vCM0KojObR77GzaOxHDFytYCTv0XPSuOzFVlGkcy3La2ga5_SNKP1I05Lfqg0sQyx99PK86mFmsZonhcpupipcKiqQAwRMJFY2q3n9w|https://lh3.googleusercontent.com/gps-cs-s/AG0ilSyYq0wH8EWR7X-Ogq165u3sc7z4Gs7EEzjKNjkriVDDcA5UTb2zXRTs68mtsFj3EcLBCavGEqdnKtf_DgoJQRAU_MbT1WS26t4kd8IkKobJJ5nvL15QYwYpyPoWZmXd0dHakQ9V|https://lh3.googleusercontent.com/gps-cs-s/AG0ilSyZNFjWIINjAkeJsW-1nbjw32iAlQnQX8OPh2thc9qWyNP5PSAN6KLbs9dwte04gDMxI1Kc6Evz7ulDdGUQz5qIzi7AQQ-kmfKH5HknyBPkYk_tRpICu8Zi_qSzIMJoSbeBOR1q|https://lh3.googleusercontent.com/gps-cs-s/AG0ilSzjAx8Z8Pf5rA0wEwsTRypNWyPoRogHnWXrtV4xKJjyq__2R4hP_VGgRh8t6hqi_eROpivZ1sFvCRHh6MoeSHKDYA-JR9NFoqGrrhv484P7rwdnc4yhbKcrobRn0U8T2DlnjXKwbA|https://lh3.googleusercontent.com/gps-cs-s/AG0ilSycihynBX7FakByN4XmSicmAcRaqaEbbzH3nQYhyCVRnzc98ww30U5tB1xHBCOznYIvSjKdvNhWdLkClP_Hsb5n4_3Qj37huk8txbSNJeoV9S4atiNMd6Wap4uJcFhkEN-ubJlH|https://lh3.googleusercontent.com/gps-cs-s/AG0ilSy5QGHRuGh5JFkvH6a5tYa28L60QiImi9NoGQWZekqjw1plHZ1039tmWULO0GtsYIhCGsU959DtgqtThHU2ISsagexoGLp0OzCNJOkNkC9Qy6zjVYFtCGRPjAeTGmEOau0nrScK,http://sdkspa.com/,https://lh3.googleusercontent.com/gps-cs-s/AG0ilSxk21NRUJi3PHTQX0nDeY6i0x-Ckto46kbkvJVlA6ST0lm4qVIQKe6JZ6plt7kax0gnD2ZnpTmLAc2COetbJOl2Y5oS2qO1MNrWhYu7MgYdAchFnKjeaqJZNU525p2YqEw8s-A,N/A,Hôtel Saja,05363-83939,N/A,"4,5"
,http://sdkspa.com/,N/A,"Heure d'arrivée : 00:00
Heure de départ : 00:00",Apart Hôtel The Happy Lounge,0661-115068,"rue 80 Bd Grand Rif, Nador 62000",N/A
https://lh3.googleusercontent.com/p/AF1QipMIB1BsRL1SZZ4jJdu_eS5bSulkDDyrey9OPp_5|https://lh3.googleusercontent.com/p/AF1QipO1stUCsJNlLaahvyCRUk-tcgRRgLmL0YatyLkO|https://lh3.googleusercontent.com/p/AF1QipNrmCrtKq56H2sY8i8IadmRp6DkbwLJVYFHAi8Y|https://lh3.googleusercontent.com/p/AF1QipP8oTD9-7WF-V9EH4N0kwVzz-Rgc9EXD3LDBGR1|https://lh3.googleusercontent.com/p/AF1QipNu_9D2m1vItHyZTI10v9hRurcEyweV6MMx7HiU|https://lh3.googleusercontent.com/p/AF1QipMPxrcpugLcFyvri-WXw4XSwT7Og9POFbgjxWl0|https://lh3.googleusercontent.com/p/AF1QipMDMZ00-ZtNMrXA0zzxumr24j7bb_rbiRuAU1gT|https://lh3.googleusercontent.com/p/AF1QipPa9KgNBRvzbd5bgwHH3cOeGopnT70rRTwVUN8X|https://lh3.googleusercontent.com/p/AF1QipP3GA7ij_oWCk5VPMZyBjPnqs-gD0QQ5C_VC9s2,http://sdkspa.com/,https://lh3.googleusercontent.com/p/AF1QipMIB1BsRL1SZZ4jJdu_eS5bSulkDDyrey9OPp_5,N/A,Prestigia Clinic and Spa,0532-316579,"Rue de Grenoble, Nador 62000","4,2"
,http://sdkspa.com/,N/A,N/A,حمام نجم المغرب العربي,N/A,"53C9+3F7, Rue ABO EL KASSIM ELCHABBI, Nador","5,0"
https://lh3.googleusercontent.com/p/AF1QipPzgLrKg51FR46WjuzOnmaYytvtX8kLoObh_y8Q|https://lh3.googleusercontent.com/gps-cs-s/AG0ilSw5xABKCRUbEpA9ygzLdDjQ4-hjP5rACPUWtsKVXoeUAfT02_YF8tna-3vFmwXZpbTK6TB5HIvDH6IQ_qZ7AgaZGhbFlun7kjcJVdtZ9FFa_pN7r2Q4aRpK3SCGeafQeTjDDbqcNA|https://lh3.googleusercontent.com/gps-cs-s/AG0ilSx06UPDLQuqA8U3jIw61CYJaevNze25-nicawN_VotEDQbh7k3UHdrTSrzywICcxmsH1N7_SBkKNhTV8vO0AWdw2PbOqUceTTBHnMxVobIbbUZ5EKgsTfPe3HV56V9qYNLCObgY|https://lh3.googleusercontent.com/gps-cs-s/AG0ilSzOipjJQBFQWFddGtx_-HwzbXVvSvTg69R-kNj6meYINcWFaqlvyXMzYcgej46CGJapP2cml26Ruxu6NGa-wxPamEWaNbI7B1SH1V-3mntAGvouOauwLwdb9IdyV6-t_SFJxp3Y|https://lh3.googleusercontent.com/gps-cs-s/AG0ilSwmFRFbq1FPBW60KLKeNLbDBlPKh62NYP5CGCizGuOKmoIDnlXQYQUXKBTOV_L6deN6tx6JLcaCCFaIyYKDICxbWIMnkFSwph3zlcPJD8iCxi8YsRqumI-dDnZGYIkD6xWfoi4I|https://lh3.googleusercontent.com/gps-cs-s/AG0ilSyzF7ctYeSRdhqmPo9kTIUjpm0ysAU0rZrd9Di34ZtEW4YCOTdA8u5mlch-kaIkXp2zGmsA9EpJvypRWiMVrwf5PpbBb33yh0ciGk21V3ag5I2G3MpXSrhZ4S8u0lSIk_86CNKl|https://lh3.googleusercontent.com/gps-cs-s/AG0ilSxvSTJIUIV0LG1nXHluDi8Obj_dMEo1oGHk0JtICHrWRycipAxwOuIOCpS0lUHG8M1DSVCe843MdK1jUAJxGlpY5NvVbp3xYZubPjNWbXwsh_s3CxoCQFg_z8B3K8JTw41IFYw|https://lh3.googleusercontent.com/gps-cs-s/AG0ilSw16f9pwKQZtZ-SJX3_u6HhftPwVOtUjYPKv--4bQ35HYRSFIoPuQ3o9qZ5nEYMun1NiJxWXwl47dZYO9uYRQZzDfwnGSizdKyPK22WylLbODVpcLcbxI5FVi72WzCOdz3X6mZw|https://lh3.googleusercontent.com/gps-cs-s/AG0ilSxDkl6duqKC793WaB_1lMcu4p6kCyhwMADibDZ5eABWFuV1bcbTrepRmJ6vqWgQXVf31VlJSAHpfV40V0OZNqMcJQLgOepJP2JhVl8amvdYHzLE1PougwoVCY85H0uP7Conu8w|https://lh3.googleusercontent.com/gps-cs-s/AG0ilSwktSTgw35xi5oxpQqbZ32SUfZC8kR70eTYsN7-QkrhV0OvKPzal0kVbr0OYEuNm37BqVTajQSQggzvXs0kjQgTZIg1cBtvJRHJ3AEAw2tqYFMHs4OlrRsCxhY_FT4Oa_x6pp--eQ|https://lh3.googleusercontent.com/gps-cs-s/AG0ilSxqQojeKlYRGVUrcCLwaBPep43efhAK-LwACDSh9xYd0Oz4MeqHxD4We4V1sP6Q8_SNICKS9W_EUiv7hcJvuV76npir9krrDkrEb12AjjvFkZR3RAgrBTxlGDd10_MVxRFaJimA|https://lh3.googleusercontent.com/gps-cs-s/AG0ilSwDvzNTY6D2Dqtph4GveeCVlV4bxXm9__I47Vii_rhQUQBDTczeSHvcU0mW8wGd_P_Yn6xzOx99O3i0XVBQL_lQOcSQmDrDs0hZsknLB9wJas5m6FBapALANjr6a7-JwzlfS9PfgRVcmQW3|https://lh3.googleusercontent.com/gps-cs-s/AG0ilSyERKxg4KJcg0VqEa1yBtmLxFOYbmv9IKrFvkUBh3gIFWJImqbl2Mvlj-_PPIwFpPAcvULSk7PMn4-qRW0Q86AIDQrRVtVSOCepO1iIuodCJTZArsC4nEZm-C_XJCwHEdy_sns8|https://lh3.googleusercontent.com/gps-cs-s/AG0ilSxjYpeHiHlykxxMEGHNsdy1E0DiyZcA9ZoyMqA6AeWj32cx6ZZt0epdT37VnIcmBa4RubeJISG7NS_frvsiq8sjrZoj1Q7KszFwew-mTNP-WZHgszJG278O8Szt6znNu_gjF5W3Sw|https://lh3.googleusercontent.com/gps-cs-s/AG0ilSzncNDiIoL7SXipjiewPcpq8HkO4h5l5cfeODXZuuVGN7XC5mzMM2HsiGI4ajM2C3YNxfdQERyLFkT1ToW5qNrgVj0NodTHNX_VLg_PhaHViyDrnyNzRhkmxgHHdhKzQO3LESxC|https://lh3.googleusercontent.com/gps-cs-s/AG0ilSyw1QKT1vSy4A7nd_M9vTCd4HQebuIetLiYsoxlx5XhGvLrrhHG2n3ahc50QmDejSRxPc6Xv-U59Lx1VcQeuRAmblYrXnTraBQAPX9D0WPjaP-W5XZMkKQ5fRUD9SxzSue0ITo|https://lh3.googleusercontent.com/gps-cs-s/AG0ilSy4YE4qiDYC-XJpgbiUzA2srpUt-cLdfbQZj27rDHHS-hHp_jbWXdRqGu-jfHkMrtbreZHEh5L4v4vEJFGlyxByQ1_KT5dSk8MDcWCdZsIAYvKTrb2at-9dUn26nQasZiDLTaPxhQ|https://lh3.googleusercontent.com/gps-cs-s/AG0ilSw03s0TIL_D4xo7FMjlcarYkRpP1ZYMrDMMnkO8cldQTSnvqTU7i2M7WlmbGWDoOhowCEi5MKnHlmEJD5VHhQYCricZmm55FQDx0edcaSTMLxNUus8xUDjBH_laT66-ZbfFV24QJQ|https://lh3.googleusercontent.com/gps-cs-s/AG0ilSw3u0X9haLRxMh50M5JXT580zUmKXGr0MrJ_ee447Bc0IpthTaMBy90lwfTHKJ8H-6dFJOyvmorYjYV_ggpZhli0KmlemNPI6k_rRK32uJWxZiY8fhAsnqfNUrUOVIPu-Y4BrIowQ,http://sdkspa.com/,https://lh3.googleusercontent.com/p/AF1QipPzgLrKg51FR46WjuzOnmaYytvtX8kLoObh_y8Q,N/A,Gold Fitness Club,05363-80506,"LOT EQUIPEMENT ILOT 47 ONDA AlMatar, 62000","3,4"
https://lh3.googleusercontent.com/p/AF1QipMp6_tRBBOJaiqIgjyWaQew5JICtMUUFldK_SU|https://lh3.googleusercontent.com/p/AF1QipNSp-D2NqexP63WZK9Au9E0ISrDO1R7X2b7Tu4|https://lh3.googleusercontent.com/p/AF1QipNX8wX3kIGm7A_vQZ4Gxif_g1siREhaV5DPCaU|https://lh3.googleusercontent.com/p/AF1QipOE4nu68foA29aKZD-sYDL2gs2-WFdr1VPOxgE|https://lh3.googleusercontent.com/p/AF1QipO34Mlug0IK-yTYELY_9rxpl3ycOYh5Udy3_L4|https://lh3.googleusercontent.com/p/AF1QipNs4Jk0hkbb3cIC3sNjpjbAI39YP0Xw48bihLM,http://sdkspa.com/,https://lh3.googleusercontent.com/p/AF1QipMp6_tRBBOJaiqIgjyWaQew5JICtMUUFldK_SU,N/A,دار الريف للضيافة,0707-368679,"رقم 0, كدية السبت, زنقة اليانسون، Nador 62000","5,0"
,http://sdkspa.com/,N/A,S'identifie comme géré par une femme,Hijama Nador حجامة الناظور,05363-35683,"117 Bd SAKIA EL HAMRA, Nador",N/A
https://lh3.googleusercontent.com/gps-cs-s/AG0ilSyVxmBxvlX9Mh0I9zKRHeZvGTQ7R5UxYsykvkb_vqHoDwCr7rUxk4EU7xH_CDpfBciIHISk2Wa5Pjr3C_ZAetscYSd3FDcUKlp-cV9-U_KWE7Jg8Ijbu2wosYK60JYRmaOO0ZBucQ|https://lh3.googleusercontent.com/gps-cs-s/AG0ilSy6WR_cvckGkRsukRQFL2ZyJbn37ekLraH10MC4hT1ZeNHJjLbIKNwHAHovqGpWJiEq4_fd3YRbQZ65qZsPIyOw7ttwAXbr5d_VfqFDIbVfhRoT6sDpOE0UUOBiBymo8t6Qs1w|https://lh3.googleusercontent.com/gps-cs-s/AG0ilSy99MTOy_biBxsBSzNvFWeAx_PO37gkgf1TFf1GsTy6ZKqhryzi_eUHER1YfK5Dz8iv34yC5dwrUjQ_XFZhwBjurgsZIGCVgOPzRDTyJATRujAqlzYc91j9bja4G_kwVtNZ_EimZ-GyWro|https://lh3.googleusercontent.com/gps-cs-s/AG0ilSyZgT66Maf1UJAzkpQ7XERldZ40jNzW5r6UPCUyZ_PhF6LPQc6mJgO8IhE0UB2RaCEMA7tQZF4FQSxGKdnn4T4ybw3RMW3ojdvG3Wd6qPWn_jCakIYsaoS0fAaaxtDrhH2TZ7RUEg|https://lh3.googleusercontent.com/gps-cs-s/AG0ilSyN-13qn-4PEz9elpbIaObeWh9MxZ85JKiBosBK9HK6Sp1_WkqLd7OoFYlLuj2WXkX8kgw0h1H1dK_NfTBnZr7PNHsRgAq1TmrR3qgCQ__tT8_noiZ4OQMwvH44AkzAuHTE6A-V|https://lh3.googleusercontent.com/gps-cs-s/AG0ilSyyYdkIx_LHVOI4FLaw1dWmWO4gSqyg2vQXDryHuW5DZFgUSyBEsbOYc3H7nJjI9pIKB5QL5hQGtYB9gCi213tMoUZ5QwRzeGWt2xpnmCVfeu8gXqMKdTfc0rrQuxefdPuQqIubDw|https://lh3.googleusercontent.com/gps-cs-s/AG0ilSxAVtd_VCQzadYkPeu72pX_W-9bRJ-Pw9qjD4j3Ri6qk6agmBFy7alCvFXrAo_CqZ3ySlIDuZiZdubJQy5Md3rKBOrGRlKtNXJHwsPyXdMshrY9suIjkCgBH_6Wt8JL7Tg0zQ|https://lh3.googleusercontent.com/gps-cs-s/AG0ilSwGGZmGHFYQAJpoGBtbax-VZkU2MTd1tADaZ2guPE38K8bzH8u08vM2RRYL95Ja_Xxq83lY2B3KzgZkkl4_aCwgLmB6HV4RcaSgi23z0MuSTaW7CCcvSylWOYOw3b485SOqZQtc|https://lh3.googleusercontent.com/gps-cs-s/AG0ilSxHBRdxTRt4hmrSnDaS0YumQMYh6J3EOkRXm3UoHYLHQIP9rZ5HM4a46CXd78gsJVo5EqqhnmghgLw1wjP1gVZgQYxCqZ6d74zQO4bJSZdL8n_T7YFF1oFrCGcanr0VSG9H9i1BNA|https://lh3.googleusercontent.com/gps-cs-s/AG0ilSwDNA5wMUM9o7qg-6sY-33dbAcJL9rWyCbgQjkKFiP3yJoukkuys3M2uyGzbbQKF2zbcJsN5LccsRZ6oDHYXN5ZSjK2bY2yi7K0fX89UFdxbhl8Y16EH8nFpuvU8pFCTHGqfEo9|https://lh3.googleusercontent.com/gps-cs-s/AG0ilSzsh99dDfVnTk9D2hNBXoQLLGP4kbKOaDVSnvHS13NOtoPd97kDlQhLWE-BBSImMqES0aLn-Y_7OAG8StT2g4dsdEKI8Ya88WRGk8OwVsU9-g55eDxj_x5TJlQa903oQ7UFL7xkzw|https://lh3.googleusercontent.com/gps-cs-s/AG0ilSyNHwGvYMjcXbmUP_rmG3TTqlIJrgsi7Q7jynOMjPpX6lqcU-fopasm9tCq-JHLjPsMztaOyNc3eEkeSfzf04MjfsjMDVdd8eZuOD4Q48uD3VLCN4n2oot3gCZwSBhWDl7GqGGo|https://lh3.googleusercontent.com/gps-cs-s/AG0ilSyg18SYEGHtp2kqzmYj9T0N__CfveHXgMgkhI-D2Ayr1Rtk8LehrThCYnZmzWQrwqnRKcNjZaPfS3Nde4uFBkHYDUrbTgPAAWuTX7TVQKHWXfEFCxtOMoEB5rvt1_3ttZinKqoT|https://lh3.googleusercontent.com/gps-cs-s/AG0ilSwon6L6XeWbgg46RNP2TZS5WyxsUQSFfYgOZLO11mS8SPQA3ficBpeQwu9NZrLWaB28xtQaYH4_iYYPSBl0CIHCUc4_Akr4Vmnxrj0hyf117zaoL3rmp5u8VMwnF7Wtq2vG-qlH-w|https://lh3.googleusercontent.com/gps-cs-s/AG0ilSye-qgMyN4U_Pog6MpPoZIP0S-4Lm_H21jK0MV1oRTLzj0851D7mm23J-5gD6y5gclAxnu6Gk41LIOKp8fUygCQSigqH9t7KDtNZYKi9zvZlf3iHGVWEcvE_4xF6NqKHqHEmZcZBl1jsOUy|https://lh3.googleusercontent.com/gps-cs-s/AG0ilSyOTzazSIwhcB6M053hkIWeVo-rFfy9s1BpN3IDwoO-hwaqm4O0cEzRaeaASx_28328hJNNzRHG5ngMFmVyA_4pW0B_PSkYzXVMxFx0eQPeNr7Kc1uwJJ8nbAn5ZT1jZgT4INCQ|https://lh3.googleusercontent.com/gps-cs-s/AG0ilSyvGkQLtmehFmd2OvoP_EilQ1WOFD-WUDFZW0SWdBhB-gq75EVavAbPmVbRzjI6DMX_a_UPgc8H4Eqyx1_tIJzbUMrI2TMQ2zYa24LVl4luNueTrw97iKjoJ1ADPxDi7Pg0ztpX|https://lh3.googleusercontent.com/gps-cs-s/AG0ilSx3mDyq-Uyn-8wcXy4cIK7d84gBzwFqcYMOQqGf8WMQZpduk6wS5IWVwCgn_8S1_FRzJejido0oAyeeF4wO9o0OdacPTpgDWvw1SGA4ExCGF8BVCQPQk3f79b8T6jtbAwPaccR9Kg|https://lh3.googleusercontent.com/gps-cs-s/AG0ilSxbTyK9vjZ2yBLNYrAQEc9ezTfegWCsYd6PstE2LptKyg6KblKOwSrrRyyswGlF1dNqFb54kvHM29MGnDAYk8YE3C3PzNiyHCapOawjk9Y3JF0Iijws6QvcS49BhWQVYanZ6hc|https://lh3.googleusercontent.com/gps-cs-s/AG0ilSwJIJql3NTUBQU3ru3fdgutUnV-6m18tF_PrUk4gcg5jD2zKfxacF-8o1z6XkTpQzKVjNtqElIL9bgZexlIpN_Yta2zsKhGohn2pUaj3nfeNyGR1Iyotlz-Gbkz6Mo8kZWnVgs,http://sdkspa.com/,https://lh3.googleusercontent.com/gps-cs-s/AG0ilSyVxmBxvlX9Mh0I9zKRHeZvGTQ7R5UxYsykvkb_vqHoDwCr7rUxk4EU7xH_CDpfBciIHISk2Wa5Pjr3C_ZAetscYSd3FDcUKlp-cV9-U_KWE7Jg8Ijbu2wosYK60JYRmaOO0ZBucQ,N/A,Hôtel Beautiful,05363-83712,"532J+84R, Unnamed Road, Nador","3,5"
https://lh3.googleusercontent.com/gps-cs-s/AG0ilSyNXsSPXkxCzZUZtqJrkcfZYZPJO8PIuVl-QiaM8xbvsywP484okswgWtHMuNQZAmmsr20j7nRalKffqhc5HO2s3yM6VZRfoTJ8xItXQ6G4j-Aeq3eMGzR-AuYnviCpIrjCI-PP|https://lh3.googleusercontent.com/gps-cs-s/AG0ilSyiYXzg73AfhvMnGBqFIg6L8Rd0eZZAVWbyiLhijDzKvhC0cSb06VHuedv8_HTwiRm2nmeHgNKYeyHQI4f3BhQurKekWvGJEBzVh-ax0oaqqulvrKRhwi9BeEIyjcinzNN33AkG|https://lh3.googleusercontent.com/gps-cs-s/AG0ilSytA8nMuh1XOKykCwdFbGapY7FIUNgHujs3IXhB-_FYwN-UoXiE6bGxMXLSSVfMSAtS-nxeG3a7F0XjKSkb9s5BW180MuLilqk5yBK75gK4Tf7kKzvsQJrpNrGez2IZSps1tdU|https://lh3.googleusercontent.com/gps-cs-s/AG0ilSzePbOGguhRtRxY0UyXTYfKugHAWDo8hntYVrtrOePoEjLc0BB31f6IBcJppRAhxsCrpCpMq7HPqv0IvGCjEqosoJS0kokcNA30U2SYROV7nrk-06igwyde6Lnf0HMS6tn2siFktg|https://lh3.googleusercontent.com/gps-cs-s/AG0ilSyFDpkh4ONeb7hTmvny7FyYRS5eIRGk1zzkxFendwakN1r3JceN4HB3XniUpTavzddJEBfHYKo7ElNW-694Y2wmJntldiAY5PaR8ISE5AkK9gxJGMU2Q4_Qhu8VmHj0MTBrqH0aqw|https://lh3.googleusercontent.com/gps-cs-s/AG0ilSzF9isijNLYEH_fqEcdg8bPsuh6ehjUe4xJS0ugXEVV_9pgg7UcYBsxZhDT8xHJoUdfuU_G9ukh5FlSyswK3_chiXIQiKPvDPhic18tKzAr08X37qHJSuPPz5QciUQonZXN271vaA|https://lh3.googleusercontent.com/gps-cs-s/AG0ilSwNfd0YWsMfcDVywLrsI_z6wk0BZk4RdOx17rWIrECuTzmJIUNaBDi2I60oyr4kjfYbJogkP0RsI5LyqwuBftcUBbh2-uQqvP5YkywCqQ4GOCZXRR0Iv6Kinr1sVy68fjQJ8WnL,http://sdkspa.com/,https://lh3.googleusercontent.com/gps-cs-s/AG0ilSyNXsSPXkxCzZUZtqJrkcfZYZPJO8PIuVl-QiaM8xbvsywP484okswgWtHMuNQZAmmsr20j7nRalKffqhc5HO2s3yM6VZRfoTJ8xItXQ6G4j-Aeq3eMGzR-AuYnviCpIrjCI-PP,N/A,Miyarij,0696-843558,"5X3X+M6C, Nador 62000","2,8"
https://lh3.googleusercontent.com/p/AF1QipMq2QsNuG_wbntFnsNrim_GjM0HRi3KK7xIx7yC|https://lh3.googleusercontent.com/p/AF1QipNMnfwP85Omz_ja0lvhpbvBLPJgHiIsAS7fDs95|https://lh3.googleusercontent.com/gps-cs-s/AG0ilSzqeGW5yctqhTfNJgNlbMaqSBwEejVD1vsx5aBLZZ0ii-xa1QcK_ttsV8D-FnL9XmhppuOMy5PugKrwhl8qYx-ZcuUhmnQp5s-4SKZOv-BZLK_awrBx3gnMJaZiQt2MNOVCxiKJbg|https://lh3.googleusercontent.com/gps-cs-s/AG0ilSwTXyEEugvMuZurg7oNXMBPmNtJxbWYOMjR5VtmKtEhSOg7C6fDKUJm3M1iHNcM5f_Se3m767engsNL4gTOpvxTULxLfvN4hQEwNJKAs6JKfNHgPMpQV84AzbT5KClVGusp|https://lh3.googleusercontent.com/gps-cs-s/AG0ilSyFbkVffH9PtqE8c3DpbCSOZixaaBfLf_vJgE5M7CQUYw163KjsjRHDZLqxdnzvHdwTJc26jSaTsbXIBb68pJiFf4xBCUed148aVLaF6OLZ3YE58KarTP0Wh4pyqRuNIuBX10TD|https://lh3.googleusercontent.com/gps-cs-s/AG0ilSwgc1L8oZuAfezh4LuQrlkEcLmBNnesLA4L007uD3u3fE5IkG5wG8sNmVvjjj5KaaIz_TAcJziF2u_DqrKRYBA021uyChfWuLpS4aWyTVpkZBlr1YPGqREAeKmO869h8J3PK3d6p1sSosY8|https://lh3.googleusercontent.com/gps-cs-s/AG0ilSw2txev29wqxd0MdcugxBwmqdbpk--WbigYhEX0XmkQJDpwPi3fbVb7jAye72bi3H6p1W_YAlY7VZUCRHtPlkc4DTcL718a-rfr-HgY79rmFHCGr2lvxgP_XlkSwVERyoZ2kBUJXg|https://lh3.googleusercontent.com/gps-cs-s/AG0ilSzciq1TehzbMI9Rp0A7rwgETcjd6tx4dlAmoJI2i5K_Xtnhc8esbyRt_bNtfYn8Vqvs1mJ8u4Hmg_bXdW-FzICKFF1NVr09ZdKzXo9SUsBmyzsEjIsLC2-b8k15KeP2ZrWZMkS9yw|https://lh3.googleusercontent.com/p/AF1QipN1QMGpnUrBi46LR4ErPoSs34FbkpNc7HQbsKEO,http://sdkspa.com/,https://lh3.googleusercontent.com/p/AF1QipMq2QsNuG_wbntFnsNrim_GjM0HRi3KK7xIx7yC,N/A,ANEL Beauty Center,0699-999237,"N° 237 Bd SAKIA EL HAMRA, Nador 62000","4,4"
https://lh3.googleusercontent.com/p/AF1QipMmchu2WW9blfeJhCDCTWLnzVYdGSaHHsNbEqY|https://lh3.googleusercontent.com/gps-cs-s/AG0ilSyWm7bx5hSf1aTFQbTQNDUboci3krovVKPHoR_oPFGdQ4DW6jph-SfA9YCMhTgElHxLLnHSEout_JmFWhIIo9ddZnEf_dXknlOYbwpuEIpYQUnYNtvmwmOvaRSecwDAS_DRw_OlmfQqGHom|https://lh3.googleusercontent.com/p/AF1QipMqNbPivuGfCe0duxJOPrhqSuWIaWs0RFYCONM|https://lh3.googleusercontent.com/gps-proxy/ALd4DhG3_ea4oY8O8s97Yz5sUQ5M8klnid0Z4RBpTufzvhrq3D5Mo3pI_eC9tK6nX7rFMdxxMpYV9Fy-cd67c3OQR7ti12PC-v4daZadNesT3WAxqn3r-uKVQQLU__O0T0u5430EH9tubbj62z1-yQcMU3fbMNe9wFUwFKY69udOVcpGc7vhjx0llhs-|https://lh3.googleusercontent.com/p/AF1QipNSsmMcd9mX4qdosk8_YZA6r-t1uJVXOTopguo|https://lh3.googleusercontent.com/p/AF1QipOa6SpccoVvZghbSHasKPmRIo0xbnWkS7q86e4|https://lh3.googleusercontent.com/p/AF1QipOcbIaJxKd_CTKQAR8NGTIdInsaHwQRPfYD-Uo|https://lh3.googleusercontent.com/p/AF1QipP0s2cbEOhCIJ20sYaRinKISFTmGUWr9JBibWA|https://lh3.googleusercontent.com/gps-cs-s/AG0ilSy6BaUDkd6FkUmLU7M2FZChVWcTkHLDefhO4yf6d7NcKlQi-R52LPdN8ZTEvNL-Y2HZCuBnWcy-eIubsh6Vhfo8L2gUf2s10dCX8g2_NaKu6R3YC_xA7y9Nk_H6lyIn9qSzDUpiB8wVIJEw|https://lh3.googleusercontent.com/gps-proxy/ALd4DhFuBLMQ_w-HPugL3RmR7GlkO6u8H31fIqJD-aF2wZ43LMjYPCakY8w6lYi8NN_rIWXObRPdF5uh72oLbBBktBn_oO0pk5SUviXKHOihspxXANW_xyHzx6FcvL1C3tMvUCg90cfzcVJbnF9MenSLbR0QPbQOo-gJmdWYhNytuJrz-MgrRhV12Mo|https://lh3.googleusercontent.com/gps-proxy/ALd4DhHoQsIs6N7mH-Imv24oax2zcIQkE7lolQhuD4rR7pfUnFwexi1FqentKlL2oMKPr-RQufOdMbMZcHvc9amnrysXDLtQxv1LuFrAl_9CspBP0qkoq-VhwXoA-OY1axXOJkowp-dy8Q32xIZB3-e5sB2-cbdGy9ptizpwoV_3n57qDY4YmHexE_CBEQ|https://lh3.googleusercontent.com/gps-proxy/ALd4DhHgY6q2HWv1AtnA7rt822gJq1S2oCxRKgP7CwTD8VVYWRaHx_qglJ9u9SFjncifUD0DO4WIbrp3Gpg55yJ9mBVpm4Zxokk0iXTQwBSVKK6R8WZLWjJ_Y1gwmj_kAzkoLVx6LcqGVjX-WGRoHA1G8sLOG3nCzB1xAwxa8rhtKy4KbaYF7ZjhrCdC|https://lh3.googleusercontent.com/gps-proxy/ALd4DhFZNssFKhv4YRKi6NYgOJKfTMQDSDj_KBCV17YH9QOK0KktUOC73aJXV1yhO9SXyoFPLb4eO_wkUWUFQAje62m5Oxu1phVCo_frNvUgj_ZPTW-h9FnXgGpBbPZA9HAe8OYVJS240vEqX8dLWGQFAOFKABCG7_0tlzKIG4_iatvx9xXO6SRTAmAf|https://lh3.googleusercontent.com/gps-proxy/ALd4DhEZNwy4-_npXkhswtM9hUi_5BYNzhEcpCO2_ia3807Lhe2OZuV92_AXXsbrriVO5t709xH11wbDC0ObuWrRBLFfDk-5aP5tMq9qAZ2YdDAIjnnkfObqRITu5OxcdBKdynIr9P9stQo9-_m0WnEg5WAB9sSNXoil2XvkAjPOLikiNSjY8OMyri9l|https://lh3.googleusercontent.com/gps-cs-s/AG0ilSxclOHFU3kyXgvNbmWy4F9zIyeCpGpPT3DgwJA_e-Qwh1Fpa3M9oC4B5kCK7HkgMPQWWIUd65wLTnRD8R3tOlo9qhHqYG21ZZEysqhucX3W0NXLZ_ZKYtnTeomz3ZUT47oGudOg8cX4FB0|https://lh3.googleusercontent.com/gps-proxy/ALd4DhGCDg0L02dcBfHYn6Jyl-ggPnr7JDus0OjoEyI7MKu1s57JO1wrSNIS9NJnrUVjy62DfPko9XYmdTp03cKkiVOkWw5T7afpvF1KmVfPpT3GeQMTmLf5A8aGvY8I4_dwTdEiz2Yr2_pvPRLrNsifUL6lznQs6tqlaSUOm07j9wqdjP3vgDs5Tgya|https://lh3.googleusercontent.com/gps-proxy/ALd4DhFVTEvPaCRmwKwsIkYMnnMBG4IXQD6NqXpxKZNs4Spz32r0-InhVC8RjuBvrlRaRY-AebOthOr39znSlOG4ivpBJEC7SOt-GEJUxIjm-P5888zkNbfBoFWkTZ-sfHZrVALAgtdSl3--bUMKdRreyEsxm6QDKSpo1-JcO-SIFdMBIvn3n00Ni9s|https://lh3.googleusercontent.com/gps-cs-s/AG0ilSwoq4-erIqFnlsOPVGzVUUq8eLUCDq_ffrjgf04QCEIMJAQOtSzn8V9I1A8QKUZyH7di996V_r1b58rzXXCYWGsnUmo-92TfDzCxb7ztgsEPgGNsuTJ9Z5CEQX0ZNcZpsCAvnx2UhOlWlR-|https://lh3.googleusercontent.com/gps-cs-s/AG0ilSxgaNeraaSyKqwGaGs38L1uY4vrAO9EGS1JJAvOj-2xgq3ySlncRt758qjeVkyq3uuR-8GQZhj9Oaby4Gjf70ozgyasLuBhL3EeASX6DQijjTK5OS4ZMOp66v02Mw9zTfHD4MGJ|https://lh3.googleusercontent.com/gps-cs-s/AG0ilSyYyhFz7FGFWhHCYZPfHHOR8sGx38lvgFHWCvzTwDAAkU2OwcRTEjzW5Bws3Xw3nozuhq5dTKBLQhPnxLp-bIMfhyFSJeRrN0uq1ONMB4nnuRA_yy3q3qKAp1WTtiVDekJMb8DPaQ,http://sdkspa.com/,https://lh3.googleusercontent.com/p/AF1QipMmchu2WW9blfeJhCDCTWLnzVYdGSaHHsNbEqY,"Heure d'arrivée : 14:00
Heure de départ : 12:00",Hôtel Marchica,05363-80030,"4 Bd Grand Rif, Nador 62000","4,6"
https://lh3.googleusercontent.com/gps-cs-s/AG0ilSy0kuvj12eKsTNQJHOx4DasCEbN7XapPr2AiSO9-fokFWgtfPESiZWRvZmXlahMKPHyKtS0gL77yiUierc-bFvz_gWApL7Xzun4pPUMgXQ22QRacI7w_fi2JGLQAhD_4jSKHi3Zag|https://lh3.googleusercontent.com/gps-cs-s/AG0ilSy7l5NMfqBP9uyicnJITbTlAvZlgu0SL_hGKRyQWCqvETr4iPKva7laB8Cldq16MEyC5IxDsuof9Hsqz1p_hvbp7EO6EC3kT5DFfHIxJeqyCePV8z2jeOyuIvCk_KYIHDTId_TS0Q|https://lh3.googleusercontent.com/gps-cs-s/AG0ilSxd0QdEVyTlJ0NVXjrm2eGFq9EylDu2syW4DvAm14n6MISGhYPg1rIx-PTRXrVM0Ff2Yp7444eMNbobNozZPOueAnnhDAPhwmNUm5RfK3W3OdkjtSimK52vZZmhT5cMeenZRLuCccrrkruF|https://lh3.googleusercontent.com/gps-cs-s/AG0ilSzbCCdtYiZLzQHsyGD8KGS83X6HI0ABKVAxXBQ6BlPsKrx2qmymubW0GuwYZTL9z2gVoQtYPPc3Z2AG7y5dxD2iM5HU9cNX8IwecH2vzHXdpNBya1Z-qCdiR3qRadRrrQlFRcLGBdU2GyC-|https://lh3.googleusercontent.com/gps-cs-s/AG0ilSyaigj7nPqp0RYZSms2MMGx6p5nmCbh2r3NbfV0K23ms8TlW93ROV0oCXOuLI0iEMcM6DUh0UWHZX7yopnclbnuGyC2RknyQKzs-TUZvgfWmgPziS5o-4fsTM5s8oAxgFcJ11cz|https://lh3.googleusercontent.com/p/AF1QipMcMtir8Cjt3k5K3D4qUbvGw87NWrkso3X_fklv|https://lh3.googleusercontent.com/gps-cs-s/AG0ilSyKdJfSMKCuRH6Rlj-oM6nODYrS3IX77LFJ9sYHYNrt62rbVIHyJi3nHY0m7YL08H63mL-kujLOdJLlcGsZjJ7sCPj_Ecxfur321uw7YVGRdEoxg8KFyrYpth5-8WvKLLjZQXU|https://lh3.googleusercontent.com/gps-cs-s/AG0ilSxyLto-VerX6lKvkOeMe7XopGlaSnVc8qehY-hLa9-DkWXiQyKXozuxF7voFqYQmX26nwpPzrR6qUOydWeL6EvNh8eVk-HAtYbgLPCbvyp0P50vFVCm36_h-XPshFX8Z2-bJj8|https://lh3.googleusercontent.com/gps-cs-s/AG0ilSyql3Z2sx_1tbdFfxYR4k9c9r1yEAmrAlLrBucs42zhExJ0lnMuhwRrDnpb0hWzsWoVt6mNC8geM06I0LW_riR8Di_l0-L5QW7yccP2loewvnt0BTlBVfMgzQfwPpl_J1jqsIua|https://lh3.googleusercontent.com/gps-cs-s/AG0ilSywiOV7AqolLFlfD3sXYnzOjoi2rpmrKCVahET_7WJLXCkYMKPtIAcQDglCIFA_KSyAPZANkfXwZhKjrfyJyl4CiMWudYosp4BxJz06eq0_uvlmiYWKbjRsYDDu3O5WWO3dbM2k,http://sdkspa.com/,https://lh3.googleusercontent.com/gps-cs-s/AG0ilSy0kuvj12eKsTNQJHOx4DasCEbN7XapPr2AiSO9-fokFWgtfPESiZWRvZmXlahMKPHyKtS0gL77yiUierc-bFvz_gWApL7Xzun4pPUMgXQ22QRacI7w_fi2JGLQAhD_4jSKHi3Zag,N/A,Salon Reina Beauty : Coiffure & Esthétique,0626-624853,"Rue khalid ben el oualid, Nador","3,9"
,http://sdkspa.com/,N/A,N/A,Aziza Beauty Salon,0662-171491,"Rue 01, No. 19, QT, Nador 62026",N/A
https://lh3.googleusercontent.com/gps-cs-s/AG0ilSwk9Xsx8It50QZ1Io2Y4Pg9PywoUrQk23lk6oW2svTAG1MS9qjrqhP8ETsYAsnsVIsKqGcp0pn5GOsYWNmHhsUIcamK6bIvY-VUZ9X1xrheI5wayZV742YwHQp3zH2dVo2RfJd0Sg|https://lh3.googleusercontent.com/gps-cs-s/AG0ilSxlo-5APYoRaz6Ie7Udg4vhduWj_amge1tHk1zaswjaM9z-seZOZ_r6TKXZOr_NfZcm3eGVFktPIOgPvR1pjBpkMF3_ttxhYzogdoSM7XzHJQ5tXqYXFEPZRNIW-dgs6MpTL06eAA|https://lh3.googleusercontent.com/gps-proxy/ALd4DhG7rydLjTlDApQdCmxSnP36GVJoF-sbRT-HxEM8Hu4e5A0KVhyGCkS9WLWZ9kDPUjipfkVOa-kVJBsG8lpW80tX99KJgMXcJIL7mqkFdKkeBdkXW-VK-1DWqJg7c3PTeWyfiEe3kj7kVOoV1R0SXecVGtiKO4ODtap3ClvR13yuATm224OL40dfpA|https://lh3.googleusercontent.com/gps-proxy/ALd4DhHBLHwsbwJL6s6MkgS0dnxWguynhOB7TJXa7ANsoCmyTVou1PmPS75KyA55zcIAmyZ8YF4kaDyqMm8c0i7MVOwT8nt2_uwxgElY9oa8U6F3XrV9JXHubFjVeDMCLRlFhG9tSTH3PComPDHqgpfi2Q9A-RoMdjUh98CRAMN4SarEmSeivGMv81XS|https://lh3.googleusercontent.com/gps-proxy/ALd4DhH1jzX6dAFDc4s4qckVYnL0GYt-Dn9bJkrkWfPz4hAAUb-QRYVSm0K8tixDgU1XhbQJYxcllKofmpXUawRKfbEZhsxoxe-2Nd4NOVaB5hTr61X4P6gVaL50eBzxqPg2Wx9hwx5aWlpramABo9ktjiAswMJIUZ_b6jMuN2xLt3eNntFto7gsxZaanw|https://lh3.googleusercontent.com/gps-proxy/ALd4DhEagA9Gi28cfamihQMmXmZRKLQEwKzlpVDDwwQjaXjaSJmSF8Ko1LxOh1bCBuZIaxAXB7TDb8WDgo2Ct3q3KiN_AXeQvWqiFYzrzJ6b2wSIk2gjfmiN8E8ABB9AO3RGHQRANiovmPqUNhHTreSWrwdQtWeNwm9MwdO99ys44JGNZT2XNjraDyXH|https://lh3.googleusercontent.com/gps-cs-s/AG0ilSzqBNLH9-DKnHAX_Cw12qODc4YR1ddnOFJfVO0pm5yn9KHSOFTbuNeQzqw7d-vYrVn7sr7lOmAXylk7UESR90lAMDyF84pldbh3jm-LIzunBKs7Wjng1LUpi_nrNmI0dV1qhopJ|https://lh3.googleusercontent.com/gps-cs-s/AG0ilSzKcsqAK5uOo5rZz_e78U-yacRRWjHfmsJ9yvVsZvk8iGl0ufjIBX09ZCPkxYZQJSwZypiyA-vL07LEH7xheRjZPDa3FXM03md47Ka_K56ei3_-O0exI4U6aRSAMer1t6vy2zVh|https://lh3.googleusercontent.com/gps-cs-s/AG0ilSz9jM4eg7yWq6xBeQH3oSXtT0-15IZW35RSblcYp9KCwy0SIQjbq4QjSf-LiwQIMhqnmzLJvD6xO8ni89af6EPGOGs13k1ChBwD8TgWDTAGGnSG6psM2OCcYTwdBIpVKA9awsSt4A|https://lh3.googleusercontent.com/gps-cs-s/AG0ilSyEgq2QFTaBrwWp-f_D8eQ5JQ8m7XyOD2b8PTk2vqyqLfJsrUmD-NKkR_34uCYk701GClPfmz0mL1w1lVuGJYZ6mFpwUvaSNctjtlkfE1ocj93FpVekXgsd3Du0gI1xXAk_W4sOmQ|https://lh3.googleusercontent.com/gps-cs-s/AG0ilSzzZRR0-L8v1Lqaa1yLSb-AAZ9QMKak5-6tHxm3PbDya61jn4Pzeur9QZZcQu7zezWwHSxUt50e0JU8nZ5xHiJ6495fd9dsV70qi0CJXjCnT0d_f7OwZXg2FGQ2_ZvVhrxml_MP_g|https://lh3.googleusercontent.com/gps-cs-s/AG0ilSxFlTejegU2jxRh5qhTP0mCI489oc9QE0VfQaRGgNqic7U0cZpKheUcGhrII0VXc3CxInsEuwEnKlc3ddtliI3wCBvBbMM0H2w0u2ZGp7Nc5mabu4Kl8uvIx9oAQG2vDjTImY115g|https://lh3.googleusercontent.com/gps-cs-s/AG0ilSy_n7GUn-_MyT6o2YJ1fpkj9nzuntXA2DU_LefpNLF1vM38E0inPMafmAwYm6RS-sS9eexE7peEH1ExeUZNk03uAtyBFtHk8nZK4S6smozZTwlWly3dDtYWOPB9PPkAxC61R7W7DA|https://lh3.googleusercontent.com/gps-cs-s/AG0ilSwQA2RvFf4FDB_NeYa3aArLkkLq-xh6TtNQzLj52s1R-PlEFfUYNnPKXS0LRx_8vu8AcdEocZEGkYOUsEYXjucgIL3YZFLO1wmsNkqrYPwk6NE7_HEshoEKaIIMcYJbAdBWXkr2|https://lh3.googleusercontent.com/gps-cs-s/AG0ilSx8ZiLeUojAtKJ6BkP5iFJpnNQNHAxT9esSqz2XDRB9RgHmt3pFJLDaNT8uqmcNGYZi7_f0BAsWnc8EQHNOX7S-Npi9OhSqrq4ZhC2TpFMPo8T6qew2Vl2FO8XXT3uOVMeISVNzsw|https://lh3.googleusercontent.com/gps-cs-s/AG0ilSyX_MDdDl9aFYuhQegVaTpgbndM1DBDKlrIe0m4AtPutKFKMez6hPDTgo38GIsrY4xZDYTM48JnDowZfdNDJcGwFvogk4qz20r8HmZIW3ZFafoDVAGTo7Il2HdwjJSkzdcUV5b2|https://lh3.googleusercontent.com/gps-cs-s/AG0ilSxyaT-1LRzaRmztL5QbJg4nlG0Cfd8YYJLV5CWnOzOic04m5kbz2AsP9MzuGZAyAEpMXO9elZYP1ZkaeWy8iPm2TgDYIAaLyYWrfUg9XTv0z0acvKlpsUbK41EfpzbwLI7f39dW|https://lh3.googleusercontent.com/gps-cs-s/AG0ilSy2Rz5NORtY72S_te0gFPbi0eRK8G_mzPq4IuWHj8aGGT5Z5LrBf-C7F80tNoxfqpWp6s9sGylYzAj0TtIPXW4-W0mrcBRoIDzeUBjOUe3uiteNb2HkPZDUOwN4uE-us2WIdnJJ|https://lh3.googleusercontent.com/gps-cs-s/AG0ilSxjEZQ3zBMSXapK_MNv9Mb3t6ssnnkipw8VVYWFmLk40jO6kc85iQ_9pFrYb1JaOWF3vPlp_HMoOwmB8TvTl9Fi4Orwlo8ghyyhcnGCah1N8nncgV-jPAk34RWaXwXTCa3-8Jem|https://lh3.googleusercontent.com/gps-cs-s/AG0ilSx2vKLIeUYb3LKu1aYmLrQoc6UbowdTaxvs57nnZGqrL0pKKFzwaf9kTRLUP3Yirt3SBxcn7bSclY9-A7oG7TqhksEb_kWzTEAU1jKzu0KQiWd7OMyQeV2CU7OwQxgM2aySoJM,http://sdkspa.com/,https://lh3.googleusercontent.com/gps-cs-s/AG0ilSwk9Xsx8It50QZ1Io2Y4Pg9PywoUrQk23lk6oW2svTAG1MS9qjrqhP8ETsYAsnsVIsKqGcp0pn5GOsYWNmHhsUIcamK6bIvY-VUZ9X1xrheI5wayZV742YwHQp3zH2dVo2RfJd0Sg,N/A,Hôtel Nador,05366-06071,"53FH+JC9, près sttion Autobus, Nador","3,2"
https://lh3.googleusercontent.com/gps-cs-s/AG0ilSwDU6ahG2V7fvWrTRlXJDdsu0foCoc4yp5-TTPes-GhMe9Y9kruHeYvYu4UISI0DvYxaahOr1Zl3fL47grCtzw6sVgZpxq1FkayPSF0AF2gT5a4byYgp1tvRanRLhfpsknJhyEN|https://lh3.googleusercontent.com/gps-cs-s/AG0ilSyV4dXSOdFq_4XLRQF58rLYFdAv0XnyXOsFbuEk_AEEu181dCeO-2QpTMOvuApLnjcW3stHMROvFNoc2f3b-TZ-nSZZWDJcIS31bIdZ3DjnXZonakkzFbPfM2FN4gIHZm6iVn0CRw,http://sdkspa.com/,https://lh3.googleusercontent.com/gps-cs-s/AG0ilSwDU6ahG2V7fvWrTRlXJDdsu0foCoc4yp5-TTPes-GhMe9Y9kruHeYvYu4UISI0DvYxaahOr1Zl3fL47grCtzw6sVgZpxq1FkayPSF0AF2gT5a4byYgp1tvRanRLhfpsknJhyEN,N/A,Hammam Al Qods,N/A,"465 Av. Hassan I, Nador","4,8"
https://lh3.googleusercontent.com/gps-proxy/ALd4DhGaHywyAZRJA4dUoJmBFULmjPwsX9YU19quhRqG7JBl3sW6vn7HjchR-b3uJRpI8RJn3d2u7DywL7xEnT-QjFbsb0aHiJmbJCTtP1odmYmOTj370pxwuliems26TZWPlivc-d5xkl3zSDLbg2LSeoivRUCfU4eT9s2KZ9xVdiW8BItLsB1mQqseLA|https://lh3.googleusercontent.com/gps-proxy/ALd4DhFCpS3wflvS_8vJl7TIr5nbn3CkhhvxWusEBwyzz7r_iGiI8jVsn--CZ_NDmx9u548i3E51Usk0b5UfPEkajwnh2P43Q30IK4JsUFcxeafBhk7QFgAc9t9BIvgtjPorYGfszKEurYQDurBQwOdsORIqIVBcdWS2e3J-Whqwrg0L9VRhIhvyZKP8LQ|https://lh3.googleusercontent.com/p/AF1QipNXPozcqPcK6A_biXL7KOznzoUXkBWiDcgEvllb|https://lh3.googleusercontent.com/p/AF1QipNjhJvAOmkE9lWglhjeXOlJmQoLkIE_L_pqP5Kb|https://lh3.googleusercontent.com/p/AF1QipNqkyvWwSgA4qQe0FhS6wced2gIDlM01MtQPlQ4|https://lh3.googleusercontent.com/gps-proxy/ALd4DhEjtQGGPnP2Kia075yBigF13o9hDl70fz4IeOMkGHa96PF-Ir3uOKlIx9EIrPyIytJo_x8Cqeh9v6vEDlUxMYelsYWUv7kc4qkPR6orGonDxfj_JFjB-m-bGDVowADVnB8NYtM64Terva0mW5ouDBYFTcSx5cvMjwvEQvzXJeBuTwcfKcdggnDd|https://lh3.googleusercontent.com/gps-proxy/ALd4DhFFXiuqfZgWWvwsMuHoCXYE-UnFpW43lh4z_rjBk1TKscpCDYRMej9tMDUJl6aI66eKdQtVZRLwBCqXffLrcFZ4sFPj0_NYt0MSwEuUcrjgBRvZB_hU9EA5_51a7JnCRGMUBtiOFtl08Ke9cV2Urvv5eapgNmbObTLpDJuspAyNQ9kPh1tP-nk|https://lh3.googleusercontent.com/gps-proxy/ALd4DhG7YuMPWb4GVUsgtLjyS7Oul6MsHj1oqtOw8xw9XBDfw7ElJ4FESGVHDggZRpZAykX-0HL_ZwWZDLutxTZV2Qya2oz-dY_wqTB2aAcAN-1Y3Wx-Saiwd9bSsediR5r8lHRboZ0rkBF-gNWmdF1Rrn7lrSf91SYBrnIh54PiyYsnO3pmMnyMugmp|https://lh3.googleusercontent.com/gps-proxy/ALd4DhEk79Rj1ekP9Hfl9TYqRV6jBKYzPrAeHEmY81v9aIq20k_yILD1EfvxYuFgiCbKV65J_Aa5UArIyIUpy8E5d3_b39ujzDT3FyI4cibfR0R5RqTziF5B9hBGTz2WeQclGMCvzlCGxxD5B3x7MPNRw_HZpnJfPBBlaUtl6lChtI5OYpK_DEcukNWb|https://lh3.googleusercontent.com/gps-proxy/ALd4DhFak7HntHbBVhp9nc1u7hqBORQEHk8xw_wMVo_Z5IjkjaLNqCJZqXWUxWeuX7vU8hRK90cTdwjwSmHA3lH7byW_a3CNQ-q5dht8a12r-4g_Drt8tTM1msEePBEccBSypa3AJTp6IpfnfmpmG6crmyc9FExfCVUpGZzVsU3LyRBrKgHm-M_CdWYl|https://lh3.googleusercontent.com/gps-proxy/ALd4DhGvsHnrYGJSMfqPV87tyMgd-DnPSVHNoj8SR2b_mcs0ykObupHz0V5bTNE7iY2YATG3RzOm335t3Tv5DSOw8BnV2ORlrSzaxoVQCu_i3OGi2Qj12bM0szDwmDeidzVyrzqwWQCCI5hreBaIdzQkazkCjm1zDXMxeYeakeHKoXBnfxCcNQlDgLPm|https://lh3.googleusercontent.com/gps-proxy/ALd4DhF8t60QHo7ITkYBWTbTL2jgjTnH86yu2ZombB88BmxU13pmOx-b7jHAElTrpKWZ4KOnUnx0TE9Y0Laj3MiWZujZ6WutuFpxntRaZAHjPg3o1ESwXktUnFoY3sjZEY_l7yXGRB6kPL0jfln47rtzyzkEaq4RXf_sqs1izBWKvEfPxnHw7qonWu1F|https://lh3.googleusercontent.com/gps-cs-s/AG0ilSzZ2bD2GyEnt0saBBmoRkdEDXiRq9Mr81Bma6sfP3BBGTFrP5jIP8eA9wIYMzgYVmJF33wUcwomD5suuSGipPKBdU7YyYDgw2VISNF9ux5645n3dIknghoQIG_SyyOI7FZbDO5E|https://lh3.googleusercontent.com/gps-cs-s/AG0ilSwMhPEe98ztMPGI1YxD4G_sSjjeOejo64Ok-FvjrcktJ17TrEAzj0hESOpy9kPv-kh1sRhel_nE7x7vSgMlQm0OpP7ZwL94y1LuDNFwoyayO5rUr5Mqaqoe1RgiHAJGQB4r43jW|https://lh3.googleusercontent.com/gps-proxy/ALd4DhFA-zbiDkwDnUYN9C67c4RbbJA0dBD7UYPNLb96hi3O-k1-j9OwyFY-JiGnq5InqwDGNSL9s77S1kpFZEUnaqMup9hJjtpQwBVUb9Gj1inEwRwQYCSn-oy228BTc9weRk9PnjOODCUxAGoVZh_LOo0IkvVLUL2ky3-x4DuJiAjUbFzet0XQd8l2|https://lh3.googleusercontent.com/gps-proxy/ALd4DhHz-kGbo0faxXyKH5dsbX0lK4a5abOXWotU6vMXTpI5Ciy0qjEcUl8qXv-T3sX1o1DieqfNZvS3TpNdiMMM5MVoPBG5iGj3OJQ0N4-ZBjPy-1luGfYBlYzSdF9MFrCz4n5yALbb_rrX8y69Fp806bje1NPud9bvgh5nq6sfTGuHjH3cm0hoMf2j|https://lh3.googleusercontent.com/gps-proxy/ALd4DhEFxY1HHy_z85r_by7wFm5C5LOPTBW2Mlts1LTAKEy8M6lfUtI7vwS5xxUQJOfop7qvRrGi1u5ZmFXFm1XZfIhAWDbKoM0TIahYTB24PyzBbL-ju-YycvB_4d1gj19eXNgXgxGNqNYeVlQ5BNUbruQp1BgG0AKh9MV72D5fweebdaynShqID1Uq|https://lh3.googleusercontent.com/gps-proxy/ALd4DhGwfXvVU1dGllJkvMqVe4mhbiL08A1Vh7ZqZ4DhhtcLPcRxRGY8pMx14jx7CXvu4O44SCNBeolRYM2RmtCywQzvQ-up3q7ofv-vkL8xwTB6kNrshcl4JKkpEwpYpE2ce1oLqr3jUAZ3LP1afNIly4nIfy_DI7uRHRDvZkBoSLENsGDfAmTqmu-J|https://lh3.googleusercontent.com/gps-proxy/ALd4DhH1ELxKMpTrABBAwR6bfQnoiv_gsK0pqOOjUfkXp2KCr6RTFA7rP3_IFt4fGPVn_CW7ly6zbCOIUjdovrEUdTuHbp-iXLTJKzaqsZX7j0wrGahBnf5bSjP1VI0Nlyjk7W2X6DPl97OXqLDz72ySMvam1QYqsGHzkf2njtFrS8xoZHnSgitJfnvN|https://lh3.googleusercontent.com/gps-proxy/ALd4DhFXwTlE-HFbLP1rO3iAeaAph7womaSSLpwFNeM74BzIXfppppNrdyYWjSrhsgkF2En1X_J-UAAvaSm_xkpCE3UJKzDGe3G69mjj0G9FtXXc5V6iuoYHzo0DyhN1c7xN33lcQFBYrXGz21cD1BBnLPw8mJSh9KDyMjPs47sb-hxgqhYgS8TY762M,http://sdkspa.com/,https://lh3.googleusercontent.com/gps-proxy/ALd4DhGaHywyAZRJA4dUoJmBFULmjPwsX9YU19quhRqG7JBl3sW6vn7HjchR-b3uJRpI8RJn3d2u7DywL7xEnT-QjFbsb0aHiJmbJCTtP1odmYmOTj370pxwuliems26TZWPlivc-d5xkl3zSDLbg2LSeoivRUCfU4eT9s2KZ9xVdiW8BItLsB1mQqseLA,N/A,Riad Dar Nador,05363-37965,N/A,"3,9"
https://lh3.googleusercontent.com/p/AF1QipMXsqqHbqeOmoRHJY14tQ14-Ec3EDNmZl6HDEXq|https://lh3.googleusercontent.com/gps-cs-s/AG0ilSxuC8WV-r2IO5rprLOQzO4plx2jLx42mtgIK6V0NN6zj0QPmQaeDQieRpW1VU12Nn5Rsn9wZ1U_t7j78SnhZsutQse0KMAmKyRQzilRDTM27Y5IjQql6kXRC2RJFT-YXrxj_pSb|https://lh3.googleusercontent.com/gps-cs-s/AG0ilSzFhch0N66WHdUsuQBxMZtszdzHXJrwgo9hEE9yBco4k5GiSneAJen8EBqiFtVssTM-_qirJZIJZ64HHfMGnlsEHptcmSxJ5YCYqqqQQtXC0yymxsSXCRlVlv_6FiQl0_LOm87j|https://lh3.googleusercontent.com/gps-cs-s/AG0ilSzunUoKSBXmv-bbBT4RpLv_rSKYDiDRoSHKvj0R0OtJr7yVh0AUDBqMO0SZqenntkrtFmkbk4h23-VLoXOH1JFrGM_QrnXdshW_NIjRkfuz4effKKMshx6230A8HNzu2aRpTIe_IjCiuAA|https://lh3.googleusercontent.com/gps-cs-s/AG0ilSx7Cs-KVTOoCx1o0QNtGjT5ILFaNmt5hkKnaaWT51pN8_t_GcC6d5S4KOtu4uCi7nX4wJWUtaO7MN5CSK5yTVPa9WnkCa9nLKYHGYRMn5MIio_UGdvPbDTJ5Ycf0VRlOWLZnpV9|https://lh3.googleusercontent.com/gps-proxy/ALd4DhGYXzbF3DE-UqgZ3A3Dd_lgFfL8CJq175OHoFEaHcxocVg1pYeraH_2t2gPxsNTM_6eZ5e5vILcKAwtosapdi9m40hqiZ9h6vPm34jqcT7bAZkgb5QyFUiLQUuJ97JyDJ3tCtLBd0k4oMJ8uVfPeC7wkBrqLa4tUORXbYHHpiKhqK-uhSw3j0ty|https://lh3.googleusercontent.com/gps-cs-s/AG0ilSyM5CBlb0a_K9friv_aqsokwczy5ys2_uB-KElCi1XcO-lCxN0U-1SHry6CHPfNJlt8NhO21T8TyzEoD9uRc06qTf4xUCV7JpckHqcX96VCI8yTl1Jv5jotsXYcq2zD0nROMu20|https://lh3.googleusercontent.com/gps-cs-s/AG0ilSyazvtKegmO4R346zXnnNoAG6JN94R4_I4s7rp6IPDpZbMCosBOBl9rB2h4-rdr7ysRSsvvdluawWexOfMI5s9ua9F1Hxa6qFZMMc3GTD00LL1v6zvkbo1dC31YuWDtoZwGxueJIw|https://lh3.googleusercontent.com/gps-cs-s/AG0ilSxCB1ns6ed2mf6htH_zsWlLs8bT9AXr5kgzkPxHilVrY-KbVhAd1KwNh9dGEMBEM--xPGtoFT9Tw71C4JRKZc2NiyuSNYmlgRPWCv4v4Yl524eHNajSFh4o0Zp6BMK3Wy5SMlr0mA|https://lh3.googleusercontent.com/gps-cs-s/AG0ilSx2UlnPfGNBn1zAwj5bngeZb6yDq2NWFYz7KnZ8IAEBELydq-qGb65vdsi64GqA1ySK0S1AE2q09QVdM1ombA56-F-8g8g8Wr9UBoeQN2ZOtBre2LE9PABXPZonvypFq0ReEmWsbA|https://lh3.googleusercontent.com/gps-cs-s/AG0ilSwo3wQ5Ygz2JWIFpP9Uv0P9DqqchiJitUXVhIDT_8zjmNZ5q_9n74edl54smuby5ZXmYJy73uOS2mLou70vQskhvKX4w8eIY2nJOXuyTfont9OX8H5_eFTxRgRraqaeZcEiBzpm|https://lh3.googleusercontent.com/gps-cs-s/AG0ilSwK-yL0IVg47nXfe9FLmW7CDqVN2EPwlZEDWtlRC5ff3iCVQocnEeOmRN0M8NXIza_NB4r7_y0Jio9qO7APY0ag6NVLsnBnNaH04Z-5yWwZDjiCUkQHujzla9XVmrdUhF6xAsn3|https://lh3.googleusercontent.com/gps-cs-s/AG0ilSw7Bgj8N6Tfb0n0C7fGQavz2W9G_Mro4yUemyAmQEQ1aKFhYuEyG8f0huTvnGp2GTH697_sCK7dPUuyNfjB11KaWXvTumUM6y-PVHROFtEDX-8qnl1w56Q58DeZiehDATyVyCWY|https://lh3.googleusercontent.com/gps-cs-s/AG0ilSxVmFfrS2Bzb0T6yr9FFPI5K5iOixHevNAVZk_4qOMTMwlXV7xP3Pxkb2N_Wh_7gXpyL1EaEPLF_LGTgEn5oANy81ElxCPoxS-wprUYEM44pbY1STfx49QJHy7hOEbrMR6z8vR-6w|https://lh3.googleusercontent.com/gps-cs-s/AG0ilSxBcPIVWb0TIA-GgGeqNfbZejTvUfkmxNGwksKHZDWDdMZ6xPR5riEnjO3cXuoG6CfZfn_S7k89jsewExXi3nYTZaWEn69HvlpfE63VvtaFLESuO5Sy8BgsfH9E1EOiaSdn0yNJ|https://lh3.googleusercontent.com/gps-cs-s/AG0ilSzhkxYAm4Ad-GDaBUuOvTyZz88lbir0YkNW-cJ7S2qgciTMfkmZ3HzA8Su5BMs4ZJOczw1tcx22CQloiZJ52OuajlBWMHuOZHdOVJRIWfkcskwh9HlyMFI8whi0ysxvImD3Cqum2K39k0GD|https://lh3.googleusercontent.com/gps-cs-s/AG0ilSxhdRM4ZNdU86QKSiOT8_hsEFO0zDC_WW1Z1Cc2YyoPptmCo7B9u1S9ps9Jv3E9kyfaZnuA_CJbOZR5BBFg2qL0ZpELhPtaESbyi7kggHCEGUVYlZJyq0OrnwiImEToON9fHbLR|https://lh3.googleusercontent.com/gps-cs-s/AG0ilSy71LCJbftuxft-4dqpHL1Xj1ULxkLgrndUOhZ53ts3dVPEHd6j0KIoTAYhwI4v-ZmmWFfNPfEyLrdA9357FKQ4AzMyigcZcFqXFFvHPV-G3KX17s0Ll2O_vXgekk82oqLWwQam|https://lh3.googleusercontent.com/gps-cs-s/AG0ilSy2y9Vjp_6iIGhKlmv6c8KnXOykHUVhGnP4sVfqbKEnGl2EUHPINZHB1B43bKKLfbIzsVwr6RSB1fdnt3fRdVBKa-5RF2ncS6bVjbBgqM-1pblVhf3qmv-azGDt08UPD0ZCAju5KA|https://lh3.googleusercontent.com/gps-cs-s/AG0ilSzpOtnuETTulRQnQJsRMeXxZPtpjBM0LFB3-hftkd1ZDY8nwFEo75nl_i6RCs4-YSUPOurFawRTM7VPq7qe--Jwd2djr5Cc_Beg_LK8nll_o4Y4AaFuViUITF6YwDN5UCq2PCBj,http://sdkspa.com/,https://lh3.googleusercontent.com/p/AF1QipMXsqqHbqeOmoRHJY14tQ14-Ec3EDNmZl6HDEXq,N/A,Hôtel Master Home,05363-82095,"HAY ESSAADA NADOR JADID, 62000","4,5"
,http://sdkspa.com/,N/A,N/A,IO beauty and spa,N/A,"53G9+HW4، Rue Moulay Youssef, Nador","4,3"
https://lh3.googleusercontent.com/p/AF1QipPpdzicjcIBoaIQPY7G_Ck7bTEBVUKDBs3sLOYK|https://lh3.googleusercontent.com/gps-cs-s/AG0ilSyQA-ssjzVAWQjrSf8F2vXl0BYAsKyqX7zs5ySDszyzDnvs_qaB5TcHzYlbECYVeHPQ6A9LvVUdUhr5EhYYg_URYePi3lx9y3yOJjYAeEshNwio_VVamYZeVe0TPZLblc4RpUrM|https://lh3.googleusercontent.com/gps-cs-s/AG0ilSyYNCwC91qZRyrhwn-yquVT7Xt_ttroguvLSi3to9nj4XwkO5GVCbB-DI4n1Czjm4TbEXKiVnbzUf8TKK7WtoCkf8w0VzzyC8Nd92ojomYx53Zl6hibIsQBhpntkyK4oaAWaasX|https://lh3.googleusercontent.com/gps-proxy/ALd4DhGEsBe8XV2WoqPirtvASeDc7qmWOgRIMgbjuIf5Tddx1vjoxVT-W-sskkBWqBUcv3usIlmlOR4QAy_JVUJnk6yj1Hgzo3BgBVHSdt4cBJd-UMKRuPh6pg146NsY19-60slkrrreaZw3V_bniK6AywTXo29nKXIwfpfNgUpOVL6S_yjQ2i7TCXg|https://lh3.googleusercontent.com/gps-proxy/ALd4DhG1n9NypHKGe2qlpM2hdztLuSkBDAJggeQYsGXJ2FOYG0yxyxz3ZKCbTN-N-L0xHw4-CJifJTRe1JaNwLcUPoG_4pSDSb-u7J2ZoGjsO4IJE0t7rX_kWIpMSFp6vVIjTiiqfiggUB9qpYmP8OevypKgwUSfkceuRQQ5vOSuz62BQzyDfHmhQeNm|https://lh3.googleusercontent.com/gps-proxy/ALd4DhESFuiR7KVbwjqMb9CGx8FVvkTAyuA3Pswty7GeeGKm28S-Or_BekZaoJEM7Mgfu6fU2V3mXLd3K4Ez-RZBC78dJGLR257nWsAnoC1UwP5tC6F7vOYsSuUyjPkLpYS_IxLY2Qw53bbpsJo9OE-IhVEgnbRkrNTlTfpnboLczkxOdkErAgcY7ale|https://lh3.googleusercontent.com/gps-proxy/ALd4DhHzG8afWN2OItMDkHux4BERVn2-zOm808-kg7AEIOgfxiz4qHhsQ3RwJZ-BOPe3vkHOoUIa9Jzcr_Q9KNUH89uwK_8zIAehfw24PqLnitcKwMoTjL6xFmfq0a87pldCUenCjo4NryA4hu-8vHkVUWL3fOFVDClduOTKTNZk2gTY94YaMWr5litD|https://lh3.googleusercontent.com/gps-proxy/ALd4DhE5YKgoETpxsT3e4CPiRCcYAWjytULNl9-TcuFikw_Kd-NdtvHJ0oCtmkKR3vH_wRtR4V4SaqVUk7UcYGMeLy5QCNaNPeLFYojuGRWlasVSUR8p3WEHbi6QfC-uhpJ5g4lPvNAjq81BmGvys0qPZ6ldD1acIPkuryHWrCsIw-pzkNhs07YEofWv|https://lh3.googleusercontent.com/gps-proxy/ALd4DhEJyRqaOETYAS1mc9V6q8YQQqqu3kiDlpV5zWcELzBmxv3FF3JF1FNpysiGfkLMkjTh1GMZD6ddvoy9x5Xw8BNr72PvBEvuxhmA8LKozj9pUBo58hQKibXFbxEtkgunH8fVurd3Z0Rscyizo6nGXOvyzotpzysNZFlj5wjleTlLNfSY79xpZSSc|https://lh3.googleusercontent.com/gps-proxy/ALd4DhGD5P7_ryeFl3Z_GmQ1J4Ej-t1tPxN34EnkFEAbFEsLkpkqgWzykBEne3Fk5u8wvihphRgzmwn7K3gos7AuNmEf_0_Ihtd8J_lA8UA-K0Z_8OMnV2qkRFqXUV9y3QTyKI5veswFxzfTAVuYjDp225alSa0G-N0X-1pUIGR15hli-7bZF4CIoA|https://lh3.googleusercontent.com/gps-cs-s/AG0ilSwHkkxJePs74bWZkL6Sk-fPoNLY0KpCNS4nOHhn-uHZRCG7wTo5IYgTTvv9cJ3Hbc5LvCiMoW1J3AG4Uh_fQxWLb0XiVxBhvV8NnMyqLnCatsiyFwIiiWNt-02ZqArW31kwG0tR2Q|https://lh3.googleusercontent.com/gps-cs-s/AG0ilSyiyiH4ZEgmeu1xlwcGy3IDc3I89swEBby5Zp3gWoAWhn7bQ_uGtt2YNUf0k_4qyvzQPshuwfsfZcaiwyI5MJkT5bunEfhOPQCVWlULIssNIHMa0W_sMv4FmHwVAMVLEH5jLPdcig|https://lh3.googleusercontent.com/gps-cs-s/AG0ilSwj4GbdK-kn8ZW0TqDlDMB2NtoS0XorMKAUeQ3Mnm42SqBHKVWUnDDoV1xKaLERXXBk2xkfimFVkpb20-nA9TaetYAZ0V8fKDv8nMsFKgr8p59oGz57NzDrpEaWiIJxYRme7zc7|https://lh3.googleusercontent.com/gps-proxy/ALd4DhHARdiLCtS5oeHeM6sTew_76HJ177P_Lz3E61w1azgA7TBU5g0hNMVwImh8CSKYKx7OTVHH9UyWGgFH549nIdNIajMuCCGTs25YLon39HYmk1uQ9qFNx6OYSLwuAQ2kvy9-JQYNADHQ0ilOx6YpQ62OAvi4nu8HQ30ABjOx3EQM-AmDsUimDPkn|https://lh3.googleusercontent.com/gps-proxy/ALd4DhGFk5-EQrEeQMQ-JfmJjgtaWUtw_Thg5aOCUXjXD8ptGi3VorNgWoRyvT0T2K329lx2fNCz0LbP1-935lZbRztsthcnh_o55Yru8HUNyPR3j4ZLxDjJIKhVuginTgGNljDzi4SP004tmh5SRynil8LNjgr45y8H3Zx-XV7lIeKmZxL_15QIZSxQ|https://lh3.googleusercontent.com/gps-proxy/ALd4DhFcM3hetWdqa6zqHweo38zqQ8PPn3e9NAmYkQdTbQsyOprE53IKxXs2vhOOBkAcWHf_JV8WpYtTdCygDjBmfnY8ugqz1NZ8x9jN-wOJtMnTmVnwMP1SLlT4GWsSGRUkJsofxA409y2HBaHTU9ExZzoe01ZDm3qTBAgQUFdywGnmRTstL-G-64nT|https://lh3.googleusercontent.com/gps-proxy/ALd4DhHnMe0PVseCEciXd3doTCokx_ORnZSAjhzQEhyJlYq6fj2jdjqtdKCNUS9HgI_bOBrU06aEqKswQZ97oRTj4WT24BpEJlGxs3D4DobfMl_Tczeqln90dQ61_QhR_Ltj6naUk7NotZRpzm-y6NLa0FhNmsj8bQLQC4ANOM_yNHjelGp_kcUfYQqC|https://lh3.googleusercontent.com/gps-proxy/ALd4DhGH9mmlzrXx5bPn65_OYw5N2w7D4aGT95iKQGtURCdT_w_qfqnnXwl4drJ4-doiGWcZjfWum7JFW4aLKu5lvRiH9zBzopAU_O0EVnIGYLlYPRjGiB_UOFXLnJZTnD9xuY6rs-SiNWT8xE8neTsepcXxbs4WlABWzTtXwppRogjLxFpuF_mDbUrZow|https://lh3.googleusercontent.com/gps-proxy/ALd4DhGUei4bnrXLu3FDMG6jt9UbncW3MbLuegpZAzcZJaEuj6l3u1TjbbBD1JMQXS63XE85wFy7Hzz7vyRNL5YDY9SMW8aAZsor2yGJDoLFvPX0NZCrtKAU9CDmYO4I6n6QxaMflyVmYXu3WeqrG9jYvxIGHD3y1YhF2Yiioh4tW2VtjG_dXWxH6D4lOQ|https://lh3.googleusercontent.com/gps-proxy/ALd4DhHcn_f8hTuw9keZu5tvXF_3BOhPTWOYz9OIU737c_l8xHDzaHZ2IiKtGpXV_tA2LqecG8MdQuqhDKY7r4CrklKcajospqVtulS5Ax6Vctyanok2y2twzKDZkZ1ePOeS614C9SHuExDurxmyCEwTKKzyeXzRZOmDsfD52zsyoYGc9p447dfYP0j4,http://sdkspa.com/,https://lh3.googleusercontent.com/p/AF1QipPpdzicjcIBoaIQPY7G_Ck7bTEBVUKDBs3sLOYK,"Heure d'arrivée : 14:00
Heure de départ : 12:00",Hôtel Annakhil,05363-37122,"53H9+GXF, 185 Av. 3 Mars, Nador 62000","3,7"
https://lh3.googleusercontent.com/p/AF1QipPSEG5dA4ebsuvcNxnSKBOQs_XZYkrElbe_ibYv|https://lh3.googleusercontent.com/gps-cs-s/AG0ilSziVXC9UwyAqFHG25VzVVa0xXXLPkEOFiDMV3qaCJL2DW1TYfVpe51l8t5JsGrlzX-uyp0dBmRQfhruryk93tdwvuuIrK0M10whrFaqu9hmTxbQH0oVxaR25ALyPy1p8u3RaHO3_vkT9X_x|https://lh3.googleusercontent.com/p/AF1QipPBpES1_JI2MwV6CnEfunMI0q9nIvQOA5h5JX4A|https://lh3.googleusercontent.com/p/AF1QipMFeJD9v7qgF2qALWZrMlcKAAJgB7a9-UFAZo-v|https://lh3.googleusercontent.com/gps-cs-s/AG0ilSzwbAjns6-kc2QCAAX5Q-j2dlkTydmxHYyxjjfJOL2NmNh1UkZKUF1ixq_kYIOJUjqFUv0MTMzC3lK-oo3z7S4FpvuAS0EzGdwUjiIEwDsGtYtMuFx8KuVIwhyKWP1h5DZDAyco|https://lh3.googleusercontent.com/p/AF1QipMnT1try8nwmwTrHWwuYzkkHJQuYl1dhu89trbp|https://lh3.googleusercontent.com/gps-cs-s/AG0ilSw4j-Le8wWhoyi2-G429WJpBKR9QXxMM9RxAPGjZ8I6ZerdbbC4l926XzeU5vwG4tEZRbiJtjcXcc9mL5PapfbD_QzF0ZBL5dKdOBeZqpu5P6-XyVwdEH8n6l5E2jEOeJMMzEvZ|https://lh3.googleusercontent.com/gps-cs-s/AG0ilSxr8yHbeboO1u5PmOyx0mG9rFyigHR9BLYVBg-nGFb_c6IA4YjHdWu2-Qo8BSrnHeEn3Q5ZCcPEGoFyMKs0L0s__FGLSnxXj4cKE4Q1TkMwDr2WAN10fyF41tQUnKQ0IdvL1NA|https://lh3.googleusercontent.com/p/AF1QipMyVHjIvWgtIvC51S8fHGpMPIs5-IlTNnbD_Uhl|https://lh3.googleusercontent.com/p/AF1QipNCdUuGArN5GlEaydw77AaPUrleTHZQKLHUVs70,http://sdkspa.com/,https://lh3.googleusercontent.com/p/AF1QipPSEG5dA4ebsuvcNxnSKBOQs_XZYkrElbe_ibYv,N/A,Nour nuts,0652-035996,"Av. Hassan I, Nador","4,9"
https://lh3.googleusercontent.com/p/AF1QipPbxfSaqYn_5yMnr6tZWpcFrim4EAAux0tQoU3F|https://lh3.googleusercontent.com/gps-cs-s/AG0ilSx7A7Ruq5uY3iL8n0XNME9IoDb3gpPwlh4y4ToBUsxGJdyRsyhipneZ1TfH30k3-LvJkeggTH3v4LuDif3mgvhNYjQefPYWRELOQC8j9Xfl-B9zCk6Ry8FJPdTgMg-kJ0HtMqodhqGXMuTg|https://lh3.googleusercontent.com/gps-cs-s/AG0ilSx9EjFz8g9JXFO3Kg55i0S6J-rna0RD7ivic9ni5emd1C-CK_THGk3xWIrcguv3defCzX4QFsNc1JXo2Wrl8HqQbIj1r1AfVsKLpUHCHDvTmLCd7FhOC5-dWAogk-JUI16tZ85j|https://lh3.googleusercontent.com/gps-cs-s/AG0ilSyzWSM65_-BwtwNEymsfF5FK13dgYOSp-gpVQbBMowubxGileCpp-uduzlIK3dC6SiD4y_L6cgz1qeO3rQHsZgOQqaJQwF1__8diEYLbjyN-w5e2Q27BUO_hHiA-k6l5y45nLo|https://lh3.googleusercontent.com/p/AF1QipNmODoTtmvgNMd9JHlp2tVX7kfw85KlebFyGqMR|https://lh3.googleusercontent.com/p/AF1QipMEaLOA9Yi5BKyWNUCHTuCBqw9hUU2H5OyCzloh|https://lh3.googleusercontent.com/p/AF1QipM_bCwCfp2Fc1E-p8FNmLQDFHFwHyv1aqU9S30n|https://lh3.googleusercontent.com/p/AF1QipPoBb7CX7XIr_iBqDPxpEDhDZvquwyAOPlcJba-|https://lh3.googleusercontent.com/p/AF1QipOXsi1JPu6AKZhJJwZmu2N9kBDIOizltAvH-obu|https://lh3.googleusercontent.com/gps-proxy/ALd4DhHqTvjeb0vNGFOgW23gi8VI1MZ24lMJcwathPxEHAWYodMUsTnOz4teJNfP7At5o0uC94ISI9_Vzg6Rda7ojywR_-YA6o0q5wtCa5D4wZmQTJlWDJAg2cNK9e9-8_t0RP1l_vH1maCDJ947FYKSWLei7Hz-8cUO9q3XCrSgZyf9B0Q7GTfEpme9|https://lh3.googleusercontent.com/gps-cs-s/AG0ilSw6gl2rUO-ByxgHr1AQT3Dz6NHwAMhJ1yVEvJC-MVHlvGrCYW8jBi0kHzuX0oLJP-0AJ2GfU53DnArvf84e_zkGA1QRbA-UYwPISOuYyAUT4nNMzOaLzmt9xATXkCOfOwOLPVYJ|https://lh3.googleusercontent.com/p/AF1QipNpT6Mik4QhLyDPehLTKoCUAc3pNTc1dwEJ2wqo|https://lh3.googleusercontent.com/p/AF1QipP8lAbmcQMDyONpvu0bOlRBHXHoASuRPpANgRsq|https://lh3.googleusercontent.com/gps-proxy/ALd4DhGP4uBATpM5i57I3YzQZD_VHXWZ13v3jd7s791-AgEZbindYPNbVzJ2uVi3EFwgQzVRQLbxIlOeYsPWZqljy9qL4Gi5V15lFmz25nXJdTW0EM2m-SZgQMgRz_8kejtCJMwjhwg2js_9ZtyvM3KBWZux10MMsN8RnjYoRBJfHZQCpyaS_g_9Msvc|https://lh3.googleusercontent.com/gps-proxy/ALd4DhFJOkoV3ZmFwB0qc_s4_Q8MEZfSXJAqGaieqPM2MKKFqgvSp9GhKVKylMPme58QQSm_-zssxtviVTuuYqxcU0YTvB_EJ_IMSckKcLcA07t0EZFh7k7MRzX3q59HCUguT7DJVZa3sVsCBBkYLP8OcW4SU-nKpvO368L5z7TYYqYUIXKWshyQhH8R|https://lh3.googleusercontent.com/gps-cs-s/AG0ilSzNSeHoQX8BaK3O9m9TuCNHZfvJH9zGqq97cg7kBeY_tAVr_xlEJt8_yyY5-7VQO86xfYs8dHuYSBV587HMvz3GXDOdDA8X_Yi4BeKP8mhTBLMa2v43GfUN-lUmag8oEu_XctWi|https://lh3.googleusercontent.com/gps-cs-s/AG0ilSx1tKXIXC_HpiB7hu3BoxGmUpfz7n71zXcIi8InhA-BrR-yp4EFalC2Kg16cKyMxt4DBH4MBmx4WqupBUIqb858wVgEocykDQ9ZlMbaqtvHcBV7SwYAkfKtaA9SDb89sHt3bT8|https://lh3.googleusercontent.com/gps-cs-s/AG0ilSzqrQ3oZqilIOiibagDml1RR4OEVAJcgqAiB_ymWosW9ZQTTagphcTmzKuCvyARGyjodqDEVQzvDy-W0wMsKNtM92N5FhXSxDGACBiNxWH2huA7s8F2sPhn5qIkt_q1_-Bmo-9eVQ|https://lh3.googleusercontent.com/gps-cs-s/AG0ilSyUN6ONV3v24kFlVkbcsDIroa9CN29GpG7YpS8FGKwnqzORNGH49hj2T0p76cFn-w8AxwUjGT8MUMFZEoI9K5M1FLfxaxEuF55vKem23xasvNO3ka7OCUAUrWANlFkTC6JH-ml-1A|https://lh3.googleusercontent.com/gps-cs-s/AG0ilSzXsljrSPNDwSw-2rhfhBV2QekJZby5j6t0emLnwYoM_uXVXgBH0oyRuucHkC4OWS-wjqDYrDpFSK_miMHJ_JGVxy-TLsXnwEl9kXS2ob90tSD2hEY5_5nvabILM4a0OO9k2PM,http://sdkspa.com/,https://lh3.googleusercontent.com/p/AF1QipPbxfSaqYn_5yMnr6tZWpcFrim4EAAux0tQoU3F,N/A,Hôtel Al Maghreb Al Arabi,05366-01820,N/A,"4,1"
https://lh3.googleusercontent.com/gps-cs-s/AG0ilSx7A7Ruq5uY3iL8n0XNME9IoDb3gpPwlh4y4ToBUsxGJdyRsyhipneZ1TfH30k3-LvJkeggTH3v4LuDif3mgvhNYjQefPYWRELOQC8j9Xfl-B9zCk6Ry8FJPdTgMg-kJ0HtMqodhqGXMuTg|https://lh3.googleusercontent.com/gps-cs-s/AG0ilSx9EjFz8g9JXFO3Kg55i0S6J-rna0RD7ivic9ni5emd1C-CK_THGk3xWIrcguv3defCzX4QFsNc1JXo2Wrl8HqQbIj1r1AfVsKLpUHCHDvTmLCd7FhOC5-dWAogk-JUI16tZ85j|https://lh3.googleusercontent.com/gps-cs-s/AG0ilSyzWSM65_-BwtwNEymsfF5FK13dgYOSp-gpVQbBMowubxGileCpp-uduzlIK3dC6SiD4y_L6cgz1qeO3rQHsZgOQqaJQwF1__8diEYLbjyN-w5e2Q27BUO_hHiA-k6l5y45nLo|https://lh3.googleusercontent.com/p/AF1QipNmODoTtmvgNMd9JHlp2tVX7kfw85KlebFyGqMR|https://lh3.googleusercontent.com/p/AF1QipMEaLOA9Yi5BKyWNUCHTuCBqw9hUU2H5OyCzloh|https://lh3.googleusercontent.com/p/AF1QipM_bCwCfp2Fc1E-p8FNmLQDFHFwHyv1aqU9S30n|https://lh3.googleusercontent.com/p/AF1QipPoBb7CX7XIr_iBqDPxpEDhDZvquwyAOPlcJba-|https://lh3.googleusercontent.com/p/AF1QipOXsi1JPu6AKZhJJwZmu2N9kBDIOizltAvH-obu|https://lh3.googleusercontent.com/gps-proxy/ALd4DhHqTvjeb0vNGFOgW23gi8VI1MZ24lMJcwathPxEHAWYodMUsTnOz4teJNfP7At5o0uC94ISI9_Vzg6Rda7ojywR_-YA6o0q5wtCa5D4wZmQTJlWDJAg2cNK9e9-8_t0RP1l_vH1maCDJ947FYKSWLei7Hz-8cUO9q3XCrSgZyf9B0Q7GTfEpme9|https://lh3.googleusercontent.com/gps-cs-s/AG0ilSw6gl2rUO-ByxgHr1AQT3Dz6NHwAMhJ1yVEvJC-MVHlvGrCYW8jBi0kHzuX0oLJP-0AJ2GfU53DnArvf84e_zkGA1QRbA-UYwPISOuYyAUT4nNMzOaLzmt9xATXkCOfOwOLPVYJ|https://lh3.googleusercontent.com/p/AF1QipNpT6Mik4QhLyDPehLTKoCUAc3pNTc1dwEJ2wqo|https://lh3.googleusercontent.com/p/AF1QipP8lAbmcQMDyONpvu0bOlRBHXHoASuRPpANgRsq|https://lh3.googleusercontent.com/gps-proxy/ALd4DhGP4uBATpM5i57I3YzQZD_VHXWZ13v3jd7s791-AgEZbindYPNbVzJ2uVi3EFwgQzVRQLbxIlOeYsPWZqljy9qL4Gi5V15lFmz25nXJdTW0EM2m-SZgQMgRz_8kejtCJMwjhwg2js_9ZtyvM3KBWZux10MMsN8RnjYoRBJfHZQCpyaS_g_9Msvc|https://lh3.googleusercontent.com/gps-proxy/ALd4DhFJOkoV3ZmFwB0qc_s4_Q8MEZfSXJAqGaieqPM2MKKFqgvSp9GhKVKylMPme58QQSm_-zssxtviVTuuYqxcU0YTvB_EJ_IMSckKcLcA07t0EZFh7k7MRzX3q59HCUguT7DJVZa3sVsCBBkYLP8OcW4SU-nKpvO368L5z7TYYqYUIXKWshyQhH8R|https://lh3.googleusercontent.com/gps-cs-s/AG0ilSzNSeHoQX8BaK3O9m9TuCNHZfvJH9zGqq97cg7kBeY_tAVr_xlEJt8_yyY5-7VQO86xfYs8dHuYSBV587HMvz3GXDOdDA8X_Yi4BeKP8mhTBLMa2v43GfUN-lUmag8oEu_XctWi|https://lh3.googleusercontent.com/gps-cs-s/AG0ilSx1tKXIXC_HpiB7hu3BoxGmUpfz7n71zXcIi8InhA-BrR-yp4EFalC2Kg16cKyMxt4DBH4MBmx4WqupBUIqb858wVgEocykDQ9ZlMbaqtvHcBV7SwYAkfKtaA9SDb89sHt3bT8|https://lh3.googleusercontent.com/gps-cs-s/AG0ilSzqrQ3oZqilIOiibagDml1RR4OEVAJcgqAiB_ymWosW9ZQTTagphcTmzKuCvyARGyjodqDEVQzvDy-W0wMsKNtM92N5FhXSxDGACBiNxWH2huA7s8F2sPhn5qIkt_q1_-Bmo-9eVQ|https://lh3.googleusercontent.com/gps-cs-s/AG0ilSyUN6ONV3v24kFlVkbcsDIroa9CN29GpG7YpS8FGKwnqzORNGH49hj2T0p76cFn-w8AxwUjGT8MUMFZEoI9K5M1FLfxaxEuF55vKem23xasvNO3ka7OCUAUrWANlFkTC6JH-ml-1A|https://lh3.googleusercontent.com/gps-cs-s/AG0ilSzXsljrSPNDwSw-2rhfhBV2QekJZby5j6t0emLnwYoM_uXVXgBH0oyRuucHkC4OWS-wjqDYrDpFSK_miMHJ_JGVxy-TLsXnwEl9kXS2ob90tSD2hEY5_5nvabILM4a0OO9k2PM|https://lh3.googleusercontent.com/gps-cs-s/AG0ilSyewExQDE4BwpivUjhz-MCYqR4JP0kzo3f_fTbTU-KEKxNw0E_frX7B2247NdTAHXa3LhRVpHwkIhKrmNZkkbooI7bIYfciRSwM02wMaTZZqGOZg-PMEFgpMr_QbLCu0orFalvq,http://sdkspa.com/,https://lh3.googleusercontent.com/gps-cs-s/AG0ilSx7A7Ruq5uY3iL8n0XNME9IoDb3gpPwlh4y4ToBUsxGJdyRsyhipneZ1TfH30k3-LvJkeggTH3v4LuDif3mgvhNYjQefPYWRELOQC8j9Xfl-B9zCk6Ry8FJPdTgMg-kJ0HtMqodhqGXMuTg,N/A,Hôtel Al Maghreb Al Arabi,05366-01820,N/A,"4,1"
https://lh3.googleusercontent.com/p/AF1QipMdx93dirg5zLtcnrattubNmPSP-nyRGkQepmkh|https://lh3.googleusercontent.com/p/AF1QipOo4_7YteoqIRE3KxwyBYGzHpMYIfldh89A-pXJ|https://lh3.googleusercontent.com/gps-proxy/ALd4DhGe7gzmciVSf_FtyhKMiBICvGzeTFjPKxUa55rcZhXosnVVFYB7Mws2139P8nGTt-RZ6pVaFdEa469vWn4xcA_RCpZ1sy21tm3WrIYjC2TZH3pa9RkhHxiFCWnsc1aIFFA0DLWnVGiyPUE4nn4XuoWIjiXNEepAokOp-jN42F9VTIuc4fiA0XGS|https://lh3.googleusercontent.com/p/AF1QipOrwD8xvgAHfNCNjJu7SKUkfCPIGC22akutxTbv|https://lh3.googleusercontent.com/p/AF1QipO1IB93Jz7lZPfKQY8ZHyBK7wfC4M_xtDgWinHM|https://lh3.googleusercontent.com/p/AF1QipMotXkrBdtkLi_K0_wwTXJFsF3hBpHbv_k-CRne|https://lh3.googleusercontent.com/gps-proxy/ALd4DhGW2Kf-X40W-dg2DcndXoJRcfthnuKK4ZKoY_KoB7Woi_n_UcheY0pr3phJupLbtHJHT-UnUBV-qYGeBKq07ibVRe2VQKyQi4XZ_z-wgrm1rV9YTG1FIHXiprBxWxMtHW0U3MbltfthN-xUEiTFKfLEQy_ZVrLpjZeUxDfnrKdF7vGVA7aVoLoL|https://lh3.googleusercontent.com/p/AF1QipNq9jYuo9Qnem8lYf5q9F-8GLINMjqJakSqSdDt|https://lh3.googleusercontent.com/gps-cs-s/AG0ilSzcBXdykSVnDRx3UQHZY0OBqQj_v936jQGn_i2NgzWrlZHXst5ZhICw1yNJZv-5ChsgYv3BH8hKcLbgWduyw9sjQzw4GyoNmI75aSM05-grTfknJzx99Fs0LxHyQZnbZSI10fA|https://lh3.googleusercontent.com/gps-proxy/ALd4DhGUOADaW0-bDbySFRk3J60YH3AcNFAdp8_2T3TSHjaPca_Steq0F63EGmQ6B61jdrgj17SnPwIZLRMXMD_6mBCnW-FjRLbfBo2IEFT5IpLv17bxSvXNp4d2ybpeyHQNyalr3oiStCRrXJ1kviWC5aVREdReNWH_Rp5LfJmCfg_S3RDXwJSOoXZX|https://lh3.googleusercontent.com/gps-proxy/ALd4DhGKdFptovtqVThsqwuMVY6AobKEfLnd2PYSrVWZHIYk53NCY0e5c4OBCuHKm1PlboP4ch3ptmd_C9EVwwmjX1PXjx4NyhVgA2lseTtxestkpUsIsSORkZbp6bHIvhIy1_wXNBflqQwfpnzrn6nFygJWI-vynkar2H4KSXbu1r9ERBJ4ZT2Oucwm|https://lh3.googleusercontent.com/gps-proxy/ALd4DhG8z9PGS2PqiyBT8s8P1Z68f-W6gUWQJc-vhfmC8_cfqe_Oa5kz9wxsTbI5W7NyJi9R0fQ1K5JJ8v9_7yceeVj4AiMzzFhq_suSI-NOS0ayeAWeJNfacUZryWRXGjZFbQbrRW2Cu8CIyAWDCIlRUZMN6AZ1AaEGE6pqHMk1R7wuDOl-Zy-Kuz4BgQ|https://lh3.googleusercontent.com/gps-proxy/ALd4DhHKVBPJkZLCpuEFGXJunPMbURXbLZnTUxyKEBHht8bPq0NGjJe4rdpeHYNW7NC-wEGivtSZL5yh3bQSBas1MdzQk5b3949cPB-W5Aukf31Gwoh6Pw2efiKnxBenMm0CaBMwWex4nHs_n_-3HvgJ4a3Ci4jUhDoQIw4UUu_XuRBV7uOdR2iQAt3v|https://lh3.googleusercontent.com/gps-cs-s/AG0ilSyQzGV0PHHE6dzuPA9fkFIdWWfAZa0VEe5UUEOEddZY-X5Lr4PWxk6ctpDMwXZTM3vgmXWMKOixU5gqR-uGsDOYzA6pbG4EkrQS-CCLJEk92JLh2FAQi5muiCIJYuh9DinMWOTcPQ|https://lh3.googleusercontent.com/gps-cs-s/AG0ilSz2IiDjAfdS4QQsxD5wIbkVsexXrn-0y93gnZ1-f_W2lVgVr-pTS9CWT-eKAMwQfxoRv-sGD6bMOwJjdh12PFY6bR_MyWiNMEild03IHL9z50jKbkpoq0nzCK349YJoRYBDu9xRIQ|https://lh3.googleusercontent.com/gps-proxy/ALd4DhGPfHICr8MGHhU-OG1_SJwaqHPALsC0ZZN6-WM92PNjut6WGOLeZJlblBz2aPbdqPpiBDgDPvWD_YMW6CfYb9uIV-IFmrd_hGHbmwALyRJ-0ro4-2vD9Qji_UP2tOfisMWowirGehofmZq1oPhUuIWTlqNR5tzRP4qctU-6eQ9eV5MtHzslhNWNEg|https://lh3.googleusercontent.com/gps-proxy/ALd4DhHDgHebLPcY3wtwx5oWZuzmprhJDiKjSLI9dfHE-vxRvfKW-O9l9b5uEKW0ai-yoCCYrNiaq3i_DbcCRdlMa-Hz-YtE3hicTYc3SOS3nIWtbTzw93dTUUFvxFhy-nenHVVH53j69snyOp2hzLQAo1-V1QCTOIQ4Zb7hxyo4BDn7zqtSx6__Tjl3|https://lh3.googleusercontent.com/gps-proxy/ALd4DhGZOyYI-6WLElH15Nutl6sgeWX1rFykuNZ1bgcW-KOqyUSAMeiy2941_Qf6rvOKyeBywwHvixKAQQVRt4aKeEiEYCIh_iarTmtIwcP9Wwljpjy_XAACImUo3VpDIiOHvGm_GfdncX9sOloZbkZZKpyrGJn1JNfQrMsFj6oiWJdBJZLc6f8SJxsF|https://lh3.googleusercontent.com/gps-cs-s/AG0ilSzyckQYVxIoVaqcaspC8QsEAG3GJ9UqNMOnh_x0cKJqyZWUuukBBUzePoPfcrcHZKn-nXaSX9TOatgFEc9SDJpEvdXkgoIdx4QBqKJe6-L3wn4Ny5JahiQfnpEddS6coZAwr0Z5|https://lh3.googleusercontent.com/gps-cs-s/AG0ilSy2m7uflI4egzdIn5q8AZ7PPKSp0e-nIVBFh7eCnVjVyKyGHxPfOW3aBe98Pll-FlN2vICftBswrDgBcisfH1WITbPmM_U51-CY5oW8FVQnGPB1-y8S3G08r2VmnI4DnpRFYxE,http://sdkspa.com/,https://lh3.googleusercontent.com/p/AF1QipMdx93dirg5zLtcnrattubNmPSP-nyRGkQepmkh,N/A,Appart Hôtel Wassila,0642-732323,"Av. Hassan II, Nador","3,8"
https://lh3.googleusercontent.com/p/AF1QipNgQZT2GaCYh9z6Oz_go9EETgZseMZfbKda4WWN|https://lh3.googleusercontent.com/gps-cs-s/AG0ilSzyGyfHMQ9YtavaDqSQRombhjOBlJapHhg8E3mrNedyRQJG9DxTs_YmohfkKgGydmX9gjcuoOQmacmamccoynt3wa_39OyLoZ-IK07DGVU32QplwEEBSjuwq3LsQ2LctcTWZCLf|https://lh3.googleusercontent.com/gps-cs-s/AG0ilSyQHBHOHQayXGmPY3nsgBKic1PfEqE0OR0fgLOexF7bwWtZ5qNu9ddryVN1mNLaAWoS-9mw8iAGF7bwBoeXu8KxTLXx6thNKs4fPTOq4wlVZLu6-C3ihCEixectuVYi7aae-Coc|https://lh3.googleusercontent.com/gps-cs-s/AG0ilSw8ItGoZpo8mujOpuFwq-Si_7tdgHhOwIezwoEURZdlSVUipPl96UmwcGlZjDvuAnJGG4CDv9SlaYYv2p1lFamOJbtisCJa4jDe9oFN9W2n3tpmTzZ6J3YgVF04xXQgihjzCiPQ|https://lh3.googleusercontent.com/p/AF1QipNnAm3OAbHeO3v6gab5LUUPQiCygWJTj5C_P6P4,http://sdkspa.com/,https://lh3.googleusercontent.com/p/AF1QipNgQZT2GaCYh9z6Oz_go9EETgZseMZfbKda4WWN,S'identifie comme géré par une femme,MAISON ABANNA,0661-628144,"1 ère étage, Résidence HANNOU, Nador 62000","3,4"
https://lh3.googleusercontent.com/gps-cs-s/AG0ilSw5T7RcM08v_u7E-ShgO0TR2wdGjnzETZcIJV6zFlV38xCpDWCYk4spnKq0yWjnAdXM2y4g1gvmEOvCupSH2Obysgod0nNQ_rx-w0u3OWsVirLJ2OZVsU_SReaaeQ8pO0aLxWEO5A|https://lh3.googleusercontent.com/gps-cs-s/AG0ilSxARFZSa1k7XNqJ8D9n9VNbOHqPvXmiJt1zyJgAAL3KtTSvBsJ2m2yimhqOraNGvFK8eQSdgfobZHBjBATJb4ahNId5GbBBrjyygtHtqZ-n9tSkXjzHokVwaV6VGe4BRpkNZarSaw|https://lh3.googleusercontent.com/gps-cs-s/AG0ilSztrGowQFj24lC4790WVVO7Z5sksT1xzOVz0UArMLni4-qEyFuJvuSrHt6U2_1JxIow1Xo_FuTB9VoFGQrB6WcNcfjb0SqMvHpu1XU0GxkEdLQiFHk-49NYLEo_gI23Rhw6gngNXw|https://lh3.googleusercontent.com/gps-cs-s/AG0ilSzMt_VEwIDUxKRaHGMgDn7tHbn1Uy5Qan1_5ZtIWUoUbdizdVo75z5NLicIkMOphn74dYuTJzsR346Z7Cj0Y0WnmFu2MfeiYYz6dwe4u3_Sm47JW1RXcm30SqbslBYb_AQcW1xC|https://lh3.googleusercontent.com/gps-cs-s/AG0ilSwHP6Wqt8df5AYR2MjN_uOWxJONZMF0fiVVk3ilB4ljV7k9SIiC18TE4rdBIkO0CoIPHmOdqUQKJsO0PeeMzRh7-gxlimISDrtvg6cOrzz3IY3GtuMzHy0nSaKIi2IMZDzW9nFunA|https://lh3.googleusercontent.com/gps-cs-s/AG0ilSwJ7OUtQRE2XbsmIlkGidjCRSjHRnLEfBSg2To07TRggd1hj699Oh67fDsxm4_NBw5kTbdeJGyXCzMVgpH6isKGBQ3lbx1Hksg_nEgr2nH4IhWz8dAyF-aEAsvucVK1dQRbJpbjyQ|https://lh3.googleusercontent.com/gps-cs-s/AG0ilSxChlxLM_RxurWgELKbD1Hxx40S4rovsXDb6_Eyzklt9w-jCG3wOi3Bos8U3vtGGawC6Mx64K3DZQrrOYLdWKwUpU8wyjImfr04zdBy7_gvTvNQB-hxJYR9r_SjuGxBBUnso5_IBg|https://lh3.googleusercontent.com/gps-cs-s/AG0ilSwRG4g-2201efc_ewF7jxbx1Dp1L-8lPazf7SzQJrj2uVuWTl2Fc3fSnoE4Oaesz-Men0epSq2TcBWXi40hG3JtlnCz22M-RXaLFVN__lOaSSglI04VPbpEHPolj8-XecgZH58u,http://sdkspa.com/,https://lh3.googleusercontent.com/gps-cs-s/AG0ilSw5T7RcM08v_u7E-ShgO0TR2wdGjnzETZcIJV6zFlV38xCpDWCYk4spnKq0yWjnAdXM2y4g1gvmEOvCupSH2Obysgod0nNQ_rx-w0u3OWsVirLJ2OZVsU_SReaaeQ8pO0aLxWEO5A,N/A,Salon taj,0699-267961,"5X3W+82G 62000, Segangan 62000",N/A
https://lh3.googleusercontent.com/gps-proxy/ALd4DhFqDRxq4DU_-WIoi9wodHUqilq5KBlLjLsF9yA6lnY1qAlCqepeRH-gPnVxWFg7gNyTNBTOSDdRrjhHSf9mJ_ACtnGuY1hkLvAOw9DQZeAGDGjB33J-meKWa0pCRez2wVFcMvERupCff_UDH5PWCBmEmC9-C_NqrlXkrN1g_96tyl2e6Ywcvvw|https://lh3.googleusercontent.com/gps-cs-s/AG0ilSwMhIjTb9fsNu0z0ngT5Vi9BgyDTh9bLHP7mbPa0RPbyMPwpJB7QbNR-waFAJ5z9IIcCKn9wmY55_9_htQYxID4fdl7y7NQDWepqT_lq6vpHM-hpsdkXhjOO6o2anzvxWpZZYKv|https://lh3.googleusercontent.com/gps-cs-s/AG0ilSzqxUQDO0ctF5-Sj4h5fJvP7tLnrVvd_PSwvos-4tbc1san8tzuhkVF06fcaTU20_TKZBTT09j8-t-59826JrjPDJcWT8S4RJmchLoo8l3ey24tt7mLlSQNImhG3ngbgDqaoKCC|https://lh3.googleusercontent.com/gps-cs-s/AG0ilSzq6Ht2cOMPZ4RyPZgiXW_PpW9D42lFKSupkcJAmVLCoO0rbtJZ1MkC53o-QG2KkVyY2dOyAMqsPrYbyw0RNBhTS7tmuEPYXuqlju-eBSsvbGI3iRCd_Jxsk6eY3sf8R5a6HSmMIg|https://lh3.googleusercontent.com/gps-cs-s/AG0ilSzlSo1lVqHdqFSfqWTyLIOrpwT160pQ-Gc48aFaSVRGfDU1dYO0wBOQirYb1UYYi5rZhm4OnPDIBDEklaze0PuEdwjsI0b2yssy8lz7Pq4JanPOogiDRphdqNv23OU0ZR1HbvaC|https://lh3.googleusercontent.com/gps-cs-s/AG0ilSw3sbeS33g3FIe0vwC4jFjXACi0MGTkhuz3Fu5_bHJNkMP97S0wA8eG-oYmmxsBy9yfpsUWpgvLKBs6MT0z66phHUYTYI0B_Rg8Jg1c2JuDAh6O3QFpvpOHWqJAXHuJePBF5rPMkQ|https://lh3.googleusercontent.com/gps-cs-s/AG0ilSybV-QHwLI-0bc3-BHc9jeDj_-LFrXmeR5KQbHOzwV0ztKbunsa8S9SOjJZn7dl1D0weFshFhob1_NbxzdFksJg93LRFXGaRYlQrvYqejwFRViZT4ndDqgvzvFN5Lg73X83yf_KZQ|https://lh3.googleusercontent.com/gps-cs-s/AG0ilSwwtgDMDjiUSv3O_gsECqnETPl8n-qtgdJ0HpFhmmUU6axM80X0ZZnl2OA4atAaIp16awM7zObSZteAws2TzR7ea0CabZm5nMAN87Or-dD7310z-s9BOXrtksE9einztSxPrkvr|https://lh3.googleusercontent.com/gps-cs-s/AG0ilSxsm56R3Nb9jVnEjz6aqDyPl5FlU0WXJ2hzPf3J3JlwKYH5iho1HIm7Uojm2J7RFqQsYDF3XP0vLLMp4vIclF8xycmKF4pHJIOfkw4Fx-L0az_fIss-pt9rw6kQ8lkVX_BMDzCo|https://lh3.googleusercontent.com/gps-cs-s/AG0ilSyWvNM9ZknS1x9NsgNj567NOzuRnoKGBDe1BFbz31jCdAcCWf7kYZ8icZLuItBefnmmWoAz53gHzUrOgCL27ZYtqydqdugi0Fd1fT2kq9hmfwXqGR4mB6Chp4tViMkgu0U_Ph4kZw|https://lh3.googleusercontent.com/gps-cs-s/AG0ilSzJzhaE28dy3Hk7bC5yaI_kmg0qedebSP23g6QlpGhUPOZWA64D2jU54FS9WZ21cwSdnSmLAlNC_LHQNhGkc6RDkGK1K4_GGzDIsTBXAvq5G6W_OYkikV8yNIhQokoXwKjo8OrkOA|https://lh3.googleusercontent.com/gps-cs-s/AG0ilSziBuZeDKI4oTVu0hAKortZr_aBsSNl3hPck8rCbxjtD9R5RCwe8qkzUXTuHjWJx6_4oDXqEtIQV0PsP8tNIjKkvxbPybnVtbFuMootRTINLr6Megb7zZY736tTQVAkBEuCXl_F|https://lh3.googleusercontent.com/gps-cs-s/AG0ilSyxxnY2rzEtdoEi7jyH5YEcVwHMa1xUPv3_DV0AiVz7uJEu_yY5LR4nxMo2j-UNc_ZfMJuPBN6MVNGO-cR0Arn42gaCSxvfjcT0wQEwGtFx9XDqn-zUN96wQlDZT4YD_RwRUUqu|https://lh3.googleusercontent.com/gps-cs-s/AG0ilSxkRvcsutMzTZUpQSEzA-4JOse4SKHZ4ofLBqSvgPtn3bKXgYL9mOZmVKyURXFsT6apLvO_vm_jtngdDeeI1RBX_eAm7LlJMBRTK5C3t1If7Xo9kXmRhYK6hg8MaimI_P36K4xRjQ|https://lh3.googleusercontent.com/gps-cs-s/AG0ilSxtRqR_ljPabaiSoOfi1jL064zzviPw_9ObZtpnhAo-vbC4Zb1tSDFA1-zzsmyt5I0tEh2voXB8dmjcZtaQGSySCVkpmWzE6-CADm8SwY0AJFWjAagrjUv-VUKLVmsQzd8n84FtRw|https://lh3.googleusercontent.com/gps-cs-s/AG0ilSwUoJRvuMObptJLuW6nLRRCEoWLx_EpZkckTdLCm_Fgql_Y2kgRWAefBWpZeoVZj7JhnnDNJGI5SKL2EXMXDdouoT7mPL-5mzF7gs8qHN9HwA56M7eywok92YulL7yEpGTqew9w|https://lh3.googleusercontent.com/gps-cs-s/AG0ilSwJxToRl7EeG72NSa1-4skCZ_4mfk3etxhmVEZ8lzg6tqvln5vBniXD8LQcoWt_35Uh4hCDw6PJNy2wd9aFVstT6u42KZAs7_l1hwRBB1qH84DhnxBp7O5BH-ALTvcSTHVtPvX2DQ|https://lh3.googleusercontent.com/gps-cs-s/AG0ilSwtbyfHr0jnBT93_lqcoSRgRIadeSSwMUdNXnm6yIYqLv65Buq8BW0gdKnaszLEMV8w6PahIo7BXGLfKQ1ROxYLSYaLnWiWt-qAgAtCRbJYgqzqlZ-mbhLdJjiq8Yzh9uWjY79pjA|https://lh3.googleusercontent.com/gps-cs-s/AG0ilSzZWcU9-haGCh6VAPF3g14_e57ZuJronv-18cQUdlCl0R1R3Ohek-9VersTy4wWCDoXDKUNMceBk9aABp4n4cL5a9TdP9fjMiT8c8LG2d5wJdFi4EZJ2b0qfeco3imUWDKR0iSb|https://lh3.googleusercontent.com/gps-cs-s/AG0ilSwRk7zJ-RyqCZjXsT8M7JMN5b1cs8vMyTPVYFQLjjtWBGyF9GxlNoeVbIthRe6E9yv6txa97ZSe_UXfs1gBULS39uVvKzKHlqIRQDZ5LhLtbriJR2zDdr30gx39g0mH9hQWIXfDdA,http://sdkspa.com/,https://lh3.googleusercontent.com/gps-proxy/ALd4DhFqDRxq4DU_-WIoi9wodHUqilq5KBlLjLsF9yA6lnY1qAlCqepeRH-gPnVxWFg7gNyTNBTOSDdRrjhHSf9mJ_ACtnGuY1hkLvAOw9DQZeAGDGjB33J-meKWa0pCRez2wVFcMvERupCff_UDH5PWCBmEmC9-C_NqrlXkrN1g_96tyl2e6Ywcvvw,"Heure d'arrivée : 14:00
Heure de départ : 12:00",Hôtel Babel,05366-06901,"Avenue Prince Sidi Mohamed, Nador 62000","3,4"
https://lh3.googleusercontent.com/p/AF1QipMFBuIFGBLrynnUiUwVd-uL7cIHfNNkzsVn9ao|https://lh3.googleusercontent.com/gps-cs-s/AG0ilSzIn7w9x9c4vnWs4n7yTxufr4bCxIFtGmKNr4ee-IOa5_Cb0l5iIJRKBrVV5JNgpIVT_bNK8o1iYJ6lKjW1r0Mmy0smGDnxxKWqL2EDw4G6Y_7lL1QM0P3xLd4EK0R86Jam4dD3|https://lh3.googleusercontent.com/gps-cs-s/AG0ilSyUXyF-ghZdBLGhjM4jw7VtFCLhUZq8Qjw8yjFDmIWr1WPPjPE1rqSSXxpH6xQqbBi-9_h7_eMjK4Lmuz5_tXPdh0yrMHPhXuiqSs2tI3E3ZvASXou_Z2fMzNf8VVnc4Ce7Njff|https://lh3.googleusercontent.com/p/AF1QipMbI5Wm73-WJSDiLNyrE5FftKxqCWz0cbPFes0|https://lh3.googleusercontent.com/p/AF1QipMwObMh9IbV96eCNnCKjkhkjnzydxyFcuV6CEY|https://lh3.googleusercontent.com/p/AF1QipNhGu9geP9qkqPJZdfw0vJO9Bc2KqnxGU10uQw|https://lh3.googleusercontent.com/p/AF1QipP-QPDrAU69BaDzO5NbaHUg8aEJz8uWRqJFU28|https://lh3.googleusercontent.com/p/AF1QipOl9AdGX5TwnIjkAex-MAFOPplfBQMXGTQInpk|https://lh3.googleusercontent.com/gps-cs-s/AG0ilSyrVrLvCR2z9zyYRr6k0yaKHHOusIY9HGDkSbdrH6FZMg4m4nXupMG55imWIh6KuUF0IvtGgJf5jTPlbgBae03lN2opKUT6Ycmh0Zexrb0VXHFr2oU_NNDZ7bXbgNtnP5Kq8aI|https://lh3.googleusercontent.com/gps-cs-s/AG0ilSwZVk-BN29SzXkjYT87b_hfVMEbHQYafPpjVBDAnXMD2GbS7vGgj1DbuDjwqiEBlIs1CeSEubbwlUYGOe_O2w9WqzxibMDBg3hFrvGE05jkBvjqAxX70LdjzJZv7GQVrrgejJLAvg|https://lh3.googleusercontent.com/gps-cs-s/AG0ilSyeCjD2bT3QklC00PEIpBZCVUpOxgwQK6gcSyFFoY0JsAgC7YP7-G5-w0o0ZTXfCI6tW8qJWVerMsP0xtO38kcx-2WwEwwgZzL1ycTGNVUkF3czjyEmDhml43xKUpuHsMrjfY7O|https://lh3.googleusercontent.com/p/AF1QipPhZDVyAx2Lmf-PFvnNsgbim3hKt89CpYxnEMY|https://lh3.googleusercontent.com/gps-cs-s/AG0ilSx4FfzQpsJe3AfORAINKUxXq78TWGuz1DLYufdPKNfu-d6efN1XUZ-T-J9JmW6qk70W3qgkXH9bvkUrO2YTdGe_yskjfMhq3BrO8frguH-hny1NEb_irJpnV9zPIa_oNi7oa1jUAw,http://sdkspa.com/,https://lh3.googleusercontent.com/p/AF1QipMFBuIFGBLrynnUiUwVd-uL7cIHfNNkzsVn9ao,N/A,Salon Beautiful de Coiffure & Ésthetique,0698-690980,"Av. EL FARABI, Nador","4,3"
https://lh3.googleusercontent.com/gps-cs-s/AG0ilSyIo712y7QQRbhHJgJzXosaEqsN77kyIC18ckkpLt37IAb-4XTLKk7iNDYi23iEYeSN597lCaJ1AJXwUK4p-tRybNILWKM_CiqCQZyHVc6sRaMgVSbW7N6T8FSjk69EVrS59QuUaVM3Pf9T|https://lh3.googleusercontent.com/gps-cs-s/AG0ilSwfxwDA_4L7FYU0H25RbGX8gAHE6h0AwmYUR4SZSLZ-8TIj8Bf21yj-ZDSrBkXw0dkFnyF5d9CQdSUV8AvyE27BCf3d081tLbBLUxGo93jruSiyaY54qWmeqOwNgQl_Bk0LqLsQumBrEZ_n|https://lh3.googleusercontent.com/gps-cs-s/AG0ilSwk6idIEnJIsknGmstgmkUnWYIPhEP7WfYT1Z9CFRfGMWpxc2mw2P018-gYrcG2Mue9ccqCV-O8mYd7Ygu85e-gvtBLguq91Jf1pl3xHKBa7ZDXuiJQ-rt7Yfhbc-M90vPuDyYIzbnOUqM|https://lh3.googleusercontent.com/gps-cs-s/AG0ilSyjVigEjsZv65Ujm40z4zZJMzc8FkG7JElbmjumvefkUvn54S6hm3wePFDzbSlId_8phP4nZGPkXWE5h8RcJzZQYOAedanlEuQn2nDrzD8y4Hs5ZM4tcbWo-PvjSjnotUQiL9Jq6xV5YTU0|https://lh3.googleusercontent.com/gps-cs-s/AG0ilSxpdUv7Y0mFtL_paRp9XRlX6-z2HAeG-mCH14d-Kq2HZPDzPrdyfUJNj0l6b1N0xMd-udZ-ASY3907fZSu4tXGmeTaVdTlE2lUwWU_doZXcUQinVWVauDdD_tK0MgX-zDZIuydHIaYM8Hi-|https://lh3.googleusercontent.com/gps-cs-s/AG0ilSyklwIQKu7CZakIy6c2TUUwPqVBhhD2HkPGasJEUuKWRUulTPNW6kps5ng6ZIBBwajxJz-Fwlp0jo7rzDM_ZaPtPM04f8hChoxCqKXAxaaB7d_XZjeiRoXqDcdXvjHK4JBlNPdglairgQSW,http://sdkspa.com/,https://lh3.googleusercontent.com/gps-cs-s/AG0ilSyIo712y7QQRbhHJgJzXosaEqsN77kyIC18ckkpLt37IAb-4XTLKk7iNDYi23iEYeSN597lCaJ1AJXwUK4p-tRybNILWKM_CiqCQZyHVc6sRaMgVSbW7N6T8FSjk69EVrS59QuUaVM3Pf9T,N/A,Skincar by Yassine,0666-706616,"5222+37, Segangan 62000","5,0"
https://lh3.googleusercontent.com/gps-cs-s/AG0ilSxKl0glEcK5n-kNu7WlWq-UBatn-SG3Xx43YABIbG8MUwiEj-WS1w6MbNNUDeEdesMRcTM403-8RopxLPGSKFb-M9BlOow0C1662UPkY_NpMxwuYanUXbmEt6Rc1tcLgXHbQARf|https://lh3.googleusercontent.com/gps-cs-s/AG0ilSyVqbrAnMGuElykEB1r4b8yBDpwxLyqtCWRgpfLxlH1hUsCD_ojLATFBOoX8fw5bLNIOZwzAwwlJhgMJ1NaM63-kPbwfNcYGvWlVHMagc1opxq9G3qaBqaiQnXh6-gKj4DaujNY|https://lh3.googleusercontent.com/gps-cs-s/AG0ilSwbzCpTk1Rlb3kkQ0X9LkbYB6hEURXgZV93Y9Ugc7AS_kpm0UjgmduOzmXRrz0oqTRI-AuvHrwJqtFxXPYI1sArty96meDIsoGDL-NtZnp5QWQwnNEtcGwLH2WwszFk8dW35tuNDA|https://lh3.googleusercontent.com/gps-cs-s/AG0ilSyAnKvgjtUPo5KrihEUmzLov3AEdiTxieRj_LnOGfBBF4m6kYVdlRJEtX-tKRcwCJUw5DUXi7rW3kZ0cemc2xIbs_YH0Pq1QLg-jq-Rzi_23IauSc5Mfc1v8BnAZ4IV5Lqzb13L7Q|https://lh3.googleusercontent.com/gps-cs-s/AG0ilSwrq1OGpkjlRM2rTKAGVDvoZPKiko4Zb1I4tow7QQ6F97Nk8wO2NVgrcuiaDtmtzr0oIOituk5RBiSl9MoC-pNbodsshCYtWcxXNZKuUjqjIP-NSLg_YUhRXybaZ_a5zO6u7ATQ|https://lh3.googleusercontent.com/gps-cs-s/AG0ilSxlPLmq0mE4LAuoZm9SjbE8XEf3O0GPQLBiNmYYykwT4MGmiBkxqbsJsuvZBnPBMCbVVwrYBWJeS-_PM1kek9MrS4JU9m5YruIUKsrRye8NmJE4zlUZW9wX5OLQdcTz2zoAUEzL|https://lh3.googleusercontent.com/gps-cs-s/AG0ilSznGxn7pnmh8y0ZryvpWxXO0rN8n612vE21qY7jhpSkiGNKu0Ic1q-XSGO0uhHF-9iwluC0yOarSoCKDML-EGsPmyewesVbcLYBox8rxv5pas36VfaPS0xG7-zZPlROXVTAuSkU7g|https://lh3.googleusercontent.com/gps-cs-s/AG0ilSxiD3UnNQNVK9wKEr34GpaW2xUUL2nWHlvRzObbu_87z5P5_2HnOyWSvS9_gSXttd2JAT5STd3FgijNQppXkUwc6AtFP22Nv1bNgMh1Tn-l_n206o36SKdy32Gs88l11m8xDeE|https://lh3.googleusercontent.com/gps-cs-s/AG0ilSw9MNT0DIhTDWdEboDtpZiyoNWPXB3M_WCDLw0flSzGUwkY8u0P9jzwBeJy60UqkJQFTSDXpiHf9BxdhqX7MnncClEaEQ-op5oY5l9HfsbJ56r4pIHPlQHcEYgXWWvxm_y7mwev7A|https://lh3.googleusercontent.com/gps-cs-s/AG0ilSw1_IoWe6K1xbc5WTqOrBmURXzTd9mpePY3yIwj7fi3HiOcwSrMoTbyd9kbrpOIggmeEJYNVl8ldU9dAnflo-BSCP2kjrRCrL1nYgcmSxISxIhm9Qc9IJACO9R7ZJ1umn2bVS-Gbw|https://lh3.googleusercontent.com/gps-cs-s/AG0ilSy1Va5qBpeEQ0aQiUk20NLQtNaSVIN_VBOqlEP-Jc2RPS9VP_bxUNjPAHB78tROnAkkQsemG6n9cpk2tFU9cX-IuBwLeJMBQNibPGcDxWF394HaKgkoUIrz4_aboUi-jvKCrBA|https://lh3.googleusercontent.com/gps-cs-s/AG0ilSwPgtAF13D2UfR7jr8kHx1ds1e9zebHqEvIPkalFYDbDysII8jUxQEwFK8nUdTPYkWcaTaPGbejNIb-zan0k2e3DRJrTq5alU-LkyjKreIllaRhY7nY9eXt3qEPBwvr-yGVi4XD,http://sdkspa.com/,https://lh3.googleusercontent.com/gps-cs-s/AG0ilSxKl0glEcK5n-kNu7WlWq-UBatn-SG3Xx43YABIbG8MUwiEj-WS1w6MbNNUDeEdesMRcTM403-8RopxLPGSKFb-M9BlOow0C1662UPkY_NpMxwuYanUXbmEt6Rc1tcLgXHbQARf,N/A,Aparthotel & Hotel Doha,0662-266773,"53V9+3C9, Boulevard de Taouima, Nador","4,6"
,http://sdkspa.com/,N/A,N/A,Lady Gym : Club de Sport & d'Esthétique,05363-81150,"Boulevard 30 Lot 61 nador jadid, 62000","4,0"
https://lh3.googleusercontent.com/p/AF1QipMFBuIFGBLrynnUiUwVd-uL7cIHfNNkzsVn9ao,http://sdkspa.com/,https://lh3.googleusercontent.com/p/AF1QipMFBuIFGBLrynnUiUwVd-uL7cIHfNNkzsVn9ao,N/A,Bil fish,0627-943439,N/A,N/A
https://lh3.googleusercontent.com/p/AF1QipN0S8CoEuqlHILwSqHnhA0JN2dIriWyHjLo5iAN|https://lh3.googleusercontent.com/gps-cs-s/AG0ilSxmYzH-uYH1IFKqz7PClcZaI4AYHecoxdf4rnW3I3MPYmDWi1vd1fONRMY6qmCfgsp95wDIt6l1BYKh9HmBPXDZ0euIQzB40Kbh7Y8HU7Lkf0ZipA6CGAGMjLykEbKeemXSDtiv9a-81Vk|https://lh3.googleusercontent.com/gps-cs-s/AG0ilSy9dqges0D31gWnmgYcV7JmIdzrf_Mmg89ifAxJ2cGYFEt5I_uBdXKyJsZEf4M_xWzZEqUFF2kIfVTXo9EIUSZJ1OaucFQvEvBS-JOX7LW2H9hdyZuHN7LGCSyP4OwQBH9erYvX|https://lh3.googleusercontent.com/p/AF1QipPD4hnJjO5DpsyvaZIt7aT-zT97wqLJdt9_rn6-|https://lh3.googleusercontent.com/p/AF1QipNWTcK4eRlstaGowGeRub1DKlPKDsgnmDk2oLGe|https://lh3.googleusercontent.com/p/AF1QipN_jZ8m2JKRwMu2Xc6EQDQS22Hhi4duD1jYg_3I|https://lh3.googleusercontent.com/gps-cs-s/AG0ilSyJcY-2ZOhNej-OplkgvlO0ijDGPJQc8Fy1tgec6NTlUaBiDyB8T8EwKO0s5k52H7cGxHwL4qIYIfLCgLVJBFJkpcEE2QcrstU2MomwKTviwJOFFIvC5FI1_NQlSK4S-oroq9pX|https://lh3.googleusercontent.com/gps-cs-s/AG0ilSxUsgq7fbnhfvr5huoj5cX-MDgoVXUGu3JxBEMZnsvrLpVruGWOaWMmQ-gb4RVYAeZL3tb1dQoQZdmUd0gvbtuGyvHCxfXsfSrtoe5vq1H69H1UL7VHt_eFMt0orjakH36nlcmOpQ|https://lh3.googleusercontent.com/gps-cs-s/AG0ilSw_zf1FV8uGno5Lk8EPNuk99lsxa9Ap4TLiw2zfrx4jONOmxcZpOWAjuWzrDMLxpm6S9AzsTmvfXheJBCqiMi7JmB5G798vn837C6gz1cEBYfge41nfLmBYMZmjpWi1O15jV5FW|https://lh3.googleusercontent.com/gps-cs-s/AG0ilSz99-guU4kCIcJqFbLFbPiNLHtsrKnN1cmjE3ZQokbigYGy5TJj5wcBP-pVXYpD4eFXPPhCiuwos31Q7B5et2GeUgxfzW7Nyt37-goE_csZVAU3DaM-JJFYPMJn_QCAjjxfM68BMA|https://lh3.googleusercontent.com/gps-cs-s/AG0ilSxmNsCF2nOCMlwwbsns3DkPYiIufBLG2jwkf-Sb4QqHQDlpOHF2qelEkplFE2H-kC-dMT-zP05O5PwqFa70D9HqFuuO7jp1H3-W6nRiq98Di53bq-8m7qPApMbD_IYP-eIdbyEm|https://lh3.googleusercontent.com/gps-cs-s/AG0ilSwLweGdA8CU68fj-yswyhsgwYTDhrC2_Kjml8Fdw4lpnIi2G5EZdeQbI4-YMlx1NKyLcoO76NjwplrqgPN06NoqbfzgI6YADATYxejxz4V2O3RfNU6rgPVjG7_VP0-LkTfnCGeFMw|https://lh3.googleusercontent.com/gps-cs-s/AG0ilSxFN2orzBGbCYEUvk5qy8MXO6wWjKyQ2WAOW4bKUay5Fiixcq0h92xHwdVgTATdy-KIBuF8igsJgpdrRfUnN_mGpgyP0wc_Zz6xXcKBedReqNPUunN3y367_Pidtj_FgqxMzigS|https://lh3.googleusercontent.com/gps-cs-s/AG0ilSzqAlQccX3xDglg6BDzxvUBNYmQxImuSnOU_BE9mL3bsFodYv26vsgbgkaUFN5ncFgMlNGBAwBIR3cwSCfFxGmChqYBHD23HHyny1ugM9-IFM8JRnhCwqpWTY4O98Ou7c8KVDVqbQ|https://lh3.googleusercontent.com/gps-cs-s/AG0ilSwfa9dTKMEDNyvkHkp1wwNX77V9M4s2cWrX3nOmIRAK53LSavJPixW07-mn7j5ZDIcHKNJxsR1GTzYV_RsphZjDfGJ5vBsdc7-dttWd8kFo2zY1ZMVmH69t6-glbElOqIgnPEEZ|https://lh3.googleusercontent.com/gps-cs-s/AG0ilSxUpV8Xbbcppi4Vl6pffKON7jc66bWC0z9-DZmjNNEnamWuMM4-AgsKjhgwuRjOHEpXf4nE11nERX5yvKdXTu6P8E-aPMUrd7SxOKh87yO03rLSVWzhGCnnqXRqyuFSa7UjkZmK9A|https://lh3.googleusercontent.com/gps-cs-s/AG0ilSyBMsmK3TicbmgfmEHwyvAQuuVcZKLjsuSv1vda5Ng4biXeErXWThpBiVxtW45BPYowVPnzSxMLL_OiaLAWds044b0ZN2Q-iQ82IoWT8G5Z4-4M1_pjtgCCllzgzV8Yen0yAMqwaw|https://lh3.googleusercontent.com/gps-cs-s/AG0ilSwDShAX-FlyBnS15Mgvswpi9qlD59ngX4XUYNHeFKjZI0xPFZyrVTlCCCrETdm8nnikBcLenlEO1c9eUFVzce0M4uVwejDjNg0MBKGZEIpLg7Q5SIM9JI-JdMfz6tyhXFM8XGY|https://lh3.googleusercontent.com/gps-cs-s/AG0ilSzOW4rBLHhysDqAJQ9Kolg98pCZp9bpE_XTgdn-55LF6T-rwMTcFtI2C6zbgedeZu5VMu4vE-7nNPNNH-VMWlt8OZD2f5AIOt8P5OMgFEAcFMLpzdyRJQQwpU5B6nn_CbKPsl8G|https://lh3.googleusercontent.com/gps-cs-s/AG0ilSxEkAKoYJ4lWXg8q1X54cZvZ4BrtToQY95jB8l-bDCzkI_nEbiZgMAQoDZPWCVfrSprjCEjsiq6Htstyd2OnxsY1-IYOP45bl8TFN_sEaGQzJST1KUcNhg9IYt2Hdpgd2-mS3s,http://sdkspa.com/,https://lh3.googleusercontent.com/p/AF1QipN0S8CoEuqlHILwSqHnhA0JN2dIriWyHjLo5iAN,N/A,Hôtel Méditerranée,05366-06611,"n° 2, 4 AV. Youssef Ben Tachfine, Nador 62000","3,8"
