description,website,phone,images,rating,title,image,location
S'identifie comme géré par une femme,https://myresa.ma/be-beautiful,0656-610484,https://lh3.googleusercontent.com/p/AF1QipMZs5DXVqfb8-UDInAIAocJExIyJQ5iow-8146F|https://lh3.googleusercontent.com/p/AF1QipMEvfQgxwAmt8WeXdDwDIf1YO5uP6CtIwx7Wksz|https://lh3.googleusercontent.com/p/AF1QipOYxtgdVEefIVgzmLVltc4XWbFUamK4kEYrQVzq|https://lh3.googleusercontent.com/p/AF1QipMbZZxKlVwXycuEtlUnw30NQvlbpZFIx-JHWg2r|https://lh3.googleusercontent.com/p/AF1QipPt_i8Fm5G1eUrP4xzEzqPVjdegYuo_sXUzI9A4|https://lh3.googleusercontent.com/gps-cs-s/AG0ilSx0NFj66L2g_w6rcxa8aPV-BQqflwzUD4zUn7KdSFvh-79OwNViHG14Pv7cVK5Xn29ekU-KUfXpNjzmKLl5m9MyvH2axiONR2sLGsn1drjbyY7iimk7ltCDnVAegdGkFI1HelRZAn_IZ8re|https://lh3.googleusercontent.com/p/AF1QipPVvVzBc-4-zPnUn_A2Yxg220qQaCWW-bhBu2zV|https://lh3.googleusercontent.com/gps-cs-s/AG0ilSz0BXXnlWhMjoCPwDGBgWEOcIKh2Y9Dv_xkkL0a6RsW-5kDMzO0NCQZjyjIX8INhle4PvwbxZTTyQoUJEt2cQxxjWS-_mhlBzse5--LZqzMiySXW76dylxz6WphqVab49LT56Nk|https://lh3.googleusercontent.com/p/AF1QipOjibts3YVfQUXeWMKIQRrF5Ki-9s2R7RT1G7T-|https://lh3.googleusercontent.com/p/AF1QipOnEnlQbo2VLOzBSRiws_QLm__fXp6QSyEQ8c8Z|https://lh3.googleusercontent.com/p/AF1QipPm1q08LB-mQl7kxUj9qmoL3L4MibZuL-Ko-T7J|https://lh3.googleusercontent.com/gps-cs-s/AG0ilSz8axpZOEIXBu3zSOUUgDBS8_UWKPqrK2oZ610hE79fFJRhbZNPeZnzORkQvXGEe_js-aOLD6p5XvCaBnKk2YCA344A-PkTus5tzXFveYrJedf_Lxyd1x8tIcGnJIejOuVqWfLd|https://lh3.googleusercontent.com/p/AF1QipMOzURI7TDBXgqfxdXrP1FU8n-8IxtZ72zT93cg|https://lh3.googleusercontent.com/p/AF1QipPZzDPGhH43MpgRKb2_BLrh5Vz5BUHOwz32fFX2|https://lh3.googleusercontent.com/p/AF1QipN2g6wnIDQm7cFdR_scmINoDAIMLpONBNcZk03p|https://lh3.googleusercontent.com/p/AF1QipMH2yT11VkWSGsDVv4tqf4AhcaOElVxvWWHEn0G|https://lh3.googleusercontent.com/p/AF1QipMO9WlYUaKN2m3GZwul3wplxp4IBJ19sVo2RT60|https://lh3.googleusercontent.com/p/AF1QipPGt0SAF3_oACshNhMIcVuBuZMmAhONcaR6lINB|https://lh3.googleusercontent.com/p/AF1QipN8b6_yXIe3FwG_D4TwAAJVMDJAnkszzULRoMFU|https://lh3.googleusercontent.com/p/AF1QipNDI4mCkPus1pGqZQ1-o9TSDDxnEREar6IKcTPR,"4,8",Be Beautiful : Salon de Coiffure & Esthétique,https://lh3.googleusercontent.com/p/AF1QipMZs5DXVqfb8-UDInAIAocJExIyJQ5iow-8146F,"Ceinture verte, TAFOUKT Extension 472, 44000"
S'identifie comme géré par une femme,N/A,0695-146854,https://lh3.googleusercontent.com/p/AF1QipNfV6nJT3mCTgou0CGYLFiijrmeTCbiRnKlpV4i|https://lh3.googleusercontent.com/gps-cs-s/AG0ilSx_2k1OTb26sVdRng7CwNtUY6An97JFdUfxBzc0b7zGRXaImEgMg4kpnhSizId0DWBThG-4CFq1Q6NFo1SJfbOl6e21rVOwujKQ2zOdP3ZdK1OqAp5KIyQYFFzSHh9o5pt4EPLDdQ|https://lh3.googleusercontent.com/gps-cs-s/AG0ilSxdJc1VotZC5TNm5Dq08nmFhJGL9d9JcD3kUqHHYq4bTlwv-Fe4SbahxHylYVo0K4frS90U_JpvhWKDximRmgAm_-5ApeCGw9YPbn72KCU-6QSHz1Xr2WLalbAS21bAc_CTo6Hw|https://lh3.googleusercontent.com/gps-cs-s/AG0ilSyYfyM_nbu9hn88VEORdMV6iG7bjrTv-2_ttCG-OvVw138hPluqW5jCB8VeJlvxH19vMZgj9k7NWV4Q5wbN8lI2RhpaxWEYBvZ-n-IojLNmHMPVQdHi7ewwrDoslNOMea107POx|https://lh3.googleusercontent.com/p/AF1QipPYJ1Cu4-EFmwJB8js8UzN89DXy6KZy-ekbo09G|https://lh3.googleusercontent.com/gps-cs-s/AG0ilSzXQsnP2-iMs-msTCBy-dMbi0s9SCtGMLJMbN2lh3lJw2vRpLgs3vULfBwLAVIdUft4gEZZ3zr3U2nzABCwTggMXv5KjdLbEp-UniydsbVX7vDOWnsYLEtQZ10eu2UeriQpiR88|https://lh3.googleusercontent.com/gps-cs-s/AG0ilSzaHorVctzhvin-3N1mOQUkJpVJ2DYK6Xl9MTXSQpi5ibC46qxStNL1rhQOEKqtZXLKb8VxSw5IhT0hS5iDM0elFtMOygdxEm7dzrAHH0Kq_7zmSO3aKKY-Ucw0v11EJaC1mi5f|https://lh3.googleusercontent.com/gps-cs-s/AG0ilSyikP2_BN8ER47Jl_o-qnBI7w7NAH4QznZNdHeJ-JnlTQgtH6et1RkrSZqyEKkzlgxE8egDGHUXjx5W-bA_LHZpie-p2uRStVrO2BXYiAR0hSNAZxBaaSA4CsoEEtun-HA_Ggzh6tNACB4|https://lh3.googleusercontent.com/gps-cs-s/AG0ilSz6klFjIeQV389QiZt_khuKyt1LdLnmUXcBusmjy01kxoK0B-EIZdfjaeBx4OYfmmT8sDokf4AnNXe4T7kPFBBcvQcmrwYtv70YRaAB-mEhuLFiaBb6ylbYAE0UieknvrOnTWFc|https://lh3.googleusercontent.com/gps-cs-s/AG0ilSxUyT6wp8OnaL8zsF5Y_bF2rWrulmHQinwRIwM5Btza_V7i5LtvWhUjHWuDGkQwM4CkwlrpIG__ib6jrBLHr2G9YpJS0ICtdKv3aZh5Iu94BzVl7O2sSrcGLDMTwlwIuqITjoZFyxTemO-7|https://lh3.googleusercontent.com/gps-cs-s/AG0ilSzSFqnhIY08N-s_Whcf4HgZbPPRRsKaulii8GpYvDRpNr0KQ2nVIw-3A_86ygNR8NqAPTh7YXdYBX1A9WYMz8qH5VBagKYDqMGOzSeE1AMGen2JX6HC_d9M-JMZHx8O9MxV8sqe|https://lh3.googleusercontent.com/gps-cs-s/AG0ilSzpWa0ttFwY86fUptREfooQUpeonzbIRLZeCDSo84bRs72SEn3IcV7098f6w7R3mOcgD7x6Em1ZarsI_6nIA8bo4s3BBGF1OWUgpbbrjow5g_oTj6dRwLXUiF8oZBJ6_JT7EGNdYw|https://lh3.googleusercontent.com/gps-cs-s/AG0ilSyByNvcu8O17ukWnNQ7yDJRfL0FzuhHD_XSqaUFkPn2k_keK73N45NFTlWwy_IwZL1QmcfwuuE8Ns2gAiKHO8HE96HhJF3ppF5TiYXwbbCNxH-zAx_6KzIAqEHqEjb5PDKJ3ari|https://lh3.googleusercontent.com/gps-cs-s/AG0ilSwhK20-kL-AoxHnhJen6Mr7t_1x1MB2b1Wt0_EOe58KgLnoSv9b10JGb-Tn6j3giXsTwTB5wVqhqAMAZhYWC3CDuzrxzTfVbQpx9S37r8Vkjalb7ONTmzi3GWJjWKbu6gfgL7Vm|https://lh3.googleusercontent.com/gps-cs-s/AG0ilSyDHfHkhq7tgyd32afdviDH_8zHc0_M13HBlljMevaj9I1gglYYaoxdmhhf6nER-qROknZzuHX8bGkoLqDhH0uRGZeiipZzqQN4Oqdbx87zjurZRDns0cRihOKqwLwTTRy_C66Z3wIKFrs|https://lh3.googleusercontent.com/gps-cs-s/AG0ilSxVuVBtM-JGyrht91P7cNPJR7GD09oHi98DCPcNE_p8gBSPF-JucrUr_Q1FYJafIq6OEKuYkItr7e-C9JNC21FbtpM25TA_pqdUneW-12O2y8BCEhWpZ6KWFEpwtIn76wJGpeeJ|https://lh3.googleusercontent.com/p/AF1QipN2hlkeiftgdEQXFH1zL6G2Dha9CRbH8RUMoRkf|https://lh3.googleusercontent.com/p/AF1QipMRmFOQFmxOp20ojGVGNVaFDYC9qht_mKtQS3Cr|https://lh3.googleusercontent.com/gps-cs-s/AG0ilSxUR9dBTKCiCDu60qAnMXKHVf7aswoTxeJHuo8JTBDjt7fg7ShK8WlRTZifPdqfUBW7rHCcG7Bfx3J6sqsGTyqRmG_AWda77QiJU400gRhmtY5T_PGRwv2dM02SoiZyc8iwF16aPg|https://lh3.googleusercontent.com/p/AF1QipOET8zh5f3jV2RKvKPnzRWdg4xvBrhO0BNQcrSl,"4,9",Salon Rochelle centre de beauté,https://lh3.googleusercontent.com/p/AF1QipNfV6nJT3mCTgou0CGYLFiijrmeTCbiRnKlpV4i,"66, Essaouira 44000"
S'identifie comme géré par une femme,https://www.mimissaouira.com/,0697-303838,https://lh3.googleusercontent.com/p/AF1QipPZJ-nvFXe_0pv4jZsiafHR1UV2_Hl5JkF_C4U-|https://lh3.googleusercontent.com/p/AF1QipMtnif8LSW2_EBgfICM6W5s3b_CKncQX9c_CZbB|https://lh3.googleusercontent.com/p/AF1QipNwBHfCUU9THYzW0mXvSNHvdknXkGfumMd3y8Pi|https://lh3.googleusercontent.com/p/AF1QipNx8VG-QZNBM5w4UzHOBL-sNlxP_9lN02fuwLb6|https://lh3.googleusercontent.com/p/AF1QipNx8TirBj4-RoIDEtiuykOFoEDMJ8cW0CMc3W0f|https://lh3.googleusercontent.com/p/AF1QipOFSsBg8wFt4cmiiQuoqe2S7-stNd6TyuK2SCag|https://lh3.googleusercontent.com/p/AF1QipMvY3504ur3PwKemruaFS3KfgDkP_vyS020GpRT|https://lh3.googleusercontent.com/p/AF1QipMsMxUF9XV88PnY7H-mEbSSwx8Si98-1RG4U1BW|https://lh3.googleusercontent.com/p/AF1QipMDhBw2CIMIOczzUYJjsF3XYk9lReuHo4no0uYQ|https://lh3.googleusercontent.com/p/AF1QipNm2fe29sUDGglYuKxP_1nmVC9IBYIZ9Me3aYS5|https://lh3.googleusercontent.com/gps-cs-s/AG0ilSzUZgSJGcpmMspL2pNybNze-0vV4-YpUAp_eawWtYqKZGSv-Ox5lgCJbYTTmxTBHQaztTzR_Frv2i1Gq6uGF309fBnRmbKuJo25UBoKOmiLcemJUkwKuELpfDBzYrkZLsPA3mjiAA|https://lh3.googleusercontent.com/gps-cs-s/AG0ilSyfBUTaHjHiZ-cobMC2OF1p7yqZPCVe7iWfz6rrWWMNBDIU0WJ5jpHrppzrWZcqUcXUwF3HmABtV1fw26nymhZOFgkVuzGZksthSrGOUoCj_VQGLkfuBfAVM51Y_ZVwWHjPeQYi|https://lh3.googleusercontent.com/gps-cs-s/AG0ilSxYX5ncUbtCFBWNvmOpTW0yLqx-x4msccwMu13wGZnOtYtZW1HrWWLW1V0CFw8gm254a93tx6wOPMFZwcoJfnPkiLuLFAUg3uItfsztKQE3C1v-unXZEg96KnbsxTIrAepH45x9y7-NKgoH|https://lh3.googleusercontent.com/gps-cs-s/AG0ilSyqRWqZTAjBf6mTkvDE6e60Q831Rn6Cq97a4RqayxdQJoyFELizUZJ303_KO_idEaQf8IKZVABr9XITDksn-7lVVe0Z8tUf60zYGy2Am-V9J608SQomBlIT7FAlqoMeA22lH6Oo3A|https://lh3.googleusercontent.com/p/AF1QipPBYF29C_DEj5eZ6ePeGhcQO9NBNQP0wtvOqrt5|https://lh3.googleusercontent.com/p/AF1QipNbCHrFslimVECiOIrvli_OgPmq1MP11R2DwFpm|https://lh3.googleusercontent.com/gps-cs-s/AG0ilSzGwvPb-ygXWqqMrDyx_M5nzQQEqt-y7ysgKYUfPXXzi9w6Yr2cDzN-RhwJ1F5rFrPbPYHdZvuFeXX_MNQV_JrykDMyNShyJ9dBC7jB669Y3ei0JFG4hyIGy7JOeWUL2KfbO3oikQ|https://lh3.googleusercontent.com/gps-cs-s/AG0ilSxkhzCMghhLiPpceEdqKizOTZczKaL4k4zI1cy_mnswUJH4D4vwDZtE1is4l1OAybsixUUWNlfrUtTbBZS0EK8KwH_IDd0FoHJTWaIigS5iwccE1BXqaBmcRvCz-9S8mr_-cxqgXA|https://lh3.googleusercontent.com/p/AF1QipNPBGdSv2u1cizdL4oGXMO7Momwy7EIHRFKAUX9|https://lh3.googleusercontent.com/gps-cs-s/AG0ilSz1hFWEFL5B8QmbOWUT6o53gRnza2WsxN7wQqjK2U-ijVTd68ajcsAd8ZcZiIYDoUVmYn-K8Vi_LvIAqZ3HPQgZ9I624-n_yBHxHcv1IfNUUdfuZg2roxd0mKvSX3oHwhUt4CQ,"4,8",Mimi’S Beauty Bar Essaouira,https://lh3.googleusercontent.com/p/AF1QipPZJ-nvFXe_0pv4jZsiafHR1UV2_Hl5JkF_C4U-,"Rue Youssef El Fassi, Essaouira 44000"
S'identifie comme géré par une femme,https://www.ressource.ma/,0723-731981,,N/A,Ressource spa,N/A,"résidence al machouar, Rt Sidi Magdoul, Essaouira"
N/A,N/A,0676-081576,https://lh3.googleusercontent.com/gps-cs-s/AG0ilSxnYNqGFQDv2VwexsVyo9anQd_u-quA2O3rVFtB8HE8DulkX6t3nFNH3NuQVAOMNQQtn2yMiYJCqUAUSrIa4B40ZOo-6oBUd7L00cm_2GlOhHiA1mFX4sMAndFbJTXcHM8LAf-B|https://lh3.googleusercontent.com/gps-cs-s/AG0ilSzPP2lnfsTWg2TIpB3cLaaEgo0I5danOF1sOwDTR8f1x2rZ_2hFPZoK5sBh-TI96boeNiRWi3tMx541kDqtlGqs2kLErPK8_Vg_DCd5nRAhjDo-tAd7dq9qTupTDCrkh5U_F7DD|https://lh3.googleusercontent.com/gps-cs-s/AG0ilSxsCT4NGmZ7D477cyiptCClC4Q-u3lm2EV07ZWd6u8XaSC_jxD59XyeNCWsDXafy2il_8c8f1x02W6Vs90LTE6tQa_qLRs--IG1xc610eNWuLfUplM0kpZxbCzIEp4sAggEwPOOAg|https://lh3.googleusercontent.com/gps-cs-s/AG0ilSyPacTUHembn600tSfWrS-dFASSUN2iSw5LmzI2vCqinumX9jvyLt5m_2GdzbU35z-vRTuSUhFX5o4pvWbZrL2La8TExENnA2NZA15fAyzH6vYj9E_b4n12cFXuuCvRK2inYphl|https://lh3.googleusercontent.com/gps-cs-s/AG0ilSwmZ-P9XfWqfiG2E7Q46OfwAkR4WgoTW9fvOESLxhukXBuaj7D5gwXsVK-aT0rBMfiNOKK6UtNtksRVvIJ41jTrJLCIam4C__MPJ40gyikgjYQ5aZVJOOFpQE4q8bcS73uSWRrW|https://lh3.googleusercontent.com/gps-cs-s/AG0ilSwTCzOUItOE6mfWQ_JPR7RcqWg4HRDfko8fu-aRj9M3YBFbzo28ayD9EVZjg-YQWyma0Axp-HbTyqZswjPZLWhdd5VXhkkc6r2Lkgitx2OjTM6C6CVbXXAuM0AG1M_0SRsSfbbt|https://lh3.googleusercontent.com/gps-cs-s/AG0ilSwrXKpG2A9ks6GeCwwTbO5ow_StSA4SsPdNhFcmDAyHtiXRzj6to7HtmH_W7WGgTH4E0H5omOU1zUtu6XvG0qcAPyTw5vlR1P0RMVbljGhtzCACoRfE0feakmhi45zjgmeIvZ04|https://lh3.googleusercontent.com/gps-cs-s/AG0ilSw0R0RezKAEmGGPnKuDlSLYFUelhALJ5qi-KPG6FmTzmmruTuhVDfXtHORMsupXVTeEpJRgHbUQ4Jz6RG-XpFVga_6_eq2MD36aLPr3HbUn3yNx2D91z2pnzhyOl17zsfcW,"3,9",Salon El Amirat Coiffure & Ésthetique,https://lh3.googleusercontent.com/gps-cs-s/AG0ilSxnYNqGFQDv2VwexsVyo9anQd_u-quA2O3rVFtB8HE8DulkX6t3nFNH3NuQVAOMNQQtn2yMiYJCqUAUSrIa4B40ZOo-6oBUd7L00cm_2GlOhHiA1mFX4sMAndFbJTXcHM8LAf-B,"G65R+MGR, Av. Hadj Mohamed Bahnini, Essaouira"
S'identifie comme géré par une femme,N/A,0652-936011,https://lh3.googleusercontent.com/p/AF1QipO41L4fScm4zoaVasxpMNCKhzShnSyccp3qNKWc|https://lh3.googleusercontent.com/p/AF1QipO1qKgn9gt9SscbPx5_6IAKNCTuBXgQC4U_qUaT|https://lh3.googleusercontent.com/p/AF1QipNBGTqI3I-Nf7mVqikVo9VzXCoG0-G5bcCyghlG|https://lh3.googleusercontent.com/p/AF1QipPY_pnOVnCCEOYD2lK0lPACAHXwMMUdrsokIUqO|https://lh3.googleusercontent.com/p/AF1QipO1FYGgcBdHQ7T2FecI2m565SVNcvoNAwehEm-_|https://lh3.googleusercontent.com/gps-cs-s/AG0ilSzj8umZRkluL3tKQDKva1LvZNQ52cZOiGWvHTe5FwEEZctaEt435LW4ekZRuaRPR-atJc3-5whcXqSBbadSBapG5Qjhb_aZH0KuzfDgI2UAlGyi5AHof_iI7M9DMMDA_0V6UMo5,N/A,Salon beauty esthétique Yasmine,https://lh3.googleusercontent.com/p/AF1QipO41L4fScm4zoaVasxpMNCKhzShnSyccp3qNKWc,"Lot 403, Essaouira 44000"
N/A,N/A,0667-059085,https://lh3.googleusercontent.com/p/AF1QipOm-i7yrzi9QcBfHReQGAjUqdfg89B26XxqFKHP|https://lh3.googleusercontent.com/p/AF1QipMozwC0_nmveZW8TNLLF9dwaIHsCPfbqWTGCRQ2|https://lh3.googleusercontent.com/p/AF1QipM04s9ZwxTCeQTAP57kQaome-sDhbNk3Q6WXq5X|https://lh3.googleusercontent.com/p/AF1QipOKZ7jK-UsjqTS2r2W6ksUDcPXxtdQ0T8qxlTQa|https://lh3.googleusercontent.com/p/AF1QipNhe47lzOrRq_S2EBtOFH3SdbzDWq_yzihTiprh|https://lh3.googleusercontent.com/p/AF1QipMQ-tQatfmwV8SXqh2OsRlIzMlbGQFwdBZM-KoA,"4,6",Salon les amis 2,https://lh3.googleusercontent.com/p/AF1QipOm-i7yrzi9QcBfHReQGAjUqdfg89B26XxqFKHP,"N904 - LOT 5 - BVD Allal El Fassi, 44000"
N/A,N/A,0662-519668,https://lh3.googleusercontent.com/p/AF1QipNSK1vU4o_0fLNgd3KOJzHB9gXvsvz4ZDx61xT8|https://lh3.googleusercontent.com/gps-cs-s/AG0ilSzaISZnkiEA0tPm2c5vNK7tnaDOu1l38sMWWQjOZZPHAc8_UfDN_YG6h1MRdMIEuYn323SYp9uTly1SQmqY39ITwZBYYluJ6S8io1Urb4g6cFY9V_C2ozU1nsQk6oBNaDN4GSq9SqGCk9XF|https://lh3.googleusercontent.com/p/AF1QipPEkckTIIXb3yG0U8-8ZqxlKHC4qsu1vtjhKZX_|https://lh3.googleusercontent.com/gps-cs-s/AG0ilSyrLRzxHaS5AD2j6ePikf-hUR_Q9L-TZWaydo4NVxdvoUEf9Am4HI8GpjvWcPa2Cs8zVxRFG647c0MJ0BE_w5972CD26JtkUiZWwsXxVktKTp8mM-rPrztMIUt52eeY9mRy2E7i|https://lh3.googleusercontent.com/gps-cs-s/AG0ilSyy9TTlE5Pw8z0QhbkW_4JrPULiuTyo75uEqJPU86Kggdn3CmpCE39Rk9mIIocRo6GoSmd7EmxpzKNZl5VjhxRcP56HC8U6pSmVp3do1qGNKLK_zpcLMpyprSJBWKyIx-Shm30WrQM7OSUH|https://lh3.googleusercontent.com/gps-cs-s/AG0ilSyu00kX4IUYl_oCjH0qtbRBUtfPakTQJb5ePsTGiHK21C5h2_ML-zLIvAhXnMCm52RP5zLOiqD4nVuTpsBxkxkmstAlQRkSj8Cy1bNSc8g6FhcmXEYufmzwfmtNh8gm_RCYiEcecQZa9cX0|https://lh3.googleusercontent.com/gps-cs-s/AG0ilSy3Ar4SU5FGnA0cMgHMknSddCru4CRJKjrS7kMuS3zS5NeqaMhe4iJIhug90mi3giyK2d5dC6aDa4MUbiPjGYOx9vaVUdTZSmvyOU9Sn54ytUGxhnLLVjUWBNeotIcCtLyXmWo,"4,8",Miss prestige beauty salon,https://lh3.googleusercontent.com/p/AF1QipNSK1vU4o_0fLNgd3KOJzHB9gXvsvz4ZDx61xT8,"G65R+FGR, Av. Abderrahmane Bouaid, Essaouira"
N/A,N/A,0673-082967,https://lh3.googleusercontent.com/gps-cs-s/AG0ilSzekJb5NriSaJBxcFaACNnDu9Ov4IpO3ff4wGnM1Sfe6gGTf3rOvNH4B7JrQaIHMaoh-hKV42Cm-6gOQsJf3wNxxd2r7M1xJDS19UB3jcMNa1RGmVG4sx-aIk0zNMEpdgZiyBD6rvSkoOHv|https://lh3.googleusercontent.com/gps-cs-s/AG0ilSwYALQ-Vrqs1aksFmWoP1GOHQZs3Wwae7BSlUt2IaC4N-i4xaIuKo74Q-GWHfr76-_4lEh1jqgGEagCXOZuzvcv8myTZZ38c_TFlvDvLpZozfEOa0UVbnrL7abqgzHJFXqNU7v8JovwIAFC|https://lh3.googleusercontent.com/gps-cs-s/AG0ilSxTiqammM8tC3DtjS3t7kPdNO2j-2iQydXs3I8Ys5SejIK_vggHklwDxvZ0Z8QVLJHxkCDxa8DYA3L6D6SWbMki-NwwFNJUgU_j9rRmsvvO6jCgtDSeBcHLdrROL73lmJERAs6W0RTCsjde|https://lh3.googleusercontent.com/gps-cs-s/AG0ilSyKz66rhnIqHZfiaES_6l3ZOx63MnZ4EeGXM4-B8CTSwElG_Gp7NR2bgx_pH7KF3SqV-VOV62yPHLrrlu02qh8j32W4sz0MiejxFzYANHJ2dzL5d6OwEvCu_cfYhhbS09qmSSWgeQ|https://lh3.googleusercontent.com/gps-cs-s/AG0ilSzOcVxbQ6Irq-diNwkfuDXoxnxnnyKBqcmPMfxGMsIO7LivqOiloZtsMcIwL0zwf9LnbFBSJ70KFJYJXrSZvJW8E7deAe123G9O8mZcTiaQjBJBlhAUWfZkeWoFh_pOVnkd3PIpuXOldvq2|https://lh3.googleusercontent.com/gps-cs-s/AG0ilSyS5_hInlfGQcD5kxhZahgLaZe85ELADoGuP9cWxM-FQChAYn_3_5ykw0E585Sz1EQ3pr6hmRsvBPxnmyasyNbfa-AEEgJVu8Aza3sFMdvWufv-trkiLE8kPZBZJmCjFxxge3ab|https://lh3.googleusercontent.com/gps-cs-s/AG0ilSy7L9pLnyXm_3TVjJKJtDn90edaMqCFHGm1MRRm9rZ8Iwmsz7E2NLZ4ULaGzI9U0H5YzT-07WrIkwO7_O8diEk51dNqA11hn73kDuKxNq1YLVTPdqGvIXNH3NxRsyVUiWInwF_E|https://lh3.googleusercontent.com/gps-cs-s/AG0ilSy9o-n1OGqjIoL4V_KcYFstP4qV6qt_aHkJLARaA-_FTBU1becickqWBMbVvmQQyURLi0N4q_-V3UsztIhc56FdXaRHhn0VbfXpYWlex0xwHhHWP1oMSF4qlAYulk8dFJDTi-E,"4,7",Sh_hair_makeup,https://lh3.googleusercontent.com/gps-cs-s/AG0ilSzekJb5NriSaJBxcFaACNnDu9Ov4IpO3ff4wGnM1Sfe6gGTf3rOvNH4B7JrQaIHMaoh-hKV42Cm-6gOQsJf3wNxxd2r7M1xJDS19UB3jcMNa1RGmVG4sx-aIk0zNMEpdgZiyBD6rvSkoOHv,"G67P+JJV, Av. Al Massira Al Khadra, Essaouira"
N/A,N/A,0655-613927,https://lh3.googleusercontent.com/gps-cs-s/AG0ilSxk-ofzmWpC7WEqU4XPen901XYMhZKQIwDt4U9LKvmuxkEVI5BXs0SvShpAKG2j0zWAoOn7ViyPEDWlaozKisOx928AYeQv54O9v1fBvnjOfCKL0w710JoYQz1fr9HcWZ-WRGok|https://lh3.googleusercontent.com/gps-cs-s/AG0ilSxOVp2lFVNiJFOhA4hJ8nVhyTV8Y0P_8OZRAow-J_4WisW-M1YH8Vw_daenQ2HWgryDpRImawZOL_Ms1sS1kdw66AzAtlBTJUDezN9G2xJiNk-RjFgLZy9uQqT1PDGpAiQ4IMIxrTBRTlY|https://lh3.googleusercontent.com/gps-cs-s/AG0ilSwlDhK221rEWaTOqi0EnnT8sRlthg1Mn9bQFzJnEmYNcSHgHKQ9oT6FFJ-rd5oEwl7hycDPX5OVs1YmgFsQZSB4sBaSUOYbHOcvFVGqmSYo4xOHJqvg1WGnRe5ERLzcWtu03l83Gg|https://lh3.googleusercontent.com/gps-cs-s/AG0ilSyuKKdVS-1lurzTyApWuylzLgwTf0ELB6Hn3d9xp51oXdWLwDI20bCaWSLV7AD8YQRIZ01VjQqPmD5IC__QX9XSJv1zsf4FFADRj-MW9QKsrcSz65Cm0EMth93LK7RNyqPc56eNcw|https://lh3.googleusercontent.com/gps-cs-s/AG0ilSxLpJ8b4Kv_0eU3duSeqQqZAz2WeweG5B6V_BAj6QqIxT5IQyZtRDTlanwl-Wvc74xxsGqd0KvuuWEocz166fV-JKa-gSjvq1fH_8_H7pq_NxL9SisoZZ_qEUeRoBN16_h_uvWU|https://lh3.googleusercontent.com/gps-cs-s/AG0ilSxDaTXHv1xCGSR09bgEGmHILXwqSY9p90LzoO-sGx-ZktMpG-sG9IhkoLz0XqzLeBJXG4mqB6il8_DDt0JBPQP4MJMBectk6sg4JV5BnZkM-uIkMjrzDMlKyJ6_op1tdTbX3l6I2lG6ueg|https://lh3.googleusercontent.com/gps-cs-s/AG0ilSwA3JcPfSfR4Harbn5ZbhxHgibPSZkNglWfYBOvyNOLyyz3UruKBZsqI4jsVmUCWVydE4DQC3os-bAjIrKtHTQemWQahLOr3sMgGKm7KjIHQ2SPH436Dkm0mZLokJT_1cAoge7l|https://lh3.googleusercontent.com/gps-cs-s/AG0ilSxSb0fMvkolBbZmGGDLqeIB06PwCXtkFAX-azq_y2XUbFHnAN7CN7S2x0qAVHAtDZ6rhqSFpdlKVI3iu9YQ0ZdtORVZVnbNIXwO2qsLEfRvYzRo1rYojegWJE3BPKdN_3kPJckJ|https://lh3.googleusercontent.com/gps-cs-s/AG0ilSyeVgT3S3r0GL0h39BAtilH69mSRz1tRcbFMC23ggKlQ70dsgIfJnZJUJmRuPaFfHP2J0qXH1VdFMuI-Y0EGbaVfaXrfNl6W_-JwGCydKgIjMR8gp-vwJePqVXRotSA_yLiiHLw,"4,4",Univers Prestige,https://lh3.googleusercontent.com/gps-cs-s/AG0ilSxk-ofzmWpC7WEqU4XPen901XYMhZKQIwDt4U9LKvmuxkEVI5BXs0SvShpAKG2j0zWAoOn7ViyPEDWlaozKisOx928AYeQv54O9v1fBvnjOfCKL0w710JoYQz1fr9HcWZ-WRGok,"189 Lot Errawnak, Essaouira"
N/A,https://www.bioarganaspa.com/,05244-73913,https://lh3.googleusercontent.com/p/AF1QipOS_1xW-2Y7rCa8E9_rfYb02ZhAuoioTYZm-woW|https://lh3.googleusercontent.com/gps-cs-s/AG0ilSxWUYJs-uxImN0axdWDpu_PRKx-QUAGR39pauXGnKJcuqNx5cELxfQWv6HNKNynOGUrtc2GtXJZAqyodZ7lO9Vup7ANFAmHIh8LeidjcL0Cq-HRKh1xhZx6hJxrkVPA3OV1WgK-Ww|https://lh3.googleusercontent.com/gps-cs-s/AG0ilSzwJccSRXRqmF3IyWcz_9HWuDu_c8KbQ1u-1UNwjOy0VYbEq3ZvT8X5nGJ0npS0g4_kLHdxuV6KWROARTDayAmsK-YNbi7BX4g0E7VB30dmfaz1NXknHGteSK8DgHz1_FClv7JcWA|https://lh3.googleusercontent.com/p/AF1QipPlTaE5hUZ75_2LDS1nUMQP0yLseUt_NHK-Zg_I|https://lh3.googleusercontent.com/p/AF1QipO6pv8cp-Mz64NxiCWA9OCBC8qW7aj-cvOszvat|https://lh3.googleusercontent.com/gps-cs-s/AG0ilSwntsIRkfQwnbLfxfUHirO5x481Ok7vN2QFfmFEzQ1neTOrgfiHOKWKmBiKT1L5p6xQZwc2bGhg0yjAr_C5ywSIFpiXTCk9kMXjXACVs1d0rdrDdCs1cMmt_Iqj9wgW0IRMuHPggw|https://lh3.googleusercontent.com/gps-cs-s/AG0ilSzwasGY--zZ-NbyTvfo3ChGTqhOKBavZjwaWBj7pIoIaymXvxSjyHI4iyAwsX4SuuGhLF0XMjQp7KNwrpnOC2Tx84AEDKVA5ZUE7IOMFswqi6fT9BkwIYpuAFZpJXdgoGL8OqzW5A|https://lh3.googleusercontent.com/p/AF1QipPi2Pbt24as2SqOWOELvqdK2UvOBQIk3FlFFWik|https://lh3.googleusercontent.com/p/AF1QipM3F65sliYghUOupnQg7YqtofHm-7vGakakmbpt|https://lh3.googleusercontent.com/p/AF1QipPP1JtQh7tnzbs_S1MeaxozQ4wZDXc2aKZph8pY|https://lh3.googleusercontent.com/p/AF1QipNXGsW5fvGfw_uX43wnI6R48RRhRIV4iEB7mzDB|https://lh3.googleusercontent.com/gps-cs-s/AG0ilSwhrFPTVQXHq7GhuHRhnMsxvss8FZ-hwtjrjdClcjkVrWEj7VEvxAW_V6zeeTfgSpQT2nUNa2b9Ee20djbEd5hFsC02Leg84a7kHiKPfyqs2imlnZqX4YYwDZwRv9gV0C5g1kLC|https://lh3.googleusercontent.com/gps-cs-s/AG0ilSx9SyLhWivr8NVpGfN78V1wfnaNrJXQqVFQk7cVu88MZpDpAqW4hPJjMRBAZmPjtvZeWCvwusz-OsYxEWRVG3xiKxShhT5NjG7E9ELpCox3ZZdzhFALZYmntnr-U2LNEwxXEKwSTA|https://lh3.googleusercontent.com/gps-cs-s/AG0ilSzi8eEP6vask0KqqGpY5a1I4JtnMEHVwQtqdd-NDbveAE7p_386hS6BkdpUWroBdDYxDBpGQgpQp8I56qTM3cZc1r_O7RwQLfPFRh18DanZ1tX3FzgMfok2F82ZrFJxJqwNZBK8Zg|https://lh3.googleusercontent.com/gps-cs-s/AG0ilSx8BwN0roGeQLcJV2bqJoQdfokipo24PPd0KjsVGv_BfjRMW8UhfOuYU_koV7X2Oa5j5bguym0tFNC6ZX64lTUN1U_3l-M-1zldb50LnLRV14OsNm_CSZvvEc9zLZNQf8YAX98fNuHLVEM|https://lh3.googleusercontent.com/gps-cs-s/AG0ilSz_B4W8Ld0mTJIS0tq5j1Qvn3XjH77xo41Hh9huZFRusLrzoH5WQ41eU5ZFMYnyoq69MwJuR09LusOX4BOEfqVvFlchJ9MwxXy_84MdZDipvQzPaDWZU9UZhx5Kfl-1bcU58jF6DOUd-88s|https://lh3.googleusercontent.com/gps-cs-s/AG0ilSyEQfIxU0iRxWwnGQr1rxL56SpfmRtgxABNd2-U1NuE0B4fdFILgnisbtOii3ymo23Hsu3JDEHkalLEXZuJtdOrtPKAJOlAoNFA7V4IvFHSGU8Ddtb-Kmh9SldyetnyPGXBeTKmrxwBAAFb,"4,3",Centre d’esthetique Bio Argana Spa Essaouira,https://lh3.googleusercontent.com/p/AF1QipOS_1xW-2Y7rCa8E9_rfYb02ZhAuoioTYZm-woW,"Rue de Tanger, Essaouira 44000"
N/A,https://www.instagram.com/barber_shop_khadiri_/,0706-417129,,N/A,Barber Shop Khadiri,N/A,"G6FW+5XR, Av. Mohamed Al Hadri, Essaouira"
N/A,N/A,0666-164820,https://lh3.googleusercontent.com/p/AF1QipP8oU3SLntbtnPsnq3uleukK1izkXm391rRaSrI|https://lh3.googleusercontent.com/gps-cs-s/AG0ilSyDHorlvHM8kmOXs_RC38wk745XtVHD-T8mUabNRqUmTzlkxus6Nig_9vMFTyWNHewlF-z0ulV9mof9NuP4PS5y-QXNMExV_TheyIMZ5gpCozFikvMmdJcpFCo2iC0N8f-kYV4|https://lh3.googleusercontent.com/gps-cs-s/AG0ilSyJRfzwP7mfaC3rDs_PC8VtrZSTqakv6cUbfo8ucXWQsKDv1w3UjFzkguQEZe8maOrVrkhUAFpk0EEgDAHf55i57aoYF_AQYT0BVD7flo2EydGDnikTA0sHaadEeZe7v8dQ2UrPnw|https://lh3.googleusercontent.com/gps-cs-s/AG0ilSyRJc0mx_DEHW351bfx8tt8fBG2pJVIIEx16ppMmKtY62W2KsKAm4EfBWnPYesuxm8XFM2JzFHwRnu-xqvZI-5cNSS6QUYd2CjKSelijLRYBDG9YTwJHnFLcqN-aiIxltxg1oVxtg|https://lh3.googleusercontent.com/gps-cs-s/AG0ilSxk5bOpgrqSeNnX19aI8X-MqhN3g_MDZ6x3tamP86WAGz_Lopjr3AyPeoHMc1AV2VbZu0_V2iqdNuf6-i1knDA99PMBEqjrHlKUh7ZwMxTtzGe8Ti-ddSgxK2sOJWFLh5MlGAvS1HCii1cn|https://lh3.googleusercontent.com/gps-cs-s/AG0ilSxCp2q4I--X-zl80ITYoBxtvUmGpWTU2FFt7mTkjUOXSvC5CJeystdSw3soFkhQSJ1jKacVL5FWehQhix9yIJ_BLoAQVsRClT5HEteRW0p4cLUhF1vEH-u_zBv3_af7SNxhjQt_,"4,8",Les Doigts d'Or : Barber Shop,https://lh3.googleusercontent.com/p/AF1QipP8oU3SLntbtnPsnq3uleukK1izkXm391rRaSrI,"24 Av. Al Massira Al Khadra, Essaouira"
N/A,N/A,0680-053088,https://lh3.googleusercontent.com/gps-cs-s/AG0ilSwf0MQruxIsODmSdIfxX31UAW3unv7QZXAVVtME7gXJ7Q_mbBwCLXporHwmbTxZBLgeP-DBnFxeEJDuFjBdFfjd7SMYAcNnxIgx1M3FwU52ERVAMoxPNSTsI_aPAxPth_WwxEhqmw|https://lh3.googleusercontent.com/p/AF1QipM_96ytajaY2VtD_Qot6WiY7b-LEg5Gqe9BHi-B|https://lh3.googleusercontent.com/p/AF1QipMTUr3xqGUIgipZowJC75BaaCo44rmYun8ARf2n|https://lh3.googleusercontent.com/p/AF1QipNzV5IOrtGdVOX3K0aoEH4RalNCC7dtBHCDAf0i|https://lh3.googleusercontent.com/p/AF1QipNNqIi07Xud3XhhZYb-3CEAColIXifUNbUTrpFp|https://lh3.googleusercontent.com/p/AF1QipNsKjyU7jx9G0odGEnJc0RJGqYWpfKoGkWc_6Tp|https://lh3.googleusercontent.com/p/AF1QipOQc6F9VKwJqjOQP6VvNjTaiFE7rVSIkPeGxCIT,"5,0",Salon H&M de Coiffure & Ésthetique,https://lh3.googleusercontent.com/gps-cs-s/AG0ilSwf0MQruxIsODmSdIfxX31UAW3unv7QZXAVVtME7gXJ7Q_mbBwCLXporHwmbTxZBLgeP-DBnFxeEJDuFjBdFfjd7SMYAcNnxIgx1M3FwU52ERVAMoxPNSTsI_aPAxPth_WwxEhqmw,"n lot 5, 1047 Av. Allal Al Fassi, Essaouira"
N/A,N/A,0662-686690,https://lh3.googleusercontent.com/p/AF1QipO9I6nfv4ZtRcY3x16hRuK8sozFhJHfoiMHGqV4|https://lh3.googleusercontent.com/gps-cs-s/AG0ilSz-35YPf8l8bXyaTH_8lzpaTrLBwddQET2kVc1yCAhLAq_I5dpGgSycmSn51KUzb-7NiJBLp1i2VjBNO96G2D16qYq5fGbVGZELN-i2E8NcXnXh5C1pu7etSyCj_ASUB8J3Euc|https://lh3.googleusercontent.com/p/AF1QipN1R384cCeFZZ6myT5KP2rHA-xLyUihRPmvg_Nv|https://lh3.googleusercontent.com/gps-cs-s/AG0ilSxcuyXCbHYLZzsrEFrRv5FIFmynw0xPtaBA0dOa3Xnu1nArRU5SFFoA8deT46-gRxkjgWT8nM21qd2jfdAC5_TUxPktBw2-Wc24DYOnjcf8LMEqa89XysfpA9puIl2IhfdTScY5|https://lh3.googleusercontent.com/p/AF1QipMx4_dANsa8v5cmEDCTP4klhpjfeZ10tzDAy2n9|https://lh3.googleusercontent.com/p/AF1QipOHwdWtrvhoyROFcZaGUWG62Rvglg737fpwpB8j,"4,7",Luxe Beauté by Mimie,https://lh3.googleusercontent.com/p/AF1QipO9I6nfv4ZtRcY3x16hRuK8sozFhJHfoiMHGqV4,"N 3-93 LOT LA LAGUNE 4ÈME TRANCHE, Essaouira"
N/A,N/A,0623-894772,https://lh3.googleusercontent.com/gps-cs-s/AG0ilSyWxECSQ81LWZ0evW2z3aJlxOcgfyjkOYGcWU2M26HeZX1r2_QGCjXhdTgjJD2SpPAKyeOCy5qDBFOA6Z_gqDgj3KuHZmkXUvcbYWGdNGpS_jbvzbYOYK06M9sYq3fVrD73cdRB9Q|https://lh3.googleusercontent.com/gps-cs-s/AG0ilSwmvw8z3qdYojK-muKLL5uU-53m_UFwinGRxJAX4zkGyxKq7jyKZpA31OiounZUvlUgxbnGaiB4eeHVykm_rhoHCPw8FOdUsIu4Sp6DB3bWLdkuHO-LfzMN8RL5oS94zHB8jxkO,"3,9",Salon De Coiffure Daoud,https://lh3.googleusercontent.com/gps-cs-s/AG0ilSyWxECSQ81LWZ0evW2z3aJlxOcgfyjkOYGcWU2M26HeZX1r2_QGCjXhdTgjJD2SpPAKyeOCy5qDBFOA6Z_gqDgj3KuHZmkXUvcbYWGdNGpS_jbvzbYOYK06M9sYq3fVrD73cdRB9Q,"G64V+5M3, Rue Said Bel Koula, Essaouira"
N/A,N/A,0698-995283,https://lh3.googleusercontent.com/gps-cs-s/AG0ilSxT5lQJ7qV7__S3Ar-I5OX79tSgW7GxvQGaN5px_sz_QunJdnTgLxYXmeGoV_7p6E2P_33aK3Szjwp5HYR9NbturO0vG4ZyWdAHmBcIJApAfFBR6frm-pN-uN_755DaVw1NV44ffO8DcY15|https://lh3.googleusercontent.com/gps-cs-s/AG0ilSwZQNfDzVDL2fGeEwMHeO7nrIBDVnbywfN-XBl8XvxUEb0iBeE9-AqMHAoKg5VolS3NYYd1fw7OG6a-qQxYyV_iHThQ-nkAK1DE1lAb0jwqXa7PSrCnsqpVcg2sVkdQsnvQDgd50JHgfzEw|https://lh3.googleusercontent.com/gps-cs-s/AG0ilSwNgS9_siX4OyvTSZQmcNAcCYUy8NOf-7HNUZpcFeEJtAyMW66frNDouv5aOsWArNaI6y3y5oK9UJkCFeomix7UXcSkKny5QYcWXejESOSEtS5ZZ3yH7GGa_9LlEV2xD6NDiQfBPyEGeOFA,"5,0",Hilda Beauty,https://lh3.googleusercontent.com/gps-cs-s/AG0ilSxT5lQJ7qV7__S3Ar-I5OX79tSgW7GxvQGaN5px_sz_QunJdnTgLxYXmeGoV_7p6E2P_33aK3Szjwp5HYR9NbturO0vG4ZyWdAHmBcIJApAfFBR6frm-pN-uN_755DaVw1NV44ffO8DcY15,"G64V+5M7, Rue Said Bel Koula, Essaouira"
N/A,N/A,0630-382475,https://lh3.googleusercontent.com/gps-cs-s/AG0ilSyUrZiiwOTQsVHMhtywBr74hV1370yGjlb-S-Uf-vUXb6AdDJYootqN_Sh6e2eFnsjhaetO-1Q-z3WmOSd7FgtvIwbRZmvqbESuabvvYqdcmBLkwvH3uOV9rmNXb13TrVvX6Sk0WYxwbLMI|https://lh3.googleusercontent.com/gps-cs-s/AG0ilSyLJzO6Hjp2iRtLeq3FchnIFnUbY3LyN-Tg77G34mZARGimNsAfkkxu9MWOP6XSpDO-idBusVzgYAtlRcYwI9NZ5SpCi52SeyRFvOVZK667U6LrVgX8FtHmaFNFE5ZiqhUvTrznoOnkqQAS|https://lh3.googleusercontent.com/gps-cs-s/AG0ilSyP2fxDM-_Kq4cOGshoikJ-17iAWk-Oo49o2JTKQSz8uaIA6KMkR2wmxThMyr8C2u_6m22icgQjbp16ABxP9dIGdfZa0sXnfQOGgZ3GI_GRHUD8VU2u8Q2zfsx8NxPu7q5L2FhZ-KWRDHk|https://lh3.googleusercontent.com/gps-cs-s/AG0ilSz8LuispIdUAYg3isikUuGauzpXZMM3-cPqKkorj_KgxmLUIDcYGBlm7H2renAESMxVYuNOIYq2yLHi4JBFum0KrllvhYj-I3OWh6InJNlvJA3ilnBFgEolaQY4JRHasNBDvVw2LBiO3x3d|https://lh3.googleusercontent.com/gps-cs-s/AG0ilSznlzYf5xZ0jg4jbV-FpjN46w9F1gvOP3CszAg58rxJhkqMAv71QiyLpd6SqdXvnLdpzN9_FLjoxMMrTzM3vRjl4jverJLIQ-HxsicUJjX5nnLgHdmQzsgqZiAy8Gx6TRbOLjdlyDpq0pU|https://lh3.googleusercontent.com/gps-cs-s/AG0ilSyqyQRsrxlrT29V4A3ORWttpQtdXU8auNPpQqZASVGM1PyBQyDaKquQ_oEtc9OuIY2fZCq-ry-AAng12PhxMqOkSTqGo9vuwvuZOFq5TUQs9cXzFmxkZFIUfA6Hkn2PZnRoBurcocGN81wm,"5,0",Kings Barber Shop | Barbershop Essaouira | Salon de coiffure Essaouira Homme,https://lh3.googleusercontent.com/gps-cs-s/AG0ilSyUrZiiwOTQsVHMhtywBr74hV1370yGjlb-S-Uf-vUXb6AdDJYootqN_Sh6e2eFnsjhaetO-1Q-z3WmOSd7FgtvIwbRZmvqbESuabvvYqdcmBLkwvH3uOV9rmNXb13TrVvX6Sk0WYxwbLMI,"G68W+45H, Essaouira"
N/A,http://www.spacocooning.com/,05247-83035,https://lh3.googleusercontent.com/gps-cs-s/AG0ilSxFRRv9t69uxsf35OGcMKgbWbTB4tbUC37Vaa_DfkWPNvJ2VY1bM7VznIlj1_VP_M4FHevyMTrSmnCzASuhJS0ZT2_A95BXH0y49TMPCzDR5FrCViPQz23SPe6k78wEksXIQSxq|https://lh3.googleusercontent.com/gps-cs-s/AG0ilSxm7nTuwM_lHr6sk9pD20Pj9SvoGph3QTRWuh9SY_cJzBKpP7UkKu-zR1nbRCRu-wnT3O7o8YCUWeExHhBRNiPJdjB3BZ93MIngE3Lkn3rbkCOa8v_jwFgrl51JglJxOEpLsy9dHAN99Mc|https://lh3.googleusercontent.com/p/AF1QipMVuJmxTJMQmjqgIWfn6xEtTphqy15XwddGdH_U|https://lh3.googleusercontent.com/gps-cs-s/AG0ilSxllPg9fwfB7-x4MD5lrfUrPWbQCcWfs2W9jfoNvqOJsSUso63cOO9ejcbfx60ZNcJ6GJVbGX2DYoWf2Pd7kuC7OBtJgyQx0D5cEj64kotIndh4vetBPtz6KZqkf-yorlI-v-bQGWP7Filf|https://lh3.googleusercontent.com/gps-cs-s/AG0ilSzeTJ8e_cs395O5pjcXZCvLoGDmgkazxG4zZyOYg1p5KWPeXDNBiqlvAuxssLbvkE9Z5rWFzs3PCHV7vjwYMRgOnJ71weE2dy8XBQJm0fh3TGXzvR5_R8zZMXUKYIJt59GwuSKw|https://lh3.googleusercontent.com/gps-cs-s/AG0ilSxQW1uO8BEHe0TFCKrbNLWMbEbG6Qr9Kuli_Tlkn-3-CokFEjysO7z4iPqVetwFlMjE7d8Pxxuffh7pFLcHdGYV48sTpZPnXjs03tilFQLZJhYJHYcV10AlCJC4XZjehHJq0arz_A|https://lh3.googleusercontent.com/gps-cs-s/AG0ilSwUrorsrBEbBuAdFoHXCpMdGxSf6GC3yDaKA3k4F2PCWY20wmdKobgFX3LYOzSEwLuiPvv-ArKY-IP_hchOJwcQdSFpxP7xN7Wi7RnXRdj686OpJwXrUbdjorbqYl4Ey3abxrX8|https://lh3.googleusercontent.com/gps-cs-s/AG0ilSyjldnaYIgQjIpwgwu3cL4W2z-JjeHAd2GpxinhjYKqfO_mTJ8GFSkTbTfbxQ71lwwlIUxUYQI1e6HwP9uqYj-tHnh4gXwORIWXnWfmtpvzAaIvtc4oBPZNSxFts2VG8dbEoMI|https://lh3.googleusercontent.com/gps-cs-s/AG0ilSwHeeWrf0-xSMid424feQJoN7V-Wz766mg_wa3DwEpQezuQVbv8JLA_KClJg-YsxDh5ZyiSaeKUGJczm_sIDoMBoYFJBnV7rq69T0aabVhStUIvRnRGsWttH-cnUHuKTAXC0rIjst9gGYiT|https://lh3.googleusercontent.com/gps-cs-s/AG0ilSzw3McCEQr3A1ndndG0Q0-GsU9vEvOmjMTBJDMKIo2Ey-3KTd73cDOI2PjfprZ2DXU8qJcFwWZDCtmTbqzn2d5F9QMlakEqT0wHEuGIE4lUd9yU4CQWCBPVrIzqeK89wPEMU_bQ|https://lh3.googleusercontent.com/gps-cs-s/AG0ilSxm4nd0dj-mherh9HAyLB-OPvbaYPem7qGgaj4e2MkcMw8zJbci0CMzsBK3ghIgIvK-G5C_sqNk2oREiVTI-fVm_deHmX-igTblOxHQZRo33kXOIZjO7PmFnIYwtfvilUsc-Aw|https://lh3.googleusercontent.com/gps-cs-s/AG0ilSzySAm8DdEI8TSVEtyGHq7_CIW4ryTEZ53L0zHDORHilJx-Wmxmwikwt5XjCGjj-RfTJ4qCjXivwEux1-4Y1xTL2Z_A8M6OJ6Zc-kQAzWoIj52mlTHt8SmYpTMUXmknvBsb6ZE|https://lh3.googleusercontent.com/gps-cs-s/AG0ilSxU6jMxsO0F4dZipGs34BUkNLc21UE_iRTpQ0zswXfv1O34xoR5N6sRZANoUECr22klv4SMK_4unY-T8-fMNRueMOiClIL-rxMM9JkaMYQ8Yxv1xIF65rwjz9KDkYG0CMcGz8-b|https://lh3.googleusercontent.com/gps-cs-s/AG0ilSzx4vj6vrpp7qYE89SB-xYlje0gtQREc933wKaXy0NAbyWH0ZgaJrS-8CitCI7Kj7eoaUqjpvPplDpUwi9COg2UFjvocIfAUNB5Vy6RqGUW5j9sXUqXWXZubc_oTyTFf-FkxdEy|https://lh3.googleusercontent.com/gps-cs-s/AG0ilSyF1C3iLJ7oJfQiFgONgP7V6pRpwWHWj5zMtvyuVMn2jSUdNdnRXpnzvNbzj6Der0JDdcEKXo5j_O0KCtSd0YcS810O-vlIBOj54UW05ct2FmhjM8mzW8quJSsF3olGeIMpTTZTmA|https://lh3.googleusercontent.com/gps-cs-s/AG0ilSwYSShEO11jSFANbib7Zphl-JXy11E0a6rkymmXcjC07QG_vbXY8Et6wHinPwYbRZDO5auRlMuoXmK6LOHnfQ69TtLiRVkZf9Dsb0APbpEqZD8dMANYUFw23bHciNYyuu9YhAf5|https://lh3.googleusercontent.com/gps-cs-s/AG0ilSyP9tpWStqWKjVuqFmXmWouuNCqhVble2ymDP6cHDmNXjRosKqffS80JyJMBintx1qu3BMQT6KxYSQsXmLPSpmJqHT_ZLF-uuOYCwcmj2UM85pW6C4rhllwABPb1jAV44P1Boi2Kg|https://lh3.googleusercontent.com/gps-cs-s/AG0ilSyFQfMkcgI8FBNGFw-FObFzBVxaWuqq9JGatYydMZ37aVzkmtpB2vqadG5lpNnMgg_jL0SxyUxRu2BQWFqiveEFFufkW9mq-pzIYWy9TyqM9lgyV_CqgYgupBPMH27fGdyqtvxp-Usu6tav|https://lh3.googleusercontent.com/gps-cs-s/AG0ilSw5E8BHRT6ixJ0d8NmFzv7X7UcbUM8xdrQigUBr_PTuUko9vAkZe-jeCSil3BHAZ787H6EdrzKHXlvL_nCu1SlY9jQRWI8VMUWQLOqNhPtrMLLpzScKE3N3fn0d5PgS1N7WPG4ENQRWCSy5|https://lh3.googleusercontent.com/gps-cs-s/AG0ilSxfIxsgxcF65UH3RBPsx2KDSAGsrCGUpFwZureLokmxdVOd9PKxMuzGy3ykkaexOzPHRc4FF0QfE5dGTWJHZrLVm52SpoxeUswG3IBMAsCSceR423va2xpNvkV_V4AKuKpF3smZzw,"4,6",Spa Cocooning & Hammam,https://lh3.googleusercontent.com/gps-cs-s/AG0ilSxFRRv9t69uxsf35OGcMKgbWbTB4tbUC37Vaa_DfkWPNvJ2VY1bM7VznIlj1_VP_M4FHevyMTrSmnCzASuhJS0ZT2_A95BXH0y49TMPCzDR5FrCViPQz23SPe6k78wEksXIQSxq,"2 Rue Mohamed Ben Masoud, Essaouira"
N/A,http://www.azur-spa-essaouira.com/,05247-85794,https://lh3.googleusercontent.com/gps-cs-s/AG0ilSyyKEthuQJDWckcxI-hfVNM64JUjH38opP-avfBSgHI8SVlFcBs9OV6QikRif4GinKAhiufAXDUgAgMzRm-xe3_UVJ8yGtEhd5eMmr99qKlBwvcDhqkvDBT9IsRdLpyqfG79gfokQ|https://lh3.googleusercontent.com/gps-cs-s/AG0ilSxvcgO7kLuSKgqqRm2h5vMiXTtOlXfzgrIm9MNSlmtz3g_zkUhXlqcGA0NEYaMCTRzfDVu-SLQ9NWV-YAZEMqtReFm046LCFnmDsDUHIv4meDLFfrY4susVb-X-kmM7eGv18Dc|https://lh3.googleusercontent.com/gps-cs-s/AG0ilSynffsVv0ukB19AxLg1WpIrTCSaDto82NCrRhin84M6ezdcHOI5YuulHKizXQsR1NmI3focqbFk7N-xx5tzthyAWpjGYQmxIA74db17KYtLr0RdHc27awqGet9VnF2csmK1Ep_N|https://lh3.googleusercontent.com/gps-cs-s/AG0ilSyxo9PubMqlZ44MFPgRy0xphOhY8c5vZ-91lYddANAjhZ6dI2RIyD4fGT1_s6aeCHtMXShvrOVaURjbkOVy4dyYSNFRNf9q7K-wX4g1R-E3ErqjAkhsZDz_DLNj1Xhc43yB9NlZuQ|https://lh3.googleusercontent.com/gps-cs-s/AG0ilSx_I6BhRyZwA1LmbKsQCzSLgxm187VHVdSyQlpwbLfqyvkBYNHEry3E-coHbJwcYoQY5ItcVVdL2Vx6DrApDlzwlrK20TT1qQvUO3o1it7mu3ZhJUJiaju8wOYGAN5fRrnj20A|https://lh3.googleusercontent.com/gps-cs-s/AG0ilSz0IF9eY_HuaUh87c0dpeCQNWMoLwJqb9S88ktud2kLEHZcGGwrFVXgq0Lp5gRyuyi71IxGK4_7Jk2Txy6ju4D8SLL_y5NNpMEoeGuEazsWhL45RzQuyAXk8fexlTVdQu37WOFkzg|https://lh3.googleusercontent.com/gps-cs-s/AG0ilSymdY-VdQ5Lq4-YbXUflncv1q-4UivZr72BXjeUHGE0_D3t2BgxaR-a_E7JILwmJkM9o-VAmAxbKtgGZCRveS3eymP26HgvzGdTZxNKfX5wNtK86nHdBzIETfLizowNfEM6dN9a|https://lh3.googleusercontent.com/gps-cs-s/AG0ilSxyEJ9oj8reLc6j5VV97m876DdtooaIcd2hbcF79NMV_4s1XwYMUkQFnZBnsppdq-5L1crputSP06LnLStxCJ2yaupu-K7Pi9F3bDLbt6hgY8SNI3yEC7x23Xo8OoAZV9xVrBAA3w|https://lh3.googleusercontent.com/gps-cs-s/AG0ilSxsNwYEojivqD9ucOkQHw2m3ikOHGHBxNUBtx8RSdNdtSw5rUGWknnRSnHH_uHbjfsL7NLtkdfXR5DPUTaD3QNHtRDlBNKUEURbWRn1DWskgInQawoDATnaI_8L7W1fZH69ZokZ|https://lh3.googleusercontent.com/gps-cs-s/AG0ilSyMpywWchyvqblaB4UlfInYvMEELNNQV1cTQIf6jp1dbIuOifxSVc76tg4-20YCHDVLoFzSYbWDXE2eUAO4DKTSOIJj2Qqn_Zj9W78NT7nMUQJWMgifq3OVVfV0ElvWf8xSYl0|https://lh3.googleusercontent.com/gps-cs-s/AG0ilSweL6qoeKEN07wA0j4lcaF3TzZNnx51n0Rheb-SlD4IOKM4sAsy-V588GFmU-iMt7ibDqUGnD2_9gba9a-z8v8EPi1AmqJ-Dhsi9tew7u-mJI36M1ehOlzES6scTeRvGSAY6Xhp6VHckTUw|https://lh3.googleusercontent.com/gps-cs-s/AG0ilSza-6pYY_ML5ccDD_iL_O9GD9zdvThNisusKjc_J-hbB_uMaIH8pajWV0QODZocy4tjSd7WVCxOPHHgETs4z_K8ym57qiW7x-vzxVilyySLtF-IIAyKo0wRP4RNy54VQb7B0y7OxA|https://lh3.googleusercontent.com/gps-cs-s/AG0ilSzy48MYd_tvlYE8KGSMZsEUitsy1WuaXKkZCRAcftdKmqUxUlGLKrPq1kFlzkS2O50h1gy_R8Ig0xiDxlUdkEJvBjXHrriNXxUb-WZf0SDP8cR1x3hqCOPNcXE2fICS3Cdoh4g|https://lh3.googleusercontent.com/gps-cs-s/AG0ilSyVyjqGfLTMTySkQhVxo0I5He4Z9oSReqhlPLx33G0UF3M9OCVehVSCxqJ4HO45fwohL18BLKBLs-QA6c-_WtHEsQYUvyZ_0Ug39VQ3djEKEacjhpxt7uMvsMFDhOOvTnY6wSjW|https://lh3.googleusercontent.com/gps-cs-s/AG0ilSwcf67r1H7UybzLnKacAp7nLbO2buOAnZobRabC-P3nMhQHsp7tz5OkCLHixk0MuoYaMJcuweED-yKoHAiPlkwqPu-TIatP_7WopaHDdZ1OEAYkGYqH1VRsvOotIVUseqkS-nU|https://lh3.googleusercontent.com/gps-cs-s/AG0ilSydvtdN_tV7dy-N0rOh71wkyqs6W6jrOvJW43MbG3bGpPRU84Lz_wyaCcoOIfVVvsMTmGmyx3VHqc7d5w7RICm5cXcj8ZCntnbFSwhFGSMLCxHzy-eftrIT0WDw15l9BZKZxgcH|https://lh3.googleusercontent.com/gps-cs-s/AG0ilSwI-SIuwBMiXUArXPKSmcU5Z6DHCBDsRQfLR8mnV4zjEoNjDVS28hTpWmVR-1hFOboLB3xk0l4C7GtqwABDiE0LE-7cwECe0lGafQEdgD4mDeft5zUG_xfUsU2-9xcvlsnf9ckf|https://lh3.googleusercontent.com/gps-cs-s/AG0ilSxQZ2ObnIHoL4ZT1Saunv9gSQrdvosxNfuwjQIzHlpnTRf0jNVo48WD1cZS_IfwdFFVpDkgDDCXN9g4_urklY7Bcpqt3MI6LRBQQKgZLy7cNGZw6LDXXGwqhu0MrKueMBEFiHyK|https://lh3.googleusercontent.com/gps-cs-s/AG0ilSwPI7EAVk04n0yE_xY0FbJ95EBjrt4GgZrBS7e3mASJDidfF6rIJWqIEiDfIGwND4bDrabkurQo90GBR4c6MkRBqV3Pg1dvsEjv_BkkVJ80LiPSXKSFu7RnqhO9zF8SzWDSap3Y0A|https://lh3.googleusercontent.com/gps-cs-s/AG0ilSyTKnKIBfp1aBrMU2sk6p0gNwZvqODo_vKLAx0nXwCjDSYiB30CGNAqDC-qLXr3rIWD_lsUyampY2kT-feCtkS730P-5s8333FVD_BJEmLI4QTyN7-o_vGOrJQMMEDjiHlyMZi1,"4,6",Azur Art & Spa,https://lh3.googleusercontent.com/gps-cs-s/AG0ilSyyKEthuQJDWckcxI-hfVNM64JUjH38opP-avfBSgHI8SVlFcBs9OV6QikRif4GinKAhiufAXDUgAgMzRm-xe3_UVJ8yGtEhd5eMmr99qKlBwvcDhqkvDBT9IsRdLpyqfG79gfokQ,"ben Walid, 15 Rue Khalid Ibn Oualid, Essaouira 44000"
N/A,http://www.spacocooning.com/,05247-83035,,"4,6",Spa Cocooning & Hammam,N/A,"2 Rue Mohamed Ben Masoud, Essaouira"
N/A,http://www.azur-spa-essaouira.com/,05247-85794,https://lh3.googleusercontent.com/gps-cs-s/AG0ilSyyKEthuQJDWckcxI-hfVNM64JUjH38opP-avfBSgHI8SVlFcBs9OV6QikRif4GinKAhiufAXDUgAgMzRm-xe3_UVJ8yGtEhd5eMmr99qKlBwvcDhqkvDBT9IsRdLpyqfG79gfokQ|https://lh3.googleusercontent.com/gps-cs-s/AG0ilSxvcgO7kLuSKgqqRm2h5vMiXTtOlXfzgrIm9MNSlmtz3g_zkUhXlqcGA0NEYaMCTRzfDVu-SLQ9NWV-YAZEMqtReFm046LCFnmDsDUHIv4meDLFfrY4susVb-X-kmM7eGv18Dc|https://lh3.googleusercontent.com/gps-cs-s/AG0ilSynffsVv0ukB19AxLg1WpIrTCSaDto82NCrRhin84M6ezdcHOI5YuulHKizXQsR1NmI3focqbFk7N-xx5tzthyAWpjGYQmxIA74db17KYtLr0RdHc27awqGet9VnF2csmK1Ep_N|https://lh3.googleusercontent.com/gps-cs-s/AG0ilSyxo9PubMqlZ44MFPgRy0xphOhY8c5vZ-91lYddANAjhZ6dI2RIyD4fGT1_s6aeCHtMXShvrOVaURjbkOVy4dyYSNFRNf9q7K-wX4g1R-E3ErqjAkhsZDz_DLNj1Xhc43yB9NlZuQ|https://lh3.googleusercontent.com/gps-cs-s/AG0ilSx_I6BhRyZwA1LmbKsQCzSLgxm187VHVdSyQlpwbLfqyvkBYNHEry3E-coHbJwcYoQY5ItcVVdL2Vx6DrApDlzwlrK20TT1qQvUO3o1it7mu3ZhJUJiaju8wOYGAN5fRrnj20A|https://lh3.googleusercontent.com/gps-cs-s/AG0ilSz0IF9eY_HuaUh87c0dpeCQNWMoLwJqb9S88ktud2kLEHZcGGwrFVXgq0Lp5gRyuyi71IxGK4_7Jk2Txy6ju4D8SLL_y5NNpMEoeGuEazsWhL45RzQuyAXk8fexlTVdQu37WOFkzg|https://lh3.googleusercontent.com/gps-cs-s/AG0ilSymdY-VdQ5Lq4-YbXUflncv1q-4UivZr72BXjeUHGE0_D3t2BgxaR-a_E7JILwmJkM9o-VAmAxbKtgGZCRveS3eymP26HgvzGdTZxNKfX5wNtK86nHdBzIETfLizowNfEM6dN9a|https://lh3.googleusercontent.com/gps-cs-s/AG0ilSxyEJ9oj8reLc6j5VV97m876DdtooaIcd2hbcF79NMV_4s1XwYMUkQFnZBnsppdq-5L1crputSP06LnLStxCJ2yaupu-K7Pi9F3bDLbt6hgY8SNI3yEC7x23Xo8OoAZV9xVrBAA3w|https://lh3.googleusercontent.com/gps-cs-s/AG0ilSxsNwYEojivqD9ucOkQHw2m3ikOHGHBxNUBtx8RSdNdtSw5rUGWknnRSnHH_uHbjfsL7NLtkdfXR5DPUTaD3QNHtRDlBNKUEURbWRn1DWskgInQawoDATnaI_8L7W1fZH69ZokZ|https://lh3.googleusercontent.com/gps-cs-s/AG0ilSyMpywWchyvqblaB4UlfInYvMEELNNQV1cTQIf6jp1dbIuOifxSVc76tg4-20YCHDVLoFzSYbWDXE2eUAO4DKTSOIJj2Qqn_Zj9W78NT7nMUQJWMgifq3OVVfV0ElvWf8xSYl0|https://lh3.googleusercontent.com/gps-cs-s/AG0ilSweL6qoeKEN07wA0j4lcaF3TzZNnx51n0Rheb-SlD4IOKM4sAsy-V588GFmU-iMt7ibDqUGnD2_9gba9a-z8v8EPi1AmqJ-Dhsi9tew7u-mJI36M1ehOlzES6scTeRvGSAY6Xhp6VHckTUw|https://lh3.googleusercontent.com/gps-cs-s/AG0ilSza-6pYY_ML5ccDD_iL_O9GD9zdvThNisusKjc_J-hbB_uMaIH8pajWV0QODZocy4tjSd7WVCxOPHHgETs4z_K8ym57qiW7x-vzxVilyySLtF-IIAyKo0wRP4RNy54VQb7B0y7OxA|https://lh3.googleusercontent.com/gps-cs-s/AG0ilSzy48MYd_tvlYE8KGSMZsEUitsy1WuaXKkZCRAcftdKmqUxUlGLKrPq1kFlzkS2O50h1gy_R8Ig0xiDxlUdkEJvBjXHrriNXxUb-WZf0SDP8cR1x3hqCOPNcXE2fICS3Cdoh4g|https://lh3.googleusercontent.com/gps-cs-s/AG0ilSyVyjqGfLTMTySkQhVxo0I5He4Z9oSReqhlPLx33G0UF3M9OCVehVSCxqJ4HO45fwohL18BLKBLs-QA6c-_WtHEsQYUvyZ_0Ug39VQ3djEKEacjhpxt7uMvsMFDhOOvTnY6wSjW|https://lh3.googleusercontent.com/gps-cs-s/AG0ilSwcf67r1H7UybzLnKacAp7nLbO2buOAnZobRabC-P3nMhQHsp7tz5OkCLHixk0MuoYaMJcuweED-yKoHAiPlkwqPu-TIatP_7WopaHDdZ1OEAYkGYqH1VRsvOotIVUseqkS-nU|https://lh3.googleusercontent.com/gps-cs-s/AG0ilSydvtdN_tV7dy-N0rOh71wkyqs6W6jrOvJW43MbG3bGpPRU84Lz_wyaCcoOIfVVvsMTmGmyx3VHqc7d5w7RICm5cXcj8ZCntnbFSwhFGSMLCxHzy-eftrIT0WDw15l9BZKZxgcH|https://lh3.googleusercontent.com/gps-cs-s/AG0ilSwI-SIuwBMiXUArXPKSmcU5Z6DHCBDsRQfLR8mnV4zjEoNjDVS28hTpWmVR-1hFOboLB3xk0l4C7GtqwABDiE0LE-7cwECe0lGafQEdgD4mDeft5zUG_xfUsU2-9xcvlsnf9ckf|https://lh3.googleusercontent.com/gps-cs-s/AG0ilSxQZ2ObnIHoL4ZT1Saunv9gSQrdvosxNfuwjQIzHlpnTRf0jNVo48WD1cZS_IfwdFFVpDkgDDCXN9g4_urklY7Bcpqt3MI6LRBQQKgZLy7cNGZw6LDXXGwqhu0MrKueMBEFiHyK|https://lh3.googleusercontent.com/gps-cs-s/AG0ilSwPI7EAVk04n0yE_xY0FbJ95EBjrt4GgZrBS7e3mASJDidfF6rIJWqIEiDfIGwND4bDrabkurQo90GBR4c6MkRBqV3Pg1dvsEjv_BkkVJ80LiPSXKSFu7RnqhO9zF8SzWDSap3Y0A|https://lh3.googleusercontent.com/gps-cs-s/AG0ilSyTKnKIBfp1aBrMU2sk6p0gNwZvqODo_vKLAx0nXwCjDSYiB30CGNAqDC-qLXr3rIWD_lsUyampY2kT-feCtkS730P-5s8333FVD_BJEmLI4QTyN7-o_vGOrJQMMEDjiHlyMZi1,"4,6",Azur Art & Spa,https://lh3.googleusercontent.com/gps-cs-s/AG0ilSyyKEthuQJDWckcxI-hfVNM64JUjH38opP-avfBSgHI8SVlFcBs9OV6QikRif4GinKAhiufAXDUgAgMzRm-xe3_UVJ8yGtEhd5eMmr99qKlBwvcDhqkvDBT9IsRdLpyqfG79gfokQ,"ben Walid, 15 Rue Khalid Ibn Oualid, Essaouira 44000"
N/A,https://www.instagram.com/oumyglam_?igsh=MWFrZnQxbGp2bjFkaw==,0706-211316,https://lh3.googleusercontent.com/gps-cs-s/AG0ilSy_EorOkEPoBkpz_4Mc-MSwkhSfnmitHAvkAXYU4YPj276Td1Pt9_kyq0QdHrB_0fCBNel1TH9eEnXvnpa1d26aKFajUz-HywuL0tMgp3zQyIC7ZW9N6aTBe1uIpXp028l9UeBk|https://lh3.googleusercontent.com/gps-cs-s/AG0ilSwoyPZZOeRxTY2DrGtkZ1cYB_9vuLjBUKt-FJ1-kSwZOmwM5laFg4jDC7fddLBTbmXWu_b9Ruptu_BQdS7REJK8CrM6ThYpBgN-ug898EHWV4-_Xh9EilcjU6iICsOIpF5E6k3K,"5,0",Oumyglam,https://lh3.googleusercontent.com/gps-cs-s/AG0ilSy_EorOkEPoBkpz_4Mc-MSwkhSfnmitHAvkAXYU4YPj276Td1Pt9_kyq0QdHrB_0fCBNel1TH9eEnXvnpa1d26aKFajUz-HywuL0tMgp3zQyIC7ZW9N6aTBe1uIpXp028l9UeBk,"extention, 186, Essaouira 44000"
N/A,N/A,0671-284356,https://lh3.googleusercontent.com/gps-cs-s/AG0ilSxAFZ5NELz8GR6wl6aDKg0ocwEUNhVEKWbQ-n0JRy8SamdYqxhbCwcK1Iv7wOCyWWu1tdvFiN3Nx7VspHTbo_iJUG6LOVN2DBz_58zI4vn876tV0pgfmSHlWBgH2d_bKhxemWuI|https://lh3.googleusercontent.com/gps-cs-s/AG0ilSyg9KLglyC16nl_XbRvpM2nTnmUWr80qfj-puwkiHEARNkIiDDahcF86MDr1BwTZE9nxPmsLtXJmtljl3UEzNULj71ct1VFcplleZpf6USirHLPosJkx8D7iM4P1KrcHHMinRjA|https://lh3.googleusercontent.com/gps-cs-s/AG0ilSxHtjX3pK8joa1qtcN7F_bPuFt1uA4JyuvRxnRXBOkxTjFOPY0C9a8-HGumYKmnCji1fi_leYV7Hl0LtlpEvaGkThEuiJKf-AXKNIzNeaE9NDyWabURCL3SvsDgC1lTK_a4UL2zZQ|https://lh3.googleusercontent.com/gps-cs-s/AG0ilSxcqoRJGchv2x-ZQrv1QRdozBZtWarpc5GRvt7NQaICHjJFw_cp5kq84lXfoEbBAJAJmioZMaQY6QjOWIKlTpI-JtLeJezqpSsBAFKWHEGt6SFpFEvCTCzZJOquHhB51Vx9YpkWlw|https://lh3.googleusercontent.com/gps-cs-s/AG0ilSy9zHjKhRhUMyVYQZuUcoPmXWFZwDQK0BeXYogU9rQCIni95g_mMS2p6v_FjNKg20c2TxT3n8R_tnA3znsK3gkQeBqW-kdbZsc1MDI8krweULmOqc7oDxRYUWlEIMK_yRGLMR21|https://lh3.googleusercontent.com/gps-cs-s/AG0ilSwRvOSblhZUXXdBByMO-ed9q3DyL93YnWURQeJPKGAE5avq_GUfDNyFNKEAGYPkCG9m8sYB08Y4zX7wv0pX6n5YusWXab83qjWHgrdcAprYLu4hZhIckxl-YmgAhIlxlKL9gaEE,"3,1",Salon El Madina,https://lh3.googleusercontent.com/gps-cs-s/AG0ilSxAFZ5NELz8GR6wl6aDKg0ocwEUNhVEKWbQ-n0JRy8SamdYqxhbCwcK1Iv7wOCyWWu1tdvFiN3Nx7VspHTbo_iJUG6LOVN2DBz_58zI4vn876tV0pgfmSHlWBgH2d_bKhxemWuI,"G66M+Q8C, Rue Ouazzan, Essaouira"
N/A,https://hotelresort.site/oliaspa,05244-75532,https://lh3.googleusercontent.com/gps-cs-s/AG0ilSyIWkZ6M6vCQqoakZyY30fpDzxYNg51kK1stGyPsEMuh8pjSixz9kYrRy33Ss4dJdE9MUZIBCgRrpHRlMQTxfMvHQH-0ZcOuA4KnRWmoPJ-czfc0e67jidVjtPi8AAi448F0Wbh|https://lh3.googleusercontent.com/gps-cs-s/AG0ilSxNdGf9ZUX_cvxHX1FE7tNCky0bWmTazhB8hFEWNQ76X9l7bCHk5GoQHLTEi_3Xgl49sDT2y_ElM9jvYz_oDR9BAd8Wau2SMmiM21uSxEupJUuz3tkdnK0ode5dds8tYfSXxSuN|https://lh3.googleusercontent.com/gps-cs-s/AG0ilSx-b7Wzg9uI9QOW-gJlCpa8u4AXNAhCX_abj4WN0Hcoz85wGUA2HaMiVlGU9vqGA7mqbkIyuKDbeRUaas-kJU3a45RnWNGOeQZXLn5_eFgYsFLicjVMfoC9-MZBi53VR0dP7FQ|https://lh3.googleusercontent.com/gps-cs-s/AG0ilSzEaCsYrLK3CcoVTUR7HxmTLT7dlo739H2k-ZmsR220HZ49Zzk7noUMsPzLju9YgmHcEYGABRmNJJ-C90innsqwdhAKRC7fxkf4SwY2SZaUQeV8GsPWzMEXQXXhgz1fkCTejUqRKA,"4,9",Olia Spa,https://lh3.googleusercontent.com/gps-cs-s/AG0ilSyIWkZ6M6vCQqoakZyY30fpDzxYNg51kK1stGyPsEMuh8pjSixz9kYrRy33Ss4dJdE9MUZIBCgRrpHRlMQTxfMvHQH-0ZcOuA4KnRWmoPJ-czfc0e67jidVjtPi8AAi448F0Wbh,"1, Lot borj, 127 Rue Sijilmassa, Essaouira 44000"
N/A,N/A,0600-901425,https://lh3.googleusercontent.com/p/AF1QipO8MxIqt8bt8D40UXbbKK6LRL9eYrBEXonJ0B9v|https://lh3.googleusercontent.com/gps-cs-s/AG0ilSxAmLxdrJPSmyMGvg34J_08WDGQv4qAK_kxtBvz-r3VaPewsTdtX2ubu7ZAngQogyOWcZ8fxB-VnBtG1ojbwUTfFmIaLe7S8PPvoveZaekAOPs-Hp4NbdIXeJ2KAOUUXZmn4WGF|https://lh3.googleusercontent.com/p/AF1QipMbVP0iZTsq-G1pnafucEiptpcuWXx8ueWbGhBw|https://lh3.googleusercontent.com/p/AF1QipM57nC79q6CtVtxPnRTjp984UQjZJEQ8zMhRszE|https://lh3.googleusercontent.com/gps-cs-s/AG0ilSw-IxjQf386hu9KaEt_2uy5s72KCuHEizmgrygWhTSC9s5NdOmgvCGZBTAWRY4Etkh5bgGjv463VMuIn4YIMDtd31dp68jIhAodnfhXCDGN0J0tXp3DpcPpFKsef_sCxTqPFFpgFw|https://lh3.googleusercontent.com/gps-cs-s/AG0ilSxVvMJubTQzCx_wAJ2X4z5W312AkkPw9k--AhcSLnLii0JQLdBaXiGdYZI00uiLXcj7uric4h-zPrWIz5PC_G699oza9SFYPG2UqTha5gKYbr__L4VdXQQjWQOKRDGTF7zrm4jn|https://lh3.googleusercontent.com/gps-cs-s/AG0ilSxI5WL9L50uC_8FlqoA6OKrlcw80wI19HEkENBn7DVI1fd4fKd1qnZPsGIgTwQkeaCIZtWl9sYAF-BzOknF4wc2L9ST7IVb1rb6feIWNV0DFPpOy6Aby8Z2aPbNRHIlXyBoNrE|https://lh3.googleusercontent.com/p/AF1QipPJ9O6HrpWO4FytcH-fxFu_WssXE8fChqKVVn-I|https://lh3.googleusercontent.com/p/AF1QipNtqgbO1eHKb1In9H1D1RYJnMBWhbm-R2uNSovx|https://lh3.googleusercontent.com/p/AF1QipNh0Xjo08eX_8K4sze5aA667i4irWrs9sdb6bsV|https://lh3.googleusercontent.com/p/AF1QipNFgz9LCXgdePb-kBXYAUFTJhmzG6222P5jq6oF|https://lh3.googleusercontent.com/p/AF1QipNOYg9pXKvbFJdI2Ymj8ZeivjHN9QKiRWOueg4z|https://lh3.googleusercontent.com/p/AF1QipPBvUr3E41MKdPqvni6X8B8_CKUWTs2Fku5ts4_|https://lh3.googleusercontent.com/gps-cs-s/AG0ilSxZWR-yl071g5zdAYVpbD9EvkIukbebf-hSgbaXtLnB_ZvykEelU6OlkryB4CLuDjmzwZijgVy0LPbKqSS6sd7snpZyaNDfMHRgf7XrQ835W_Fjk_ptofJqLxlnETW27fYzbFTz|https://lh3.googleusercontent.com/gps-cs-s/AG0ilSz1ONRC-94QwGdYlxxBcyW0IUIQGOgqntQMPE_Lq2VWvuoYt7V_IFLMwLvqjzyiggeUUFzzE0U0xT1KG1Fiy4Recvys1DzozuwH3SFuKh9Ed90Y7Ov5BGlRPemSNyO0TwX2fTIPUA|https://lh3.googleusercontent.com/gps-cs-s/AG0ilSxqfRG0IPFvDdaUZZpfQ9DeuwVRqjoHzwFG6xeIsxpkLN1D9l2LBb2-zE68EUfTrAKbUbxQJN6M-KteaxsEooZ5B0sP5fz0zBwnrpoGYJ8yE0CKq_YOgKzRfIj5J0RBxw-RexxV6IYsYXGU|https://lh3.googleusercontent.com/gps-cs-s/AG0ilSxH7kjiyakfx_K4ON2mUlBst2gub8wG9MWaSPcrnsS_H2r1qOsHAQMeAtM8mkB48aVK9UX-RNBsh6giU06Vt4ivjcSo6vrDQCzLTgZbvm_PSX5zwyp28gz2kf2G0RDrVsBiV8j-_Y507B4|https://lh3.googleusercontent.com/gps-cs-s/AG0ilSyhQNyldZ1xizODXTZ6ncImWhKxGAa8n4e8o2BcvOvjcARax_SCRlxm86jnPPMlkYhFUyehx1hm-PKT9SANXJVPnouXGSs7AWYCj0O9Gmk_pW6BXcIZ-6-vMi2QEIjqmoGzS7XHpw|https://lh3.googleusercontent.com/gps-cs-s/AG0ilSxvMsmFDXwuabdPxMoYa52HuJS14-XF1S0A_UrRBfB8QJXT4Yg2La7b0yYhoA154jcjSRGWy7rFnygZpETZC3dOjtlU5_c2PciDEtx5O0G9dDpO8ocG6cBMymPu3MIRGN5oGKTTEg,"4,9",Lap'tite Onglerie,https://lh3.googleusercontent.com/p/AF1QipO8MxIqt8bt8D40UXbbKK6LRL9eYrBEXonJ0B9v,"44000, Essaouira 44000"
N/A,N/A,N/A,https://lh3.googleusercontent.com/gps-cs-s/AG0ilSygtaSIZ7Bwa1D07udgyV6utdw-efdAUdj8zkMK9zmH0gXDyylEmmNlw7ayay-M0vbZ1iHZm33GSrWWJFgouW40Ey1SfwuUv9c4nKKVlfWMewdRu9mZCK-6ECyi09SbBp9l76kw|https://lh3.googleusercontent.com/gps-cs-s/AG0ilSxZeV5NyfE3kMU3FmhVrn7PXBEWx3-cs7EwyYipdT8kJPMo-UaGudSe9gQk-Jr9rg7fRRln58VnPKqtbg9kve_D1HGfeXDMEHgRMesBAz3sXRQZrm5urLFCeTUMCNoo6mGxwxxA,"3,7",Salon Majda de Coiffure & Esthétique,https://lh3.googleusercontent.com/gps-cs-s/AG0ilSygtaSIZ7Bwa1D07udgyV6utdw-efdAUdj8zkMK9zmH0gXDyylEmmNlw7ayay-M0vbZ1iHZm33GSrWWJFgouW40Ey1SfwuUv9c4nKKVlfWMewdRu9mZCK-6ECyi09SbBp9l76kw,"16 Av. Saad Ibn Abi Oukass, Essaouira"
N/A,N/A,0634-582215,https://lh3.googleusercontent.com/p/AF1QipMU0iby-rcvSaNAs4h7xpu3GCL0c7pCg9fYKv_E|https://lh3.googleusercontent.com/p/AF1QipM6PDSwBQ3QOMaHSmi5ou9CrEV1MwDTDeyQ36Z5|https://lh3.googleusercontent.com/p/AF1QipO0aVleEhj-8j8P4RYQ2hCigWlbesePa-htpsu8|https://lh3.googleusercontent.com/p/AF1QipPOODFQZxfpsmiM3ou0THQax6ug5ulFl0lvSIhi|https://lh3.googleusercontent.com/p/AF1QipOLo0Ah-x0RbpfhsVgHPTntFPg_rc2bgVhh1y_p|https://lh3.googleusercontent.com/p/AF1QipP7BarphtbXo7Jb2R5bEClQ95udn0VTYxvFrMel|https://lh3.googleusercontent.com/p/AF1QipM4uk746F1Na3w7YfSKxDcRx61PoSLx3vKJlS42|https://lh3.googleusercontent.com/p/AF1QipO4q5_Pk8yEfvAvNWcPeeqG4d7bDKeK1kVGNh6N|https://lh3.googleusercontent.com/p/AF1QipNf0-gHi8dH-8eH_WhaPw3PGifB5H3pKjsaqTia|https://lh3.googleusercontent.com/p/AF1QipOU8VPP6oDGT3ZYs2El6AXjOdsELrNhKyJEh1Rk,"4,9","Salon de Coiffure Fouad pour Hommes,Femmes & Enfants",https://lh3.googleusercontent.com/p/AF1QipMU0iby-rcvSaNAs4h7xpu3GCL0c7pCg9fYKv_E,N/A
N/A,N/A,0634-056646,https://lh3.googleusercontent.com/p/AF1QipOgBiRWCa1f4GpR10ISIfCvdC-9U8ZX7qg2LNzr|https://lh3.googleusercontent.com/p/AF1QipOqsYamP7lpbNFNIDhUXVOh6uANCqYL6hSF7kit|https://lh3.googleusercontent.com/p/AF1QipNDo5JA2VkufLHe8g1OdsGgJgpJYz6D_eKwv-Y1|https://lh3.googleusercontent.com/p/AF1QipMXpqVnVkRbCBgjUCQ6BSbMIlDWanQ9RSwVrRnY|https://lh3.googleusercontent.com/p/AF1QipNwo3sn_lgBDPxKWWnaBc039xh0C7svkUHdXT8B|https://lh3.googleusercontent.com/p/AF1QipMf32O2ogqA-y4UCh61GVDU_RDgSMBRaYunb8_d,"5,0",Salon Morad,https://lh3.googleusercontent.com/p/AF1QipOgBiRWCa1f4GpR10ISIfCvdC-9U8ZX7qg2LNzr,"Rue d'Irak, Essaouira 44000"
N/A,N/A,0651-711378,https://lh3.googleusercontent.com/p/AF1QipNgWfeSIERgg_5YqvsL9yo_jYeFS6RSufJ2n2k|https://lh3.googleusercontent.com/gps-cs-s/AG0ilSyPbbWCHwJOVXGciL1ijkbB4yJcEiOQNlgFCRRktle0qYFxGsvwpw-TW9VGtq4LltxczfbGRfPEgWvrCbBg7GUBYig7OlfK59PcHmAuYW0mAsYPqPd4NCcB8fxkzmIjwQ-f_KNb|https://lh3.googleusercontent.com/gps-cs-s/AG0ilSyjWj0AzbYCjrjsir75jRtvrv7SjNgkBGLLVaHyydXf2i30k4NAvld_xzUSlbzqYMr6kPI6pHyAqf5zuVHxOfrImfbDO_p_lSxoMNSQKvyAzdcR2vmkFlFLimq7v8bftzo0dM09-Q|https://lh3.googleusercontent.com/p/AF1QipPDVH5ZJPooGK2htjQ9IK5hUpPkfTfZo4YbaaE|https://lh3.googleusercontent.com/gps-cs-s/AG0ilSz5X8Pf5jU7cTyZoiP6KyD6tIShLxLIi69lVHghOCj6xZvz336AXVt1zsbdry9J4PpYwm9Mmi786gaaXpPXckvXcOZ-3c449vOT1x-VZaXDm1vzR3mP2kEztdWUiV5LrKedAoPq|https://lh3.googleusercontent.com/gps-cs-s/AG0ilSxRfWmjwxuyzWPBH9sPAbuL0GFJkt0qv4Iyg6N8E-U8jMEDz7HB3WnX1RQ6p2cKLiWMy13-Xj0UFk7vgRwjROoSY5pbJVJsYeTF0Pt8cH92ebym90vMcLvlEkMyXacfJ_ws_m1TtMkrBsc|https://lh3.googleusercontent.com/gps-cs-s/AG0ilSz317q8g5nbbA89R6H6zFHDuwXrfrM5gfz8ghv2D43eIe6-ce-qnMt_HQr9_e7uaYMvvlL8_9WEdASxKWGHnX_0Gy-VFTGQNLs5h-C02yryxZEG8jmvmkX0I6QjprUl2v83H3dsN3K7bijK|https://lh3.googleusercontent.com/p/AF1QipOyrIvzAS6-wzi8tEFgayqMIV4ldVTwFUecMPA|https://lh3.googleusercontent.com/gps-cs-s/AG0ilSx1VHreYaYrly215zYSrQ0qCaNL4UO9IQZHZnk6tIcRS5QwOUHQKEY4Zn6Ci1f5KOmU1H1RcaGosusX_vwH1GrhJyLqhVJroFRVBotsQOVaJ50s-AaBptJJkzbCB5LBX1ws1iMNXtnVb6Mu,"5,0",Salon de Coiffure Asklou chez Abdeslam,https://lh3.googleusercontent.com/p/AF1QipNgWfeSIERgg_5YqvsL9yo_jYeFS6RSufJ2n2k,"5 Rue Ichbilia, Essaouira 44000"
N/A,N/A,N/A,https://lh3.googleusercontent.com/gps-cs-s/AG0ilSy9RwkXbLygWE3PUS4Lj_erNNTyM3lgdKCA1TbwH8EuO6DdeujZ3HCwfmtahB7royNQzB3oVM6egOwY0tZUAIv31jdb_w7VxAG0BVT_fpSOcLdJQpvMGUKG9nM6KaL358nrXmRZ|https://lh3.googleusercontent.com/gps-cs-s/AG0ilSyP_CVZuWrYhmDt7Fy49_Mh1L7IKLp6y95iYqFBxtIiFVWdeOzwzWG0GwoUXQZVvTHF6GrBQVdITby3VRfwbIJB-guijIzQL9sSMkmVDSa0V3EWgGFS3w6olTvEa53gPmk3Frxf,"4,4",Rado Spa,https://lh3.googleusercontent.com/gps-cs-s/AG0ilSy9RwkXbLygWE3PUS4Lj_erNNTyM3lgdKCA1TbwH8EuO6DdeujZ3HCwfmtahB7royNQzB3oVM6egOwY0tZUAIv31jdb_w7VxAG0BVT_fpSOcLdJQpvMGUKG9nM6KaL358nrXmRZ,"2 Rue Moulay Rachid, Essaouira"
S'identifie comme géré par une femme,http://www.planeteinnovation.com/,0623-155300,https://lh3.googleusercontent.com/p/AF1QipOt2R_FUZ3uDbgnnh9pTiiuZYCZ9DDAcqLOtFa5|https://lh3.googleusercontent.com/p/AF1QipOJK9nBiZNJFR6e3ZDvxZgM-pbOTdnILY4vYUmd|https://lh3.googleusercontent.com/p/AF1QipNCAZI8IRQFUm4yqRdCURpAQtpT-pL4T3EQI-8Z|https://lh3.googleusercontent.com/gps-cs-s/AG0ilSy_BczzRs19DMXpxsmCQYIydkggYo_EHvReQq0E8Ppz4lK-e-h0_EGN8637W6jStSwBYRXwENdIW6nQRER0TWgC7FO88MLovWPOqYD1eoRrP5bO8jPfJFrnxuCdN6Vo6EpRQAGlmA|https://lh3.googleusercontent.com/p/AF1QipMgeUavVq8TTCt-qsivTub0nZzkHyIG1sZLYO7_|https://lh3.googleusercontent.com/p/AF1QipPDDKPuHgrcjuXyPmxGVLP9yNRMW_EW2ZAV2gYf|https://lh3.googleusercontent.com/gps-cs-s/AG0ilSyqrr2wli4gQZx69BKIpF12pXXyhLBY8bKyLy5d3OTpE_R4soX76yE0M_zSEF6L7NdfC5T5sobVPx-YruZ9-gxRFUaE_78hXbvqbF_YFTHjR45lOhoES4OA3TrggSFNoZp-QgY|https://lh3.googleusercontent.com/p/AF1QipNYODgbhzc-qXBciwrjAmp7Ferag3nBJNquXdXR|https://lh3.googleusercontent.com/p/AF1QipPP-ZoymSU7btfyn69A0uAeN67UIR4YAWL6vYut|https://lh3.googleusercontent.com/p/AF1QipNZ6q60AVYaUcCXB-9n8X5aJqXWjtHxgrJIUmK4|https://lh3.googleusercontent.com/p/AF1QipMCqd438cIXMnBXP9kH3MnX-sezUcvddUo1K00Y|https://lh3.googleusercontent.com/p/AF1QipM_FGMjK-_mYfsuLOfCxxTRQnu47TxWNAQy_Qeb|https://lh3.googleusercontent.com/p/AF1QipNFJnsfggZotIUgWnOB7_UMwRTo__LFduCyD0W7|https://lh3.googleusercontent.com/p/AF1QipOtHcfunTnD7KHP_xAV45MRobGJo3e4smjgBe-l|https://lh3.googleusercontent.com/p/AF1QipP3RxG0xd9vTUGGxuyv3yNCTPvTrZuMKaCxhKim|https://lh3.googleusercontent.com/p/AF1QipPlF_hHn45jfGbhvDi1N3F2Ns2rfTJ7pVk_KGeo|https://lh3.googleusercontent.com/p/AF1QipPLI662cqtsh9hwYKW83HX0D7wEN0QQXD-B5hrG|https://lh3.googleusercontent.com/p/AF1QipNGJhkpiiilwSurMJVoHQinjgm7tw0mKcgu3CrN|https://lh3.googleusercontent.com/p/AF1QipODrwyyYLj5SrW03PcTzHTmp4hmg6or0qCnXHpL|https://lh3.googleusercontent.com/p/AF1QipOHeb-OnWBoBph6ioHkHV8M6Y7B6apfd4nnqkck,"4,7",Planète Innovation,https://lh3.googleusercontent.com/p/AF1QipOt2R_FUZ3uDbgnnh9pTiiuZYCZ9DDAcqLOtFa5,"103 Erraounak, 44000"
N/A,N/A,N/A,https://lh3.googleusercontent.com/gps-cs-s/AG0ilSyyV7TiTumGBXvUfd-Zn7hTNAu0drQuOmir6DxN5Oif0J9lEM7DQBW8UHPWzKH1tKa31EFB1Dg2jdPjQEmK3bYntctgdO6FVjDxh0F7Jv95awr6l2m913gnjakK4-cwzrWaKileuA|https://lh3.googleusercontent.com/gps-cs-s/AG0ilSwCdYJr2y8CB-h7ws3y9aKrpxEdFke_kaxEvH9UWMc4u6cwTmcjJhO2pLCJuQ5A1wX0toUG9qx-8Z-LEQMAROH0me7NLyyfcsUsyVPyjJYuq-cphxjZmdRjV72VinetWJoahVdL|https://lh3.googleusercontent.com/gps-cs-s/AG0ilSzWTYcWf6cGeex8K8Ig-y23CPUo8El5b740r6LZBOPA-GsjdL8Mi7OxmdNfxRBJHJsmGagiPQ7zY7i4hyd8GOPaYTJuV2Z0B21M1W3UbYbpoXLhPQb4hWg-KX0cCq8Rcuvp1S3z,"4,0",Salon de Coiffure,https://lh3.googleusercontent.com/gps-cs-s/AG0ilSyyV7TiTumGBXvUfd-Zn7hTNAu0drQuOmir6DxN5Oif0J9lEM7DQBW8UHPWzKH1tKa31EFB1Dg2jdPjQEmK3bYntctgdO6FVjDxh0F7Jv95awr6l2m913gnjakK4-cwzrWaKileuA,N/A
N/A,N/A,N/A,https://lh3.googleusercontent.com/gps-cs-s/AG0ilSxlszymS-ThA1e2zWsOI7mqoN02e2ZRD9BNQ-UTmvvISNI_Eayc8Zx1HdGvVe36BQs51GjlueC01o0rIey8jCfgCGgMcuMOsg-CmmmbDZ6yZVP-CJXx7EunSrgf4pui8p42AC2V,"5,0",Salon Nour de Coiffure & Esthétique,https://lh3.googleusercontent.com/gps-cs-s/AG0ilSxlszymS-ThA1e2zWsOI7mqoN02e2ZRD9BNQ-UTmvvISNI_Eayc8Zx1HdGvVe36BQs51GjlueC01o0rIey8jCfgCGgMcuMOsg-CmmmbDZ6yZVP-CJXx7EunSrgf4pui8p42AC2V,"G66V+R6P, Av. Al Koutoubia, Essaouira"
N/A,N/A,0706-626286,https://lh3.googleusercontent.com/p/AF1QipMzyY3fTlOzdH6xi37G84O_7QS1VTNZwHc9RWEy|https://lh3.googleusercontent.com/p/AF1QipMqG0g_qcSAs53AQaC6euBvOyc2x25DVK5Zs062|https://lh3.googleusercontent.com/p/AF1QipNWZaMLk3U_B_3_ncx-JTSFP8VjEJORxM47iBn6|https://lh3.googleusercontent.com/p/AF1QipO9PUuG0dRuTrJ2eEOu6mEQLYvgxHt-7ih2tW3D|https://lh3.googleusercontent.com/p/AF1QipPwWt0lZrjekG5EhOFZla9Zkm20bMO29jLfdrtO|https://lh3.googleusercontent.com/p/AF1QipOp83tuKATjJvjwgBeRZITZ_v3T8vSvdrZeDZsY|https://lh3.googleusercontent.com/p/AF1QipPhBMeu5g62-S-aspi3vqetTbiRScCfw8_JnCa2|https://lh3.googleusercontent.com/p/AF1QipMUXP2sMpjiN-eSJvg5_tZHF4HgI_X_J06ebHbQ,"5,0",Boncut Barbershop,https://lh3.googleusercontent.com/p/AF1QipMzyY3fTlOzdH6xi37G84O_7QS1VTNZwHc9RWEy,"Rue Chaibia Talal, Essaouira 44000"
N/A,N/A,N/A,https://lh3.googleusercontent.com/gps-cs-s/AG0ilSwp6jR5PbF2qp-tsRB_eHui5ET8NMeKiINimvMl-Mt06sYsNEmaywlgUN99uFDfOlSFb2agniuoADHLShfSFFXuPnK1Kc5c0LGLq-ifEFiUIGJ5P7h_BOrM5ccfItOjPnsiszxBlIXSZWbu|https://lh3.googleusercontent.com/gps-cs-s/AG0ilSyBp2vI5eM-TJSTtz4DVa8dwbWo7jqIZZhc7FB3WpxDTh43xwTodp0miM55DIIaQdnqXAcq64qaIH9Evq-6R5JfbIaVYSNyrnXJSVpnKGdP7hpmm31wr3e-O8tRDsUkATCaFSHcow|https://lh3.googleusercontent.com/gps-cs-s/AG0ilSyRx1NpV1_Fz-yst_fisQ5f6iABM1jmCyv7MnoeDV9AdDb1LWn-OczgfSmFAIbjrbG7qRkC8KnjNxlih2-P518LDl_wQVu1sMdDgC37eW20RzV6ZtTf5n2iGsgOim0SoFScfAC1|https://lh3.googleusercontent.com/gps-cs-s/AG0ilSzCbkTnIjDdWMEH1PDmjDlwQbYxOs5yHAJ8mkyMxNSxHIQzZAs4FOkpwKa-3UWXShWZyJgjGd4rUiGNKF9BgFbnT_UEAEhM0_6rV-Nf6u7XyRkrb5MBltzwNvPIL93hvOMe_cjN|https://lh3.googleusercontent.com/gps-cs-s/AG0ilSykN0hjtg1mK2eVW4YvsZcDNHn8iQCfcrAkroPRdqc2hX-MtZByM_JDeuLmkQqvHs2FtKgLMhReB0X71S6A5PVg8WSAtEGxa2W_stJoCGXUs30vafa674gIzRpX39tKnoYv8FLY|https://lh3.googleusercontent.com/gps-cs-s/AG0ilSxJFw6_GiNSvB2xzLl40DGy5ld2ydyB72qb76YamDrz5KCIleFEXpNSIymXHbuoMOij44tEraMRQds1toqW9UaAb59JZzfi0xBOULd_mP0HhIrbt4hxuAkAgW2ecw25LGb5ReKVMA,"2,3",Craig's Barber Mogador,https://lh3.googleusercontent.com/gps-cs-s/AG0ilSwp6jR5PbF2qp-tsRB_eHui5ET8NMeKiINimvMl-Mt06sYsNEmaywlgUN99uFDfOlSFb2agniuoADHLShfSFFXuPnK1Kc5c0LGLq-ifEFiUIGJ5P7h_BOrM5ccfItOjPnsiszxBlIXSZWbu,"2 Rue Qadisiya, Essaouira 44000"
N/A,N/A,0767-027932,https://lh3.googleusercontent.com/gps-cs-s/AG0ilSxWNi4J4-PcAjuUnpFQ76sSjw5l5HTg0O9VVcM6WKLBv9YodlJOGvKk30DRyv7Z5pbDJZujn7aK5TcnQJr6wjZfSrw2bBxXghhk1W0wqv9XLXyf9K06CfeLGDObuJedJ-gpDJTrSGDUvzo|https://lh3.googleusercontent.com/gps-cs-s/AG0ilSzwbOdu4kCgZHKPQZ2KgWwog7DjjpIKXDEIjrrMQNlB-vq8l1XPBbzcQ0cDCgxcX7nQDo2114JgSM2tjLbO1_A4nzlqRikYD8e1I2cEpZq2Je8y44vSZuAFDW-ec1ppdHssE3RKWMGOlaQL|https://lh3.googleusercontent.com/gps-cs-s/AG0ilSyM8GoZg4_1OpzZWaJRMajEUiMwTj6T9exb1mrt6-opbkcuU3zmzSPJbTGRW1F-Jk-iIUVmU9ktD58fDb6o8JGGwL9LVdYgK-14W1mhd8R4o_Zamv14sx60bT67NfN2dXfPybcIQEzk-o43|https://lh3.googleusercontent.com/gps-cs-s/AG0ilSyzHOFqWMR-ho9xHOs71M5dgTT_IUnQPe0zFPCC_mxgCk0g1hu_NusFcNcYiwb2d6iJhe16R05Rz6u3Q2FqYIhKgA6S5vR85_SA-5xsYpBwhCsgYf_hiq-cLxVoK31aTXamx-digsagjx8|https://lh3.googleusercontent.com/gps-cs-s/AG0ilSwb_K1RmbkfEnDHmaCNqgi_1PVOJhWjgr-q-0vlKUpFjiM6e35RqXXH2Xv0-tKne_c11KeFY6ZMU5LHMgXLZI1LuDIp29ePPjHO6dvL6_Ur73-0hBqeqgZUz7GX0-1-jlhvYNwa8aWvTTA|https://lh3.googleusercontent.com/gps-cs-s/AG0ilSx3KhEEQdi6SZ2M9GLs5DM4wgu4XWkuUJ3GxHm1SOHvT7X0z_iUlXNihJ5lgkGKMNLO9Mq68H066wjMjAFyouSnjnsU4puf9k7BPcqUmY3RHrHyzfpLWGBCAjBnCey-V-DM2K1Clbs4G9K1|https://lh3.googleusercontent.com/gps-cs-s/AG0ilSxP4ynuzhqDtRbfEWJWyKVkaU0_lyIVQbcNBIRT15GYJtL2lcCIy_FJKMeAwUZrkV2hG_LLN9OTAI05gSSnept2CfA35PthV36jV0emtp6pLRNrOhPYm1i9FkUdkEwIezrRdke9lteBiIxL|https://lh3.googleusercontent.com/gps-cs-s/AG0ilSxwOcmf2632a-alAiSG7z9me_4nwstegKYXxVtugFczk2r-R5ccS6dBNR4XlvFHllC1V9xC1HHJV5hJAdcan5fL6sTeIW0NlYRv0hkg0V9fD8mkyOKE_kCHaMPeC5-OMOpYCr36AFx4jIZz,"5,0",SALON BILBAO,https://lh3.googleusercontent.com/gps-cs-s/AG0ilSxWNi4J4-PcAjuUnpFQ76sSjw5l5HTg0O9VVcM6WKLBv9YodlJOGvKk30DRyv7Z5pbDJZujn7aK5TcnQJr6wjZfSrw2bBxXghhk1W0wqv9XLXyf9K06CfeLGDObuJedJ-gpDJTrSGDUvzo,"Av. Hadj Mohamed Bahnini, Essaouira"
S'identifie comme géré par une femme,N/A,0661-119960,https://lh3.googleusercontent.com/gps-cs-s/AG0ilSwW_Kw0aUJ1XkCTWcpqh4w5Iq0t6n_yVh-51jOnFxk6ZKR9ymcDN3xCF15_rE5QxqRe7O_rG2HjFYGMIuvJ3NtVwYO0fQIKUDf4SKVc-pfWKTp2Lcnv9Kp5-yYOJiU7I_W9MZ7Llg|https://lh3.googleusercontent.com/gps-cs-s/AG0ilSzDZgTjchjj0eoKgksmd4YQpOwaHoPyPyUVMm9eJynedHD4VpjGcKFYwmv0SNlOR_P2IfAxX-ijRAPJEx-aI-B89GWO92Ga5QQhtFWOwr6U-C_56-6Il7m4rTmYVblUjKG7EPdC|https://lh3.googleusercontent.com/gps-cs-s/AG0ilSwuAtwpbmIR4ZyetP9cl1OdWSDEPy6mR1LsNf305nn9Fmcnf17LH3cLXFmEjMUzpOgGzPcO_L4WZz5Zal6nM76zVb2HTXkn54owyxUoJBAKQ_O3KFXP6S1u-OaT-7JWuqeeZRQX,"4,8",Institut Phelia Mogador de Coiffure & Ésthétique,https://lh3.googleusercontent.com/gps-cs-s/AG0ilSwW_Kw0aUJ1XkCTWcpqh4w5Iq0t6n_yVh-51jOnFxk6ZKR9ymcDN3xCF15_rE5QxqRe7O_rG2HjFYGMIuvJ3NtVwYO0fQIKUDf4SKVc-pfWKTp2Lcnv9Kp5-yYOJiU7I_W9MZ7Llg,"G68P+HQ8, Rue Ichbilia, Essaouira 44000"
N/A,N/A,0699-286872,https://lh3.googleusercontent.com/p/AF1QipMDG7S-juXWyFxFPlhiYF84mxQLhflRs-NBnaoC|https://lh3.googleusercontent.com/p/AF1QipMK8zMPmDBDewxc6HFjBAq6Jv_otdI7f0Ng7sdQ|https://lh3.googleusercontent.com/p/AF1QipO40sXj5Irvcbo-CeiO_qqXlDjGX_cQUHptnuE1|https://lh3.googleusercontent.com/p/AF1QipPzDws9cWF7UIwsmR6g19LLC0XyptWLo6rX81LX,N/A,Salon de coiffure Azaar,https://lh3.googleusercontent.com/p/AF1QipMDG7S-juXWyFxFPlhiYF84mxQLhflRs-NBnaoC,"213 Av. Attaîf, Essaouira 44000"
Situé dans : Institut Français d'Essaouira,https://spagoldentime.blogspot.com/,0643-843372,https://lh3.googleusercontent.com/gps-cs-s/AG0ilSy9q7WCqFdpkWPtyD-SaLXcQlKVJ8bQB085HIiNPc7Kr0QoZCLet5Zmvsu2YlDSNc2LCw4HDYwtRZy2UqzTcLHfOxRBvCY-42kzkZoPG3f_c44i0OdmKCZc8YF2YrW2AN11O59Zlg|https://lh3.googleusercontent.com/gps-cs-s/AG0ilSyyk-SHIIv-e-mj3zuKNDscPDNXGIQErmmRamOBw7YFRlC0dJDocY43KjLnmTK1wtSVDoNepWftura6fHKpkMWjgRYJN6RY4dduORtDHjSlpZKK8YU6bqfzVRRGqiZhdCzZTcY2|https://lh3.googleusercontent.com/gps-cs-s/AG0ilSzdfHIHc8f0qU8FM1gq4Y-bhAiVDWjkxbsxcd9iIfh6M3ACcBM9WRNv5tVB-_AbShnCG1CYXV1qosm1fXVJk-hV2QbLBnQzwR-1M9mPKUb8nZFDEciXSjBi8ug-VJykO9F-ituP|https://lh3.googleusercontent.com/gps-cs-s/AG0ilSx34UNqj7H38aihGZeqzyTGThFegXtg-kZZlQ1aJWHxV2yaCLJM0_kIzuwo_tBBqiYiffHah7PTygZxStB9UTqxF4D3O6Dui3zV9RD2T5CuWzxi_h-OSgOZ-yCb_sXNip-6bnq8Lw|https://lh3.googleusercontent.com/gps-cs-s/AG0ilSx6kVaBrds7O8vyQPAhMd7Kl9HK8SS98AVb88wGsFWhYH2fy4hIUR-z5NgzDt9uB8iwEXWHSP9USZTMbK_5SVl5oXEF_mt75GFJSbz_DYBWCYYvmBxg25TtmsQdvwp-rNAg5esz|https://lh3.googleusercontent.com/gps-cs-s/AG0ilSzkI3s0sMUNOMa9cEj_I6str2v6aC_XZ3uPPoR4XU7iULbn-yufCENYiiMZM-IlAMBsO2hmdzFp1IDQpv1Bbn6f4_yb_JMbyzsLEbxN6AnCIWBZ-WjK5_093KIVaWFq7COt1GSsIA|https://lh3.googleusercontent.com/gps-cs-s/AG0ilSzrelyk5JuiZ0hxLb4RIMC4gR715eWj5b2P6kElMCIc0nCoEodC1Zd5_Lp7QC1PhRBpVKSvbUvqT36k3V6WB_WHf2dFOSrk_L66ZQ6ztBeLzwjeA2JfW-YPfYhvgu3bAe4rHo5oLw|https://lh3.googleusercontent.com/gps-cs-s/AG0ilSzsDuRDaTW-8FcmXPV2-Dsox7mMy0_Gb6T2cmtUOHgc9kqwT2MnsOI_BWqvI6OPimrUSuJoU4EY4P7_ZyA-lIG0N68NiYG7RhbuUMeWk-Qy_FJGleRE8XVr9QlOVKeqcWXdIRkYNw|https://lh3.googleusercontent.com/gps-cs-s/AG0ilSwIEUe1iJtT3fXtPNQKUtK5lCJ3lDMLXlCw4R1NRKXfnNyDnkpQ_hQp7fKaA69sqvRq-vSVYjWKXmIB1Po20Z15Fbo_l9GQJUlk0ZHlDByRBqt2cpHYRNwyvox7RP-YOKWrqWU,"4,7",GOLDEN TIME SPA,https://lh3.googleusercontent.com/gps-cs-s/AG0ilSy9q7WCqFdpkWPtyD-SaLXcQlKVJ8bQB085HIiNPc7Kr0QoZCLet5Zmvsu2YlDSNc2LCw4HDYwtRZy2UqzTcLHfOxRBvCY-42kzkZoPG3f_c44i0OdmKCZc8YF2YrW2AN11O59Zlg,"3 Rue Mohamed Diouri, Essaouira"
N/A,N/A,N/A,https://lh3.googleusercontent.com/gps-cs-s/AG0ilSxth7-ZKufWNAI4KEWb-rGJMSA7lkCga4xJU3Dyn1h8WrFnChgiqNF90LAB3TJ3gvjxyRxTkCPr3q0nJDeOgIf4WyrFKWqIURP9x-xd2dj_PNRF3SHQjh7rtwturZW57HA4ULZozw|https://lh3.googleusercontent.com/gps-cs-s/AG0ilSxndtRLPOoPlC2v2Ly8aODdoUKE1wtIxWiyvfJUSE6X-bgB9-R2OKa-vk0r7koirDiJV3iu44pTDW91io9TWzE-J919A6HMsjpuTSma8jcpPXsNjvFCpNNbRWJQoFXQfxzB_Hyy|https://lh3.googleusercontent.com/gps-cs-s/AG0ilSy4rAfP69Uz4orHuZf69BJVCjgEpHRM0TtnqCSv7Fb3ZFqWarJXqh5_HyKDwAEPZyaAXMIsAizAbAPkKWiL0DFNxdYoZ9TWSMrZJtCJ8fEHhdb7wK3fhql2GAZDg9_R3QdE7fvi|https://lh3.googleusercontent.com/gps-cs-s/AG0ilSxI5duGeryQMfJNgVwi0bIFZqmYQKa7_mQqXe6yrl2jJV9qUbwegb5Ni6Vqd1dMljrqH81N02iIe0T89QuF8f1Of3-fX0VKbzaOgGugUTWMlnGkLM0XBaVYnFDbPHmi14QXBtZw5w|https://lh3.googleusercontent.com/gps-cs-s/AG0ilSwmaS-0rZs8764UErHo-N3POWjSJ1OMXvF8S7DUyw6lo_Ifqh-WShkUHk67pwypSqzNYvzoEcI5zGGdZZqd7CvFRMFX24c0HpWhhbLEoVEViZo7bsHC3KOK4IxXWg5TfFFBsqU41aTJfDsD|https://lh3.googleusercontent.com/gps-cs-s/AG0ilSytqJ0JDmsboVOKOqMUSNYCSnkhOjX66zxZR-KzkEzAQja6u0IImW8fTP2MigAkx1X-_PSgynbf-mcqlrmHuFOWQrLQlauC05Yb4WKD-xkPb4BGuH4V_YzvLMa_9R2LAFnuKmQEQg,"4,7",Salon de Coiffure Al Ahbab,https://lh3.googleusercontent.com/gps-cs-s/AG0ilSxth7-ZKufWNAI4KEWb-rGJMSA7lkCga4xJU3Dyn1h8WrFnChgiqNF90LAB3TJ3gvjxyRxTkCPr3q0nJDeOgIf4WyrFKWqIURP9x-xd2dj_PNRF3SHQjh7rtwturZW57HA4ULZozw,"G67J+Q5F, Essaouira 44000"
N/A,N/A,N/A,,N/A,Saloni pour femme,N/A,"G64V+2R2, Rue Leopol Sedar Senghor, Essaouira"
N/A,http://www.massage.com/,0601-079693,https://lh3.googleusercontent.com/gps-cs-s/AG0ilSzHICwTQfZFj8uGoWSYLiYB--2etw-2m5YQ5uULYGQgM6xbxRGDSbNWxjjpKYLQuEITnPIm7CBRL20sMUjfu4SNC8RM2flHvz0PE4kQLTNg6v7rpPt-brmvH95vUNZS8ma6BYp8|https://lh3.googleusercontent.com/gps-cs-s/AG0ilSysEpdW1vy-sbVOrpy7hx9Gi1t_pLnMFXL8DiGsGUFDUVKPQg86D5UWEOXOwJBdUFh2BAdCkHDoQArMT7ISE8rgn6diu2RvF4dnXkIYSgAyFZCPCGeTHaA7l4zyb1SB7YMo5rRd|https://lh3.googleusercontent.com/gps-cs-s/AG0ilSyvkQTeU0zEdHRvxqXsxsGvgy7Rs33JvCLj049g5TwRVIhzmVTen8JJ5VlVjY5WWCHgaqHSceW0A2_y9Fj1w4ZrsxxFRX6Z7X0FFSmZkpLixA1WxMPFVBEhpMUEMPTiWhDVmR4|https://lh3.googleusercontent.com/gps-cs-s/AG0ilSzdtKtRTDJ2w8M9wdB7YS6M8hgE7kz7eYI4_AOD5b0XOnA-DEAZFJLFNu4tzglTiEB96r2q6osoq2TetTC45NAR7pYwZJpQEIMnYFs8g4HPkraO2sUoPugwwugAp4MHbDBt1JcI|https://lh3.googleusercontent.com/gps-cs-s/AG0ilSyj6py6sn9XCW1sTkyjpIkGbD7V_xsFcb1iccDMc08s-ZvsOQIAIhEMzApaPMK0RfoDos5stK8b8OFAkLFSSwlvwZyJhHv-Hnk91_C8m_ShVY3u3Yxh75y7CXXHwYzytgdvDDRB|https://lh3.googleusercontent.com/gps-cs-s/AG0ilSzNXMq7Ah8WCfj63CBYKSos2_NTxvhBMU2848HHyMJaw7HFu7QEar5BB5VZ9Yx9dhsiOH4SuFe5K2p4OwEhO2IBhHvNijJN4z2W8V25vFeaDu18915pe_8F-zg-l9rkydPDDhx6|https://lh3.googleusercontent.com/gps-cs-s/AG0ilSyqC5gziUr8V7m8y4xxyKVcKwwoAlvkdTvn9kKFBIg8lTRn9e8NoWqcrC9kVsDSO6AqDNJKnOmvfDwlDLbJDNrUNGvDcm2SiqKtsGcO8JjSGLtSUpEPE44wI5Nn2YwiNfGvlHX_Ow,"5,0",Centre baby skin chez kari créme,https://lh3.googleusercontent.com/gps-cs-s/AG0ilSzHICwTQfZFj8uGoWSYLiYB--2etw-2m5YQ5uULYGQgM6xbxRGDSbNWxjjpKYLQuEITnPIm7CBRL20sMUjfu4SNC8RM2flHvz0PE4kQLTNg6v7rpPt-brmvH95vUNZS8ma6BYp8,"G68M+48M, Av. Mohamed Zerktouni, Essaouira"
N/A,N/A,0633-228322,https://lh3.googleusercontent.com/gps-cs-s/AG0ilSz9Y5AdHbHGEY981GE_uxvifU4I-KFhe0Q8BbE34qX6iswo4fOsNp8DAaXrySDi6n4Zxksrk6lFyLUSPnYBpHlw_DjW1C5LtwRljQ2qiTk43xK-oNanwZiYk5OR_1ZPYDGEgfmpaA|https://lh3.googleusercontent.com/gps-cs-s/AG0ilSxDVsaMdAag_VLPOEfI4QbvBl7GsMg8cH3yRQz90L_7ugKEYbTQOQtsie5km0p_BB58rWDuN7xi52cG-MLjpa3KcT-D7aW3M7K1JVAsphwCIU0BjdxA2JsDDxR-QLgHF5QghNK2og,"4,4",France Beauté,https://lh3.googleusercontent.com/gps-cs-s/AG0ilSz9Y5AdHbHGEY981GE_uxvifU4I-KFhe0Q8BbE34qX6iswo4fOsNp8DAaXrySDi6n4Zxksrk6lFyLUSPnYBpHlw_DjW1C5LtwRljQ2qiTk43xK-oNanwZiYk5OR_1ZPYDGEgfmpaA,"286 ERRAOUNAK, Essaouira"
N/A,N/A,0712-201028,,"5,0",Salon Merveilleuse,N/A,"Av.ibn hazem N 96 bien 1, Essaouira 44000"
N/A,N/A,N/A,https://lh3.googleusercontent.com/p/AF1QipMgzdiujCuVv65OLvLQnKCvvBm7GGQrWS-37mrd,"5,0",Sallon Coiffeur Simou,https://lh3.googleusercontent.com/p/AF1QipMgzdiujCuVv65OLvLQnKCvvBm7GGQrWS-37mrd,"G62R+FW3, Rue Ouarzazate, Essaouira"
N/A,N/A,0687-127855,https://lh3.googleusercontent.com/p/AF1QipPgeMOppCYpgsJ6vcmWTKER64deZBctfj4g3DFr,N/A,Roma Barber shop,https://lh3.googleusercontent.com/p/AF1QipPgeMOppCYpgsJ6vcmWTKER64deZBctfj4g3DFr,"G64R+2P6, Rue Ibn Assaghir, Essaouira"
N/A,N/A,0781-174946,,N/A,Salon rachid vip32,N/A,"G68P+H37, Av. Laayoune, Essaouira"
N/A,N/A,N/A,https://lh3.googleusercontent.com/gps-cs-s/AG0ilSzSuoRGuUg1ocecCsc5xTHXW0l_MO1MqOvWMglh90HdzaTBY0brEMsmxnB8eJ1Q6OQldh6qv1HCfTa3tniYiIE6tTfX9FQdAtJf4krFSA5WBR2XSYcmxJLRzwc6vy9imSa8EfkPBJz_7W0|https://lh3.googleusercontent.com/gps-cs-s/AG0ilSxZzj3QYqla6CyYEi6rGeOyVkpbEGBOo8vbEJYpKqJngsyMtVGmnDvlGeAXNlxCaQ4SvsTOoV-zE5nooym8Uj7CLvg7tg1U_Mk4LaUvqQUvQiidVMVlngdr2PkVKZrGsIpI9yIdO765tMBD|https://lh3.googleusercontent.com/gps-cs-s/AG0ilSwtaZh1ho-EA7GeuKPOGeCNXU0YAFRiXOuhmqjWCpWLKsLy3KQ3O7XAfaFf1qQJVflP8eIAWRu52yPpdwjQDS5WKOQW7n8hNnQsQgZUCQejxZLoZNFIukwbByKrPDWL1U5iHyyaRF-l_fc|https://lh3.googleusercontent.com/gps-cs-s/AG0ilSzXFatngm7rLfeJ5jooz_J-z634BRE38ULADTL3_fTwdmdmEuYKVRHon-HDpwLbpOXfoS42DW9WSNoLzd05wbFq4wYm3xyF5wh8IHdTyKVmrxH3ZBSudr4mEYebTZrHJax52_mC0C4So9I|https://lh3.googleusercontent.com/gps-cs-s/AG0ilSxm2c2qZP0fBBbwklfKdIKT_PgZLNyfYKWqzraHzrVFZkyxAO7kRjeRo3d7PzSlnbjL-kicgBmSHN39CB94mv_ofTZ6TsnaP2enXiTn6gIHykgLSNbMwt9EJZUHHhGb1yJSEjDhXxCZ64A|https://lh3.googleusercontent.com/gps-cs-s/AG0ilSyaKD95d4tfiHeaGa8RQTNzTkrbUp1RGfBkrzqxEhOI2ltNtuYaNQZDmtYu-90TsoXePnQ_L2DoL-_eU8xJ6okrF521qURYJPdCGbrcXrPtWGgnEQ5kwjIk7J04BXnphkmv_vDo7PhlgGFC,"5,0",Salon de coiffure KOUTO,https://lh3.googleusercontent.com/gps-cs-s/AG0ilSzSuoRGuUg1ocecCsc5xTHXW0l_MO1MqOvWMglh90HdzaTBY0brEMsmxnB8eJ1Q6OQldh6qv1HCfTa3tniYiIE6tTfX9FQdAtJf4krFSA5WBR2XSYcmxJLRzwc6vy9imSa8EfkPBJz_7W0,"G67V+6JG, Essaouira"
N/A,N/A,0652-838978,https://lh3.googleusercontent.com/gps-cs-s/AG0ilSyYcxez6Qp-U8O8weJbe1r4o_GfCaxG-c2ZLxfIa5OkoDBSq63CNLPCU7eUYbWpI-y6VmNR7_pDpw6n1KVVTZnEcl6wKXtWI7jVsWKW-2IDeQfVfosbzKcxXsxIIEJB2znc3hw|https://lh3.googleusercontent.com/gps-cs-s/AG0ilSxwPECJE-cYduWqW3x96dm0SrBDfrOhzarg4336_jeqgdGQHagMMRrC-nt_ny-ns6-bRFaDn9WtOVMUf3jVb116h9DbIqmQop6YyR0xF9153WNUcvF7nIyyRAQ2uTpehHY7FpwZsA,N/A,Salon lamassate rachida,https://lh3.googleusercontent.com/gps-cs-s/AG0ilSyYcxez6Qp-U8O8weJbe1r4o_GfCaxG-c2ZLxfIa5OkoDBSq63CNLPCU7eUYbWpI-y6VmNR7_pDpw6n1KVVTZnEcl6wKXtWI7jVsWKW-2IDeQfVfosbzKcxXsxIIEJB2znc3hw,"G67W+595 Al bouhaira 4, Essaouira"
