description,website,images,location,rating,image,phone,title
N/A,https://www.instagram.com/serenitycorner.river?igsh=MWl6M283NTVqa3M3cw==,https://lh3.googleusercontent.com/gps-cs-s/AG0ilSzo7kqINqcU6GAhTIizPlI2vle_BvEe1vxQgaRhMz8WKITo_qHQsWmv6_SCdeHyEJQMNcpVqB2gqP22oFnSYCNCnxS-R1XUsXpRbOAWyIvDluW1Vz-x7LtNl_qVIEI-SNcKMpMM|https://lh3.googleusercontent.com/p/AF1QipOyCyZlDJSknRgIheH6VzGHyq4ICdDsKy9HQ7YZ|https://lh3.googleusercontent.com/gps-cs-s/AG0ilSwDCjxtF1FaRcW7SaJxt5l7EQqAwL59fuYkGY-UkMu3WUHNSUV2MAGZT2NOQKpgLh-_X2ODU6XKH6b3GSfKANI3cCvpMGpCT51L-0jRaUXYdGEMJjEvylXiDMUtBl4ZaDRIxgqZ1Q|https://lh3.googleusercontent.com/p/AF1QipNO3BWiykhTMt19jGoOMR2QfN6Pvb33r3XkLpAI|https://lh3.googleusercontent.com/gps-cs-s/AG0ilSzsQDzYsOqpWLCCOXoyodTfU-aNTHA9EX1ShJBsuRBapwwbuq1zBzdi50hwJjX5YD8sjLgIZrvBIcdd3GkyESvn96z_vdPC71BH3YJMJXR_Ix4zgYALywdlWyd8OgVZY_MVdwogJCplxXU|https://lh3.googleusercontent.com/gps-cs-s/AG0ilSxdRgLS5R_RV11YkMPENB2r4hPEu9yaZpHFh381JrPy-0ey-A6gbsFONuIXY13FrIGWuTFKAfFoL4vJYokFLWzpWjhtdo1Rg5tSVsXe-4TVdKXwDPnuun7rsjA54Uo87ApIrYI|https://lh3.googleusercontent.com/gps-cs-s/AG0ilSxc1hYeIFPDixxSXPrTSRBveQawvIRjWv56zVGkSrg7KyoNSBqhsqHVYouW0HTB_EIYp2ELAzydcBKXSroYbJ9Yxf8WHYF4Z-Ab0ssSEApMZuaYoYS1KfwCjo5xeU4ssTN5F77d-Yh-Wqg|https://lh3.googleusercontent.com/gps-cs-s/AG0ilSzsV6ZtPfE3HXJjrmy-8SO7rIRFEZidqiUShf3seGdQbkObB5YkyASmrHoBff7s8V8BQ7dlHPyRqL0OWESQiDo3L8QkNROQIlQMnk-wc-aEk2DnbAKJppekx9NHWFMnWZ9-AfuqdQ|https://lh3.googleusercontent.com/p/AF1QipPgIfviY0xTW8Ix7xmmp51ih5V6v2PeA9goEBZg|https://lh3.googleusercontent.com/gps-cs-s/AG0ilSzAwR-clOvdgun5rNGyAbxPwdQCzDGxClk70tTgqEiaIbU7OuHPYziqHslGBNvspZKcUd1eJG2bAK51iAC7pmjevmQDG3NFROKqp74LeMwk6dN2kcWLodFJhWcxMJZuRmrF7aLO|https://lh3.googleusercontent.com/gps-cs-s/AG0ilSyOTV6h3cHnDDcCiB4Hg-6IxnYXukeVdxs_4EWy7OW6Z7ZRe4iLJIjh0dJEmnCmM8Uc8JN2QJiGv5kTOgRd4LsNmYh9spjOVRTGbeBRhj8ZYyuhoZUD8oo-8jIzi0VzIzWouzpR|https://lh3.googleusercontent.com/gps-cs-s/AG0ilSyyOwJhJRRCKee33wKrY2squCjrIFVT0uy5XxMhc_JAuQ_ipIjuCWh0RtEMOCzylag_WjNNBNvgCibqbmN6hV9-6y2mdiWbQjjcAPgzKfvfjxpfDh9SIt1Mf-YH4v4cmKEp64yL|https://lh3.googleusercontent.com/gps-cs-s/AG0ilSxFL_JVWrCBPvLRc-7BCJ4H_tnYatwIi1-AiEncXet80kGIuKGJFh7CzWaWM6xjHkH9nZwO1EJQO7Z6Fx5HTffggh4OrHafJ7PdWdKCzL69zSbCHKHao13PwhPBHqvhAj85BLU|https://lh3.googleusercontent.com/gps-cs-s/AG0ilSyYa1gd6N4LVzEooTtyIKBNizLnYeM48QWvpxolvQqvBM8zA6l1BVddyyE5X5GrKV6toY4FXIQ5TKBhmPhF4ZD-xMwGibW1AnIt58hFaO-bSHr-tkCk9SFjv7Q9drBTWioqgg0vfw|https://lh3.googleusercontent.com/gps-cs-s/AG0ilSy7zETbieXdtQXfOuWF9uiSfkp83vJUMebbngS3TSpPe2RSsWZOSBnGYMACEEbgBOvzO7MfadKdj26Odp_Wc3lUJBBB4crulWHnmJDa_IFmuMWswMLFG1l62SJW7pHg9RK6GLkC|https://lh3.googleusercontent.com/gps-cs-s/AG0ilSxURi7PI-9qs9P_iLdPWW5-ZWbgK14IaSpBqHaxXsOPwPJj_jHHXIG6JdlQTkBjZKnjGxBUOiU2Uegx2uXJe5OeLWkj-6jG2zF-fodTyvfyxIShWtMWkHxCe3fmmk238KNOz5cHdA|https://lh3.googleusercontent.com/gps-cs-s/AG0ilSx1HxvOYkOC1P9biMBJ_of-asBiJRrxqaUz4wm3t3egpd28MkERXNTHXjhJ3FMWC4R3bJ_j97JfbR6sncLv3w8fl0x6GNs6vY-I0zCxROIOM-L6l8zGIgZu7WChD5rRCYo5JQruPGo44rg3|https://lh3.googleusercontent.com/gps-cs-s/AG0ilSx9GY1GgEWazWeTOUqYoO7izyu-eUBqi-gTQhyGLqlIo6zwVFL4brquubAPU9nEiLak6KM3O3r2OhG7RhLQkXI1doRU8VSawDFIqzCVF4GQDf9MvaZ-0CbIHmQBQ6Y_POduPxbtjA|https://lh3.googleusercontent.com/gps-cs-s/AG0ilSzjy0S2-8aktsR_vJXyLujCEemJ5i45kNKDps4Rw_omSPkXX_GrxH6bqB3TlOS15Gz47mORcy7wD-YM35VV4pXdDv01GD5v_i43fD0RbvdJIZChfJoxjSqGDfgsQsjc708Wv228LAHIgV-v|https://lh3.googleusercontent.com/gps-cs-s/AG0ilSwuoRBCvd3jLqBk3qx-XhqvTtUxxCeUyh9f2HmqhyZA3YapahGsiFfsZndmTly26-4VWFnw17-uVlwbtqUPUhim327Z2qPWSmMVyip0KU3olagamfRTGL0r9b8yJHdBsLC-f397kT62mM4I,"Local N, River Residences, 13 Av. 9 Avril, Tetouan 93000","4,8",https://lh3.googleusercontent.com/gps-cs-s/AG0ilSzo7kqINqcU6GAhTIizPlI2vle_BvEe1vxQgaRhMz8WKITo_qHQsWmv6_SCdeHyEJQMNcpVqB2gqP22oFnSYCNCnxS-R1XUsXpRbOAWyIvDluW1Vz-x7LtNl_qVIEI-SNcKMpMM,05397-15707,Serenity Corner Spa
N/A,http://thaispa.ma/,https://lh3.googleusercontent.com/gps-cs-s/AG0ilSw5oeSIUsqVpeqs8ES7mp5mNVKpKvZkpWIBa91muFy8Dn5GD7r_VeozmkBNfyDzdxpYVVyXlZY-pUHRQZwXkfr_7CnhuM6cmAXpkFjTWMHWKdUgwZppdd-0uV311_bN3GUEDWTs|https://lh3.googleusercontent.com/gps-cs-s/AG0ilSzdX82_RNvlTd9fyH8fi260ENp7-OTBL1rA84AQ7trfosC2-kdjGrddTk0n2hQ8kmYxiFhw-ItTSC0jbw3uDIqiF-w5rIWQj8x3xJUskur0iKchh4bAOsgW4F5bVjZ9_IKH9pBbfw|https://lh3.googleusercontent.com/gps-cs-s/AG0ilSxVLAE8iqAvOGC6NDZQ8u3g46kvu7fbF3OZf9WLWUzJDcj2NmPubr3F5tpg6vV-Glje3VXSUyRGEyGwhWBqdppa_RzK5E34YiNcqrE8626q1fn0Hucrh9op0IAF5Le3ScTfh_s|https://lh3.googleusercontent.com/gps-cs-s/AG0ilSwPd8GmuK22qDi7d0bJK7NUH68cEGP-ticNr7NF3NdOGvuZXUE95NBZrqFihFzGUEjLUUMTizkpw58Pt-mPddnZpHNSAa1rHQTzUUwpVDbUA46zkhUkQPkbrVFkqgsNEL5Ot0t_0nApz_Ov|https://lh3.googleusercontent.com/gps-cs-s/AG0ilSz5ettDa9At5CL0fRX_Gy9l1mmUtb_CwpUxGLkUKZ-cCysp3uZW-CVFCzk59Kdi-GKByrnrohL8u0-UL8mcKYo8xAtC0l5wSxocInlEEueopYzqkF_PKQeld1cveR148tBOLCtDCY74xTNI|https://lh3.googleusercontent.com/gps-cs-s/AG0ilSzeArCRrAchzkf4yyxe1JfmSu0uAlhoGEnOeY2wDRyzGZMwlBXvgS9pBS-5xg7bshjzqgFexoQdWJjTM4iMaPT-LcsOS4vV5B2HHkTkPJ1jpn18g8sTLdcLlU2zqi9UXdkxFavh|https://lh3.googleusercontent.com/gps-cs-s/AG0ilSxIlakp5yhKFk4hZR8esaiGP53Gn4qnmKvdNcuW2_xyWjaDXzgHkFM9905VjDOrGpb1FMnch53NSlZ4yrK6QWBCKBqRRgmHYWj0UAHVj1_cr1sqllG4oCbNGks7n_kAEiZtgBIk|https://lh3.googleusercontent.com/p/AF1QipMyNK3zeyjeGVZZZECI0Z19ioMQGSUCq4yVdv0|https://lh3.googleusercontent.com/gps-cs-s/AG0ilSxxodVqLa-skF8MlX6wv4IFmxesTeYEpp0ybn_lsYtYNnfzF36-oZBzZtrQOgDnU6rXwzB34lUOw_4TOoo7swnbhzHyxbQ5SKF3vv-UBDlD8sZzEFCQjbuQu5cHUq750FlLQaz8|https://lh3.googleusercontent.com/p/AF1QipOsflu2cM3CXiuVK-diaSR0_xCtMAMWVxVf7Ic|https://lh3.googleusercontent.com/p/AF1QipPjJJoH0FnF3sagsGy4gqIz-XUgivTiADG1fOk|https://lh3.googleusercontent.com/gps-cs-s/AG0ilSx_0m0NtTmMyfEeOgiSxdJ26oiHO9eODpe1X0KKYIpB4s3RUoyzE-Dmp_UXywkvcJiPjbgXPMzifjo5Mi-mSyP7oPASVeeuPaf5RndS_rQhfdTyBq4idAt2Cm4TcwS5YchjLJ9q|https://lh3.googleusercontent.com/p/AF1QipPJzF3daOt-aGY0ARimT87_ITJ53IpriRVztZE|https://lh3.googleusercontent.com/gps-cs-s/AG0ilSyHbK6-HSzDGClY8Yp6SWOJDxTLVixRK0eMILzWK_VPw-xQEgZhOr4urS3TZI_T2l3pTvUWyHc8buPPADYZ7dpeuucasHyhSaw3CYXLrgxN_hv2_RIGGJaR1qHSyk7V52yLj2rC|https://lh3.googleusercontent.com/gps-cs-s/AG0ilSxofFD3bji6BnyurSsD1ccPyQ-G7a65yqC2EJFKXFZ8y4CGSuvHu5-52QM7pv4iEM3s_oiDO2MPOdAOpBsLG_BjHpz319-3Zwu18XdjYin3T0QWNPLNG7qy2galsw8InPr_rXcu_g,"44, Avenue Mohamed Bennouna Rue Al worroud, Tetouan 93040","3,4",https://lh3.googleusercontent.com/gps-cs-s/AG0ilSw5oeSIUsqVpeqs8ES7mp5mNVKpKvZkpWIBa91muFy8Dn5GD7r_VeozmkBNfyDzdxpYVVyXlZY-pUHRQZwXkfr_7CnhuM6cmAXpkFjTWMHWKdUgwZppdd-0uV311_bN3GUEDWTs,05397-20290,Thai Spa
N/A,N/A,,"HMR7+C5J, Tétouan 93030",N/A,N/A,05399-91717,Montibella Spa
Hjar Laaroussa N○20 route de sebta Pres de Marjane tetouan، 93000,N/A,,N/A,N/A,N/A,0653-962543,Hammam & Spa Torgan
N/A,https://hammamalalba.com/,https://lh3.googleusercontent.com/p/AF1QipPzcWGjUBOg5FcnmXj--GSYoew8VtqSRDtHI0Cd|https://lh3.googleusercontent.com/p/AF1QipNLoU-xnTiefoeHhLDV9PXA949aBCveTqX5WbU_|https://lh3.googleusercontent.com/p/AF1QipNbjzohMf2XPokArh4xx80y1QEa3KCXkKuhyI3n|https://lh3.googleusercontent.com/gps-cs-s/AG0ilSwIhB8hITYSecCGpy2rB-HJ4mndteLLRL9etLSnDhtapvoQEBEh2QR4Tb1PSox3gSIf5ydm4fm0XD5t90-OnbDo7YIE9n_Xcwv1WKH6nFAHeMMesDAByVT5mlFkZwRwn1OEj-bJ|https://lh3.googleusercontent.com/p/AF1QipO6KQUgjZfXF-i7bGJwkesMrNpymx-PZz3MeyUp|https://lh3.googleusercontent.com/gps-cs-s/AG0ilSxApgCbpURKMLgUWri6sR5vF5laj0W140SXu16LZBaqQDVMlc3V_G4ixeOwbysvWjCreB9R_zTe5Ei_5DOH3HjW-yt7_tQDThZZg_8u98-RGSRsc38Kxo2RuNJVnaGes4p6CItnbq3WxraH|https://lh3.googleusercontent.com/p/AF1QipORDuyvVQ8HWekvhYDo2zHtwnm3ZTwFIYOAir5z|https://lh3.googleusercontent.com/gps-cs-s/AG0ilSy-VGiA_gWaNkKzs42l9WkTI-rYOylyxbr8LGRG8bE8i4TI0EV2pOomOmfFfFDuSmM9vSVXFHXqHWWzAHDVTjRkwVSZq0gCTZTsd9QLxVk_mP1xA86POTXy2jocFLN_D25ij_Gd|https://lh3.googleusercontent.com/gps-cs-s/AG0ilSx21_pMgx3448b7af95ddiPlTm_FmWhyVMtwHsG8gJxpwWIcENCBu0wKFPcglG86MhP_PGUSdVTzJvW-m34hsQZGYpOHQR8-3oPoCzPDpnirydi6aowOhCEkoTtkgLb4HOYeN6iW1ItbOcA|https://lh3.googleusercontent.com/p/AF1QipME_oiY_IJLRxyYu1n9W7pWzT5Ymhz0S1WFS_q5|https://lh3.googleusercontent.com/p/AF1QipMpKP_h4kBkBdLEIC4Is_4kJ7khf8jEKBm-L2pa|https://lh3.googleusercontent.com/gps-cs-s/AG0ilSwXgv6aCL2OmiT3O0AwD5sKL12Lmn5xy2LzK5SO1FMGxVKVGMOQ23IYwnpPxFpWvxUFIpXPR4Q8FREJu6AjeuOmsvQm7CEMq9ZsQgQGg9Y_65sPlgOGMJJObjrCu6aJs1HVGb3TTA|https://lh3.googleusercontent.com/p/AF1QipPgC2kjj16Oe5QlpX23-GfqbYsCBcBoHZs3dQag|https://lh3.googleusercontent.com/p/AF1QipPZZEz5u_cgKGODtyp2JTLxxwq91oM31miGq6HV|https://lh3.googleusercontent.com/p/AF1QipPNgGCjFA__BMm1iCoHQZxb-T6kyQLTBZN7Sp5p|https://lh3.googleusercontent.com/gps-cs-s/AG0ilSzxmWt0rIpKnmViBFhIxQsgZvCs8LBSyLVYpyZCekwD5pOROqkHgfNLj0v607lD4TBww4k2S-QhmYU-P1SWv8iDEwDqeLZ-sd0DiTGmjuqRVuyDhTQkE39VkEDaPKtL66NZ9JXh|https://lh3.googleusercontent.com/gps-cs-s/AG0ilSxTP0-f1itAA2h9YD9e7IEoOO2uadHjHt0o5eJMEmWbvezRM9pfN_weoRWt2Z-6_zc7XdM4GRL_73uDbsnE1TxTiujsk7lmoDT1og9WAYb5jq9-dKaOgS7MhvR--LJb8eG0Y1eUihHSOsC2|https://lh3.googleusercontent.com/gps-cs-s/AG0ilSzfe9RYewyYLa5yv3gMTy9AxdachSwIVsaU1Qz433cXPvUsBNeg4VIizaIFtVNN52gp5qGI3N223TdoAlPcXxUMGJGtX2X71VkeTTj101CSmFGcGUBBT_5dhYpR-8H0BDX6ZdGAmi3qdOk|https://lh3.googleusercontent.com/gps-cs-s/AG0ilSx86TYr8VpVkDnUJWJTA3Te49ssaRtpUdEVUiLcEg2RXMymlE2Q6ZDM-rOkMysS6rRUMktS40CyDhgNa_xfCk_FhrSKzUW9Esr_5Yawv0Uymh5EqL9w8EUOKYuBypmnK_y49aULU-4MpQA,"43 Av. Msalla Lakdima, Tétouan 93000","4,7",https://lh3.googleusercontent.com/p/AF1QipPzcWGjUBOg5FcnmXj--GSYoew8VtqSRDtHI0Cd,0613-429190,Hammam Al Alba - Tetouan Medina
N/A,N/A,,"26 Av. Omar Benjelloun, Tétouan",N/A,N/A,05385-54660,Alia Spa & Beauty
N/A,https://mimispa.ma/,https://lh3.googleusercontent.com/p/AF1QipPs20o_WgEen1_xHZ1ziV1PUbCtNd2v-q1l2CCR|https://lh3.googleusercontent.com/p/AF1QipNso7QaPfcYeqv0Odnxa44KYBq1U4-H4_DpTh0B|https://lh3.googleusercontent.com/p/AF1QipMn472GU07dtPIJ8tWws7OJ7SNWY3OwE7B8ITiG|https://lh3.googleusercontent.com/p/AF1QipN4OJpQEiVQ3_UPfthP3mK_NYIwTqpUZ2GB5CDC|https://lh3.googleusercontent.com/p/AF1QipMHm4YemUXT4ySh8QuCRWqPXlTd8dHhQo7J7zPA|https://lh3.googleusercontent.com/p/AF1QipPa1xm26X8k6sPeFPTjgQpRpcZ9I_yRRfTxi6N5|https://lh3.googleusercontent.com/p/AF1QipMr9dL8RXhXV5DPYdx1_ZfS07bE2UEdMxtK4Qni|https://lh3.googleusercontent.com/p/AF1QipMHQSp-EAkBId_t87An4vJEFzkiwDmtRp8eRpQv|https://lh3.googleusercontent.com/p/AF1QipObHcowg3lX0rsPO1Ok_uMB2voOLR6MP4ujySZW|https://lh3.googleusercontent.com/p/AF1QipPobe-3hjpRsH2Rx5Tv99gKh6b9xDOuSThNWxX4|https://lh3.googleusercontent.com/p/AF1QipNyjwSKpf9NDS2PMTOX0OZ9dXvkc4q0x3gezWaj|https://lh3.googleusercontent.com/p/AF1QipPCOzOWaaP7nonE0Vp3KvenMBOiqM9mxuh-5xRM|https://lh3.googleusercontent.com/p/AF1QipMy5YjSsvTWGBEhSvNeYErEoRn7btNyCQL0YAgl|https://lh3.googleusercontent.com/p/AF1QipPlziiIwSR2pt7oFvo5VflrlNPEIDJCp4ons8yj|https://lh3.googleusercontent.com/p/AF1QipNfW2Tly3Ivi3sUMM9WMNbuC_cPRzCCkkobZrf8|https://lh3.googleusercontent.com/p/AF1QipMlgJ1KExiaPY8cKG5aEmyAzFZCo_7hYbKpGYzE|https://lh3.googleusercontent.com/p/AF1QipNMxcz7WOmauUEV6mku_hFqvWDyxhj0nl72u5_p|https://lh3.googleusercontent.com/p/AF1QipOz1Lr-dWF4XU32KccF7jlyGaWbxuTxsjKhkVBO,"immeuble al Andalousse, bloc G, Rue med el yazidi, Tétouan 90043","4,4",https://lh3.googleusercontent.com/p/AF1QipPs20o_WgEen1_xHZ1ziV1PUbCtNd2v-q1l2CCR,05397-26360,Mimi Spa
N/A,N/A,https://lh3.googleusercontent.com/gps-cs-s/AG0ilSyQhJ8MagHrRsbiK451WbayjtnzuOKaZ0yZuGYNLGFpnpw9T_95IiAeliWk8K6QdiqaAL1k0J0XXXcitOXD5VYefmABHyLDJDVb5eJKvf30Kxjo87F5AR5ioe9cybPhHXBNGf-r|https://lh3.googleusercontent.com/gps-cs-s/AG0ilSyMsLlJ84kvl578Q7ku5KTybzOUinlYcEro93ZG7URqk9-YGAOEE3S9KDTdG_7m0EB0_TsTnpCiHU_u29xQRDwmkZ3nN_XHLp48zmpz8qJ28knWPRsgVS0yXb5uP5mqmQ_mlUs|https://lh3.googleusercontent.com/gps-cs-s/AG0ilSzVMrhWqvzriGZCDIP3GXQ8rxh4qV0_I3tGxBe_yom9ZjaCG2toUrDxn_Y6Gq3V4flWv0mq_MegWfsCuQRu0-XA6tyEX8GpbIbYJm0FKFRM05QOKv7HueU8U7Cd8NSzXr0uZMhH|https://lh3.googleusercontent.com/gps-cs-s/AG0ilSx3gsPywpj3yIIVJsJ7I1GAxsexRKmNaR_1hfhqMsTwMRx_5e1JgRPLv5zH915X0lZQJIz1Qi3-YI7AIN-g2kh4dRrfHomdzrTAQ5lmb8oIujDAZ3W9Pnayskp14nsQYFL0zj4|https://lh3.googleusercontent.com/gps-cs-s/AG0ilSy3_rArfAbUfOR6THjlAbuAgoEo2oCqsfov549kO13PmKBi0UMH7quzaXcTAf-UXJU0-sZf4dX3kkyYu6C6Q0WyhiiHRlURFKg2mbWdoTuewm5VNmycK4KDK6c2gR5B0sSICoq6tg|https://lh3.googleusercontent.com/gps-cs-s/AG0ilSyrTG3Al9HjZ77jMBdHwS-go-KmedUOyAGBvACO1buHhcEmDvGL3ptJAVZDUEFOQGpIy3tJ9hKTYy0CC4oZMT2sfwJEeXSNO5xP2ETR7skzXdWY6e7sSsv_NiPmcnrFM9vVx2ua|https://lh3.googleusercontent.com/gps-cs-s/AG0ilSwNzZM0xY_LKcYVDbIOy-O68nA4kf8tLXor-GPrCPcRhMmbqqEXHmGZPWgrr9q8VtwtkysGm-mMmspkfU7423ghJanmqVu1opZBS57GzcTUUmCGXhKR9jok2MsLVM7mWhl-8XsA|https://lh3.googleusercontent.com/gps-cs-s/AG0ilSzcmeEt3cgSqS-rxhPbPidFpARBEdyC84TdEHXgt1Z1VsW864SKqUcWh8Ul7Qf9lbCfggxLNxLqJdccMBfsuLVKXmyyWx9wAd3iK_g9OZ6Eu8NIBs71tzqYbWIs5vTPM0YlxIcQ|https://lh3.googleusercontent.com/gps-cs-s/AG0ilSzLShWugxjxRbeCJJTaNqJtutq80Q4NideDt0yRrHU8Ef7MFg6Xwarh6KNUV3H2AW2RgdWpVtxF_zePsPnnGYxiZXaCTpQFbR8wraahxhq0qqK8KTmJkjVtfwUsytnoFyum_iIBbggkJCc|https://lh3.googleusercontent.com/gps-cs-s/AG0ilSxG8K9TTC1XIk5hFaDChvq2EyC30OmEElP-hpOKs_BKcO3PWZ7zepMofGo3b_VAfuFVwGCSn0R5Amm2YIx2ysT0R20j8YOnR6J5fzgqKoqf0ksGp_WpFYMvQzyz4eAfxlXhSD0QeRODwI8S|https://lh3.googleusercontent.com/gps-cs-s/AG0ilSzwPRbTorbFaJuRMCgoZO6fSpbmt6rZUlLd9ZSmvHtiOnZPegWlDlVxL7LDLl4geCv69r4xRz0jic1gx3K_p7u0bsIhqCMUNb2s_h611rJBTKwoFMSGlR9FJHnIra_z4E-no6eR|https://lh3.googleusercontent.com/gps-cs-s/AG0ilSzby5TVhczoxXPXGYopuOIfM2HXk24nqOEvSQfzWKCVigJxvpWBnl3aZCdZ5VvzyFudHV6aaBjPE1hVlYcuQwrsaqqB8Cd8jYjBf-dPaoHT-IKgd-pN9j96KED2RArBr82oWqjOBaajgTjz|https://lh3.googleusercontent.com/gps-cs-s/AG0ilSx-7atawKLx5ICG5Yqf2rPL4teDYkc5cYr31i0Rpe4r74ObCMtn6ajBADLbcaOb8Q3v8i04yLRoNBPhpkfUg0NO2VC4PPX5RjJROKm0H3gY6ncwg0kYDHEEiUcuF1c7cAYvS3Uc|https://lh3.googleusercontent.com/gps-cs-s/AG0ilSzrAKKs2N2SvKBWa5hUNHyjatIzuGvKKJVe5LCWF7dm8lmNqsVLqInGG1LHRCf24OBljnWfYm1fjLgshcWIS_6I1aymGgneUDKBzi7OROx9pxSPbyTnMTxpP71sWCJoc-sXWWA|https://lh3.googleusercontent.com/gps-cs-s/AG0ilSyKTBqAa7SiRb1A-GY3GSNlrJc32l6I3cboMIvr6098oWyNhB6wILUE0-5vhE04S_3ktMp0fdO3MNbSsJ7D3eawmh5UB86fcZtduch1BEkuSoF8wfKlV7zl1UMBWMLOoTS-hhU62w|https://lh3.googleusercontent.com/gps-cs-s/AG0ilSxiiEDKnbUsy936rltZHmfYMC1orqGqXlnygVqreJ6JhkJpzvtiE_HMXH3Wr3biKmpNbCHPfpOfpCz3liF4Bkl-jwPkdIet6LYzGMktuFeZgyofYJWBYLr6OrnGZHfRvAwrOOE|https://lh3.googleusercontent.com/gps-cs-s/AG0ilSyPiIWLXHlFGIZdl2wHxXyUmhSkPOEiQ-aJoBJXhZOvUQLKsff-2M3SAJDD0IPTjlquuloll9Ld52COkAstuvCYzE1vBj-NbV55sG3FSPWqnRE01SWuoUtoi_xcQT6pnc5fXWG73A|https://lh3.googleusercontent.com/gps-cs-s/AG0ilSw4fkDrbbCZQRV6OfRp3zp6zjmNkREiWBsbeVwpBoynJcAUbieFsBFEpLBW2-7BO5fNDX6ahzbZiAWGbNVAfp6-HX8gQWSk70gaThghTgozDQyfwI0XdAK20FwXF_U0Vv36tvPwnJcpgt6g|https://lh3.googleusercontent.com/gps-cs-s/AG0ilSwcTGNwSuiPFUnXjv6-82BeLtfBx21eRMq8Own5DdQGscVcNd79lCETq4EYwvyGSPqwKcmxQ7jnDntIBrhC8P7sfIT0kswo1xwiYZiRxRCyvUjqJMgjb-TdSkgNsHEZPN4QfwdSKw,"N, DERRIÈRE BANK Al Maghreb, 94 QUARTIER WILAYA, ASSOU BASSELLAM, 10b Rue 1، Tetouan","4,4",https://lh3.googleusercontent.com/gps-cs-s/AG0ilSyQhJ8MagHrRsbiK451WbayjtnzuOKaZ0yZuGYNLGFpnpw9T_95IiAeliWk8K6QdiqaAL1k0J0XXXcitOXD5VYefmABHyLDJDVb5eJKvf30Kxjo87F5AR5ioe9cybPhHXBNGf-r,0531-059821,Kenso spa homme
N/A,N/A,https://lh3.googleusercontent.com/gps-cs-s/AG0ilSyHqxmH2iqvxwncEsWAYVvslfFy6dhgQJ4wwBC9Z8y9zPJzwHNTP1ki0Pu_rMAOceOSAmAfaWroxej-gZTYKD2cTc1W6s6CpaDOXS70MSQFg9zVpo1xtgb4It8tMmHgzvb6DQomyxdB7dGh|https://lh3.googleusercontent.com/gps-cs-s/AG0ilSwT7xkJU0-4vqzKbC-03OG6fhXTiH4YctSh6MzVdSlP1TUAR7kHFEZFvnhajK82N7nIceCNCiCEw4mfJftVg_oLl2CLFnFy5dsx_0YFKfmNiF_nbZUKVBem7ohqiGNCfcPrs1Xg|https://lh3.googleusercontent.com/gps-cs-s/AG0ilSwp_zndHn0FoUJ51TS1RRrBfHYuJu_WARYTSus1NS2wzN3y_b2I322Mjw6sPdAPcxha7pUc56_AmQodosB9eLemgJDVa1hdcNZh1rncXsavL5Bot5mWyPf1MLZLE0Qhy6Drsape|https://lh3.googleusercontent.com/gps-cs-s/AG0ilSyiRGBHyE3jfgt21QOYAjb5BdCqslwehOQO2bQX8ltXunEM2C4HKdXG1Y6l0M3LHM0N-Q8uWBWeiyryducendyeqvUayaGCISEm6uOnwdxdUW2yE4hqCiaRSUnk5HOcM8U7iI0|https://lh3.googleusercontent.com/gps-cs-s/AG0ilSyCe9gN29TIDENx6XNp0mbfnyfywS-uWaDgcCY9C8SYfpKihUIhh3TLV82pjRDoQ_19qLxnqckIzfEsUsBQW_j2KBP7iPBMMaUvaALg8mKQNIE9nr14R6t1bpVygBJLMne5fnVc|https://lh3.googleusercontent.com/gps-cs-s/AG0ilSzXjfOlV2YLYwnjuJRrGhycdHsjc6E7AvsL7hWIRqf7_3NNppl77b28_zkkoj-VRorTeFJf-jSl79H7w5bL06a8yVzsGW5c8BoqTfDDH9OYIXJlpHrrN_ei2ryPQeaeXIP3fR3iIy8X9RSZ|https://lh3.googleusercontent.com/gps-cs-s/AG0ilSxDSXmK-v5x8GYWM4DivHSES4ytEJPIa4ZvX8DkCE3c68PhqA48-FZ9LtoGePMRLjt2U8lbulX6DdgSQGGrlt8LItsfUnOuX7P00NO9TZxy64Ssv2rnN4l9rYcXB8gDT2ZaogHu-A|https://lh3.googleusercontent.com/gps-cs-s/AG0ilSxPN4v_KqaBwAq98JF7IHCu-OFDlmug2eoFPscGFpEUMl4_cU6Q_W1lUelu3px2bk12itrP-spUb72okDzshabjsTl9LR1gCdTZFtOuMlFOh6edTlFNI4IqtbjtMCMd63kPXo_3|https://lh3.googleusercontent.com/gps-cs-s/AG0ilSyzwidkMszUk4h3XiS9cG2tUREvMAY8dnADAQWBI97khUF5XC18FB3HYy5yd4E47IBWS7xEYZk02seCX5I1Uv7tc0tFFx0xAwnPUKkRx7Ub8wk3ilQVPHW5cWJ21UbFVGuHqyAK|https://lh3.googleusercontent.com/gps-cs-s/AG0ilSy5QcqOZFylmwh7OCEXvjiW6iIp_Zb1VZ92OzNitEPLg6hhg2SexVrLMa9bIZigphhfiR6GsF7jlzPrKdrdxvESEd2UYCMy_GxkrWizeRdCPsTA3xXzaic5vjn7AJTJ54d2mgHb|https://lh3.googleusercontent.com/gps-cs-s/AG0ilSyNqRGWnaQ98hPu7M-m9R0Pw5qb2vBUreXL2GusG_TZkpxQC0wmb3gt5HoDPX6-qz8NbLC76kVGyuYx_jsf77hzHgDSeFUHgbEyVpKxUqsOO9ReLKXGFVgMoJ3I4nV-Y8NHOBVlMKzEvGM|https://lh3.googleusercontent.com/gps-cs-s/AG0ilSyW1SbwONq8KiaB0B5peCNITu2VmkfATgZyK0aEEHoZw-igzEePOI8Tn3Ss27QPjJEfOtsdTvtAakMBb08Q-a99giLxuUp81hStRz5nSUoq_y6bIiplAkpwPz-HbLP90UlRj2Q5|https://lh3.googleusercontent.com/gps-cs-s/AG0ilSyD4efuR2CKwiSdYXDZpz3w9OoXe5aipnArSC7fKzOk7piOQZt6iFi76sdXRf6k9CDGBgyKC-Z2g9kQGKJLACp-wwYmtEvenUyAcEeFPgx9NBXjpRU_FRF1ySVgH7f7-necZwqu|https://lh3.googleusercontent.com/gps-cs-s/AG0ilSzn9IHvwg2z5jkZE7iou9jyCvZoBcXiCbQhg3CZC4la0w8TBCZZCu5QC6rWBl9xg4hC4kb8Mhm9K3VVb_fPVgRb_giR_jGRef_3g5au1pP8Oq26ogQzvo6HTydFQDSzBC7wthrKjA|https://lh3.googleusercontent.com/gps-cs-s/AG0ilSwVOKK1t2VPwv4g0901yuN1wC8SG7GM9kblrWLhIL3FjtGL0GZROGF-EN76WYZCZ0pGYdYSb2KE0oYxvOAB6U5exkRVcDO9Vso_rW987wOgURqHj99OVRQ09pufl30s7c5iBEmf|https://lh3.googleusercontent.com/gps-cs-s/AG0ilSxMfbMTCEHY7ZRaLwipnlqs-vCokAf_mTNoqKbx63kK0s9jmUnNt7YAjZpt9APpddh5ujHEwQfEnuSrPAsm2OhG91OT3Jniwc7Dz22mE-4LXlri6P6xi2zZ95E9LUnmTbYYg49o|https://lh3.googleusercontent.com/gps-cs-s/AG0ilSzkHckNtJ57wfwAz5ppCOG3JB7SMYCXRrphuva0aORZVETNOUexVtjVF3cQtNaACgvAVMT1aV0p7BzNkIHy1sKka_GMAJzT00tZP4RAOTwGu_ZgP91LwVwlDuPo4CN95_FI4EruLg|https://lh3.googleusercontent.com/gps-cs-s/AG0ilSx6-zj3vSA_jcP8XClr2H4ikR9S7cJVEXP9C_RGHrDVqyrK5fM83EKObURl66wrAi7gZk3CqiCyEBUdowb65CqsweXkoyDBwUmKPBH84z_cq0FcpdY_RTOODyog1LTy-ElEU0-c80BeleQ,"HJCP+PQ5, AV. Mohamed Amziane, Rue Abou Hassari Chadli،, Tétouan","4,4",https://lh3.googleusercontent.com/gps-cs-s/AG0ilSyHqxmH2iqvxwncEsWAYVvslfFy6dhgQJ4wwBC9Z8y9zPJzwHNTP1ki0Pu_rMAOceOSAmAfaWroxej-gZTYKD2cTc1W6s6CpaDOXS70MSQFg9zVpo1xtgb4It8tMmHgzvb6DQomyxdB7dGh,05399-92001,Tamuda Spa
S'identifie comme géré par une femme,N/A,,"5 rue A, Av. Marrakech, Tetouan 93000",N/A,N/A,0662-375158,Zenobia Spa
N/A,N/A,https://lh3.googleusercontent.com/gps-cs-s/AG0ilSzomxQxonip4ZZf-VYUdWB4kCWPlnqTpAjcQL3Rsxt2d2a0-eWPSsJC28as1ZyrOm6b8FqffIR9GD4FfcP94PY87gkpteoM_zDWNi9LvBXTN84TBrks38N6qCE8NgwMW0NQIL8bD4ccoWm8,"Residence widad Av hassan II Slaoui hay sidi driss rdc, 93000","4,2",https://lh3.googleusercontent.com/gps-cs-s/AG0ilSzomxQxonip4ZZf-VYUdWB4kCWPlnqTpAjcQL3Rsxt2d2a0-eWPSsJC28as1ZyrOm6b8FqffIR9GD4FfcP94PY87gkpteoM_zDWNi9LvBXTN84TBrks38N6qCE8NgwMW0NQIL8bD4ccoWm8,05399-62482,Great Spa Tetouan
S'identifie comme géré par une femme,N/A,https://lh3.googleusercontent.com/gps-cs-s/AG0ilSy1fb2Yh2lPyZmbZy6p679Heinm8C1zxTZZZAHgXNmERkBXxHrKB103nre2haatt0zqGJuDEgqOqfxv83W3GSXXaHcXaVwBEF9TpSC7WpPRlLBxnJcXs2HYHMV04vYejTYDFs9yIw|https://lh3.googleusercontent.com/p/AF1QipMw0LS5FSEW0Zp7fvVMqS4ntSG0VbOoPyd6Sp4M|https://lh3.googleusercontent.com/gps-cs-s/AG0ilSx8xxkkbMFwQNek7FBFR3AJt-vxoXMcc_SWUnG4N0MdxqqaQfeN8nKencY5FJBNOaQ9np77wNZbR3cq4Kr1ZgSYtJMgSVLDICJVj3IiaFySY03uCtUHyq2Dgjd7A22m69t9KcB5|https://lh3.googleusercontent.com/p/AF1QipNkyjgkpCN8ASnT8pLKgf7Zn2_AKhAXTu3eYqnN|https://lh3.googleusercontent.com/gps-cs-s/AG0ilSwTceUHvMo58QSRIHUlu-DTaHdFblatekl8pPnV2Zbqif4G8soWJNV8omMm0aTG5BcWMT6ZeQd87GFYhg4AiFp7hcP0wCfnZSnVi93ZQxFYIgUxVxxtsStpvlIBnM3jvTDUbAgDUw|https://lh3.googleusercontent.com/p/AF1QipMIR9YjrEmQ9A1MWR0l66aLhKuGPtmJ2uEKl9P9|https://lh3.googleusercontent.com/gps-cs-s/AG0ilSxkSj4yFIl_SfNGIPZ823EgqNfvOFdMizpn3wsEQIfRmYTw6oUHS1iWsEl7QHg13jelgvs3gX84YS3oV6rlq2GIXq-cjyv39OXCyZfrMXcIseGANIxFguIInyIB_MbiZIxO9Ah6-Q|https://lh3.googleusercontent.com/gps-cs-s/AG0ilSxJofSsm2VtvriQbRBmH-iiN_hGZ71C2D_VZqj_AAOsVLwrF9uvHL6O2P_dMLSD8jvhUb6Kf06J4A6d47ngamCEEdUb-hFgqvcz4WMbihvHmlp7zTqxdT9KlfVU43YuAgbcCkEFxQ|https://lh3.googleusercontent.com/gps-cs-s/AG0ilSw3OO7K4aTZMIu_xUWZoDWxkZ0RfmSXJcfgYhUBcMn2i_FWqhunNVW-qnDifz9jFF99pO3WrrJeP25904GUUe90FGdG36_7OUc5cvKzfx2nAsZX0hYwZxB835dk5iVgLrISdgKSbY_AE2Bw|https://lh3.googleusercontent.com/gps-cs-s/AG0ilSywJXvzm47ibOhFgYPYiOh125cypNXvh9yl7aShz3iDnMok0sER34yqupUkNAc7hLcX6m5QsmHwll5fypWvMHIps6kao41kFpqhbupFxyKhEO--ZFmZGY24K1gS3hou4ufiLzsJvw|https://lh3.googleusercontent.com/gps-cs-s/AG0ilSzzyA1Yr3KgW9Dxy0BuiWEPAvOizZi8t965FCzw3erH19YNubFD9t-VlU8UrXC-I3kxNTq300KsvI66t5IWZgDs5iEf4Z50R9wJVyGeekUEH_zAKd_O-PfrQ6wx1YlNgqSqT9I|https://lh3.googleusercontent.com/gps-cs-s/AG0ilSyMsJzxjvXIw4SUt5Mq5zKlttk3BKnacBUr3iSe83mfy895YVSDvYWRaiR0v2ZtsR8qdEuc7aA_ELYB_6LYmPrww6zDdD2tmRtVqinzWgx4gQUmDEbKj6oNX0ySywsKORYsrbpdXyiUjHq6|https://lh3.googleusercontent.com/gps-cs-s/AG0ilSyi4nfDtO87J1fW9E2HMXiDz7IYt5Vvig_Aupxw9cUMMWE5ivhtu10rMJ3ZfOQ4kpA3TDvefd-EHPVFKZNeFI0yLItaItyJyS6XwReE6m5k_sqJsL3dmtFPCcS5wTLKu9mOOVYOLQ,"Tekniya , Avenue Tehren Résidence, Rue Al Farah، Tetouan 93000","4,4",https://lh3.googleusercontent.com/gps-cs-s/AG0ilSy1fb2Yh2lPyZmbZy6p679Heinm8C1zxTZZZAHgXNmERkBXxHrKB103nre2haatt0zqGJuDEgqOqfxv83W3GSXXaHcXaVwBEF9TpSC7WpPRlLBxnJcXs2HYHMV04vYejTYDFs9yIw,08086-96975,Spa Lucienne
S'identifie comme géré par une femme,https://www.instagram.com/headspa_massage_tetouan/,,"5 ème étage , numero 17, Residence hania1, Av. des Forces Armées Royales, Tetouan",N/A,N/A,0677-908806,Head Water Massage & Spa Tetouan Morocco
N/A,N/A,https://lh3.googleusercontent.com/p/AF1QipOU9Y_hbjWyFmQabCi5MIf0RoGzWvkj79gO0bs6|https://lh3.googleusercontent.com/p/AF1QipPHHSRYcsFD504AiOea6oQrhOSGpcTprQd3jbFC|https://lh3.googleusercontent.com/p/AF1QipMQc7zA3mjlKrZ9aVqhlA_9FUlbmRZTG12O5_Qo|https://lh3.googleusercontent.com/p/AF1QipPczv8h_kiBKkjGS3d7dizRyZ8XITBtsgGg4pdF|https://lh3.googleusercontent.com/p/AF1QipPuaWzCzkaveGYGqs4QEujMd3XBqq1ZTsR-kyhE|https://lh3.googleusercontent.com/p/AF1QipOPn9lPtunz9w5-MgUADkCJxyshscqHI7L1EOTG|https://lh3.googleusercontent.com/p/AF1QipNIi9z3zHLN_wMIvy5fIw427IUqKVjnaZ-gUADS|https://lh3.googleusercontent.com/p/AF1QipMI4OJAetsUjzNLVYq1XVqwGU8ZskK-_em8hz1m|https://lh3.googleusercontent.com/p/AF1QipMJ-zCEBwXCXKCokQFALNhQp5iEmDw5ynF--oDr|https://lh3.googleusercontent.com/p/AF1QipPguQvQiLWKW4pSjDqtHLKfkPIUQLK5VI6UgivV|https://lh3.googleusercontent.com/p/AF1QipMN5CH4D6UaRuwaT-Jv4WBFK85sfZOFYpCiDnJS|https://lh3.googleusercontent.com/p/AF1QipOkiwdBiHHEO1RiGrndt87uzjHOXC1ZqSO7jAYc|https://lh3.googleusercontent.com/p/AF1QipMfQTsjvrUGlWySIfYwLm67zcEDaFCETN4a3FiP|https://lh3.googleusercontent.com/p/AF1QipP4_HSjaZnXNrKdlO7xj47K361q19cVFRAYOJ8M|https://lh3.googleusercontent.com/p/AF1QipPtcWtUdqADv62wg-w-6tk8CwPEaZEKSCWNHA2_|https://lh3.googleusercontent.com/p/AF1QipMQrGQ0MYqYN9k7PUkLjhFtcoEd88cmG5XOa9Zl|https://lh3.googleusercontent.com/p/AF1QipNP_Yq8WZkU_Q9vsc37o5qfWKK_y5maigBm8Va3|https://lh3.googleusercontent.com/p/AF1QipPl00ZFmCPAfK9J4z2a5ihnYPeNDxrjr4SrrOKs|https://lh3.googleusercontent.com/p/AF1QipPvt0B1HyQCBygq87zBPjvuXaV2cdXS0ma6niDE|https://lh3.googleusercontent.com/p/AF1QipPg-8pCdFbGyNqVgz5c1TuLcayZ3s4LuCUQRJis,"Bureau n° 06, résidence Malak 23 wilaya, Av. Day Ould Sidi Baba, Tétouan 93030","3,2",https://lh3.googleusercontent.com/p/AF1QipOU9Y_hbjWyFmQabCi5MIf0RoGzWvkj79gO0bs6,0664-383460,SPA ️NORHAM
N/A,N/A,https://lh3.googleusercontent.com/p/AF1QipPczv8h_kiBKkjGS3d7dizRyZ8XITBtsgGg4pdF,"Avenue Allal Al fassi, rue hmad hrizi, Tétouan","3,5",https://lh3.googleusercontent.com/p/AF1QipPczv8h_kiBKkjGS3d7dizRyZ8XITBtsgGg4pdF,0707-229596,SPA DalGui
N/A,N/A,https://lh3.googleusercontent.com/gps-cs-s/AG0ilSwQJpVHLqSoUzQK2eX_k_taGdqwP8HMzqJwoUVHkFak0DmopgTHL-vQYlwBmB-FNIRA-zw3N-G8_3rk0O_ZgRZvYL_W5cViAM3WaMrlUXYSlAnbz1OupmA0jTsQ_4XMEPLg7Kkw8Q|https://lh3.googleusercontent.com/p/AF1QipMJOlP-_Z5e27bpgjsF5lnRwSrlX6XTa13Z1sh2|https://lh3.googleusercontent.com/gps-cs-s/AG0ilSxtQtXTsc61EE0rhhsJ7Hr5OEMBVPkZPG4tWDfUn8nrGFUFHWJqmP8Gxr4LbAeXVm9RFrkxln7uKF05wQdcDHUBuyKLJCdFHewkHH-yJYjutIflahbvPlFHqZ7d0pAw_QRpkuwing|https://lh3.googleusercontent.com/p/AF1QipPVWD4PuxEYgK0ZtKj_UFstgB7IDz3wbicq8EsI|https://lh3.googleusercontent.com/gps-cs-s/AG0ilSx7-JkGqnXAwmQR4rU_i7R2xAYvwdDLwRvgD1TCMEw8Vyodk6zGjOLV7_gOBX4I-z2XrVyFOCdWuJrWa9SMQegoJfnYC-x39WOjSFq9SsRTEN97UO4pDhnJy7BjQZw6JP-a5-2W-g|https://lh3.googleusercontent.com/gps-cs-s/AG0ilSyPSswPtpitU6DezQKvUpRabVALobZs84MnidOz1Wxj4zaT57YBrpWGhvkmTp-0boKRgco3F6N1gSrDPlJbWvh557uz7IVD4Ro1QrGvsOQp4bFFBEJL0MrNGKRQTU6mLXsEN2BAeg|https://lh3.googleusercontent.com/p/AF1QipMrt1PYudCSOZxILMK_twAZVxYdJJs_H8JLrPUi|https://lh3.googleusercontent.com/p/AF1QipNfbhLiVYSiE5mxZDlbL9BOOnC7mIxXXyNBspN3,"MMQF+8FH, N13, M'diq","3,9",https://lh3.googleusercontent.com/gps-cs-s/AG0ilSwQJpVHLqSoUzQK2eX_k_taGdqwP8HMzqJwoUVHkFak0DmopgTHL-vQYlwBmB-FNIRA-zw3N-G8_3rk0O_ZgRZvYL_W5cViAM3WaMrlUXYSlAnbz1OupmA0jTsQ_4XMEPLg7Kkw8Q,05399-75572,OUD SPA
N/A,https://www.chezismael.ma/,https://lh3.googleusercontent.com/p/AF1QipMd-spYCU-9Bm5243ieTi5wjwfz3Yzak40o73_s|https://lh3.googleusercontent.com/p/AF1QipPnxpFPsn2spiQ7v8QhnF4k9jwYKWMGZEKLMkXt|https://lh3.googleusercontent.com/gps-cs-s/AG0ilSxw6pxsRaNCZQIVLGAAAYdeLOWzPsl48p60_H4bx7uuCNqiWowhhmzUHIO9IKNfFdIHXFE023FRYXgAvj038O1Blma5LkfyudzyyB1d_E5XAI8OAJ-1ib-x8KtHAr9MC7ZakAmj|https://lh3.googleusercontent.com/gps-cs-s/AG0ilSw5SvAkZjXTEBaJmflHKK0Cz4Wg0mSFqGu6ijc3qn0tKJJSf_G6mE1b8Jm170tk4qQ89q3_fH7xO6L_kq2TSKELH0Xl8my1p3FM28jHDXathNQ3DBO6mhkZWZWriu1mSanLe9Xn8aQ7cN5Y|https://lh3.googleusercontent.com/p/AF1QipPTygjy33Wk06WZxcVbE-4ruU8dTpGmtg-yTkNd|https://lh3.googleusercontent.com/p/AF1QipM7wFqZpb6S7Dc8873Hmsj5ZROgIn5UNqEtyXQy|https://lh3.googleusercontent.com/p/AF1QipPnoWOTkjinZjpDodvl5u8BqMmIjI5deITlzn0Z|https://lh3.googleusercontent.com/p/AF1QipModYsvofIS4WcWZnIMvyFnpIU1utex8Yc9nbVQ|https://lh3.googleusercontent.com/p/AF1QipPSk32qTa7ntBzAl9lkMvUdwaSv8RTN5i7onbJP|https://lh3.googleusercontent.com/p/AF1QipMjFHOKiEwXgiJKi4FpPBVoC6ZTl8WYWtItobJk|https://lh3.googleusercontent.com/p/AF1QipMPkMJ5kvA4EcnFaIK1wxQkaT0z2DZoKpOIkrnd|https://lh3.googleusercontent.com/p/AF1QipNXa4DMsRCsmSVEHTki7LkNz2UK8NVDk-0eZbwk|https://lh3.googleusercontent.com/p/AF1QipNYCGoVGtJWfSvKhm6oG108ayMG-1P7JT1GayIx|https://lh3.googleusercontent.com/p/AF1QipOmUm1fsADvrVhdHLuqVW5n9IuN1WvSh2ti6lU3,"94 Av. Le Caire, Tétouan 93000","4,0",https://lh3.googleusercontent.com/p/AF1QipMd-spYCU-9Bm5243ieTi5wjwfz3Yzak40o73_s,05399-90162,Beauty Center iSmael : Hair & Spa
N/A,N/A,https://lh3.googleusercontent.com/gps-cs-s/AG0ilSxpK1vs5xfa9hL4dLT22fnNs7WXQZgx3B6ouSN6LWBAKWEzJyXHKTdbNVnrTG9Qnp_msMqhfu8VUmP5exFPxmJfhkrmuIkiXi6JhbymDij0J8k63tWhQF16HQr28B3pnnFeh67NR_UHabpC|https://lh3.googleusercontent.com/gps-cs-s/AG0ilSxIAXNHFRxScrExB8j-c7qqc_HwOg0XoyMGvAqnpeaEWmWi1Iuc6k0IQNOD8ggcTGiqL_4af646XT1ZPCM_g27qq15UaECzaSJjrVLYhvXfsIR2PoiM9OF0mc96okbccHVTGv3ILw|https://lh3.googleusercontent.com/gps-cs-s/AG0ilSw6iVn3ifA65BMxAU64xiBijm4tBBvdWK3ctjopLDeximeVDEnFSCEx5HteInoronWI0l36xNDIpFeU26evtrHPfKuvLAIXCqwjrLQLBr9nODmvX4NNC3d3Y9XlglT6x_lwYS5HfA|https://lh3.googleusercontent.com/gps-cs-s/AG0ilSz1BnGpygQGs_73Udth4lHCuyPxWKqeFAk3FzfB88_lRyGeqZ73wU8PJhMlQ_snz8Bf-B3NePOQzCqxf-THzodgnqWIqh6q77naYslZJ5t84Zx0P3Gt9nktCFKFysjpjtKCODRrjg|https://lh3.googleusercontent.com/gps-cs-s/AG0ilSw-on5dOSh2Da30CzCcQWGUQ6TC3d9six_I7Va5fIi83eHIEM9mADWaYdvP0LzVqXWuo3zK6PMiho62E1upaU8FRSiFhX7xEWRWIScRGibcYgb0LmMmGV9fMeOLxCTVj6gXEIvwWA|https://lh3.googleusercontent.com/gps-cs-s/AG0ilSw9-Vf2f9nbOQRyWziOh51WuKnKTCTOMHxKzDdbGnyV9P1flxYN5HS2wuZU0JWdak9bwQcZt2_giwlN-A1J3frKRgQJ9jCiXc1B3FY-pxe7zHr2qqv3LkNRWtKk3zDG07cE7nM|https://lh3.googleusercontent.com/gps-cs-s/AG0ilSzp-xZe47LtnH2waZwIbPY8T-du-s4pBoqefP0iH7b9OE08a5t8feXb7dBQlKbaO5QZWkf4m66FOHKkmaH-hnXb7bsUfxfIIqouIBkFtVU5ZpznkItivUUiH_o07uOe7xcQhhSD|https://lh3.googleusercontent.com/gps-cs-s/AG0ilSz-Mfy58erh08OXsfb4f4IkarFMkZDJ8YxlP5LIA12zjQXq1DmdRbr4GUUXKA7LahJzcR59w9qndNlmb_RFhbYshhlBX_oAjDWqHpUbAdKOK1NqTw9E2dk2wKg5kjO4yvR0LXd7|https://lh3.googleusercontent.com/gps-cs-s/AG0ilSyNbJsgIWVfszD6bW5Hn15cg3Hf4ylUNxmbeg8d3LkNvrfdADNuvglRIoSPLNrdonSEfFy_jM6A9WdOC_QgL7tRGOKElFXxaJ9mp-137HRDISrVNHitpjVWY2OSKnYYNoLE2xA|https://lh3.googleusercontent.com/gps-cs-s/AG0ilSxXGzfyTGagAssDX8cIW44EceuI0Zyz-AjeZH--GL4ulOZWbkrXNpK8njv3nkXQ09TIAflwVaYBnQ73z0lwEPPRUfEUKLLkBq6-Enzhkeltlt0K4R_fud1xd4I1hpF7Xb13RW8S2w|https://lh3.googleusercontent.com/gps-cs-s/AG0ilSzjUiGOSoCYXUtfRCXQppNH0eudtiuw7qa3kzFeBJVrzbSJLhuBOk5N-l8R1wHhMDby8hxqdwpSBHjSGNmelCmDEkw2dpTnVsZa-MSAihQZsnIStSF1hnIXepY1ttBy_YdP9urt|https://lh3.googleusercontent.com/gps-cs-s/AG0ilSyfg_uc3kv6-8_r6ENKIMgH-7Kl6sSfwJTSGVSQizsmTmwx_Zjr1P_NyN0pm_Pqqryo_L3txSDCzBs-OEVDIC67kSaHndEPMB7WPzOnbCbo1im6_wpz6Ql8R6976-s6h1Bjsw_wuQ,N/A,"3,7",https://lh3.googleusercontent.com/gps-cs-s/AG0ilSxpK1vs5xfa9hL4dLT22fnNs7WXQZgx3B6ouSN6LWBAKWEzJyXHKTdbNVnrTG9Qnp_msMqhfu8VUmP5exFPxmJfhkrmuIkiXi6JhbymDij0J8k63tWhQF16HQr28B3pnnFeh67NR_UHabpC,05399-79845,Rayhanat Martil : Hammam & Spa
N/A,N/A,,"Résidence Malak 23 wilaya, av ould sidi baba, Tétouan 93030",N/A,N/A,0651-699156,Massage Noha Noor
"Heure d'arrivée : 15:00
Heure de départ : 12:00",http://www.marinasmirhotel.com/,,"Route de Sebta, M'diq 93200",N/A,N/A,05399-71234,Marina Smir Hôtel & Spa
S'identifie comme géré par une femme,https://albabeautyspa.com/,https://lh3.googleusercontent.com/gps-cs-s/AG0ilSwMlNEkV2avnT4MIELfzh9LlqXbCsF6hBuZjqWhVqezJwxIn-kCMhgTKCQ-QcFEW2XS4Y4xWD0UcoXFloKWhJDiYF9BAdU12g_ZKFjs8tRAtW5L_OX95fS6NiYdW7FKWbT_t8o|https://lh3.googleusercontent.com/gps-cs-s/AG0ilSwAccj78Z1fQEamYq_yrMlSnjAzti1oFQiZL53AjfjF8n0AT-GEImU_Y-DjiFxxnCsgK6-A6vzvDkKx7l-kO75o78K8n0SU8vYsKvgYkVpu82W90E_XNY1tHtFeJyRmTAo_IJFB|https://lh3.googleusercontent.com/gps-cs-s/AG0ilSyJO3C6xIoeAZzwkJeK0IqgwH9qP9SkUh-PFhJepfaCU79c_uBPxPWNOABCBL64TS2KVZmAG2ImCXfsaakhN755LcGfI9pXIhjcXtkDJFO-LwZqdReNHZcGSa6GJagnrIJzrjM1|https://lh3.googleusercontent.com/gps-cs-s/AG0ilSxfDv_MSN-7fwPM4UVoB7LkK3glehLDvI1b9VpCzUZEqr4MAwANI47PowIEIezE5sTFC6YiXZe32nHTOepPyBj0Bi6sxZ5-9jixh0Z7yDhxe0cLVL6NSy6UjoqKs4uju0lDOfI|https://lh3.googleusercontent.com/gps-cs-s/AG0ilSxOOU_iWv5-BcGgnX3J03LZSawXPbe53Zl-CPf3dZ7cxUEX7xKN8_ygO5_0brFTfc1Q_1K5oNr4X4BsF6GDQnEiF1zfc4mKmut6G4S6L7pYgmKej3hqntA-uMBrXKjG_CHSmcGM,"5 rue 1, Avenue Al Yarmouk, Tetouan 39000","5,0",https://lh3.googleusercontent.com/gps-cs-s/AG0ilSwMlNEkV2avnT4MIELfzh9LlqXbCsF6hBuZjqWhVqezJwxIn-kCMhgTKCQ-QcFEW2XS4Y4xWD0UcoXFloKWhJDiYF9BAdU12g_ZKFjs8tRAtW5L_OX95fS6NiYdW7FKWbT_t8o,0640-100510,Alba Beauty & Spa
N/A,N/A,https://lh3.googleusercontent.com/gps-cs-s/AG0ilSxgwhKMXjfkPb9dZuBsKTHQLWT4lRfFM-1QQAtW12UEchWjQh8ztPdC6WEu3OoWjRWt9ktuhqQ1Zp4U2hqaV5sqlg21nGT9aFBdV49dUZkocKl1g9kRT_EQZ1yOB-tHIxmS2D3_3w|https://lh3.googleusercontent.com/gps-cs-s/AG0ilSzopNKLaLdlzrPScM8bShgZDTOteej9RAdhYnf7QeVhp-N4xl2VzqXmhWWNflJQEKqrfo4iTXM0J3J85GDtP04H06qtytPg6FuO4aohP5GAjn7WK_KYSsxRlD5UT-nhgL80xFmV|https://lh3.googleusercontent.com/gps-cs-s/AG0ilSw1VdsFyRUp8PrN4Dn3f2rkPziX27ZQleLfdLcpSV90pjFPxthcgai1ZjwQKVfbbfxQFVA7zu-_xbIJpOZ7soUHKVxEaPvoz4N5oATb-mwdhJGVwYlFkVzPojixc0BdmEqrO1g|https://lh3.googleusercontent.com/gps-cs-s/AG0ilSxJgP4TKFfQUoXrzCBzqmxw_G_r1fhM6gizAD7Fzctc5U-k0ffPpUDm5x9AfwPrr1jBz7954DS-tAwBi_t5rIUrw64AEUjju5hjJl7o-T_sfsFXJZvMfU1KI_U3hjxUVLOZtPc|https://lh3.googleusercontent.com/gps-cs-s/AG0ilSwWNh-kQGffBxbDPDLPblZFx2GpMxcfhdqd1joHLxUDNru0ZU0hjcWakT_33bRwNzEzpZRJJLXjHgafbZ2zZrQ_nE9apILjXCem_syYzRRjvYCfylDJe4r3JRBw68IZrMVPc7-T|https://lh3.googleusercontent.com/gps-cs-s/AG0ilSxb4ururQTvJrMqHR11jWP5SoZcU_yOEtTGPMHq-jgF49DuGEZeEUUhFSUXiffsUTz25LoIF46XbCiSZclHBhonxnp5pSq1fAoe2CJfN3Yy14iJfnJDVvCrVZm_xVd1MZ7wmGY|https://lh3.googleusercontent.com/gps-cs-s/AG0ilSzzjMFKniDEjvvB5uxgnJJBrGzMjP9sCmfjf23nlfSlyR_Pr5b6PqyhZmv70nr5ZGim2vOOLp-Q-GrmHTzbdzNTbPQkoU0f09175-MIvlTaWqZIBLzYGYSDs13P2DTJxu0ihcAr|https://lh3.googleusercontent.com/gps-cs-s/AG0ilSw5dDZtA26Fu0fR5qdFUeurL5AJkKmc5h6iLh3k3M5shapc58GvlwIF_3n_nKDED2TKHJevCv47ymTBxB7P_NIpHER6q1fHlMhcRl0X14U1k-zM3mtg9g6ay7kWH7EXAXyYvGBk|https://lh3.googleusercontent.com/gps-cs-s/AG0ilSzkPuUDjLnWENWIEmf8lz5zdRdNElUW5ZO2TmRP0A7CwKsfMrKDDNnijhOiYcSwwWV9kYRzv7Fr9ZMb4VozOD5n5XzsRtNaOF455SWlubHB_gQI-CloixQpsyVkBwneDGetpOBjfQ|https://lh3.googleusercontent.com/gps-cs-s/AG0ilSyINx01b1vw0mer9305hxfKt2tl7MjIyUBCREK-6vk-4q2l1lgrZoysI6YxjdlcYdOul2AyiYD7IsZGla5D_EBwrHsIfTlUJN1i8MrY-uCTrk1bvNMoQqLT62qKhbosTvbGwvF7|https://lh3.googleusercontent.com/gps-cs-s/AG0ilSybGObVuShmoYNxgrsdaeu4t3GRj4bW2D9U5ZrVxNPGUUqKbBt9IfqzxL8leaJTlBk3IMJq5soOUEEbR9BeNmDP-ikXnVFJw5O0iSdcpq1PeRfAn3MDJLwTJKZZ0s_b-boTt9Jg4g|https://lh3.googleusercontent.com/gps-cs-s/AG0ilSxKbuksqo56OKeMYycTmj3qcQLSQ56PunM3iMTxLDvxDfYlZQd7ValRvrpxCxZHlycr3LAMxAGddHPWAm552S2L1Kx_lNAeQWTZ-Nt_CIMV1fAyeRcx0j-grarqgMZUU393qxen|https://lh3.googleusercontent.com/gps-cs-s/AG0ilSyqgrFrtoGVjsO7-PoVUwcRP_BWXpufLLKpS8SPdlih49l5Tc5h4MyrmGBbUKY8Kbb_zEPhlfmZuaYh3GJqSBpnI--EaqY1XZtoCPLTFDVMGZ2zVKyzdG_IBUbuo1omkHgjb2a8Gw|https://lh3.googleusercontent.com/gps-cs-s/AG0ilSx4vZRUEH2VE4QGOaGDyprDFrmwEQgD4zMp_NwAfCR-zdvgIju1toXMNdFWfsg3NJKFLAeGVuKki9Gb1G5SkEJLL6IvqPeGVZN9Zm0lhXmzS6fLPxSBckXlhv5kgd8MqrsVxShG|https://lh3.googleusercontent.com/gps-cs-s/AG0ilSzfm-ZNGSXMrRXv3tIFo4aIbx0WmgjaEgzVFxXAFVax-XqIfcLk7piW0yLvkbBnwq4Q5Ecz9FbNdj9q5S7qs2rI3JhQkx-jz27DyNZ6KyJx1mOaGdbbQPGMlr9OtlHXsOFoPjnT|https://lh3.googleusercontent.com/gps-cs-s/AG0ilSyToaFpVe4UENzjmBPeIDiyRtRvU8jJ4jkxPkjp-h-DIhggkLVpM9vQCkZwvoDwe2zP1uY3DH1QyPZvoi0neIQSRzLDoRxkRRO9X5I1Mr5dV9xoWSjMCV5L6BW38Dp5uameuvA|https://lh3.googleusercontent.com/gps-cs-s/AG0ilSziG959Y_4jdOlJ_neJOXl23o4eCcecYMgXN6ykOU3M0W_STB5okRLd3fiFu9_wkQ8WS5zoNLfXak0XUUAu4V7KT4cQBn79_QDS4vDaN5YPSI4w3XPShAjTOyiDhh-3_1e159C7fQ|https://lh3.googleusercontent.com/gps-cs-s/AG0ilSzxYxfmXZIEASJ7EtRUpAltr2PfVgnHrgftf5tp69rYgSj8pU2asr3h67Ld3psQ_9nwRWEYCBkjs_3R6e1u_PCHAPxCahayGxYZ8RjLNc9z7fiRJJM_K8nnaqpCDGxdGL9DqllK|https://lh3.googleusercontent.com/gps-cs-s/AG0ilSy6bD8DSQkRtEaNs6xlTVh5OU11PkNMgsxb6NIo1zOEOrhrLyame3RMq5qHH9Vaxv6X6On1rcZNZkIOnvz1jOpwRo8yOnn1OhiX-Mb-qToz1xnsziQ-SuoifhhPYKSDYa5uMYw|https://lh3.googleusercontent.com/gps-cs-s/AG0ilSyphaaAcAVBmu29hvv_0x3VYsgZbpuGg6vHIr2XpclpZuSTQV3-MfiksgSiXIemMQ6N5b-ZvQ_QZhX9yba3Tqy04K_FbldnhO2J53ByWAk6jSxlYJ5JkhwADnjGLcAGwvfazqRN,"HJHW+G6W, Av. Tarifa, Tétouan","4,1",https://lh3.googleusercontent.com/gps-cs-s/AG0ilSxgwhKMXjfkPb9dZuBsKTHQLWT4lRfFM-1QQAtW12UEchWjQh8ztPdC6WEu3OoWjRWt9ktuhqQ1Zp4U2hqaV5sqlg21nGT9aFBdV49dUZkocKl1g9kRT_EQZ1yOB-tHIxmS2D3_3w,05397-21612,F.Style Elegant Beauty & SPA
N/A,https://instagram.com/sarah_rachiid?r=nametag,,"soukna wa taamir, 64 Av. Mohamed Daoud, Tetouan 93000",N/A,N/A,0716-039645,Sarah rachid Bridal house & spa
S'identifie comme géré par une femme,N/A,https://lh3.googleusercontent.com/p/AF1QipP17iZXYKXzLpOoyZNQj2Qq3Rj5o-7DMgaxrwwt|https://lh3.googleusercontent.com/gps-cs-s/AG0ilSyuC-_3E04_Y3pJmE1Wfnbqplk6r0K4mzJimC8lSGm-fVYj6knhBGV2WSG6TgAcyJtOAB055gi8OLHAeVPiIeqVRFWzRlKhuIaic0mjFsjJldhMkL1NdXCa_sCSHpWIJH_uluoA|https://lh3.googleusercontent.com/p/AF1QipOa4Qr-uGmajH08QAjjpfFkszooD5ySFnpSR-kL|https://lh3.googleusercontent.com/p/AF1QipPF7vQFNac9OdAuwXYPAEj1bGZ5J2DyINcT6YPZ|https://lh3.googleusercontent.com/gps-cs-s/AG0ilSySm0ITW3UvIxOyjoFpZYFUtquXwErXlGyNBQ4cfbaw8O3HAKtgqMdAJsilmpqa0L16bu4oe5fnfwvJ9fMFhO8WwXyt9nff2gNiZUcLbv1fuoJD3uxCDhrNBlxH4WTpjEST2meA|https://lh3.googleusercontent.com/gps-cs-s/AG0ilSyapYg9sDTF-rePEPkN8Rh-AyP3P3QUEbi0xwuDIwQDSoVm9uRxm0q2qS61FBmq3lTuUBONPB74MoTIbkv0e8S7PoIr5lRXUo2l3SnuOR-Lu97od2lpmXGIxHJpfhSaVL2XMf5YSg|https://lh3.googleusercontent.com/gps-cs-s/AG0ilSx92pqUZydqiN8yOIArOQ8Fk98NggjhnLNd3KiWvVVhkcB3NKIlcJcR0QBV9LJN2IdiXHoT14XLg4S5VFFRnjBCatdah2g21oSF46vCPxXvpTPmOuirUEmGMFfSN9G0o2khsnclSg|https://lh3.googleusercontent.com/p/AF1QipNYdbChbzUH5OcrHmkIIl8oQOWDHcgfyl14ZTtM|https://lh3.googleusercontent.com/p/AF1QipM8r4f-T6XzwvkYj1iTymkP7EZPiuRNb5qgrT5V|https://lh3.googleusercontent.com/p/AF1QipOVzclJQ-lqrgXe4wkBgncwxVAC_Qn2_6Nzcr8G|https://lh3.googleusercontent.com/p/AF1QipOQR75ytRuszSPW7x__84tsoK3lzhAn_ayEtVzv|https://lh3.googleusercontent.com/p/AF1QipPMCaaWzY-u_PpWTHvjcPBsGKDaec4IaUmqRKKZ|https://lh3.googleusercontent.com/p/AF1QipNVA4XTbR2mOAtLI9VBOpK0rj-g7z_RWnSy9NoS|https://lh3.googleusercontent.com/p/AF1QipOxCYsTP1rf3gK_Y8s5uz25xvFP4YKsh-RJw-lp|https://lh3.googleusercontent.com/gps-cs-s/AG0ilSwSPVxVQuCjo5kUfBaJb5Rd0eSCKbOxPrCv6qq6B1sr4QGtATvi8AiM1D8fNumBGRxcZcHtFLUw1n-QswRnpLiYxUDCSROefenm68FfKjwOyE2fhjY-nvrIkwe7hMSpJyzqjmvP|https://lh3.googleusercontent.com/p/AF1QipNJIEK3p_vLK-3Uur4LX7JAHCIi8md08MBIChpe|https://lh3.googleusercontent.com/p/AF1QipPl1MxyIGz6XIWG6nL2fUWVGYFfGSH0m9NDh_6w|https://lh3.googleusercontent.com/p/AF1QipMt-5bqMOwLs5XMix8V2TsjfdjSU-490EO32Ek5|https://lh3.googleusercontent.com/p/AF1QipPwCvOgCBBDFF6Juv1o1Cz5yfj9ZZeptPNcLZDy|https://lh3.googleusercontent.com/p/AF1QipPr_ObYDYu0tn8Q0Ng7_BhU06mKF1mEjevr9clg,"5 ème étage num, résidence Hania1, 17 Av. des Forces Armées Royales, Tétouan 93000","4,1",https://lh3.googleusercontent.com/p/AF1QipP17iZXYKXzLpOoyZNQj2Qq3Rj5o-7DMgaxrwwt,0677-908806,Centre de beaute souha
N/A,https://www.instagram.com/maison_sara_cavali/,https://lh3.googleusercontent.com/p/AF1QipNmN-Quye1OMhZ3xitLqyFi5DiKU-CXHlyXotIs|https://lh3.googleusercontent.com/p/AF1QipOIF-BfPw0FLNAFTS7hKcOs14x5UrkjnCtK02h9|https://lh3.googleusercontent.com/p/AF1QipMY0T73P_JSCuzQECqSwdxl42TCE9yzDBAIw_pM|https://lh3.googleusercontent.com/p/AF1QipMQ_wKWOYhP5a-8uXfwdVqDIc7YgLgK2njq1Ju7,"68 Av. Mohamed Daoud, Tétouan 93000","3,3",https://lh3.googleusercontent.com/p/AF1QipNmN-Quye1OMhZ3xitLqyFi5DiKU-CXHlyXotIs,0668-576470,Sara Cavali : Beauty Center & Spa
N/A,https://www.3rcentre.ma/,,"1 Av. Thami Ouazzani, Tétouan 93000",N/A,N/A,0703-177735,3R Centre de Bien Être
S'identifie comme géré par une femme,N/A,https://lh3.googleusercontent.com/gps-cs-s/AG0ilSzKfnanrf-yvo2hTGTqeADaSxQlKdNg4DfqEm2zpL5FxS7EQxH5RV21vv0j-yV33izVnuavPC7UlcFOrsu6hgndERXSKI3gPBfsPW-hdQ4iI_NvuPI1VKpvC4BARVu8-iezom2n2g|https://lh3.googleusercontent.com/gps-cs-s/AG0ilSxQpa_0ZZrNar-Jb0cBcx0HTFZfGnmkoCTAkZS3GlmR1mmfODJ2e-rmcq9MHQkCsvt0o7NYuqezBitx-1TuA3k_eiwSVd4L7W9J755jttpwV8uMsTPyWyQNraxzos9F1fZzfSzM|https://lh3.googleusercontent.com/gps-cs-s/AG0ilSzqGa-ymN1ZgHDZ0996hjpuWIpePv9D7j7Aj3UIRl-4CvYWsKmU-UGuZuR0ddv-QLgfOIvviD1tjNLrfdO13vSiLM-jnSUxwn6DOZQnGpUNyRI_gmVtNlsXvdUHmBIeyIq59rB4|https://lh3.googleusercontent.com/gps-cs-s/AG0ilSwX5sWUiVCqK2dI2cIF4pGGHZN2_KKR-ltR1RzqzJojZUVqxmKRGX92QFceQstoK1pbW3vDpzBcxJRRUAWOlKWo6J7LsN486vt_K9JumzcTtoeASmeaNsFAZvz3RJqbBy3dO7U|https://lh3.googleusercontent.com/gps-cs-s/AG0ilSzaW_N5tfTLU3lcXDXqgOAMVXN3ygBD2aK6t2v-cSKVRl91wT29calI7i1KKBrwUIY7ofglJLFLCNVZoxxG50-bFGCcagG6yYSSaycB6JzXz4wbK9EFZ-NaVG1rBq5AXOflH7Yj|https://lh3.googleusercontent.com/gps-cs-s/AG0ilSwlVMz9t-0fciagVXTZFat8s3P5wNyzSMLIS7XCVU06V07Mp33VPzUh7lp2uwQ82dsNTn_sUo9EnaXIRd7rdS4e078DlOsTrXzbOz-J3l_gmpUzI12PLsHv2JQfkYsr0XAtS1Is,"Av. Le Caire, Tétouan 90070","2,2",https://lh3.googleusercontent.com/gps-cs-s/AG0ilSzKfnanrf-yvo2hTGTqeADaSxQlKdNg4DfqEm2zpL5FxS7EQxH5RV21vv0j-yV33izVnuavPC7UlcFOrsu6hgndERXSKI3gPBfsPW-hdQ4iI_NvuPI1VKpvC4BARVu8-iezom2n2g,05399-91302,Coin des princesses
"Heure d'arrivée : 14:00
Heure de départ : 12:00",http://www.prestigehotel.ma/,https://lh3.googleusercontent.com/gps-proxy/ALd4DhFU2ib7kY_omvwCy-ghiVW19oxsqkmLUXGGteT3Tbn4kXSZaW57yqs6uJ4j_nqeFFPOKNwutYYVJJSUzICUr1nMOSywQX7hT0D-iIwsji1eG6ugBmb468algBVqCi0T0HuRflari6dR1L0AHmSk0bbH6z_fD7BuHhlNYymaKAVGWqcXFz7zNGyb|https://lh3.googleusercontent.com/gps-cs-s/AG0ilSzyviq9R_OLx2WP9Na6Y-x56zeCmD_iYf9mSRWodecFFPxVBcs3pQ-rT2RUYKafgDkLJfUsxmo1VnF08BWB_7UMmDTpw1ifMJB-kaFgEb43CXK-nAVDIrIc6IleEoGJ7qsuSVY|https://lh3.googleusercontent.com/gps-cs-s/AG0ilSzuirwEB6buSqSFFruMz-Mf9gWX0WZ9MVGzKfhXr-g1ScTQ_BuZ4XA1-Ys2vNf2nDgzLHHOxghw5cuq1cjqn9GulsCYlhVbZ1yjIaY73E4pInLnQ1x9y30ZQ7w2DVLifcN2GRho|https://lh3.googleusercontent.com/gps-cs-s/AG0ilSylfxCGzhz1naDz2TEbpVGlBc2o5FVyei0RE2FtUaBLqDht7b4tpxpneVTmJ_nsTEn_nCVHci-sWtLzEAstJUdQ_sDalVBKWr8wp3RuEkmZc8ebYHv6hksLLeRg00kc3FRJDji5QA|https://lh3.googleusercontent.com/gps-proxy/ALd4DhGVdQ8zbZZEZrvZtVfMWu_nsIz90WDw6EI4B_gGoJdnqp50wBSVVHNa7bR8VdlualuzbrmoCyOjJ6J1x6QiteTjxUrJSNUmsTdDiEDVITaWqSL6EjPFMJLBODtYvhQB5beasfiqnoaIaT7Gajd7gGiaJXKIMMxLO6G7Y_yoDap4ggxiuU74GYM|https://lh3.googleusercontent.com/gps-proxy/ALd4DhHMRhYEIyTpwrZqVfV8-Lx_DqrVJ8blqna7kvGALadq7d8Qb6vD5RrH-aVQJFOd3eCoEae3uWeF1z2S0cr_mWYiwKs4nRbnW_jqMy1EjYh_myvF82rqZGUg9IwarFuwS6UX74d_vFLqz9exIxi2HrCxazwdTBPwW-klezCcV8_jYQQ3e6s_lD_j|https://lh3.googleusercontent.com/gps-cs-s/AG0ilSx1MaUFbEMu1VwtZ_b_pHPi1AqKkFZzJlbculKqrggbV2L3-KAi96nxJdR3kPd18YK8nwKG837g1TbyWzgu8xo-LvUhzT2ZY_Ur_ING548MSxo8szz8s1L64gROaqVqkFejrj72kg|https://lh3.googleusercontent.com/gps-cs-s/AG0ilSw4DF5IOW5MNzJoRdi15NbpbxvSUWSw4FI1Y_hH41k6I8_Gye4u9uW5kx0kUY9CXSH3fQT0wowke5nVx1VrNbi6fUEEujaTRVS5vP7zjBE8ZX-O1ssLNIzTV5fbSZY4PVQWX48u|https://lh3.googleusercontent.com/gps-cs-s/AG0ilSz5zcehA0z1zM2v1-KbD-5Ez4yxdkEntm915TYnKBtOhVkLo3VaXc4qIY_xz2ggzCowFX6AjwcAsWanurx7pe9jiQtE0ydyFDhtvOqlrhZ9ZYAU_drauAfhOstVhsA32gBkZsfooA|https://lh3.googleusercontent.com/gps-cs-s/AG0ilSzPTT5PGF-r2Uhlvj4kQTXh4GonUUZeYDfa3piBdlDnUXWqcoMoX6icWOYR9gvRzuA_8RYC1PjTim6EHl_hxdQ5VFC-FNRuqRrYfCaHkOB8Yqb3DoYXAl10AAAf6wj8tDmS1EwY|https://lh3.googleusercontent.com/gps-proxy/ALd4DhEeMvnt6s9wiM8-tdujzAlmajeYmNBNZbBgNQv3a6npZsuRgSkEvhlXxUE76WFRj05jYKQst87CZTXk1JhertFp9Ic3PH6VuV_FGc_ogUP6Xv77JaJJTUFI-AjJAwtucJH1YNZfNRNng7CwVJ30kTIWm2rDG-ORc59Hjb_qwV8F_NVTHgoWqNE|https://lh3.googleusercontent.com/gps-cs-s/AG0ilSzy8vyCVFjVHIzLCeAIFOUeVS6oDj4gxGqeWllFpjwI0PXKPhWOlrKQBr1RfA9Gjf2SFqb8qOmJodKPGoIWcgh3AYOUf0Ja9vA7TTHxwD8AmhtWUkzJZkiyuavBVvdCI6rMbNpf|https://lh3.googleusercontent.com/gps-cs-s/AG0ilSy2LgBgq4tBaq2ewCGovUqA2cKkcdTiK8BZiSU-Ss5IslowszEwQBAbn_CFMRJ0qUECFcbWEwnPK5rNzmlkdE7fezPIBzl7V64iH8UgmXeX0i8fFyNo0AZKVG-oDQAxsGstcgcMjw|https://lh3.googleusercontent.com/gps-cs-s/AG0ilSxg4WTidn-zxYnK1vXyNE7hzoR3MSsM7IAO5o-3mPp-qUuAbPVWdHPphLGPpj9W0UriK6AhLf3C7xxGIkSJOmwvaAGfk0h8v30yqtSUIUf_RgJkm9eYKNerUUnTcIsOdDT8oQc|https://lh3.googleusercontent.com/gps-cs-s/AG0ilSwXBVmlOazI1u_9MGPy67Ib6V9efi0sGPagLMpZ4mgBUzOGDBXvWIPlmR_wf_O4nAyPNoE6rgV7gArKhxbouHS8_7C-RryC_rB1qtz6ufTA1OdHjWsHnIxeRZmGZe4IRX3urpBs6Q|https://lh3.googleusercontent.com/gps-cs-s/AG0ilSw9grdrQfE5w4nHBrN6fwMkQnNHEUjUMXEkm3PVxtL-adPk6izMjUebY88JHzxWRW2bW_l29S3t9AaYJkx44bIfimb2uVK9HBd-di_umHcy33DijzJMMu9xm7uxoNFVh_xOzBM3pg|https://lh3.googleusercontent.com/gps-proxy/ALd4DhEB8_sgkd7dqCzUEJElngxgQ-vJZ-urP6CzIcZKo8LTWmZ1xqSHDu3JzhbCgvLcqJQvUwSfe8j0NxwCAizyqczNRySWm_Ubzdlq1iO-uY46YYfMgZ9aDTqS1mQlWZswaMxWcIhroqpqksb7dk0XtrKdVFkHDYiKbIByFcY0BzqfhL_NX0ONrOU|https://lh3.googleusercontent.com/gps-cs-s/AG0ilSwPUKUL8ukLaVS6CfD9VYREsSSb56sSAoF_NhXxeu8VcsN8Rf4Od-9K83rwCrUf90aN1HQStbiOMphJjktXrjPOldeR-S79L9863k_qPZrXDWM1mgNqOm5KBbF9JeuTzcEMik6srw|https://lh3.googleusercontent.com/gps-proxy/ALd4DhEbxtUizufVissT_lIOMWW4Qa1xYf3Go7kLQ0CLQGzaUc8GqTEsy_Pf5DiwgiRN1Myqw065ThPrGS9eo9rXXbYynrjNAIf57opV8OD1kt6mjijwn_5mgS1VQyWlFfcZWPGqLFpzYBqNpK8kDiDh4WKTtBlSX01K5kzwQ6f1Vi3VS6VWVUg8Edk_|https://lh3.googleusercontent.com/gps-proxy/ALd4DhEvqT19meUf28w5gr6e9u6wzP_pdTMzI1tnKshaCBSgmEKl7eZJdl7pGeWtDG0iI58zOfs-72VkeVlHbp4vN-a_Sjh4Fr5PxfU_T8pxEMhwDvsC0q7CEZeSBGVJvTsdLlSifKQNHJvir0W9W79Ls0c36nIL-sKAsw2DjDcgu5x_s8OL3wRTSutC,"HJ89+83J, Av. 9 Avril, Tétouan 93000","4,2",https://lh3.googleusercontent.com/gps-proxy/ALd4DhFU2ib7kY_omvwCy-ghiVW19oxsqkmLUXGGteT3Tbn4kXSZaW57yqs6uJ4j_nqeFFPOKNwutYYVJJSUzICUr1nMOSywQX7hT0D-iIwsji1eG6ugBmb468algBVqCi0T0HuRflari6dR1L0AHmSk0bbH6z_fD7BuHhlNYymaKAVGWqcXFz7zNGyb,05397-14000,Prestige Hotel
N/A,N/A,https://lh3.googleusercontent.com/p/AF1QipO1PA7GZhSIETIxFEBqDSUt-T6SQ7cRV-YF0uaF|https://lh3.googleusercontent.com/p/AF1QipNDCCgBDWGvOePQ5HpPo-_loKrEii92HAAWk2Gf|https://lh3.googleusercontent.com/p/AF1QipORYhIBp9UfUZxDGuW-JtWvVjaXu1bdOg42NxPm|https://lh3.googleusercontent.com/p/AF1QipNJHs6c5v6wedJgokFqnXbpP_xzxuXFg5HayEFz|https://lh3.googleusercontent.com/p/AF1QipNA7AkBQ4poAd-GvYVWwV347vd-EYVifziI6lcM|https://lh3.googleusercontent.com/p/AF1QipMwFE7cYw07h0Kti1UsszNajFQA2Hx9OcrYhzJr|https://lh3.googleusercontent.com/p/AF1QipO3X19arBF9hakp-uU8MUGmoASJEZUKfuLNKVUC|https://lh3.googleusercontent.com/p/AF1QipMFy2HAKfsGLYovedyzOHH90eTU3fhRjdig18Be|https://lh3.googleusercontent.com/p/AF1QipNCJ3gZkreFTf1NMycv5ZMd20uvZX0qwWF3SlmO|https://lh3.googleusercontent.com/p/AF1QipM2gcJvjRmSxJmA1zYso0uDHrjxGGhPEB-tzBfF|https://lh3.googleusercontent.com/p/AF1QipNHG5l96EQefMIPXDCTStnoJEanCzmF81fjI4ZM|https://lh3.googleusercontent.com/p/AF1QipOOOIOoLF8c-A0RZt-RATrT1zDRzUY-f0_wJOLw|https://lh3.googleusercontent.com/gps-cs-s/AG0ilSznCmLx9pfZ1UeH2arP8y2OgPOML5nSBW7pS0kj4q4I2mwFLeLsK5zQE5V70Bxhs8jv4OfLKtw6qZh5MBtbczHGJK22HhQ9GMWftngPjH5atp6FvL8PCSz35SjlE2YftJmJyNfafg|https://lh3.googleusercontent.com/p/AF1QipPugLJEnVZFL_vHJiUmbBROHaAPEtIeeMg5a_uK|https://lh3.googleusercontent.com/p/AF1QipM25pZ5_kYT_6ulmajE8j0v5TP_kBRFawW3dKsL|https://lh3.googleusercontent.com/p/AF1QipP5IRvIQ28a82Cdb4JHK2zYLqrBvZKsS9YKafsR|https://lh3.googleusercontent.com/p/AF1QipP2HrhQSKIvttWTTqrWhxMTDHBV12c9wThq9uVD|https://lh3.googleusercontent.com/p/AF1QipNwZTwoBqFHP44eUHxYrcVgRD-gHXP-GDOOrtRs|https://lh3.googleusercontent.com/p/AF1QipOtXsph0uIbRR_73yI4XJrBqO67pL3ojG0pjYmg,"9، Avenue Ali Yaeta, Tetouan","4,5",https://lh3.googleusercontent.com/p/AF1QipO1PA7GZhSIETIxFEBqDSUt-T6SQ7cRV-YF0uaF,05399-97616,Brin d'Élégance
N/A,N/A,https://lh3.googleusercontent.com/p/AF1QipPoB_YfQN-eo20Val1bUwAkAjq41Dchczp0paRo|https://lh3.googleusercontent.com/p/AF1QipODJ8B2-vVgGDefOnvZjkuctlLbA7yxOu_4Fraz|https://lh3.googleusercontent.com/p/AF1QipNUvtDnwEIauqTQgVZym0-r-ZcG_cADBNKggB6h|https://lh3.googleusercontent.com/p/AF1QipM6W-z3XC4iD1y1g-vSLyq8RK5IBW0yX5RyBIt2|https://lh3.googleusercontent.com/p/AF1QipNiZqbZQuwnZJKcJ8JKmPKm64-1gTRxAKWANn_Y|https://lh3.googleusercontent.com/p/AF1QipPFKIf4F4MTsz7NBf1AfIb9TJSuuFphidx0pLT0|https://lh3.googleusercontent.com/p/AF1QipOCQA6JVrumR--5S05V0EWMCJq6OGirQRp_Cs8W|https://lh3.googleusercontent.com/p/AF1QipOcP-le-SNAgBUp64OOuNr3InDk9IXDDo8sGBkj|https://lh3.googleusercontent.com/p/AF1QipM8RPJdUyk4rwXPEhnrzkJU7DfSW22YOO38mzD9,"ETAGE 2, RL ACHAACH, 2 AV MED TORRES, Tétouan 93000","4,8",https://lh3.googleusercontent.com/p/AF1QipPoB_YfQN-eo20Val1bUwAkAjq41Dchczp0paRo,0631-558659,Kleopatra Beauty Center
N/A,N/A,,"N 9, Rue 9 Av. Jbel Tidghine, Tétouan 93040","5,0",N/A,N/A,Centre raha belle
"Heure d'arrivée : 15:00
Heure de départ : 11:00",http://sofitel.accor.com/hotels/8216?merchantid=seo-maps-MA-8216&sourceid=aw-cen&utm_source=google+Maps&utm_medium=seo+maps&utm_campaign=seo+maps&utm_term=Sofitel-Launch,https://lh3.googleusercontent.com/gps-proxy/ALd4DhFiTJKwzw_owgh5T6Rb2uh3oUgtqSPrcAnOTtC96mYZWBhPpoxPkI_ZWtpvpivTuYqcyMSh0Krt65yIhN3O8tyuKCk19v4dZsnjbwYAWrWvOgWiFzzh-awPYwi9FrhELJOnQylF2m91a-2qvo0REC8LtITI_RwofHoSFNsYZKqOAY4VFXJbar_5|https://lh3.googleusercontent.com/gps-cs-s/AG0ilSxzZGPkM3LikEeRvVu0hJ3H84SPjw55GVPfi4pHLv26z8CmQ3CYZ2ZleKqDE6A7j5OPzvOJ1MDKs280E1fLfBaFOVvrcb-5LfmjQSi4EcnkTklPJMBWe8igIfsAi6mxnJDKYzs8Iw|https://lh3.googleusercontent.com/gps-cs-s/AG0ilSz2jeuE5tv0kXL6gg9sxH-mGigjF9WqR4fyDsuy7SK8-vpxLYVBFLuag6KQS-PS7s8kGroqX38CEOF0SWDRxBX4LpuOfCQDu9DharVk9nHfIjHM1brOvjtEV9rSe3-Vor0VxY80uQ|https://lh3.googleusercontent.com/gps-cs-s/AG0ilSxiCkK2Cqg7NO-2FpYJ_t3btUoOxY7q0Rsvwee67_TGvLsHc6x68VtnvI1WF34wj5cVf6roARZLPgxIsEoKM1zA5iE9BXvssgsQcXVLbomyk8WFl44eTKAW6lVXnMGOz83sW3xq|https://lh3.googleusercontent.com/gps-cs-s/AG0ilSwy4YhG9tmZJjv9FWCnOCTN4LmQln8E4-RyRAWgW19kkcr0HeBkifLK3DkpnY5FEfHj4Nm4gCKtI5pGmQ_5avytDQK4v8Yy9vtcyQC31hT4Gv9_yZ3CcKZfb4lgaD-Fj0rUWfOERAZn7_Tt|https://lh3.googleusercontent.com/gps-proxy/ALd4DhFXGlELPdCbt_PIHeeA5x60M98YfwMuWUbs2xoa8pKF3oHQD-8A4J6PktMjfSZ76q-2lZKgp3a9aVtwZpW8L2aa6YOhtuIKbBrEwI7yzDaqn5DtXG2iyUKDxcg_DjRjFKffLy2mpHfzg0CzTpr0OvkolEH6G6JX7ouJq4zNFqPB8MrKaFVLAZTSCQ|https://lh3.googleusercontent.com/gps-proxy/ALd4DhEIgPzjTPKXa7tLGnNg_ATim2fhh3DfjZaumKxjMJvHo25D9oDtr73WLVEowBtG_st3xWUSdy0SNdP13N9WGQHQ5pWH_vYwKYRIQgRAdgipsNWzfjmtPLztZnFlnDNV2c5-s6thT0Zc41oqxcoSxGnjKc_0v5QYaG7tretuj_qVT3zTePm5ggw|https://lh3.googleusercontent.com/gps-proxy/ALd4DhEJ0aVBVSbXUs4e_aJBEnKPfUznloom0xbWCpseVy7Nk7KMX1I4uvzhJbZKflZUADxCBgls1r3WbtlrGDuFfVeic_AYOvNdKlAg3t9Kp0hbQ9EIbvNTGTbGVJZ_VRhpfzyHaHQRcZWGLN_5u6H28qLv5mOb7WRHT9uglSf7V8HcQBhu1aktxv0|https://lh3.googleusercontent.com/gps-proxy/ALd4DhE94uYvSSdSxv9LeUbMUqbNSLKEIb4IteA84AzRL2qji3PbusMjXsVY70Ms23EHnfPVvgLDgcV6v4BlWCTTTasWzLJs2PGeLqiA78-jq1pwUv7Z3VttUiZ2oItzVfjMBYzXc4m81uZAx_RB18ghq98T8QIHa3aR2YM723uiMun2I9OCcYAuYmXg|https://lh3.googleusercontent.com/gps-cs-s/AG0ilSz4A1E77hNnyMPWQeQX0NrQmFvffxC1unR_Rk1XDQlEPkiTRmbnr9jhB_bxD1XjrSOGyKxxRmaLd5Rmht0t79gURIt4YjzCPWggYvZmSWk6jZBpMC8my_hlMYuM9NJJZ4xVUrWe|https://lh3.googleusercontent.com/gps-proxy/ALd4DhHEBe9tc0Vkwoqp330Bev6RpjdNBMCMI4KRYjWK8uheJ1eD-vA733v2vNAXOflPWu4A1hVWQpLe9XHIXLbe4tmmNiFkJYlWnqmFcPNhglWQ6fVNQrijQ3y-xfQ3snmqrycIk_LPsRNrnaBW0-CnxggHxv9F6siuzoBBH5ta4z61o6DWAjftVcmM|https://lh3.googleusercontent.com/gps-cs-s/AG0ilSxLAK_p146QsudkbuNPqOwOAYgbB-v1Cn3M4yWlYtl_KQDowokBE0zkgq7fiNZNuZ3HaU-j0WaApWJ1rqdSwxSQOk7H_WvZ2tJF2wBAfzapo0i4Wk_iGTmLiIF0dT79Unpmu5w|https://lh3.googleusercontent.com/gps-cs-s/AG0ilSxFR_sgi3c8gsC1SwgmIQZnCDaCtYmvuucf7RiTM6RPnZk1GgXovA2yJtQYl_oB8yGSiGQdXi2csttuxmETgi6TezgdfA51s8YzcUupBtB2GUlYQU61M9KPnETL7SjvlJ865zDT_Q|https://lh3.googleusercontent.com/gps-cs-s/AG0ilSxW7OnNB0j8sOW_r6_ajh2iwt9cA420abLrhroGUbOepYRbZMzJ2WyBFLOf0il3WegsVOiJUnb81JmJrD4VxoDRh70PI1QQlVdVHX2z3JPnR8cOYUOgwJvnaJuq2m0zN1fCbiCdWw|https://lh3.googleusercontent.com/gps-proxy/ALd4DhHnR3dGDuwzTPWKuRpT6esMzXvZTHQl5xTzZHCtkjvtB4lkC5f9Pyy_DWYLOuQpvU7Vsk7n1Nqo0cgHPEKhBIh9O8emlOp3Ka4kQerHFdCPHHRLBO8s5VwiyTmv2zp-HKJqeCdpt-H8DCIVbtHFihwsTVy52Mu7VtIK2P83Mn-w8qFsxREWoU9p|https://lh3.googleusercontent.com/gps-proxy/ALd4DhGM6eAh1iPzMDSsOvG9g2VwlMBHFlaJ1Vtl73RrHVj0wIQ2QmkT7LNo89Vu8YNLxakIbUp4KgraasqtZyo4SCcELZIMH4w4a5FQpm72j1ulF17wNNP239N7tMZgl4gs0-RXcRo52aq76ZWgXk6B7-veTJwZxXEDHce4ndUiX89z5XtPJIlC70VR|https://lh3.googleusercontent.com/gps-proxy/ALd4DhGB1I1iYkzIyOdJmCgEVK-AM-AqSh8oB13ENOvfiEiLSQNvGCgAWzUhYym8EawuG_KpBaTQcRKvR_QmQ19M9twggoq0Cb31ywCC9OMhHE--_Nl6n2xvmDggeh8GzIWjCGPNv-wyQuu2uVLOyUmbqo5nrRMJFRodhfuuWWhItcbp2HRDiqYx7X3rVA|https://lh3.googleusercontent.com/gps-proxy/ALd4DhFcC2ifgUFjDoW0UBhpY4Rg-G_bCLbRDxYwpUPfqqUJP1H0DhHDg9GVpO0vhTvKt_g2GcGVeyo2pulYIN_XIlv7r8bP2c19CQVR27G6cisrbkcdjph4ONisNrQ48Q1BAsmWQIehOmdpJZIV4uw2xmqX7VLgRSvP5nyDGQFJUcNU-z-ArxiHesw|https://lh3.googleusercontent.com/gps-proxy/ALd4DhEY0ypRBiWHJd_M10AJtU4ma47EZ8FRnzxAkCX_gxOkO1syAAgd1TVSLvweZIAf0y-Bqw3_dAc_pDsAKvqZihPWYBePyL62gzL843Tzly84E6iG-dnsPcZ-sr_HTn6mI8YJ78Sa59ikrhdjjE-lJhizMLytoIlF0AQ3mZ4n0t5tlXhhHrrXXq_bAA|https://lh3.googleusercontent.com/gps-proxy/ALd4DhG7FjUMaIm80v8GnX17afcMeAnAdm8mcDY04_-lr_yrxUrDacPvLy6XhCTa7Q5dYcNRrTpfJ-GekAogNPTaXuBWBMj3650R3ZnvXRcmEQO-oR830gkQDpiz7UbE3LV3RxknW0NjAct-G4jpRAv15aApUoTIdlfsOdzMmW27iXYGIMdfQtVn66M-Vg,"Route De Sebta M'Diq Tetouan, Tangier 93200","4,6",https://lh3.googleusercontent.com/gps-proxy/ALd4DhFiTJKwzw_owgh5T6Rb2uh3oUgtqSPrcAnOTtC96mYZWBhPpoxPkI_ZWtpvpivTuYqcyMSh0Krt65yIhN3O8tyuKCk19v4dZsnjbwYAWrWvOgWiFzzh-awPYwi9FrhELJOnQylF2m91a-2qvo0REC8LtITI_RwofHoSFNsYZKqOAY4VFXJbar_5,05397-16200,"Sofitel Tamuda Bay plage, Station balnéaire et Spa"
N/A,N/A,https://lh3.googleusercontent.com/gps-cs-s/AG0ilSzbUe_gqi3r5wiKbSQKtxFXTqTc5jHQD2aIQCmoLY3dNzdA741IuVN99wvnvVpe9aaD1-mtHHAkTXr3yY4GueflsUem1vZhbIFMMnhxjAlDzKXhiCbx3t2jpWiliO1YP5DGU2OZ|https://lh3.googleusercontent.com/gps-cs-s/AG0ilSzMdO6xROxC2bP2S4cJjefnlHWWR0mqXX2RF9HqTZWbHN6ITg309hMGO-DSIxw4UeTF-z6viMdoyW5gkjK-6EJBe_b36Z5vChwl0dIxjMeZnpAwJt-1eZJjDWGb9NXZTwwL9XQ|https://lh3.googleusercontent.com/gps-cs-s/AG0ilSwIe90isoNarGMM0hAXjXeYxRLrUDA6vul82tJ8UO5M4CpT9ek59BvELtHXW8Til2OPwEBHlmdG_TXVh1iALZv1-FiWoaR-8nHI6f4kxL4IaZue4d-Ul3qs9n0VKebkPqNX2g-c|https://lh3.googleusercontent.com/gps-cs-s/AG0ilSxwvtq1fN96YDFiwq9rleNbpmw9mW3CeA2spPtDZvKdQxRcth9w3REc4H5Z1qwwc7oUO6Q34LzPK1SdERKl_iBgYkNbA8fYa7RuYcTKw0bjBnC-rOkxS9PO7LRF14VRto1zhp0,"13 Av. Abdellah El Fakhar, Tétouan","3,6",https://lh3.googleusercontent.com/gps-cs-s/AG0ilSzbUe_gqi3r5wiKbSQKtxFXTqTc5jHQD2aIQCmoLY3dNzdA741IuVN99wvnvVpe9aaD1-mtHHAkTXr3yY4GueflsUem1vZhbIFMMnhxjAlDzKXhiCbx3t2jpWiliO1YP5DGU2OZ,N/A,رشاشات الفتح
S'identifie comme géré par une femme,https://instagram.com/doae_beauty_center?igshid=YmMyMTA2M2Y=,https://lh3.googleusercontent.com/p/AF1QipNk4N7evzmupXBbZcS8vao4hcxw3FMaTes45skb|https://lh3.googleusercontent.com/p/AF1QipPHhoDDHzBkVJDhsZHRoii4PcRpYtLN9zvfh1a6|https://lh3.googleusercontent.com/p/AF1QipOB6laxYYNtI2blSdHxhy8F_qLx3_pd-Q_SvfJZ|https://lh3.googleusercontent.com/p/AF1QipOlxZZVeyiFpcMpUdwUZGroqrUk_uq98BVfRjMZ|https://lh3.googleusercontent.com/gps-cs-s/AG0ilSx2-ehcNSPJO7MtOmiKaYW1GQCKloLPwVnzFhyDOuxF1jTKfpycap3XEw_uptCVNC-3IKWsBmEXHMLwuzBcb1Y3S5PiWNLL-UvAQttK_KY1fs5uoukB1BORSEVYQo2UBrnOvEeC,"84 Rue 14 AV JABAL HAYAN, Tetouan 93000","4,6",https://lh3.googleusercontent.com/p/AF1QipNk4N7evzmupXBbZcS8vao4hcxw3FMaTes45skb,0642-102191,Douae beauty center
N/A,https://www.facebook.com/groups/3097672540292340/?ref=share,https://lh3.googleusercontent.com/gps-cs-s/AG0ilSxaWtV3j5JfRcFUJ-RrPJiLnTlI_TPX0mK_cUAMqDRMutSJE9uylBVPWYr9bnPoHsUWb-CujozWwySnQgsUNPRXMb1XNw_GSEocA1ItR9eJEG5_sUtbbzfE_vtJ8EV6-Gvsd4JT26bhNoLD|https://lh3.googleusercontent.com/gps-cs-s/AG0ilSzxfL-sn55tGVWj0IdbWvGUD3O_9cCcacVbOczdrLC638ylLEyfOSHsS0Jt5WnQbSRbNEhpziTNHvg0Iy0Kl9Y63h87EAJWDbBhyDYTVc79O-jSayIKeSUDBpyP33XWUh137mRj|https://lh3.googleusercontent.com/gps-cs-s/AG0ilSzqhgDE7pIKYpECXojo_G8tjVov4qPtuF-rqEIPnL4ZSazUy4ia-exut8AabJIPfUR_l9w5awXOjjw_c-I3owxxhXEc5Mleob61XKzrAxywLITEbFJjBAHUh-Hn8co67vdEXSl7EQ|https://lh3.googleusercontent.com/gps-cs-s/AG0ilSwcnXhxoaSxJBiQwF0BYU2w98Sdy5VsmslbTPMOCL4qk0GeaYYW9mykZ6qmT4ZUVZP_vr-civ3X5yYPoMSMp4BVS7_OMzR7tvVxbwOcACbkx3m8jdzGXtT5v5SNo6QDMbtnXA8,"HMM4+G9M, Av. Saida, Tétouan","4,0",https://lh3.googleusercontent.com/gps-cs-s/AG0ilSxaWtV3j5JfRcFUJ-RrPJiLnTlI_TPX0mK_cUAMqDRMutSJE9uylBVPWYr9bnPoHsUWb-CujozWwySnQgsUNPRXMb1XNw_GSEocA1ItR9eJEG5_sUtbbzfE_vtJ8EV6-Gvsd4JT26bhNoLD,0659-316936,Beauty Center Maroua
N/A,http://monremede.com/,https://lh3.googleusercontent.com/gps-cs-s/AG0ilSzKBCfYFKniF5yOBCJ8Fqq82ph5N91FkzA2iiSSyRrmtMTcaE3n-cC3m9f4lN-DXQ6_vwXd85UvdUQGUTI8A8dVnvyA1ImuUf5kDeYzXxvI9BaJ2lbRWnkNNaONLTa8NzeI3iN9vg|https://lh3.googleusercontent.com/gps-cs-s/AG0ilSyhEdis0lKwv3zTSb3SAmLkG2qTx3fVvyfRrr_87O5wXKA7VApdeJ8lpnGFvnwjygJzmeLkqWPUU_CyOtnwJiK135NkTkVrKdv5pukM_PQq0uWiOP4eH8MNxOZBwg0htjNdH1NLfmwKKMI|https://lh3.googleusercontent.com/p/AF1QipNYsA-jHl8WHYRdpBspIN-WH_-4z_Cgx6NIBgxE|https://lh3.googleusercontent.com/p/AF1QipPIyMApIx9200sY3Emh-MsqBMt8T0K8h_DkI9bt|https://lh3.googleusercontent.com/p/AF1QipMnkjH3179MNXTOjYMKEwVdn-KAQSxwz3tYxdUf|https://lh3.googleusercontent.com/p/AF1QipMFAIGR0VR6U7PxFGvFMZJ1JMQqayCeQ0TJV5kQ,"Av. Hassan II, Tétouan 93000","5,0",https://lh3.googleusercontent.com/gps-cs-s/AG0ilSzKBCfYFKniF5yOBCJ8Fqq82ph5N91FkzA2iiSSyRrmtMTcaE3n-cC3m9f4lN-DXQ6_vwXd85UvdUQGUTI8A8dVnvyA1ImuUf5kDeYzXxvI9BaJ2lbRWnkNNaONLTa8NzeI3iN9vg,N/A,مركز Clinic Shifa الحجامة، التدليك بالوخز بالإبر
N/A,N/A,https://lh3.googleusercontent.com/gps-cs-s/AG0ilSzS67Q3uFGRaxX0vtUPXhiFmFAY6rb6hdJsM56iM5K4EiYqscWzCeI6NREJe4xHEX0tfKgyM3gB6bho_5qGuSiA4K_FhnsZTG_dPpDxY12PCk-rGdVbfsPlXoOzxeCZvNsrSh2-0y-rg52n,"Av. Istanbul, Tétouan 93000",N/A,https://lh3.googleusercontent.com/gps-cs-s/AG0ilSzS67Q3uFGRaxX0vtUPXhiFmFAY6rb6hdJsM56iM5K4EiYqscWzCeI6NREJe4xHEX0tfKgyM3gB6bho_5qGuSiA4K_FhnsZTG_dPpDxY12PCk-rGdVbfsPlXoOzxeCZvNsrSh2-0y-rg52n,05399-98690,MIH BY MUSDIVA
N/A,N/A,https://lh3.googleusercontent.com/gps-cs-s/AG0ilSwHWsgyWv5WFM_0CDNVAy_PJsoSKH9mS2z2ToMgNEm-9QABN9bU2lqi0v0tvnhJP3ambpQyPBFDfpZxoQONvfD2uHkqKWdL8IBxPs1m72tlUv2KSNoEZmwy074XtafYBgSeXWLv|https://lh3.googleusercontent.com/gps-cs-s/AG0ilSyzGIYHNfB0rG0vLidKiuobRXiSKhVkmUAB9wEm_vVPKvCbXjl9G9Pld_SnJI0LJZNzt8gMepeGj0-4CW7K4hU0l2QHRjesGPxOUA6w8g9FTbBaoxFcHsvbg34UqsOYiVG6HqFu|https://lh3.googleusercontent.com/gps-cs-s/AG0ilSzOAuS11YyiHaGec1gej6INq1U92N2-TFyEfJAuTp1AaFWsCdjiCdqUsHghK9ISkoHv0ktpp3fI7NPPSKWBhQ2-GJSCErJtpSJq6adzTk8LdXUyLfhbjt-z2cvZJ6xoJc53JEoB|https://lh3.googleusercontent.com/gps-cs-s/AG0ilSz9r8evlvRYVwiL2ZBtoAcAXRPBeoiBP7JEmuGhbpCBq5bEX9PeF0OczzEO_mXWOwqrXzCR4nLeXxqaNLlD5v1fEt7AgbCTCzekMLcJQKWiHEcRAfccdw5xS1xu-B4TGjH4OxPgYA|https://lh3.googleusercontent.com/gps-cs-s/AG0ilSwRvH9yqkcUVuuuiZs87BYxRzV7_xA8MxTNH9BbjZh5mDKglCSMfJpSh44Ksq8WooL8k7BcusqOQcLpkDMLYN6uIXiq7-C4hZuK0rZW4LDJmRpcbAVwS_aYnsO2NMJSuz78XXJlmQ|https://lh3.googleusercontent.com/gps-cs-s/AG0ilSxod2PGWK6bMX8_w9EmC7IhfcR5DvK1xC3BNjYqp29_n_mWqLWS7LSjEdj6KQ8yZ3fzvhq5-gDUfHIoqQ4ulGpvC2Mim9jRikVv2HWRAr1L5HSOYvfKHFti-XsmnZLBh0JGM3owfA,"JP85+7WM, Martil","3,8",https://lh3.googleusercontent.com/gps-cs-s/AG0ilSwHWsgyWv5WFM_0CDNVAy_PJsoSKH9mS2z2ToMgNEm-9QABN9bU2lqi0v0tvnhJP3ambpQyPBFDfpZxoQONvfD2uHkqKWdL8IBxPs1m72tlUv2KSNoEZmwy074XtafYBgSeXWLv,N/A,hammam tradicional حمام البيت العتيق
N/A,N/A,https://lh3.googleusercontent.com/gps-cs-s/AG0ilSzS29CYJ6ZB4ikxl61-zB0Qj-ysGUg2j3MievXCtGKwR8BDLrn_6sZr69mDaQrKBm45pd8C6YRXX4Zt9pExxGUNhawp0sauVoqyTjsP5KJ9ZkiDBvVOVZ0kkkrhFtmfzUXhO__pfA|https://lh3.googleusercontent.com/gps-cs-s/AG0ilSzHL0mxu187eM7cdKbwxw5cR1GaHL-zpUAWvZ13BN4IWkP-rpKIOiAUdowYNWkyB81JtKtToMdY1MewBLMPZ5Yjr89e7tfyWdveg5lD3IO0-N0as9fKBT3mMLNnzDPei-YvKZLl-g,"HMF2+VFV, Av. Istanbul, Tétouan","3,3",https://lh3.googleusercontent.com/gps-cs-s/AG0ilSzS29CYJ6ZB4ikxl61-zB0Qj-ysGUg2j3MievXCtGKwR8BDLrn_6sZr69mDaQrKBm45pd8C6YRXX4Zt9pExxGUNhawp0sauVoqyTjsP5KJ9ZkiDBvVOVZ0kkkrhFtmfzUXhO__pfA,N/A,Spa Relax
N/A,N/A,https://lh3.googleusercontent.com/gps-cs-s/AG0ilSyCrk9uXj6yYXDHaqsYBIrerJbhNuRf39ckSXGamhIfrgoZC9a0hXIEHGvImpqz9QDAchXeyye08D0Yvk2OVZ05I86rSUnee-JcmMYHnDnGIQT_gzNFOJ_hhNDC7aPb9OzuzDIO|https://lh3.googleusercontent.com/gps-cs-s/AG0ilSygjYAUTwHTh-nT4_SZHUUxn0KoHUTqC3VAuNbwQORVqyg45HgjS7MbBs1aKeztX0CPRycSRGveW06t4j_dKTDFWKZD2HKPm4N4PcQ4tUJlN27V1Cba_d_mdiuj-TuMcQ95rp3_AAifdJOQ|https://lh3.googleusercontent.com/gps-cs-s/AG0ilSxNPfrdQDFVspCjW1VBc2CrG90XzKJTJMLcktQ8AfoxEq5j-KOebo8nzLEhEjnCd8MSBQpNH037wa_S49WmIob1DffZGBt_hmgeqqPN58wdX1_QAEn9f9Ws_OBaz_G2gfIaIsnD|https://lh3.googleusercontent.com/gps-cs-s/AG0ilSy3o3UyGErqJ9-i8fw1b-7Y-28MLGMSkIKqKMWfEygtuINq60kj2A_-RAdlQ487MbkuVjRxWXsCkHtY80apICAvrKWuQWu4YxKQM4xz_TXOufj4ggaogrIaozG_gnS6pNcw24mfKRy1dig|https://lh3.googleusercontent.com/gps-cs-s/AG0ilSz9aO3l43i86vA9IiYRwo3MQuClw9sfl9c4H4yeT2RXt6T4pY5Qndaw1Etg1zii22Am1Gpz5AupGIwz02OGxOmhmNHdVAHLEAcUddhyd0TrqLzUBpk5NAB_ljXFAHdBXEf83Yas|https://lh3.googleusercontent.com/gps-cs-s/AG0ilSwhbZYGPe-t7My3VLp65jpOI20rPUhBmrVhCgUXkuvp43PC8dIv8jQm-h8SAGKI1J0j9vVGXGfLDDZ3lYMEDV0KR1aXwv1Rps5apXZgwhFGjLviIqueJv_5os6zZ1Gqp49I4qfyvw|https://lh3.googleusercontent.com/gps-cs-s/AG0ilSwIzEWofYeO74ssJbz3KwXGfeFJV3nltxSC9ciqfNu7d0penkIfCpiBhGJvwEcrJOUV8q6DQLkr0pUauPNDY5S95E0rcueF-R0YZCpsDFV5yU9DZXYejeorbF1Dj2aLnKQ4J7bk,"HJCM+Q7Q, Tétouan","4,8",https://lh3.googleusercontent.com/gps-cs-s/AG0ilSyCrk9uXj6yYXDHaqsYBIrerJbhNuRf39ckSXGamhIfrgoZC9a0hXIEHGvImpqz9QDAchXeyye08D0Yvk2OVZ05I86rSUnee-JcmMYHnDnGIQT_gzNFOJ_hhNDC7aPb9OzuzDIO,N/A,Hammam Sidi El Mandri حمام سيدي المندري القرتوبي
S'identifie comme géré par une femme,N/A,https://lh3.googleusercontent.com/p/AF1QipPe7iWPIYKrMsbSEMKjdtKF71QpN_CU8rJKQ3P3|https://lh3.googleusercontent.com/p/AF1QipN1b7lBjiD8sqktqrz_uUSCjD15rnu_-RLckCr0|https://lh3.googleusercontent.com/p/AF1QipNDHS15EMpodKBlcfylSMPKOqL2a6NQFAdAzGSE|https://lh3.googleusercontent.com/p/AF1QipPSVnb-7jj324tVia-CLk--q7ZOlv6Fl4Coi12D|https://lh3.googleusercontent.com/p/AF1QipMgov5Q9XMuSlkVlFxn-i7mgvJCl-ivqKf0aa_J|https://lh3.googleusercontent.com/p/AF1QipMpMnLQAiN_PgYjFXXj5OukGlTkBTuzO1toxw-u|https://lh3.googleusercontent.com/p/AF1QipO-2OGkP7HNl1qyll-KQMELUyeKSPg4Pkq_it59|https://lh3.googleusercontent.com/p/AF1QipP6jfAQtdCrz-jIL9pCBwtn83ACfPChpi1krTY4|https://lh3.googleusercontent.com/p/AF1QipMn_GvL2HbSMeHLxi7UmN5rFN6gfRwb2Aa_vEoN|https://lh3.googleusercontent.com/p/AF1QipNxZ8uPFrVOiAE69ikrwQxtjn668E8YR_h8UgEj|https://lh3.googleusercontent.com/p/AF1QipPD328o0Ld7x1W5tdA4yJTDfMcROr7mK6wfHgA0|https://lh3.googleusercontent.com/p/AF1QipNBWeseq_-y5ZDiTMQTD75FWFOpJC5AGKzSy2Tk|https://lh3.googleusercontent.com/p/AF1QipPMF2fl-metb2KiuLTZslvQK3adYF52OBeX82_F|https://lh3.googleusercontent.com/p/AF1QipMWPe4oc7Ivgn8B-02TTURg71SCBtjbXcgXbZkR|https://lh3.googleusercontent.com/p/AF1QipOgksh6ExP9I1_fQnVglNLoq-tvDzz-CK-BvMx8,"Bloc A2, Résidence Opera, Av. des FAR, Tétouan","4,2",https://lh3.googleusercontent.com/p/AF1QipPe7iWPIYKrMsbSEMKjdtKF71QpN_CU8rJKQ3P3,05397-17080,Centro Venus Aesthetics Tetuan (Venus Epil)
"Heure d'arrivée : 13:00
Heure de départ : 11:00",http://www.riad1001n.com/,https://lh3.googleusercontent.com/gps-proxy/ALd4DhEy3cyVXP6O0sebsOXjBJ5swo_K1deSSn0gb5GZ_Qn_1CCyMydXsPvImyyOQdSQWe7nGbjnJfo3gWEFKzRgD6umVodFmR-m2NMI6o1i-Q-MnNfOyZxmQVt7GX--2GfXDRqGRKuHFMGYN4tu0XeY-22JYfmUEwDg6OoTU69cUec6M6TZmK0T-pbF|https://lh3.googleusercontent.com/gps-cs-s/AG0ilSyTgjVrICtmPe2oXZaaZnFbbnu3sNl824QsA-P-F05sOwXnzSZIdpyASeRmrh7V6PeFKgpPAy5QwscgtO-CatOA9XTDQ1X5Q7LAH4b1sfaoyiRMb7pl9YMaQVFFDCK3nfesWTzl|https://lh3.googleusercontent.com/gps-cs-s/AG0ilSyWB-uPXovEF-GIkdAggLods3D9WKS9QdyTb0xfnWAnNtnchZUg3XrDO0zuDcEN1rd8El2dBlHoC87lmlJb7_kFy6FFlBIp8vUG7jdLHZNx5JbRFPIEi6sKssh_EVAg1HG_bilUfg|https://lh3.googleusercontent.com/gps-cs-s/AG0ilSzk2KU2Y4R90xhZemO35h2CsE2uEwAr_XAQ8jedq1vvqUexicp27SU0PcYmFrZrEAt5ZzZ3ueNpX1z_-2pbDp0fcENf-cDMyXWtVp1R0uTGQayn5MHJWIZ0VY0mtLutCOoX5FAF|https://lh3.googleusercontent.com/gps-proxy/ALd4DhHSRFrVcVB4BvsdL1nO-c5KT7B29_t5RFo9y_M090X6v890qP6aL-YR1vkcSgv8A_JERBN-G3K3ab8fML0-NzSTxrBuRkkc-qLOw2xvWGjnWnjf7up4RvPhXDToTyTIz8NxBAyca_b9J7fEYelVs7fDE4badSfudUJcOtFm5acXszFRVQhko2k2|https://lh3.googleusercontent.com/p/AF1QipO5aY2Je1WLF_yieLgrsRuMuHIDALpFEBL94whv|https://lh3.googleusercontent.com/p/AF1QipMoJzMlfRqEFv44_gTlP8ckaGKpnlk7-joF6-N9|https://lh3.googleusercontent.com/gps-proxy/ALd4DhHyLdUm-F6jh1ncUgAZIDiPCfKlmDC6VGgi_8EJD1SJiCxeqzATSEPQs6_ZGDBs_AGOPSZ29EfXtxE7I-srvWPFWk1w2wxrhwEZxgNnqhZ8DCPYQuJIYvXlbds1TN-REI-Vq8ZABblS9IX-fkzfPJNskzg79ipdWpIxqdOe13MqqNscUROoFIKvgg|https://lh3.googleusercontent.com/gps-proxy/ALd4DhHn3vvPCpnJ0HXmL4ewwk7Tldzwh0ZRhw44NRJGTLA6LmcKFAipLndFnjog2w57jzNeiilSbykub856IHDdjm1arQy7AVQTJkHDFvyOXNcr40k0TBq4yqPHCtpZ5cuOblk8qaSYXay2KKNIEfeBe4YtCr2gSJc5yK5dYO6CDiP6NtALpZKzxos|https://lh3.googleusercontent.com/gps-cs-s/AG0ilSxhp79UInoFKzyi9DFikoCxquBGxG7FHyrMt1PmifoJqdm8KiiQGsdbYGF9EumI8jgyRvFmtwL-ti8hIAMGnmw4-JVj4bEg2LeeBRW1J5V1KxkcVA5d2QNL86OukIWXDO2OyH0TA7sKlRo|https://lh3.googleusercontent.com/gps-proxy/ALd4DhHtdPKQr6s7IrvibRH0QlnKaCTE6CnHHqmafieZ2bd6b__Eu_-cBnRVBjwfjw03toaZSOAy-2VCnM0HMmGEnP1arkpMPovylxYzFjGhJv_fqo-tXJJFLMli-YeV0jlwDXEJkRW9ksQpteQ38R0T9vQU5cAjOWed0cZqk5Y_fn04a_4y7gnIvxiGwA|https://lh3.googleusercontent.com/gps-proxy/ALd4DhGK2cShVskcCl8RGtv0hDD1T7Ml9Exul177zFXU0mZI0YKsX6I-Sa4NZwo4dmEgzgNbZiEFbBL_irFUBsJK3qwvibZ9dUIe__FAV6LtvAO9J7MxwN6G6Wz32zfGjB0VSjAWAwtYLKkLYmGYijtzFCWeKBSwDVprDU3LNhyu5QlujVkKtu2-DipOhw|https://lh3.googleusercontent.com/gps-proxy/ALd4DhFkukA45lLiaa-CYY-zrJhHpAzSUANGm-aG0zptOaYRPuECigJioDQ1AeHhHcmexi2GGxPBERYpJ2Et9zu8QL5QhCtG62dKJqX2BdcF6fSXEThRRgH_A1utqwHffY6nyPejJ5XjaQikxghGxca0n9oQpMIIrXaPLwFY6dKMUOOb3pU3uc2kcVE|https://lh3.googleusercontent.com/gps-proxy/ALd4DhGd4oJ6q58kZZomBWT1cJWh8GFp4tf-S_z9AYlFipj8XZ7DvDkYg-lk7ax-TDd6ztvM7KdjyxgbiX8ZLS7bHldqO97rJ_shV1aBRErh6iYB66IIW4cmNXFCeKreasAY3eptSKWhTDGbU5lTLYRN0b8AWck5nALv_0BO17v1zFGh7EramrXcU7WTTQ|https://lh3.googleusercontent.com/gps-cs-s/AG0ilSxIpM9Hu6f8CfRd3m3g33RP2sBcO1Nds80jPCPthHjk0ZGV5_mv4gmo6KQ8dRAqdyBb9UXnuddC4aWziEoKkzta443xpQPECObvKp5-JpmQJmjTU-PK6l6k2nNGBu59JeA3w7sR|https://lh3.googleusercontent.com/gps-cs-s/AG0ilSzA0HrGnoSpvF7NIQm3Cd5hcCEaqqpbwPvR9CQ0n0LdfliDjVqLY93cmnkaMbzKlwmntfk_uk9_SD1U1IkNR9Xg_-iyafKEosb4Ri4ivNqUm268cwfx5VKzdubbSfLxI8DmNns7|https://lh3.googleusercontent.com/p/AF1QipP_J05iih11xDw0fojle7EzJ843WShhCQyY664a|https://lh3.googleusercontent.com/gps-cs-s/AG0ilSzhlLi9fnHlXaWth0gxI5JJu3npx6UijHngrv9ZSdE77orRU8NUqoOlbY8rx6Ang4IDBJGGXHFgnWtwu3Nuk1DEB5idEFh2VF2HqQQi_rPnC89v4b9NOQ83NGnjWHqPI195FFg|https://lh3.googleusercontent.com/gps-cs-s/AG0ilSzo4BcmMR7e6OWd21MvJfDMFeJpZxfSsbefb_6snhPgZqN8HF5sahLGJdSYoy17hFxtJ6_33Kbi9p5EvEkhC7y198Ev7rHIDZzMWVzv0_7wL2S42ESEpylMK19fBMHgLygPqnAFUQ|https://lh3.googleusercontent.com/gps-cs-s/AG0ilSwnpP-RFkrAURKSxa7NNsOOT9HQiAE6xQNJHBQUD2u-zLPYcui-lSLO9oC0W4IY1crMOFLm22eUnDOzvxKKXK4HGxzr40bvkM-2iJVdqkUcRU33AsWzsEE4_9hSU5huRjp32_DT,"n, 65 Rue Caid Ahmed, Tetouan 93000","4,7",https://lh3.googleusercontent.com/gps-proxy/ALd4DhEy3cyVXP6O0sebsOXjBJ5swo_K1deSSn0gb5GZ_Qn_1CCyMydXsPvImyyOQdSQWe7nGbjnJfo3gWEFKzRgD6umVodFmR-m2NMI6o1i-Q-MnNfOyZxmQVt7GX--2GfXDRqGRKuHFMGYN4tu0XeY-22JYfmUEwDg6OoTU69cUec6M6TZmK0T-pbF,05397-01661,Hotel Riad Las Mil y una Noches Tetuan
N/A,N/A,https://lh3.googleusercontent.com/gps-cs-s/AG0ilSz6PCcqL-Y2LVHgcmJORIBm6r90URRkGrTtvc-gwPRfxAkdvHjGEsEmXLGATYGo43DoZ84mhM7xtN1szNe0_p9ncj6HqNJVKtdIUJSUR7rHy7BZpYoUBGk6bp9lELnUR2PqBol0|https://lh3.googleusercontent.com/gps-cs-s/AG0ilSyIumKmXDdO6m78SunkVDfwC41uk4GwYgUcKJY9jj-Kqo-Ja78hBg6GELIMB1-KaykMWuYo7zOm5vCY6UzX0iQXf21iFc1SueihoWNVUtiZlP0Tkbb0RbjTabDVmSQcssN0aM8,"HJCM+H6Q جامع القصبة،, جامع القصبة، Tétouan","5,0",https://lh3.googleusercontent.com/gps-cs-s/AG0ilSz6PCcqL-Y2LVHgcmJORIBm6r90URRkGrTtvc-gwPRfxAkdvHjGEsEmXLGATYGo43DoZ84mhM7xtN1szNe0_p9ncj6HqNJVKtdIUJSUR7rHy7BZpYoUBGk6bp9lELnUR2PqBol0,N/A,حمام مدينة Hammam Medina
N/A,N/A,https://lh3.googleusercontent.com/gps-cs-s/AG0ilSw1rnIiSHlB6FdWlTxVVpnGl6UYpKJBDkEAykQPcJgJ6y9-lvOSedvD6_UzwQwMv6cQ5yWz6w3aLqIq5zGcJ9MnyXbj7J4lv7Ck1uUYbJX7FzPpC-DP6UwfJ7Odu-T3C31rUrLxsg|https://lh3.googleusercontent.com/gps-cs-s/AG0ilSzHtqEAR3st1N5_ob7AG8qnIPDnKQy0cTf_TVdfW1Mzlo0RzGj1FX-U_tSSsznhvhvWlgfndn9tdTcbadz37uVIuPtRYFzo-4YPMTE4omu4EOaDoFQiYWi4ja2vmRl2F4PQY_orzg|https://lh3.googleusercontent.com/gps-cs-s/AG0ilSxYYV9gdOAtfoFxd_dOD2bdMSSOsAHmiwSaK3KbxLyML0sNAYKxoHGcj2mOGiGanLNx_VDSERnHnpqUTnfaYXh6_b1Zj95o6wfhm6DiggYdmfcoSg6ltT2aVVT3ryiRA6akzFBN|https://lh3.googleusercontent.com/gps-cs-s/AG0ilSwyPYDPjSkJPLPOH8TjuudWVlVbOHV_oCmb-1NXuJ_dAceWRNtkc0_DyFwCnaF8Yf-wsggNLXmBCu6Y504KiALtNYly4D574C8wdLp7JQ-GCkBOUkv2W9xWSa5B31k2ph9GYzBodw|https://lh3.googleusercontent.com/gps-cs-s/AG0ilSziuIZLFUq9oHaxviuoH2VUIUe6Qum8QraNSWTuNux-8w5RxWVTlSqz6r8MZqNagqLtPjsIGO0vDvOw2hCukjRVzzPT1479qjkp2zLng-hoHVMN79YfAeTmslyiaZ93-S7BCZRe9jO0fJKV,"HJCH+P3C, Tetouan","5,0",https://lh3.googleusercontent.com/gps-cs-s/AG0ilSw1rnIiSHlB6FdWlTxVVpnGl6UYpKJBDkEAykQPcJgJ6y9-lvOSedvD6_UzwQwMv6cQ5yWz6w3aLqIq5zGcJ9MnyXbj7J4lv7Ck1uUYbJX7FzPpC-DP6UwfJ7Odu-T3C31rUrLxsg,N/A,حمام الوطية Hammam ouetia
N/A,N/A,https://lh3.googleusercontent.com/gps-cs-s/AG0ilSyh0L98i0gK-jfICoTMXQeLPF4oPMRsg0ILNnhBsjAKJh9E31Q8eMYr71grxYfjB4BM2y-mh4Ep-N1QjY2qRNu0l5kXyb8zUrBr-OyyN7TmijNA0I3rqtB1nobmMGPntgfi1ADE|https://lh3.googleusercontent.com/gps-cs-s/AG0ilSw8FF2IcWmsVG-YqZYWvqob77twY7iZH4Np8f99vOdPDETjfTa10z2u4-xdrO1QvVVjGhi11OGMhkyYGfNwdLwF3P4M9i9IZy2mht5shprdWUcZlt3Wm9rQ8VS5Gh5z1lJdUPiv|https://lh3.googleusercontent.com/gps-cs-s/AG0ilSztE2FyMV1zzy2id4ocoImjyofBdF_f9bWAEpEfZCCXbDjtkb-arZ1cpidpVKMjJ52Y-g3uLl97ViiQOrH7EaB5IwasyXI1dKNqDJ84KF_D8sE_ir0jO94i8XKgXOw5AyPrcqg8,"Avenue des FAR edificio OPERA 1 Entre planta A2, Tetouan 93000","5,0",https://lh3.googleusercontent.com/gps-cs-s/AG0ilSyh0L98i0gK-jfICoTMXQeLPF4oPMRsg0ILNnhBsjAKJh9E31Q8eMYr71grxYfjB4BM2y-mh4Ep-N1QjY2qRNu0l5kXyb8zUrBr-OyyN7TmijNA0I3rqtB1nobmMGPntgfi1ADE,05397-17080,INANNA ESTETIC
N/A,N/A,https://lh3.googleusercontent.com/gps-cs-s/AG0ilSxLs3m-uCpzll8K6KihVb0ji7fi_Ot5nq6z9V6xGgAMKXkkPbqMzF_nY3AlyXxc3jMCqIb5MO1YZIk0pO_yl0VyFv0ZSgOH6k8XLy2dKW9nTJd33-1JTZv4l0pdrv9iGtfMcnY|https://lh3.googleusercontent.com/gps-cs-s/AG0ilSyCLZ03xUgJMb-u9jjQcNzmCAxCqYTOoHBa8atomFzz69c5uYGpnHdso69orjkkSZRCiteKChmZPXH0oWpoobz4hElTY7ChbkIqSw3j6mkDhLLx2E0PNaHnyNqLQ_d9Vrjsjx1o|https://lh3.googleusercontent.com/gps-cs-s/AG0ilSxZahMlMIOvK6qQ4wj4aFZg6bCo55OTAG1PxjH5g5xgRrP3NpyiqYGKav9XELuvwWX_zmUhQWATw1vLXlAxwRHPzqfP8D9i-hxiEi9CbJMbMOUjF8LeF6x5tC5XfTOwjiqHkBa12Q,N/A,"5,0",https://lh3.googleusercontent.com/gps-cs-s/AG0ilSxLs3m-uCpzll8K6KihVb0ji7fi_Ot5nq6z9V6xGgAMKXkkPbqMzF_nY3AlyXxc3jMCqIb5MO1YZIk0pO_yl0VyFv0ZSgOH6k8XLy2dKW9nTJd33-1JTZv4l0pdrv9iGtfMcnY,N/A,Douche : Zarhoun
"Heure d'arrivée : 15:00
Heure de départ : 10:00",http://www.clubmed.com/yasc,https://lh3.googleusercontent.com/p/AF1QipMnqCgOBodwBqV_dU8hN6illeiMwCirWPqs_oEu|https://lh3.googleusercontent.com/gps-cs-s/AG0ilSzkmEyOnKL00PB16829sWYGU5NnJPdULem6Lvi-S9sJrACosiSikBSoCT8uTEI4Grs7kKiwoL61CJN4EJRH3zV1CWqgEKEJrSrIroq6obm1PvBn_9K5VqgU6pPqXhN6ob602g|https://lh3.googleusercontent.com/p/AF1QipPQbmu0TNrxveAJ99xJlp7K2xBmmspYRbzySAaH|https://lh3.googleusercontent.com/gps-cs-s/AG0ilSzdOD-8y8wPWYhRdz1TXbLkIXk1sqTs751sob_KxGyXQFtbHNlVqBG18GTKnGdAp_WL3JfLmNy_h50gNfNp3e3UAJpjsZcwqPr30YNOuiFAtBKcIjHdn-_QDzse7_FPcTqjYtEpCw|https://lh3.googleusercontent.com/p/AF1QipP5Oc8nlaB98YKwPXQw3unasvaDqYG_uoUwVNsS|https://lh3.googleusercontent.com/p/AF1QipMWJT_QLVP6z4JLCpum106yCTlUMxzWUty0UC38|https://lh3.googleusercontent.com/p/AF1QipNiAAB9JtZfpmAgGJ2Mu7lsha3mngCjePgmSkLp|https://lh3.googleusercontent.com/gps-cs-s/AG0ilSy9vdO9ghLv__B02MRWEgVqVgJUP918IA03QtLY47tx-3yudbMpRfoXjjBSsCqBsTsvBs9UP_I612jZssvnT50unD2mutmIkOrqgaspKZqv0NThx6tHWdecmz12pNIFAfjmFw|https://lh3.googleusercontent.com/p/AF1QipNB6lsJd2y0H_d4HoR-FKmryr4UGCS4fyBEqbN2|https://lh3.googleusercontent.com/p/AF1QipOOeXmfjfF-9rN6YXICLA2L17ZgL6X25ATLYDNq|https://lh3.googleusercontent.com/gps-cs-s/AG0ilSxFeVTRrHMCLKy7vOgPoJge9x-Dp42AwVC8-6ZqEoOsf3D93qJ3m3GFdKxnvfSCHxe0tr0lmpqXmdjEEw7p3g6SJW0UhB920dhobbrVLMgyxma9lDABhIYpxfe4aJDvP4k8ao7g|https://lh3.googleusercontent.com/p/AF1QipNpz597Ft6nb4X4j1-C358L9txomTfgQWofGO1O|https://lh3.googleusercontent.com/gps-cs-s/AG0ilSzQhXKYcViyvMHAE4Mcsa4JZX1Q3ag9f_RcibgKteqxtU1eRxJ8crWX0AjmRS_-dRJ7ApJbm2TigU8a_IO_28yNOnyC2IuCIH7Jueli-fL3x7JFRqQmIX_yidwg9Ypvnqr_5Ljh|https://lh3.googleusercontent.com/p/AF1QipNWx0oOPy_jZBtkAhZfN-ccxoDHiYf_nfx5_HJq|https://lh3.googleusercontent.com/gps-cs-s/AG0ilSw1VsZiZ8fGDfioWs0ke72XPyzMKyqGPluwrFSFIdHFsZskgPgcyTRxyJkb4Ru5pd4Y2e2KWVdYDrSolKwnVPA_oCyUB41hQnA5Ba-5kSEAOD23aa3HM1FgHJUFCtSErvvTsuI|https://lh3.googleusercontent.com/p/AF1QipOhzcOiBUGexNyCwvJEfWtoNuPNbwFG70Lcfe4V|https://lh3.googleusercontent.com/gps-cs-s/AG0ilSy9lLIHCm1M1yQ2qqCaw7TT2z7DJfT6669H2n7j7pCGigdScu7taqFz9CgMxsd6xPFiAT2xJua8TkLwVLwUY2mLTuL0pxt6j0QOdgUduGb-V-yuF6UUkSsiC5HwBZVt6UzAefo|https://lh3.googleusercontent.com/gps-cs-s/AG0ilSx1SgchNoXp2HND3dxtBLyoKIEzcmhHINUpdOFjbcLF6s7D_Q1Yh8N5doykDXg01bcahul3DnXxUFnO3paMt2B0VI7cZwAD3OG8yT5dJ9JVGMw8XacGMc05HVJYHUpoyGTDrbj9ftHhMZ-P|https://lh3.googleusercontent.com/gps-cs-s/AG0ilSyic8PC4w9uoS5mOZaOQJUQs8SD8JK2qCeamzY8HjjN8M1T0D4GTSYZySoskcz_V78hxo6OMnJ5qeJMJhsLem4P3jDRDid09eMz4c46_mTbQ-oGgpE-5GCnxqXGgL7PfIRaiDjeaA|https://lh3.googleusercontent.com/gps-cs-s/AG0ilSxFxBUcFOMe01Sij3FQRrXaP7YNfBNizIGadnX4YFGomZs1TuQg3yVLhzD0UccmQn7QHG-VecyiizTFHTR4t8Ii-SuiOznfcUjTGMdo9rIwQDNaeLolt6exAuceAHeZXRkH6uRr,"BP 232, Cabo Negro, Martil par Tetouan 93150","4,4",https://lh3.googleusercontent.com/p/AF1QipMnqCgOBodwBqV_dU8hN6illeiMwCirWPqs_oEu,05399-78202,Club Med Yasmina
N/A,N/A,https://lh3.googleusercontent.com/gps-cs-s/AG0ilSySsy6BteKv8GGh9kRWHlPAN-D2Uk9fbsekMaUH2HjSAvliWc9WYzzHSUIcxmxQesQ9vOpMnrQGY2Efa9x3UZvMCo02PlC9v6zGkxyiFcsgy_qx-DuBxUiAytyWqGqS8FGqxWDb|https://lh3.googleusercontent.com/gps-cs-s/AG0ilSx1E_bpRG_H-h48z7--_oQMAWtjOrzwFhsp20521KWmmSwD4BuIXcmyNVuXXT2CPQfHq3MPx-QoTcRjPPnGBSHe04nUTiuiZk4XBVq_cEbmdIl0mOzhJ7LlMferhkNzEW3nrkSJNQ|https://lh3.googleusercontent.com/gps-cs-s/AG0ilSwwNdbSAbZEjDurs9NV3dZDoVfASRTKAqp-_4gZl3HYXARTzrY36Qo0upR_4oWSEefR0eAWdUibOllYoELNOyXt_HUrV2XrWQtwdPBYksrBJx6Pb5QCBSrT6_e9Xy8d2RVGwCY,"شارع سندس, Tetouan 90072","5,0",https://lh3.googleusercontent.com/gps-cs-s/AG0ilSySsy6BteKv8GGh9kRWHlPAN-D2Uk9fbsekMaUH2HjSAvliWc9WYzzHSUIcxmxQesQ9vOpMnrQGY2Efa9x3UZvMCo02PlC9v6zGkxyiFcsgy_qx-DuBxUiAytyWqGqS8FGqxWDb,N/A,Dxn Tétouan
N/A,N/A,,"شارع بوجدور, Tetouan 39000","3,5",N/A,0610-057403,Spa Malaga
S'identifie comme géré par une femme,N/A,https://lh3.googleusercontent.com/p/AF1QipNZWy7ji8o4I7PMteWZO1MoQLerKZdMujURP7Z0|https://lh3.googleusercontent.com/p/AF1QipOiqOK-MUBGGHcVlGPnnK6VQs_JGcdwaNIaatmd|https://lh3.googleusercontent.com/p/AF1QipPpYD6chfiVIUTpshrsgiNxKZfdZg0e5urKcktK|https://lh3.googleusercontent.com/p/AF1QipOEkZETb7S1ejbGi7tddkkbJz1O1WJjUlgJvYk0|https://lh3.googleusercontent.com/p/AF1QipMNGXPtT-KpbCqyiI0RqCfi5405bpPhUkbDU-KO|https://lh3.googleusercontent.com/p/AF1QipPWv9lr8GvS2HFdfB4X6SPgwSswdamNtOBCLoMk|https://lh3.googleusercontent.com/p/AF1QipPby6SX07y6Y5njgfYCFqm1mfDXGHVHw-wqaw1C|https://lh3.googleusercontent.com/p/AF1QipNYoz51jbBOFdsOFb3B-s5moJQgyPn1DVdm9ITO|https://lh3.googleusercontent.com/p/AF1QipPxzXXRVgjHNqH-LQZeq_-MC8DP28Ektp7NH5UD|https://lh3.googleusercontent.com/p/AF1QipOvWlDnulhVdlTifqNTSxsdxMW3OyKIfcpHWpSE|https://lh3.googleusercontent.com/p/AF1QipMOIBPUA9Q6kmWCGNJ3C_yCHjWenu6_G-_MZRHF|https://lh3.googleusercontent.com/p/AF1QipPqb_fmw4tKtbhjbj1yzMLv0Omx3S0ttXpp-0ZT,"54 , 04, Av. Aoussou Ou Basselam, Tetouan 93000","4,1",https://lh3.googleusercontent.com/p/AF1QipNZWy7ji8o4I7PMteWZO1MoQLerKZdMujURP7Z0,05399-90992,GLOWLIN Aesthetics
