images,website,title,description,rating,location,image,phone
https://lh3.googleusercontent.com/p/AF1QipOKX581VUyYDN-_Mb5IyW6711VLeWscSF1IF6sQ|https://lh3.googleusercontent.com/gps-cs-s/AG0ilSz5ntkbkZVSOM34Zal9ZT0HhaJNmbH0QWQl-bQWOFTZd3NTncnVxAhmq2OTqZpHWXlVwP4kyYkvqFlnBBeNgImITqejB4YZ9WKcIUu7bV385jWd-RW5LTTCDHLsWs7HKqRkg3ua|https://lh3.googleusercontent.com/p/AF1QipOCVXv-b8LTGMckqtXINxOvajiG5foV4I3VXKEs|https://lh3.googleusercontent.com/p/AF1QipMm85dey6KN13aytnKizvxYlHKIwygD2VFqigmW|https://lh3.googleusercontent.com/p/AF1QipP8dSlsXaavj__uXTkiYv8XcwpoAa6JumKx-JXs|https://lh3.googleusercontent.com/p/AF1QipPpD9PSURjo7dqV5uJuHSZjHLTWX4P--hCNIlkp|https://lh3.googleusercontent.com/p/AF1QipNq4Nqr1Vxc4yWPvFWkG4djWqJn8altXT8dKhzd|https://lh3.googleusercontent.com/gps-proxy/ALd4DhEFUN1KS0hX3F12kLyr8PRlDjYy30E8Kes8ein6ZvK5JV2wTsziX60krlud2j66_6Ep_xf2FajHbphzLQpvgLQXvescFai8fi1sZ7NQeYPq3e9UT1azrlIdi_XaSY9_DEVReLgbSDg_5T0nYUgoPdERR7xWtg5BSduXfEnd5aF68Cn9tTm-_ZItXw|https://lh3.googleusercontent.com/gps-proxy/ALd4DhHCeW2xvXHjzbEluLvh8npMZzvMshdteYygAc6hyGNwxu7XnmekfWUWvS4-Sy2fyJAqrXzao48Z3Qz-ZjcVllphrRweIqej6Ke_ug7Z5oVohpYyW4HcJlZfLRgrqmCjsARWuSyS5JJbnCRIaiWrod9SiJKb6kQwoeWPEzKqOSvEVctbJmNLUBtwKA|https://lh3.googleusercontent.com/gps-cs-s/AG0ilSxwN60Psl5-KIbDYJN3x__MAKOyLRYhrlBs9JtRQLoCf2aY916oeYDwIxGgR-_upXFO-XKCafu2nRQ4Rp8KJ2xtkc1H0lVof5FK5nuLNiSIYgwxnB1mBcaHzIL-mvEnF8vQzseNhg|https://lh3.googleusercontent.com/gps-cs-s/AG0ilSxaUgFmdAdtkMrisZaL7qcrpVHPuWUEMtMWd4xlbAtmKpZQ95ska9WYZxNJtxvHcADEf9-52dRZGIEsyaGkaKPeigJgMt2mPv0zfQ-ZEAyBjRNNaURt0YyO7ik0am-ZCfBkE_4F|https://lh3.googleusercontent.com/p/AF1QipP00waX5_5ibHK-UAOTvgWAAE-07lTgWPu6vO6j|https://lh3.googleusercontent.com/gps-cs-s/AG0ilSyCeWMb2LugPQtLUBBLg4CKkC4LHDhmnKbLIpgzfr-it49MEPsS39q5i6yGVsnILjSFzlxLUOHqEjttEJYHDbSu4CNomZ-DMfilNVknSJL0R-YHeTug1DBs0RQ3fbbjChHDAHNL|https://lh3.googleusercontent.com/gps-cs-s/AG0ilSzcrlH1DhIhH1dljIFnOJcKw6CqUHKssZaCmHgOui6TZCXuCQxjJaUWToXRZT3rmQWddyX_EFDRZUn7HHrF2cJlL5JWr5LzvIALQstUsibapasae3QrkKoZe7-sgUBedMLBq8l72jTBzyaj|https://lh3.googleusercontent.com/gps-cs-s/AG0ilSxjImY2jN_gfC6O7gbwiW4hZc1GlPy0hqraBAZJXEeDVZyc6jEkbvCUFw8EK3BZc1ywztDPWgGcV-fKRNAh7Y7M3SGZpCRwSB2bfbUjZIjRBYP0x4KLGM2Vko9aeaMNtMSF1g|https://lh3.googleusercontent.com/p/AF1QipMIdomorHcnaxCAGsNu_Klu1pTrT79ko_FHTldf|https://lh3.googleusercontent.com/p/AF1QipOV-RafXcrSm_xMeVElDNJqWJLfBbrI86Oderp9|https://lh3.googleusercontent.com/p/AF1QipNX4QBAaAMs2S-qcCG4se1vUNRWGmpQ3zF4tg8i|https://lh3.googleusercontent.com/p/AF1QipO_iIKEGnxsPymwtxzzcy5ZeBQy0L67OGjhkofH|https://lh3.googleusercontent.com/gps-proxy/ALd4DhEGYJ1YeKEvO4MPwJIS8WO23oJLwUzevExmtzU81aFauNeF4kGEco3_ylpAIqGkV-lQ3Q7f3QAww5x8ArVnslWf3TaDJY_9eMh9cRfSJpGF2m0JlvRE9hQbWN43DwE6Vgs1D_JY8KHavPd2F1ac7zUUTgGRrfr_0sEsM1AgIGhXwHckOjAUr90P,https://www.riu.com/en/hotel/morocco/agadir/hotel-riu-tikida-beach?utm_source=google&utm_medium=organic&utm_campaign=my_business&utm_content=TBE,Hotel Riu Tikida Beach,"Heure d'arrivée : 15:00
Heure de départ : 12:00","4,3","Route de L'Oued Sous, Agadir 80000",https://lh3.googleusercontent.com/p/AF1QipOKX581VUyYDN-_Mb5IyW6711VLeWscSF1IF6sQ,05288-45400
https://lh3.googleusercontent.com/p/AF1QipN48bD8CveWkcyn9S7zTbs5N6NpbuNiL3dOQUUn|https://lh3.googleusercontent.com/p/AF1QipPMy4CN66r2r8YT4aaNGeNPX2Egc4YLhxAVccBh|https://lh3.googleusercontent.com/p/AF1QipPpJnnEOxa7QHOgLSEi50CniA1PMgYeYAgwHNoI|https://lh3.googleusercontent.com/p/AF1QipOWszH5ljyc1vHuDjPhpik1KVuoa5Cc3KmJKlQV|https://lh3.googleusercontent.com/p/AF1QipNbKkA_vd1h_T_mMTftO0F5p4uNdDy-WnYzfeSj|https://lh3.googleusercontent.com/p/AF1QipPaXnvjyCfQbic7oU8doaOvTiPsnGCWj3DWw5Rd|https://lh3.googleusercontent.com/p/AF1QipNgkfDS-4IJwg_8bEfMO1Err-gJUq59ZNqUCZAu|https://lh3.googleusercontent.com/gps-cs-s/AG0ilSwC9TPrOzzqWL2ZjjoK3uI1JKtg7VYGBwKPka0YHwVxefBRyE4RFobpEOTGN8bQeBxq9dyBRO6RRZfE3QUIObexiMJlCpUl99TB31_aItmX9u_c7yxFmKZl_w4E_KcHkIR0CT8|https://lh3.googleusercontent.com/p/AF1QipNAciZRfMfb4dpst9k9gHIcWnahj3HOu2NyEWnX|https://lh3.googleusercontent.com/gps-cs-s/AG0ilSwDan1vtWgc2c6BvS1jwdfWtc242h4_gLxAqdT_n5iRB5zi1xlUg4aJ4tO6zci7gF-s0XqHqM0SJNXKKqw7p-oebd2Zty4FCIhue4BD0dypsdxFjGORFeuOMar0T3m4m-pRMCQ3|https://lh3.googleusercontent.com/p/AF1QipPRC87Rx0MRNDWZI47ma2lXGBV5Fx_T9UB9Rm_K|https://lh3.googleusercontent.com/p/AF1QipNoAw7SjWT2qvxFtgixCszLQIAsclJTiV_NcDYL|https://lh3.googleusercontent.com/p/AF1QipNqc52PM-RmYDfOZmUWuhnhUnipGPd-SwF0bzqA|https://lh3.googleusercontent.com/gps-cs-s/AG0ilSyqU-fgdLk2Nl_qQ5z6ZKgecQNExdUeUY_j7axkSETalKhfXx8aD29A4OOYg-mUzcTFYlviZ2OFi1Z20n3POJ6TgJA8hhNrgyAIhI6u5LJTiD3F63o0G_lRPXwQJPHNX_3ZK2SbMg|https://lh3.googleusercontent.com/gps-cs-s/AG0ilSzN3DLtdhksR5PK7jknHaFTrdaegio8tX0a16GbaUb-T49sR6EYn2c5qU7BbAQ4IrwoEorAlCD03-xJzo04bQvm-MGdVX9RByN8yVlTIPWJ34NeW8-LRymaiG-R3v8WNzL8JE-e|https://lh3.googleusercontent.com/gps-cs-s/AG0ilSxhyX0lW_C2Q3MLMJM1IHbN6TS5uw9wtMg1PRc3KQiuabsJdkuVtOrQNjDuv3UXBopolpcZj55nJ1uBNZTYfsJUnVGywnlzIbjTf-qKL9cVgUMfSgGLgARM70mUY6OAChU5N6Ib|https://lh3.googleusercontent.com/p/AF1QipO6_YpkF086t3hxElNDOJOKtW-uvfzONoLX1PMB|https://lh3.googleusercontent.com/p/AF1QipMdRPhKXA5SLzOnh4t3j0MUHHeee-QoeuMdyyw3|https://lh3.googleusercontent.com/gps-cs-s/AG0ilSxAgSwm4ToLCPl-2f-Ukw1CHUVYeUc8nH6lWmz9HWD9BJ9fTClQ_5vqnQ_t5WSpJAWon9owPj6rKQFEiO1gl0LV6DYrZVqGCcCLUkK-NLCoCdJKmEuysd6Pd88TDyXYr5hIuuSy|https://lh3.googleusercontent.com/p/AF1QipNVLM3H0GFWy9mTzBMXBQxuDjIq6y8KR_n-omdw,http://www.leboudoiroriental-agadir.com/,Le Boudoir Oriental Agadir - Luxury SPA,S'identifie comme géré par une femme,N/A,"N. 32, Résidence Essa, 32 Ave Abderrahim Bouabid, Agadir 80000",https://lh3.googleusercontent.com/p/AF1QipN48bD8CveWkcyn9S7zTbs5N6NpbuNiL3dOQUUn,0664-788335
https://lh3.googleusercontent.com/p/AF1QipM3RSUBGV9MDteXLVlJglToPVTW7dZGjQcXvxjj|https://lh3.googleusercontent.com/gps-cs-s/AG0ilSzQ01StjcEYy2RUDqZIRrrB23GTieQR97uLO7UPc84bQUlmMX1bhFVNae24KFt09zu2nGh1gd4-WjIvH-jua1Z83rtSni8wQ_AvtCB_57xqfhhx5RmbyyZlBiDoou6Ry000ItmALg|https://lh3.googleusercontent.com/gps-cs-s/AG0ilSyplPQvL2f5v9l3BNMtiakj4Pe7GD83YtMtqs1s1M-3mSeHAy6TXwT0cMiB3bwVSQb_0YSxp6n5vkAoN2l38n2qkH1mSgtNfpTXsSa6jwDz_D0BG5DIraOYWW4WhO0ddibQnP3gkIHtDe3P|https://lh3.googleusercontent.com/gps-cs-s/AG0ilSxmMTHirNg6Bn2JZCZx-dmzqBOEOZ-1VR9A1lGeU547yP-Spk6_hx3Y06riXk3ffwD_0K5uswAWRqXKk8qMQmSpSXP867BAmmRA-qJbOlq-KJME4YVMtk1teVbHLflDX_vQfiGRLV18WEo|https://lh3.googleusercontent.com/p/AF1QipPoKVFdNWbhO9GV9msPAl1frkCAA3il00d6WEcw|https://lh3.googleusercontent.com/p/AF1QipPLVvuSGfJ_oyOv5S7aBnf5NzROK2xoT2FP858U|https://lh3.googleusercontent.com/p/AF1QipOOXICPyd1H-7mrfzOEtFvC2J3kuFajwzKtoM5A|https://lh3.googleusercontent.com/gps-cs-s/AG0ilSxFV_J617BO5ak7vFZA3D2B8UZzPVsLZMqOj4NLFU1rDzyXEKtbtNQ9AriwwaPg8lwfuffklEHgegiuCAE9x1tNsDayUTQTJY4z3ZdaSNmlJztPIRFDqbFvuP1NZOtgoDPAwubvA3BwCPvq|https://lh3.googleusercontent.com/p/AF1QipOhaCwJxud8w6uOGxc9Y8XyuyOLNoIn63OCeMhH|https://lh3.googleusercontent.com/gps-cs-s/AG0ilSxHaGHx2XvgasdaR6kqqzckrWQnZOPZbN6AXEz8PvsZpZGfedM3nOjIKdg2UkMDDMYPyuRYScIsbslVaP6nTbsd2oo81BDAVYsH-OqdgFNE1U0MBQZ5mvtH9iXLo66aATVB-4I9nIhc61E|https://lh3.googleusercontent.com/gps-cs-s/AG0ilSyPUDPh5Te3cVRp3QBLRP8OaeeorZqcalY50JBamXHXZd5tng3qV-4p-FwQfXsQht6LRBq9nnUtYays9rh279aewssSjC2mfAhLC5IYl6Tv4i8plkSrfWLRb7f7LvrLQQxpn0XJ|https://lh3.googleusercontent.com/gps-cs-s/AG0ilSxUfoNg8pe3KfKiO9YIvRnQW7oX9Ryuy-QU6W2phEsf2hXZQP_zSX6gf0--4fBjPQTZyg5eOfQsjeHYj3O4poLqO-PcjRSw9NYrWmYszonA2UDNCbCzSiIb6rlJEQjEYTB-gnznvA|https://lh3.googleusercontent.com/p/AF1QipOkHNAt1U_i9HM2mjoFxyxusdiAb58I6ujEHIn2|https://lh3.googleusercontent.com/gps-cs-s/AG0ilSydCDKkWHEI_RpxxYtCKmKiNkJmcG8FdG6xnJlR-sFTCI_oxBi6V42-RGvfFQNymWQKrdZo0V5zH3nlZPpNyclHPnmONDvk2MyEOw4VY1gJkK5ALQxzITLVL1wMqxqz-fjd_sLC8vnnGU4|https://lh3.googleusercontent.com/p/AF1QipNWr-vXYzg1iPOjWbkH9N-XEvDFLo4j5_5ZxAYq|https://lh3.googleusercontent.com/p/AF1QipOQoRqgi7AXoqjR3qf2WvxI9usuZSMY8w2bdmYc|https://lh3.googleusercontent.com/gps-cs-s/AG0ilSyy1aY7lZCUmHkaQ5688ZRRSG1s8DLXo8KWuNx9NL_WxqZo1tGghoZEgbP-xKBnNE2hoAEGtaXJlWcHGkbYONifD6sa73XpBXUglXwk_ZmJvsQL8Sv8aO643ItzH8iI8xPkWHY297BN0SY|https://lh3.googleusercontent.com/gps-cs-s/AG0ilSwniIsRSsQl6wkErdm77AuS_M8pWf3uBwXtxKjTUhLuUiSiFauChzWn4XdcIdSmnc8WokpVWQrpYQsZYAEhjrVISBL6YC42plD_3CCyBMAw_KYRCZ3GLHWBJyq2ENkLijsOj6wI71UVu17F|https://lh3.googleusercontent.com/gps-cs-s/AG0ilSyIUDD7wHukXRrmMVrgbYAoLtgNDCldm0vA4N9s6A2krudGSmGNn3zTzRVz41lS0cZDxF0485mieoLSdm3t4PxkNdOTWmxzLjCQea6VNMuNAIVDmgsbClqCU7d1kfYcnE1KcsZIfsJ_0ic0|https://lh3.googleusercontent.com/p/AF1QipPA0ej29ZJ6FTXtC4QL7-7T8ijhItzOF5GD6N0n,N/A,Lchic Spa Agadir,S'identifie comme géré par une femme,"4,9","CCHQ+XWV, Rue 3, Agadir 80000",https://lh3.googleusercontent.com/p/AF1QipM3RSUBGV9MDteXLVlJglToPVTW7dZGjQcXvxjj,N/A
https://lh3.googleusercontent.com/p/AF1QipOomVHeZpcir3OhyGtBq7CjpUgXJs1Wu-bdwGLK|https://lh3.googleusercontent.com/p/AF1QipO-G8owqgMqoaSKOAepQWkfSXCKV3VxSHoRA4nY|https://lh3.googleusercontent.com/p/AF1QipPzpRZ4NadOT94iH_oVNLh-4yLOrmzXhrSKsa7z|https://lh3.googleusercontent.com/p/AF1QipNNYsxix2UtwC8Z7UxP5NQM0zf5fEMioqByzv0A|https://lh3.googleusercontent.com/p/AF1QipMHlyyR5BKx74zIHykKHq-_718_HxGfCPDMjb_V|https://lh3.googleusercontent.com/p/AF1QipMNj8gR5rlUhDqDWF6dOM7TtERpuiMSofHrerM-|https://lh3.googleusercontent.com/p/AF1QipMJzuoXaK5jY2aZO6bj75vdSQzJjhiSx1GorHm1|https://lh3.googleusercontent.com/p/AF1QipNdRgDPIGGO3cx9gDq8HR0z7niy7g3nXclpgvqN|https://lh3.googleusercontent.com/p/AF1QipMAvptstfz71ZL8M0x-SURveAOmHf8hUALDFTU-|https://lh3.googleusercontent.com/p/AF1QipOOlD3W-zAun-iGb8nXmtw8JmSSZE4o0_fj3YQB|https://lh3.googleusercontent.com/p/AF1QipN7-6i9-k1_2wlnw5YJHRWHYu3CcS4jcGeeQdre|https://lh3.googleusercontent.com/p/AF1QipMBSdHenpRkT88H-8cJ0s1rUmtuDxfljMEcrojo|https://lh3.googleusercontent.com/p/AF1QipNENb2c-7wM1CopNJnUlWAbd1Ip0By7MrtgyKGP|https://lh3.googleusercontent.com/gps-cs-s/AG0ilSyDaVedXPn3TqkIeXuRGHPo2xrNTVq1tiKOr8o-C_hjrVvUnDk8iMTRhSOrWnZV3hpjVRTGrin8JXVEu-ggeiDqOaEfCZUdCDsgR4qFqCpzb_djwmcJH0np7bLQvRtlW7bn1g9yrhTCxuA,http://hayatzen-agadir.com/,Hayat Zen – Spa & Massage Professionnel à Agadir,S'identifie comme géré par une femme,"4,5","Rue Al karam, Agadir 80000",https://lh3.googleusercontent.com/p/AF1QipOomVHeZpcir3OhyGtBq7CjpUgXJs1Wu-bdwGLK,0632-823309
https://lh3.googleusercontent.com/p/AF1QipOCaUhIKTqqEDfAmRIhBliOQXnQejf8AZ2KFHTe|https://lh3.googleusercontent.com/gps-cs-s/AG0ilSz1q4M0u6LHzXFhzrxogLEYLlX2zGhUv8oPpNAjz5aT39MezhFXJQB97htsLov60u0XWXLNUgcoSEnEBA8nZNaKK_guLFBExPiYr0JU1l_gnCKpLLYvEr-pPrK-QzSRMWRU08LAxQ|https://lh3.googleusercontent.com/gps-cs-s/AG0ilSzxowP2lx4Dce42YrGYcdjS96UFu6P2qsQjD7mc5Re1Y5eZziXfc5uBHp-mAzCnTljzbhBCaPC9_jBjko9c6glbJKmNw-hti_Z__NSyKtngrVS8bqAg_LXs8nCXk3bRscmPqKEoGA|https://lh3.googleusercontent.com/gps-cs-s/AG0ilSyWIhkc0ZrSxyQsRXDvaHVlTG6pppiTyo_6aTtKsg3Nltd45iT453FSkru1AsB8Gt-59fFQ0Vkx7obBFbCWd0GCJQWrcnAk_X7VLLjD9yw-tpndsurJyMmJ5B2aAKVxbBI4MDuW|https://lh3.googleusercontent.com/gps-cs-s/AG0ilSyLkjtTzb6MSGzye1BGCZ4DgJyywldehKsaY4O2MaaOFbdM4O3-8nXC_fEsIehYERAp6vw810qdVMWhLt6qeWswMMVgNN_rvfbq6fnX0ISM6a-0rSCbTe4-LdHhxXW5C1U1aKg2|https://lh3.googleusercontent.com/gps-cs-s/AG0ilSxlQP5CYJqcGKibYZuSe3Xri7SYymoVK4z_zjd0dTGsKm6MCqVuJXXiELq7zeiV3w1vXtpg27chG7BjedON_5txZ3rS1KxpeMSHMnypoCL2e7AnZbPzhEvIcfPZhu6YMirYRr7zfg|https://lh3.googleusercontent.com/gps-cs-s/AG0ilSxFRWduR9zZF2vBG5SRnKv5Q1_ZLOA628SHxEQgxbB-RMHF16xzLVU61luQUslNw7aQKak02_d-faW-MriGx6enUkS_4VWG9r6jbbv7__2EIfZ1ssXLzZt2kMHSG6GHVO54b7Q|https://lh3.googleusercontent.com/gps-cs-s/AG0ilSzWdWeeJrVE5ibi64EQZEsM0FdVEDtfFiC_zbITKKUryTqDQ1Ox5NxHBpm0Hkzk67uAgqg0FRTSTQm4FcZ7IblMNAq-2ksBTHF0lqsDqkpw6Q7V2bts8QlUt4HW0itXPJghO5Mr2xlGRESc|https://lh3.googleusercontent.com/gps-cs-s/AG0ilSys6_k2I8zcBvRZEOSClMsGzGHa5JcqJnp7pHnVFJFzN31Oc4hmT8Bzad-qTJK43a8MubcUB9eStjd9fNRbC8uVSk5mnYOvY7Z_Ng5oTxYacuIRpWyeSEXvowpJqDV1rHivss8jYg|https://lh3.googleusercontent.com/p/AF1QipMvBL5eRPGjeYHi9CGQx5rxGNxL1i65fH6HW65E|https://lh3.googleusercontent.com/gps-cs-s/AG0ilSx_5LplBaWalkbkUuny9KLGXkBMy5GCiTAijtPvS_WpKjcf2Y342Cjjz_szjAuLE7regllBDVwygSXjMECue5udmFKtu3bUWAwNEHNjWjMGuNdCcUgVI139cYyAHbiwtuQNiUcJ|https://lh3.googleusercontent.com/gps-cs-s/AG0ilSzIeAFVV3RquCElRQi-dW3jYqVJyt7Koedlvhl0u2tLR0OdZA9CaxhJnANGqALhVPi3zwYID4TwBenM2VvRFmS9f9XoACAVuvZaPi6azgaKBgZmkoh56X-hWyecNzr1Gz_Pf5cK|https://lh3.googleusercontent.com/gps-cs-s/AG0ilSxGJGHFE06I3Q1nmh20LYNZXY18Q9Zat-El0mH6Jxw8Kv5ayZYsJE1UzKpEHYztVG8gjJ5MV-oruGCdCP1AhvVAS6fxoR5AXlHSsgOjNlmc0KaljVDmFSsiiJ67jW1fAFzkr6dv|https://lh3.googleusercontent.com/gps-cs-s/AG0ilSxf-1pcue67NuWvvr8BxpEQ857UO54FOI_5n5e-Kqp_txtrCsmnA-uYGh9mHarxnAx0FncPOUUuoEOU6vq5XloIVlC1LJ1WE5fFxWznTFTqTQ7qt7r9Rh9kZXvD97L5kZb4bnM6|https://lh3.googleusercontent.com/p/AF1QipM2FUSa2Uf5Gf_PBOYDwxEkgiCDa-26tCCUptF2|https://lh3.googleusercontent.com/gps-cs-s/AG0ilSyDLp0OqDUSsHGYX6jR3wvyrLH8AAcUa0oprumkUxNN2maWFRmrPcCgk6CQoiRh9131NcIsD6BLT-P1AqzR5C18jmNTBG-bBToLICOVC2GIAf1mMq-WYaEDTCaiBBBt1Tzybtakkg|https://lh3.googleusercontent.com/gps-cs-s/AG0ilSyDY4Ytd-BJ_NgPPC-d2kvTyK9yrne2L6z9RCFBr8zwLvk_p-rT4onj4TWlN42peifYXXseqBW7E4xapWhXAC49jE0-Pj0z4KbVigrfPE7Z8FNLoRCJW8QJ6dJGkNRkVmxqOhRj|https://lh3.googleusercontent.com/gps-cs-s/AG0ilSzM1jHL_37zFveoyWor50xcGPJWPI8U17U0DpORKfS18uiiOeqReMwXuJm-73n7fDPwwHdCEinsBJF8KkescpRAFWSqNURzEJOR4mLj39Bkzyf4l3MCM-F-iR1vUeClf24GKBT7|https://lh3.googleusercontent.com/gps-cs-s/AG0ilSwUtRf8YSl840hhKmW0t2DnMALqanaLRqjQJU9nnTOFfIG-odlIIBtnDkWJMag1jM9UCitbCHeulrAyjvPfUnZ_hk_KsZigFSoEBnCuddgg6kr7YHI5Ef0-HgztQSU0Ej3n3C0|https://lh3.googleusercontent.com/gps-cs-s/AG0ilSzClnjw93Y-AbfUtHRtt1u5xvMAUqKY13SNytlEuzGLIjF6HTBnYJU8CyG_vphEL7yOuSbGRNoI3pK4KdL1uyK7YhHql-8Impo8Gnz1kliFUvjlGOsJzZeGji82sEKefrtZ8Oc,N/A,Itrane Spa,N/A,"4,7","NR 41bis Rue Omar Ben Jalloun Hay Riad Essalam Agadir 80000, Maroc, Agadir 80000",https://lh3.googleusercontent.com/p/AF1QipOCaUhIKTqqEDfAmRIhBliOQXnQejf8AZ2KFHTe,0655-280734
,http://www.facebook.com/novospaagadir,Novo Spa Agadir,S'identifie comme géré par une femme,N/A,"N°1 Ave Moulay Youssef, Agadir 80000",N/A,N/A
https://lh3.googleusercontent.com/p/AF1QipMKcLfieY6xX1KlNcegRrBuhq9lrocU6HSuwAFQ|https://lh3.googleusercontent.com/p/AF1QipOhLtgGvTWb4Jv6B9Y3A6BphT40L0dV6mUnZppB|https://lh3.googleusercontent.com/gps-cs-s/AG0ilSw6dQCw0sHNPJuTTBauNXWL7iSPnZqUrsHIz3OgkWScdPIFrJtIKNkWI6MbAaSW3Hs_Zh-3OB9I4Ljtp4UC_c_j50OoyCg-Vp0o1ZatkRaF4NRtz5gBZW0EspltIZbec2Fz5Lv5WQ|https://lh3.googleusercontent.com/gps-cs-s/AG0ilSyU61t7ul9z56yQi27bL1bdUhdAbhXu0fRWhCjEKGOJWHissYA8UR5Mn2ewjs0QZEMdgAVT94spLLZrvQlpXU1BjrIeUaHxSeDGYLRE51ItwOi9AP4uDdavjaR_Z2ih7BQaletmVQ|https://lh3.googleusercontent.com/gps-cs-s/AG0ilSy4JjQRyFbjDGTSdd_7o6CVXYhfCXBl5G3ve2zXxYBDv03weQIrAhN5jj9Z9GQ9YxYS9JGYYns8cmjJfoWDAk0mVC6c8XhknyVIJbX-CT2O9-mhSWBPvvhwye-Xh61PCFMADz0|https://lh3.googleusercontent.com/p/AF1QipP3skTVDCVPuCVIo0ftWqvORwxS7OSn6A5x68vR|https://lh3.googleusercontent.com/gps-cs-s/AG0ilSzl3Kq3F3TRP3IgTrR3i4mLg76Szg1UTqVr-yHZNKCA-T76dX8jJtMKvxvIvjRndO8wVTVe2bJnhxmyLqDQPGNOtY1-XAbxnEDVSVOhRcvq4hRuyGlJUHqexJN64Me6qv4gK_5u|https://lh3.googleusercontent.com/p/AF1QipMjivsGgueUOhu9BF8-QT7pZ0TP-2SFW9iu3kf6|https://lh3.googleusercontent.com/p/AF1QipMeKFhgy71z24HHfQlmXQK9XQdBUiCXQ3wGTcea,N/A,Label SPA Massage d'Agadir (massage hammam esthétique),N/A,"4,3","Label Spa, Agadir 80000",https://lh3.googleusercontent.com/p/AF1QipMKcLfieY6xX1KlNcegRrBuhq9lrocU6HSuwAFQ,0525-256003
https://lh3.googleusercontent.com/p/AF1QipO2rTdSiH3Kowfo4hHyosp1MADEKjQZX7bg-BK8|https://lh3.googleusercontent.com/p/AF1QipPAYsiGJzis1hShFdBTIGGdsJNRILPOD_5t29Rr|https://lh3.googleusercontent.com/gps-cs-s/AG0ilSz4uzSyM7o1JHs8tRsFG_cRA_dc2AuBmk7JczMBUvV0ypHf4-g86MZwHe8pbZM5DK6p0cbK02uS9CDXE4zj4_ipBPQMZOo_5y5LMT_EeL92NLsuwfj5QAkxFP9-XLU6mdncdKmFAg|https://lh3.googleusercontent.com/p/AF1QipORQuddc_njC8sU-FtW89lMcXNfY7_UEY5Xm5Uw|https://lh3.googleusercontent.com/p/AF1QipPgKggwxo-UCQs_X3k76N1IximDek6BKQYaGnzj|https://lh3.googleusercontent.com/p/AF1QipOUIm475s9FGkbNuTSmteA752csKrNduzwUKWCl|https://lh3.googleusercontent.com/p/AF1QipOvYKE2M6qJzkwppHV3fTXvTIUCkkjnMjbzuoI6|https://lh3.googleusercontent.com/gps-cs-s/AG0ilSxZW2iB0YbFWr1dF8fiq51aCgADiLM0heQa07Hd28erwHsx_576XCo8LJivvDUmGJrdzfrEpTPfAo1Wnijo46B6l1Qe-rhaBYXFvq3JltXVO2qhw-5b7J2Ss9QiVIAP3VbOM7TLLw|https://lh3.googleusercontent.com/gps-cs-s/AG0ilSy4ekltdf056WOhmyhlsW4-mf6KptfeQAOc6f03Y0ypbeCvq2YuEaW9IlWrp7CFxTJc4HzMpfLVBSoU4JK109V4tEppIiHjx2uje6VuUBj7Pnlx0NY9TnLijuo3pJYN2DOqII0XAHERnS35|https://lh3.googleusercontent.com/p/AF1QipNezi2eLQnn-ZedS0cYu177xxGOvqgbmX_ipszd|https://lh3.googleusercontent.com/p/AF1QipNbDutwLTl2X7i2_iar6xPJbLi1ifkh_LBe_LlR|https://lh3.googleusercontent.com/p/AF1QipN79PLMT8MQQdgY5DSu9VUGvcdoN4FbuK6J4C_K|https://lh3.googleusercontent.com/p/AF1QipOQvnJq6KL1ebo069pbCVYycutaB6RcRcoJ0dXc|https://lh3.googleusercontent.com/p/AF1QipPYPaLxUDh5Cr0eoUQ84Kzjz2hFOHzUNn7WXBK_|https://lh3.googleusercontent.com/p/AF1QipM4jJt2MPI9S8wNpZM4fNantKlY3qKoKv9L5rjG|https://lh3.googleusercontent.com/p/AF1QipMIoxrlIgoNIm8nlo77h-CxZZrMBFPWgUkkk4F9|https://lh3.googleusercontent.com/p/AF1QipMgwtN6pYihsWtYAyFZ9qB_See19rgJRhnnnvwe|https://lh3.googleusercontent.com/p/AF1QipNagb3AH2A_MXuci0gJYmZH5fSuaG_1HZQ7TdKx|https://lh3.googleusercontent.com/p/AF1QipPNe30GqOjY5jU9BuTpd7dgu1NjN0qBv09YNIOi|https://lh3.googleusercontent.com/p/AF1QipNYXzvzSCQ6Umvz-F2bKgHm5el66q4nNYPrMIau,N/A,Spa Tazarzit Agadir,N/A,"4,2","Boulevard du 20 Aout, Agadir 80000",https://lh3.googleusercontent.com/p/AF1QipO2rTdSiH3Kowfo4hHyosp1MADEKjQZX7bg-BK8,N/A
,https://www.arganpalace.com/,"Argan Palace, Massage Agadir",N/A,N/A,"Bloc 13 N30 IHCHACH, Agadir 80000",N/A,05282-10021
,N/A,L'Art De Beauté - Hammam & Massage,N/A,N/A,"5 Rue Ifni, Passage Issboya, Agadir",N/A,0656-840203
https://lh3.googleusercontent.com/p/AF1QipOFyFAA8ZEKgudA9CrEN1eChFETyFRddXs3NhA9|https://lh3.googleusercontent.com/p/AF1QipNsJmsvqVydtB8cpuqpJn2qJgsktb1MN-a6lIat|https://lh3.googleusercontent.com/gps-cs-s/AG0ilSxLdlqDurrdIYwgQutkFinWTc_9ee876ThzQXJOoRmhfUWldDVnJM4JM5vkYON_J9NlIJCCmrw9BWaPC3tx7TL-x0ozzAO9hBCfE86S1IWppDM9vREGOiMzlQPoaZTlF3gUR3m0|https://lh3.googleusercontent.com/gps-cs-s/AG0ilSwz_1NZQIKIAk4ak0ahiuOOUZF_ibMUqx1-wRcijfztRf1LmdU6aL6pCfjLDMnaH33M7tYPauzOr8nEItCDN0in8j9s5am_2Jb8V44DXx37LiybOFNzGafdJE7oyrqRYq6VBUxwNQCwnwo|https://lh3.googleusercontent.com/p/AF1QipNhF2RG-u-_kOOkeYRRJ7HL1eXqXWl0WwqnFWm7|https://lh3.googleusercontent.com/gps-cs-s/AG0ilSwibWNcxt5rcmFp5MfSBmddZDmc2Wok7Gj2_kGH4Hh0myd0slOO97URhwjgxNvxlyLpK2tcXu7rklmTkhBhdM6oYCcsn1vZXTqOE1Nhnp3-dTQaCwkYQHKnU8j9ZHy9U1HJcqKiaw|https://lh3.googleusercontent.com/gps-cs-s/AG0ilSzRfijkY628LxCQHpMToR0mxGjcoP96H6vIe_on39OjlVIBzC9a2dHctloUcpLJHHEPUbltHeB5YCwnOsWe4f8wlhgYf1pWrAhKy9XZpzZEgC1ZDdYlvIMEKTGVmTOvWy5csOv5|https://lh3.googleusercontent.com/p/AF1QipNGfO3-pCgoAYWy2milBIaPKPlL1HtagiXi80As|https://lh3.googleusercontent.com/p/AF1QipNaJM0jqNARmamQ2z3gHGVBXGM0Krb_JkrgqYyc|https://lh3.googleusercontent.com/gps-cs-s/AG0ilSyUHGL8Xk72R-G-1dQT-xfIAMf2vN_pBprauXFuAd8P8zmQIm_OaCS_PiJq3dcDwbfTde37XZUB1aVdY-Qz-uPbZuhI6EIJ4aVsijdC7YgIT7KRzRvbFEHXytWH5RmTcRFa7qM|https://lh3.googleusercontent.com/gps-cs-s/AG0ilSyo2y-r15wMOh1g_CXi-I4KmVevkJN7bjN7Fd3o31MWg4XxtcI3XcC3kxUBafRJyklM_-1YFtV5pxjTYwcCxhdS61m-2Rs1D8r45-T9Bgzb213oIKc2R6gZYnQgcHxWymfAQfUl|https://lh3.googleusercontent.com/gps-cs-s/AG0ilSxGEj5OmB_WXFCaDJLF7Q161km3OSgJFwk6H_5x5ro5hK1uZh5m80QGGvPMnIatjKn_bSs6KKt9Sm5pp07mRiSke39OhvlhPLgFX2hSsvrFhPZ7yFe4tCTsQjP8_JIk6bgUEfk|https://lh3.googleusercontent.com/gps-cs-s/AG0ilSzhUZeMa7GTdyUxcO960y6IHGIXBwvu1cn2dnJJz5fJ5MNFDU04e5mrw_m-A416R76IFlJtciEAOtQZzz7w7IIdjJecJtvbo6tJxZz_z47JAZKcZkOD-7HfUHvBN_Dh97vy2Gx-|https://lh3.googleusercontent.com/p/AF1QipOSD15YrE1BY5Rjx8hNzHGmtdsT8zx9B_OfuWhl|https://lh3.googleusercontent.com/p/AF1QipMgOhFfFtIP1TZ0ndXQ6J2PHUA6edK7tD59m43H|https://lh3.googleusercontent.com/p/AF1QipO4-D4MF8mYro2V_CNB-fznibsySyTpf48dq3LF|https://lh3.googleusercontent.com/gps-cs-s/AG0ilSwMJ3t6H6lWea8fyMQPkAGlpm948HVErwDR2SuHlv0GHZhzCFCZn4qi5HiaDAEFtiTo1VQuO0peUp-27bPKOp1AKZbx1vUKPkIS5JRvjmFWDXxn8UA26E_mS51-V-B2sS_JMTBL|https://lh3.googleusercontent.com/p/AF1QipMIDk3x2GlKOYOfatknkFJXisHhKQKwglVnZHC_|https://lh3.googleusercontent.com/p/AF1QipOyrv0vSSBQBZREKE3wSJCjbZ1ufsNvIRcWOMQU|https://lh3.googleusercontent.com/gps-cs-s/AG0ilSykg4A_ReA8Mzdvif-wx2Bq7eSH-qZtU7GB9scBdpwyQvI-xGI9YLMX85H-hzW5fKQNc2fUC6-T34sSd6ibhy9MkZ9vnlAhKv_ED33pspDDyCwPHYNlFjgTtwsOWOZO3Bd7_tk,http://www.arganphytohouse.com/,"Argan Phyto House : Massage, Hammam & Spa","Services
massagehammamagadir.com","4,8","19 Rue Imam Malik quartier, Agadir 80000",https://lh3.googleusercontent.com/p/AF1QipOFyFAA8ZEKgudA9CrEN1eChFETyFRddXs3NhA9,0668-397442
https://lh3.googleusercontent.com/p/AF1QipM0wc758YGR_W1U62z3lMQQfdjl8I7PLfJa7beC|https://lh3.googleusercontent.com/gps-cs-s/AG0ilSzzrzuGR5V2rzZpJsHnnTqjDH0scA0eYM_OP8smocrGBhMxJPky7_ae00olRpqfAaLTHX1Mte3XlHkAEJoytwKgPjOrnWpkSZr_vxH32vftFCtNs6-SvyO2Hnm3IsQuarJKZb5y|https://lh3.googleusercontent.com/p/AF1QipNzbDV-d2YFk6TK__6eQ3hT5JkQJ0dBVr1KIW-m|https://lh3.googleusercontent.com/gps-cs-s/AG0ilSxH4D6MZ8lTPZmP_APy-H9u7FyVSiduz_1fm3Lt4YxEhGa4BZXrU_657P2fQhU5QPmtAwzjqNB52jx8gtTf8nqvyWexppZl9iRfeNJIxE6hYT0i-q2mlCvAQgoKqaGWoRfCTn3SJA|https://lh3.googleusercontent.com/gps-cs-s/AG0ilSz7r1U08EwEZDB3ivk88FoHJtnpebM0Ku-uC-KkyGklIujrDjF0GtT2Z4NmKAwDMQoJXz10cE4XRGyYUVTQuybZ33TyNl-EDnjiDjq5RY-ujaaNElclrjKWoPSQKv13UyGENjEk|https://lh3.googleusercontent.com/gps-cs-s/AG0ilSyEJr98l6YenEYbz6ZdaMnkokb2bCYoo_BtnUsktNdsm1HYjlTlvLaia8nhuWmt-TijicikP87gYbYjXcrCkWu8xyb8Lpu9NC3crBLGiJavXkoaNrlZwzXXoI3IX1svVp_vGNDmDw|https://lh3.googleusercontent.com/gps-cs-s/AG0ilSxl6stLlJIXp6Pruq4Ju8vPPbau2u53xXdeK2wLZjPxZ-qNF07MG0MCQT3fILzFKSRAkC_Ss9prGLQW5yGvKVPSEG0RQdoQSrAd0QfDWczp3sTrTH9qTSui6wrutYm8MRKGlUw|https://lh3.googleusercontent.com/p/AF1QipPjlqz2uiCpk7y2F3FEny6C3HYUhfUdYHkywV4t|https://lh3.googleusercontent.com/gps-cs-s/AG0ilSytp--H0H8dV3AzewOv66CSMf09-6effdsSeCUO48-VJe2zcqjt74kf6vVa6b1bmzh92gz4uXmES_kPk69CmDmJOm_oBNBwSg-1nN9Ofwfayeco1obKdTz8ujluEt04pgEp3Hw-VWImFsM_|https://lh3.googleusercontent.com/p/AF1QipPiTo_l0kMq0cAdoTOwO5RcO_Tad_EJLRXr5XQq|https://lh3.googleusercontent.com/gps-cs-s/AG0ilSxsDlgNnxHXKcKp1K1zINU_NuNEgDxQZM30a6fwZTN6C9_ZLTOHkBswi_N0YPUopsFyfB1FTTO1AYzZpftCwVbbKKV23Er-S-AorV8xSPOIEUAK3iEMDIAui_wwyWf-EThi0-wg|https://lh3.googleusercontent.com/gps-cs-s/AG0ilSx-DP76qtdQ5y8ecEHFsnrGnd_Ayxw85K9Mo_rCySEx5P_fBL1B9fl2EFOGM6nNlsW9kPgVYouoj_5gZYzJJuVdoIxCrgBrz5KrS33CMgnZcFCi2uWZkj1QWgVkyMwQ2OytvXga|https://lh3.googleusercontent.com/p/AF1QipOvGC_dSXSxtFaJn7NVZ6rdT-JTYuu8Q-1zYt4P|https://lh3.googleusercontent.com/p/AF1QipPvLx4btm6wBgDTbCnf5M_DK03e7Su2Td4ZX-Jj|https://lh3.googleusercontent.com/p/AF1QipMblfOqdCHgY7gongVbFAj7svDzIJa8KUUQPojX|https://lh3.googleusercontent.com/p/AF1QipPkretMXzoKhvnQ73pmtMPl1icG1GLkPwM8srtQ|https://lh3.googleusercontent.com/gps-cs-s/AG0ilSw4keJHIfiLFPk_4a3lncDIi2BBJxCt8eioRr6lAZAYm_vn7mzohasA7Rtqv_UqCtEZwGlRWxuZhLSbCa7Qt1MjRki6xo8t3fsq9XEpObIR2X1xp7wdoRY_aua72HKkgDbtUNru,N/A,Salvador Spa,N/A,"4,2","Imm. Assima 5 rue de Madrid secteur résidentiel, Agadir 80000",https://lh3.googleusercontent.com/p/AF1QipM0wc758YGR_W1U62z3lMQQfdjl8I7PLfJa7beC,0666-323472
https://lh3.googleusercontent.com/p/AF1QipO7usBh67Ng9Y7lCWDjazvk-HpzbBEOYJGCi2g|https://lh3.googleusercontent.com/p/AF1QipP6MFZSZhVpBftXu6AVXgxApQiEBThNk6D-elw|https://lh3.googleusercontent.com/gps-cs-s/AG0ilSyXPi1-umEeWtJilOw0-9iizvWf0pCvGelhjsKDOE5Z6KeHhDAZzj-zn70J5erzeihieMIc2TE0kfiaACmehxX9pTFMjFSgAcUkyxI4CrIJaxqpJoC_99EFLOcfaEctTPBxS9NecuF_ryj3|https://lh3.googleusercontent.com/gps-cs-s/AG0ilSxQNQJuA7GMhMlogN9Prb3y959P48YZyuZ1FXVSRYCvbAUYObtFILDYX0BufFVHYrs2eBuh_3fyWnaRn1DmTqKAScMdhDNh64FRcqNZbTrL3tJwJZCxEYa8Hf9uYaHVhpAHFk3s|https://lh3.googleusercontent.com/gps-cs-s/AG0ilSyjEkAHKXAi3b8vlVXYNHgnBOUdrnCaDI6xHUAGTJzHz6gfV31fAoe2H2F0-Eo5qPfUKqYPZ_Gw1VOt6Sf29Fz8sC6L7iQUykGO9ti7iKMuBFPXQL8qSZo9Tz8AO07IQl1K-yPh|https://lh3.googleusercontent.com/gps-cs-s/AG0ilSz_93kTjkVN4-02kEwsRjrWowNfEL2nQ-rIF49Wa_Zpfc8xaaH7R5DL9kSJUtHwrXsaLrsPIeFnIIzbJbwGqhCijLc_PCxuAMdFNxAiF9TLZEe4msx9Yl3wEfjqH0d18OpUKFjD|https://lh3.googleusercontent.com/gps-cs-s/AG0ilSw99pwc41gFtJoqLCZy-CutOYVqKFWUYBthK8iQpOz1S6cdUFVXu42tY3-dMU8pXtM1-RryWpfVEnSlfPxd1zyQTHLXUiB1PDXmArjoW8wf26WIFD85gSVEt21LCxgI64Wt35n-rg|https://lh3.googleusercontent.com/gps-cs-s/AG0ilSzL70DjsGwtIKD2_u3rn6uAyLWyXUtP6kuCwdYQWHU-4qWE--b12X5GQtbk2yI4Ubg-UwbfVMNR4zh6lJkF_SpnfOEoWPa5a94WkbB3RfXKYWvj8ZKwAGo2sRRGtREl8Cifo_nR|https://lh3.googleusercontent.com/gps-cs-s/AG0ilSwIjV8ghMft8fjtH4BhDNyC-kKzkWkbojqaVGxmDHLLWVAkT437byQWRno2aH3VGhhfaeL5nolDjiYDcGs-rfKvZEs3DLupunevWS4_mgVHFgVk5lEECnjpuIHlFabyptjgejiC|https://lh3.googleusercontent.com/gps-cs-s/AG0ilSxHz50ZcTY9Bd1JmghaHhMy1rbUqJ1TlkFE6X6JHjIjQEGLMFA3KF-GwZRpQednHhtHQ8JSEvql85TrGrHGCrem6fFp7zosoE38CTZpQqbIlKrUMBbbKTG6nMH_oHDdzVNCQdu5|https://lh3.googleusercontent.com/p/AF1QipMZVPZUeWivFtfdi6q_Zh2bS5c3CjAZq_0u5nU|https://lh3.googleusercontent.com/gps-cs-s/AG0ilSzAUJ6E5_UljEhrW9v-6nsW5wIU_94Rd6srP18thNZrC1IEROOnbjDE846CwFFBuk2XIm5JMAhSCK51cHPBevRe2UD3rpiFTgpGYx_b_5xtcprD9QcsAtaCQ7mhr_NphwIj7kcR2bMrK00|https://lh3.googleusercontent.com/p/AF1QipMHADui750gN3-xvO7brhKJdVNNSxgMnkIiyb8|https://lh3.googleusercontent.com/gps-cs-s/AG0ilSyrjUt69yvCasjrVfCP0LpCW80qljxlUfbgh_3lJxv3l6BpNRaW8CndR_MHAVZN01jwBovOxpxkTceU3eyNm5cSqPFbGa-0ITDWDgoBMGc0oe_ikn9jNUIA_DRbdOsz_k_qQgde5g|https://lh3.googleusercontent.com/gps-cs-s/AG0ilSztbc5a9uFhLloxZiQdqZqc2WAwgW0mhThNxggQQPvFWOLiJyAvKClA6J6Ifd5ggd84q8Q5K11RXd8tVf_PwCXc1n8a9g1tyu4HHfSEQJFYuJE0Y_p5ZiKuQaftKYS3J7bMaeah|https://lh3.googleusercontent.com/p/AF1QipOPiBngarSp2tGu1580wPRrUWtYJu_cyashrjA|https://lh3.googleusercontent.com/p/AF1QipPbJlHR0Cv0rMe5CKeLAiG1MUzYT7k7xmu187s|https://lh3.googleusercontent.com/p/AF1QipPwFbuq9R0VdS-42HHmUEx13uyULuPHW2RecH0|https://lh3.googleusercontent.com/gps-cs-s/AG0ilSzIFp3BSnfJDFVet_SCBG__8-vxDlhIZudj70_eiolk9MJF-RjTFf8YliQioOIFTSETViIiC1ZsRol1_kHqeks17OHeGvJg0NK3TRSD8kaZmpAL43abVao5mq1mTF9YPV26zArJ|https://lh3.googleusercontent.com/gps-cs-s/AG0ilSx7chF0m5zhN59yYo9UIWOvCoP5xeYCkOh7a4in4VMnvVilAyXV6XnwPxRuzZTZnDJVnFhV3QQ9rFwWZyXY1Rmbia4comgiFwsIaDej6oxqBWJGhUQfIAgBiYyUXwivQfE7keHb,http://www.natea.info/,NATEA Les Massages d'Agadir,N/A,"4,6","n° 420 Rue Abbas Kabbage, Agadir 80050",https://lh3.googleusercontent.com/p/AF1QipO7usBh67Ng9Y7lCWDjazvk-HpzbBEOYJGCi2g,05282-20220
https://lh3.googleusercontent.com/gps-cs-s/AG0ilSxfpzWQWIfzLyYYoeX6rOEQiqZ434vbkbH9MtRz771Bl3C3XyrmR41-phlsvJEMfYVi8mUr-lrXExyd2EGNuKWcWC7E-kG7zfe1UFrOOz_CuLudaN8IxWQZn10CgMpan50mKPG7SA|https://lh3.googleusercontent.com/gps-cs-s/AG0ilSyao2DkUdBHF31uIDQxFd2lHAqguR3y39t0akBmOkg3m7sWKlvZ6F9mcENt3JtFAMmyJTTX65oL73jbMvkb3NEHoLlqpoU494_ovt-gZLvElO1qYV1N5WUq7IO4OudpegXqASaJ_w|https://lh3.googleusercontent.com/gps-cs-s/AG0ilSw7GK1oH8p6zMGQWfnYM9Kz89Mu-52e17HMXXiQaD0SoZ0O2x53UGdPHnWbbYimENCWYhR7y3Zz_TcuHge5sY1VUAvh21Wu--RmqEUqjauVg7gXnLJPD2YlXjto27Mai-nl7nHIyw|https://lh3.googleusercontent.com/gps-cs-s/AG0ilSy1K7jgaZ1AJv_DkJmrp4sqrgY19foROVFxg58gYCr2fRALfxcx-4uHrL5CG8VpNKbd-oWtfdgpX8XdvtAMCuJKduUL2w24wSbcyTkdEsG5Xw8YcZYTnz9fyt3E_8J-NTylNViX|https://lh3.googleusercontent.com/gps-cs-s/AG0ilSw1EVXQRGAwOn2mUwMzF30xwrnSIx9cP1KHCf6rwInuKksnm1VYGy5mwi_Lno3zcnIeaREf-EEePjgj7ryyO6XPyWPR4T-uzKiknJ3N0P8-iwE3J5zSa6II5ECN7K2sGJFbm6dRrQzbb3p7,N/A,California Spa,N/A,"4,3","Place Salam, Agadir 80000",https://lh3.googleusercontent.com/gps-cs-s/AG0ilSxfpzWQWIfzLyYYoeX6rOEQiqZ434vbkbH9MtRz771Bl3C3XyrmR41-phlsvJEMfYVi8mUr-lrXExyd2EGNuKWcWC7E-kG7zfe1UFrOOz_CuLudaN8IxWQZn10CgMpan50mKPG7SA,0687-928080
https://lh3.googleusercontent.com/gps-cs-s/AG0ilSw1c9H9Mtj7ZeI8yN0kw-MkAHzAGIJ77AxJcTx0-L5sur_oSlSy8N4hWk6F8FY3zgKaYWaxFlEK6NUgkFm3FZJk9JAsO-reWh9zK5fXdKTWzlr_RDpIzZhXyMMpH7Quh7qD1A|https://lh3.googleusercontent.com/gps-cs-s/AG0ilSwzmKhq9SB5NJLL5HkPRwxA0vSbq2LAAVncm631KghN_CeGTasl8cSAgc0EUKrmIJecB02YWJcck5KMQB1V5Jwcs8tktdIMoX6nNjx1MT9hi2qEi0r4l3bNVXh3wjOdASviEjxQ|https://lh3.googleusercontent.com/gps-cs-s/AG0ilSyusiqb574N24raXfRnkzDkBpwOm89e4oIJy4PkrQd5PGxY4hiLcLhTndlJaelUkgVzeryOA9fMb2aDQUSC7JnXPZYnvuNIPqvmwLTTPU3Vfo9SgnN-PnbMnddY_5Lz5dq22mK1|https://lh3.googleusercontent.com/gps-cs-s/AG0ilSyQ-6JapaVNrLI_MD0hzmsa_FeL3cTBPtllGwuRWUrbAKx6EDNnApPkMCvcXXySfIFVgOTlarpOWwyBOKvwuQ3gEamjlrsf1osPxVuX238lqX7Mf_nt7BjOKfV-rBaxUOa637Pd|https://lh3.googleusercontent.com/gps-cs-s/AG0ilSw5CbxTcbAtuy2rEsHct-tPajOj_YzwbKoKHsITbWvizd2z_Qga5SXxvw3YaEIZtYj0Yiq4fM9IpbmDSIGwzlyinHzXB497uB5z-e_qxWSmLi_dWIYSOO-1ndvpr38DH286Uuw|https://lh3.googleusercontent.com/gps-cs-s/AG0ilSwihnBKA2IbX8DQnKNW5Hmb5XA6qslEIBLw_Vbh-y__bgKxsLz0wbFm_IdtnTUiVqA9voEusZElclAHk9_MBznn8lkLnCKmLwhpDqMtm-zfs70gYCyOtjm4uL6HqAvy4VXRaJcS|https://lh3.googleusercontent.com/gps-cs-s/AG0ilSyQY7lQHpVTIolQY_-vt7nm7gNOWEUzaNUxIyJ133PBNlW5pUiOLJ2yS8ua9aHJvoonHglt-3txbHY3UGehL4DkxtAHv3jbEYV7HPxANtAHKNLJJAMFUX7PSeVcFS8PucCtHj03|https://lh3.googleusercontent.com/gps-cs-s/AG0ilSzrtjNEDbaf0wFLVPXhP5UnL7XgPaBd14_BAkvFB_PggyOLLrtMrWHvmjn07vgG0W1ptpghlRUnnaBpLnwPAn4idmxz8qijfl9qfvknYP_fcNyzZf4xNGpGKp81pgFNG1wwZoT-,N/A,"Spa Al Hamra : Esthétique, Coiffure & Bien-être",N/A,"4,6","33 Ave Abderrahim Bouabid, Agadir 80000",https://lh3.googleusercontent.com/gps-cs-s/AG0ilSw1c9H9Mtj7ZeI8yN0kw-MkAHzAGIJ77AxJcTx0-L5sur_oSlSy8N4hWk6F8FY3zgKaYWaxFlEK6NUgkFm3FZJk9JAsO-reWh9zK5fXdKTWzlr_RDpIzZhXyMMpH7Quh7qD1A,0624-032952
https://lh3.googleusercontent.com/p/AF1QipNHaF3q7tk3a9oggM8uhNqPrXwjTdWUfizQe8hn|https://lh3.googleusercontent.com/p/AF1QipP9upTZVka26rHX1tYGUA_EamCQynlBRogVnk-9|https://lh3.googleusercontent.com/p/AF1QipNt1-ncoL643mUCRbeWvGsHgSJ7CykHKIc_1gct|https://lh3.googleusercontent.com/gps-cs-s/AG0ilSwIo9EdBU0zUIqsAuzTrJi5hxPoPUOoK4teSz5Qur9LzhTZIeJnxT-yrjX2rwrkbmqkeWz0vLadHaMgGCNeJUTsUq8-Qnk5r4BBJ77eRWojlELlHmQzmHjBpWdN7GXyNPcC4I5Bgw|https://lh3.googleusercontent.com/p/AF1QipOz-gwa77wX3ygpEOJ9FEk0HDjzLFb3jiQzbuea|https://lh3.googleusercontent.com/p/AF1QipNJfhTxJXRJqAXtUSZVGsMUz7hDg-rXHsEeCi5P|https://lh3.googleusercontent.com/p/AF1QipMivNdufOVYqILs3ssDofexYhHATHhTLf2iPlvj|https://lh3.googleusercontent.com/p/AF1QipMUuEt3mZf66qfBeuVpPk8gSHlrapF6G2HGWqVI,N/A,Massage Agadir Spa (SPA Istanbul),N/A,"4,0","nr 56 Rue de Fes, Agadir 80030",https://lh3.googleusercontent.com/p/AF1QipNHaF3q7tk3a9oggM8uhNqPrXwjTdWUfizQe8hn,0655-045400
https://lh3.googleusercontent.com/p/AF1QipPg5IE6kCO7mt8sLXmVM9NmKJqnt-LGI1MCD-2X|https://lh3.googleusercontent.com/p/AF1QipOmLYpVU3uQbVjJEqxuFAnCr9l6RWRBla0y6jGL|https://lh3.googleusercontent.com/p/AF1QipPPeKlLosJ0Srsp7kmmcifaFlNZSEsxcCJWwggb|https://lh3.googleusercontent.com/p/AF1QipPnHTBHdY3VoO0Y-OCdvtQMribmEcm01brF5ZfD|https://lh3.googleusercontent.com/gps-cs-s/AG0ilSwO5DJdXmWK5kDOaPp_9QmGZ7XCqp2mg7NGc_xk1M_PjdtdKfuS0U4_mrrMHHZmKEwVeY8O2DiBtKTcqRhjWm9hIw33KsAeUgvoEAofeTZG9-1f_TGoYq6J1lEgZ0gEetSm8nGpZw|https://lh3.googleusercontent.com/p/AF1QipMq8hv61Y2LHJrlzzApek2aUeL37DIWC37JOESi|https://lh3.googleusercontent.com/p/AF1QipN-SnsSYRihDZe-Q2EG3_tQp4VltcObU2cLPxuw|https://lh3.googleusercontent.com/p/AF1QipOuyyOUIjcjUDsvuTVDlMQTErm7byAhm86Jniu9|https://lh3.googleusercontent.com/p/AF1QipNUnWAhh-hNM14smkL6baHhq6v-P47rRC7nLSgn|https://lh3.googleusercontent.com/p/AF1QipP0m9hd3RF8PFQ_-VaYUhSaFKVaSM6O6-DTKuZC|https://lh3.googleusercontent.com/p/AF1QipOJN4qxeWH9nHW2sCUC5MEvZo3qcjxnbL60fBNH|https://lh3.googleusercontent.com/p/AF1QipOwdpBelpdJ4WGtYG2eNcyRmYYlPsZjOi4u6YOx|https://lh3.googleusercontent.com/gps-cs-s/AG0ilSwr88m67GmoVJNtheI7rInAIGgJvbYQ6_CwGqVTTAZprp0M9us5Cl3dylQY4Lx5pban3xdx6tULBIrBTH1ZkRg1QWJ3xYKkF4q-DON9w8IjMsb75dHAtBGJXYKhaqXr2glVGmRK|https://lh3.googleusercontent.com/gps-cs-s/AG0ilSyx-RjmXXFHXgI702AEvNX_xy7MRcGeSVh9eLbiUDbZcELLLUiABG8vr-q5LF0eXvWt6pl8UtiNfgbr-Cye22dqxwJuyUJkZq1oaHvwtPMYnINsSeOHbY3ZACAnB-NQUoZqrPn6Wg|https://lh3.googleusercontent.com/p/AF1QipMWk9cMxkTgarqmP93kCrC994WcUnnP9npA1bRL|https://lh3.googleusercontent.com/p/AF1QipOpfH-6lOGK8sXIGJ7Sv5l3OZ4n84d5SyxhFJuL|https://lh3.googleusercontent.com/p/AF1QipM8BfouDsY1-n_A1v7mLkXAOwrqG_q-g3kl53Hx|https://lh3.googleusercontent.com/p/AF1QipMe-gHgzUJy4CpFyXE8ryP4V5y05JfSGgqqf3vV|https://lh3.googleusercontent.com/p/AF1QipMmVa0AvTb9F9nnDUPSHetjKrKCynZYZb_1A5oH|https://lh3.googleusercontent.com/p/AF1QipMhJbRnETOL7Ayg6k8baYyjZuZbykq-_LruO32U,N/A,Bangkok Thailand Traditional Massage Agadir,N/A,"4,8","Imm. AL, MAG 37, AMAL 6 Av. Hassan II, Agadir 80000",https://lh3.googleusercontent.com/p/AF1QipPg5IE6kCO7mt8sLXmVM9NmKJqnt-LGI1MCD-2X,0644-926655
https://lh3.googleusercontent.com/gps-cs-s/AG0ilSzvwHhBC9KdaZfcy89pS2MePx8nmlyNsEPi83YicM0vkjH2UzVp80mcvHQ5A2G67_fAfriAldzeDA2Gr_P-QnWYD0UhJvYuJMBRR1rp50JP3bV-6bxxnMrklkMrPRxjywlND_c|https://lh3.googleusercontent.com/gps-cs-s/AG0ilSx6fKJ6LDEAL8n0oWBWwjjQQHWVDcTthxZOwsCXoz6oGcL1bLiVK0oTxU-GLgkm6XEoShP3KMoqjvQTeNDlv2cPKk3llOc9El5QY78GyzNjwytMe3av_r3DFihal5agq7qBjKVC61sXhzBL|https://lh3.googleusercontent.com/gps-cs-s/AG0ilSymoCuFDPvrGpfaDafzqtiBt_Ts3WMzcmqZRPwip3zeAQYDE0wOHnmkQwT8ZGPs1D9f3vIbZE3EMlNAfQWumdamkDngEr7s1Rbh3sv4DxXOhkZue95eipqsepMUf9tkFZZx39tD|https://lh3.googleusercontent.com/gps-cs-s/AG0ilSzRiKcXRJasbQQkN8TAWA0DWGbacPXXyEARXrKVpYNueE5GIeJWL3GE6S5Q_v9wVTDVohXheLlhv93GELDGFyUYTElB91U2UrBlnw5QEyEmDVyFsq3J6BoSA2JYWETrcYv8ES_K|https://lh3.googleusercontent.com/p/AF1QipNsU5TAk2NbBrzvVVisg8ehaCyh4iu-piHfALoU,https://kasbahargan.com/,Kasbah Argan Spa,N/A,"4,3","Av. Kadi Ayad, Agadir 80000",https://lh3.googleusercontent.com/gps-cs-s/AG0ilSzvwHhBC9KdaZfcy89pS2MePx8nmlyNsEPi83YicM0vkjH2UzVp80mcvHQ5A2G67_fAfriAldzeDA2Gr_P-QnWYD0UhJvYuJMBRR1rp50JP3bV-6bxxnMrklkMrPRxjywlND_c,0525-222222
https://lh3.googleusercontent.com/p/AF1QipNeqrwmB0Zkp7nGf8_0oDHRp4dW-uhmDdLHMWOv|https://lh3.googleusercontent.com/p/AF1QipP3bKRokAIC01BBAUGIxdvi3VWdk8p6bN6xYwez|https://lh3.googleusercontent.com/gps-cs-s/AG0ilSylHtQU-c89y2yEUS1ZCIOKas2QwdJnbJNYoH6B9oc1AaLp_IkLbz4uyI8AoEE7y7s2SjuhO2iAQfK9bAuz-D5Gz4LQXo4iHgc6HmzGr1w2HZKF-wFmfN6fLy4EMP4e0OqDBAzizg|https://lh3.googleusercontent.com/gps-cs-s/AG0ilSzvzvf0j3xRAYW3rkTqQhVS5SNUUq3muzuj3jZa3x-ftA33DMibJ18UyBP4i_Ul8OHGWuu2v9HaoBEw8cHIkqF6CDVzMMsO9rXD8d9T7zonkRUWpmOnMWN1jfIi-m1A0hIgtOk-fA|https://lh3.googleusercontent.com/gps-cs-s/AG0ilSx2qBvwG2KK8pQ6vMaN9ztAe5b8eXLXfBGeKm4SohL46SuCCPPRZ-VqV7k5hXfVESmlcIzl3-Zs9cppQZBfc9GqHEUFCbR3iYmxcXVibN5SDJGgUjYzMhxGmkT20WJtw8znl5kt_MG74dZ2|https://lh3.googleusercontent.com/p/AF1QipO35WNEbGb7FrvEFYlocGPXy2ByZOc-_8RpfKfu|https://lh3.googleusercontent.com/p/AF1QipN8PtujF3PCYOF56DamSWVuw2_uql5ar2S7BH-7|https://lh3.googleusercontent.com/p/AF1QipMR2elyfER4-4LEwYu7G89vmX-5e3E0NjVaEB2o|https://lh3.googleusercontent.com/p/AF1QipP1W5XUNED8sbMG_pn2yjFPNnAqgXsgS7cQO1bT,https://fluxoir.com/phereusaspa,Phereusa Spa,N/A,"4,5","34 Rue Mehdi Ben Toumert, Agadir 80000",https://lh3.googleusercontent.com/p/AF1QipNeqrwmB0Zkp7nGf8_0oDHRp4dW-uhmDdLHMWOv,0671-242776
https://lh3.googleusercontent.com/p/AF1QipMs8ENBmAskJ_yQwQggNMGng3rR4tWzf59rGtc1|https://lh3.googleusercontent.com/p/AF1QipPANsOjmTmLhi3Ig7X3I2xxNWrO6s9MfQerIFXp|https://lh3.googleusercontent.com/gps-cs-s/AG0ilSwUnO9tFGd6_Spuzgz2AdHbGvqgb0DdM2s3Js52TJidll2MlNdYrVQEAme5RGTh16xiiaOvnNiFRs8wfINfuyIwwGPmO75m5Hk_bpm3Auc7-Vi03N05lHz-ZQHSSFqdtGUJGp4DVTp-UJHs|https://lh3.googleusercontent.com/p/AF1QipPGvOUKlb4GiAZ555pEJSxKgejYE_Kg4MppOOxQ|https://lh3.googleusercontent.com/p/AF1QipNLloL4ntDOlmWVfqYTyxxDurOdSEkkrvQsJ46J|https://lh3.googleusercontent.com/p/AF1QipNMEQM5apgjl8Sf6LCKB_dcIR0tvAjEcX4DPGMy|https://lh3.googleusercontent.com/gps-cs-s/AG0ilSxqFDTWMmS381qecquuwoW7lrN0APwSUsNujcbiKTmzFCpooPgIYDRozxdB65-IHk4SIQ1dJkgpiO8jdWkl-_WjVsVUzOVoHwrwG4B6NVgfB4xhPRrpEbkalIVYtQMaJMii4GEszGvQMiQ|https://lh3.googleusercontent.com/p/AF1QipPKTPalHuDE2PLtcbtFAyPbtBpFzaamTJO3BEGM|https://lh3.googleusercontent.com/gps-cs-s/AG0ilSywv90-VYqBIT7A3YeBXRfdIMHk_wDnEI73vt5wT8VEv-CkBhIKnfucrNhjnc6_yOS4Ie3sFGL0H84t-C32yFmUrbabOadbKQz2XLKC4rcIzyGuR8KcOlgofIHYDcFLJzNRYytRdPfByYJ0|https://lh3.googleusercontent.com/p/AF1QipN0SCl0byK3zIDp1tDDz5WJkY7D0ojF-NxbxO2w|https://lh3.googleusercontent.com/gps-cs-s/AG0ilSxtJMhm9oq_eLtlfDoqvq-JY3TNwdix3DD1Ucf9J1HT9-6MxdKIOu7VkYetXWaZIB0rd5pxbaOwbgpGjYHBwwwgUBVGxq7qKeWuRIUPIMozCmNdd3jJ6GyJ9oXdLNiPbiQoBaOeYMed_Ko|https://lh3.googleusercontent.com/gps-cs-s/AG0ilSxVOemxB7T6oBi3OwFFKnaEbtODPGnof0LD7gvJG112bp281hqYMWRbUdJT5MZDqNVuN9Q17PopjJDvdSxHHO8-W1pfnC8zzMNgTrknHlq9c3DKEdUonwwcZTKkE0WaWsrYG9O11uMdSVNw|https://lh3.googleusercontent.com/p/AF1QipMbULDbtrxMmjsXXVtSChA3USGHsHgjEhbsN3dV|https://lh3.googleusercontent.com/p/AF1QipNhFv2x1wejNiEwXO3X1q6OejqJzQIegYfA-VeP|https://lh3.googleusercontent.com/p/AF1QipMIpFf8a0rIHE7CcinTDGWd06P2jrPAidkqqASN|https://lh3.googleusercontent.com/gps-cs-s/AG0ilSxhM9OB1G-vo1iX-UbLkgM4B9SejZUMj9cJJAssoQF1RqhCOFEEzbhrCOxw64CTA5yAQ5Cv46uc8QqYNP2w9_m2xKfr1JxvBoMB27_9WroQIBMEdu8yflXKG68C4ANvPqmQf9Ou3EsyNKcR|https://lh3.googleusercontent.com/p/AF1QipPLr1CBr5YP0qWBirgbo6eACgcWixQLZVVNlN2w|https://lh3.googleusercontent.com/p/AF1QipMBxXQM-2tsPFxQZxWQ9g6xNPc6y2KY8PLszY53|https://lh3.googleusercontent.com/p/AF1QipMSA-yKV0KKMmfmmaWsGK07xF4d6MkdIPWldzUa|https://lh3.googleusercontent.com/p/AF1QipNYBLtWd0RGny1SjarLhrPNIWP1B8-TERE1THuN,https://www.mhmassagebeautysalon.com/,MH massage beauty salon,S'identifie comme géré par une femme,"4,8","Bloc 9, n°20 hay sidi Mohamed, Agadir 80000",https://lh3.googleusercontent.com/p/AF1QipMs8ENBmAskJ_yQwQggNMGng3rR4tWzf59rGtc1,0666-115307
https://lh3.googleusercontent.com/p/AF1QipOKX581VUyYDN-_Mb5IyW6711VLeWscSF1IF6sQ|https://lh3.googleusercontent.com/gps-cs-s/AG0ilSz5ntkbkZVSOM34Zal9ZT0HhaJNmbH0QWQl-bQWOFTZd3NTncnVxAhmq2OTqZpHWXlVwP4kyYkvqFlnBBeNgImITqejB4YZ9WKcIUu7bV385jWd-RW5LTTCDHLsWs7HKqRkg3ua|https://lh3.googleusercontent.com/p/AF1QipOCVXv-b8LTGMckqtXINxOvajiG5foV4I3VXKEs|https://lh3.googleusercontent.com/p/AF1QipMm85dey6KN13aytnKizvxYlHKIwygD2VFqigmW|https://lh3.googleusercontent.com/p/AF1QipP8dSlsXaavj__uXTkiYv8XcwpoAa6JumKx-JXs|https://lh3.googleusercontent.com/p/AF1QipPpD9PSURjo7dqV5uJuHSZjHLTWX4P--hCNIlkp|https://lh3.googleusercontent.com/p/AF1QipNq4Nqr1Vxc4yWPvFWkG4djWqJn8altXT8dKhzd|https://lh3.googleusercontent.com/gps-proxy/ALd4DhEFUN1KS0hX3F12kLyr8PRlDjYy30E8Kes8ein6ZvK5JV2wTsziX60krlud2j66_6Ep_xf2FajHbphzLQpvgLQXvescFai8fi1sZ7NQeYPq3e9UT1azrlIdi_XaSY9_DEVReLgbSDg_5T0nYUgoPdERR7xWtg5BSduXfEnd5aF68Cn9tTm-_ZItXw|https://lh3.googleusercontent.com/gps-proxy/ALd4DhHCeW2xvXHjzbEluLvh8npMZzvMshdteYygAc6hyGNwxu7XnmekfWUWvS4-Sy2fyJAqrXzao48Z3Qz-ZjcVllphrRweIqej6Ke_ug7Z5oVohpYyW4HcJlZfLRgrqmCjsARWuSyS5JJbnCRIaiWrod9SiJKb6kQwoeWPEzKqOSvEVctbJmNLUBtwKA|https://lh3.googleusercontent.com/gps-cs-s/AG0ilSxwN60Psl5-KIbDYJN3x__MAKOyLRYhrlBs9JtRQLoCf2aY916oeYDwIxGgR-_upXFO-XKCafu2nRQ4Rp8KJ2xtkc1H0lVof5FK5nuLNiSIYgwxnB1mBcaHzIL-mvEnF8vQzseNhg|https://lh3.googleusercontent.com/gps-cs-s/AG0ilSxaUgFmdAdtkMrisZaL7qcrpVHPuWUEMtMWd4xlbAtmKpZQ95ska9WYZxNJtxvHcADEf9-52dRZGIEsyaGkaKPeigJgMt2mPv0zfQ-ZEAyBjRNNaURt0YyO7ik0am-ZCfBkE_4F|https://lh3.googleusercontent.com/p/AF1QipP00waX5_5ibHK-UAOTvgWAAE-07lTgWPu6vO6j|https://lh3.googleusercontent.com/gps-cs-s/AG0ilSyCeWMb2LugPQtLUBBLg4CKkC4LHDhmnKbLIpgzfr-it49MEPsS39q5i6yGVsnILjSFzlxLUOHqEjttEJYHDbSu4CNomZ-DMfilNVknSJL0R-YHeTug1DBs0RQ3fbbjChHDAHNL|https://lh3.googleusercontent.com/gps-cs-s/AG0ilSzcrlH1DhIhH1dljIFnOJcKw6CqUHKssZaCmHgOui6TZCXuCQxjJaUWToXRZT3rmQWddyX_EFDRZUn7HHrF2cJlL5JWr5LzvIALQstUsibapasae3QrkKoZe7-sgUBedMLBq8l72jTBzyaj|https://lh3.googleusercontent.com/gps-cs-s/AG0ilSxjImY2jN_gfC6O7gbwiW4hZc1GlPy0hqraBAZJXEeDVZyc6jEkbvCUFw8EK3BZc1ywztDPWgGcV-fKRNAh7Y7M3SGZpCRwSB2bfbUjZIjRBYP0x4KLGM2Vko9aeaMNtMSF1g|https://lh3.googleusercontent.com/p/AF1QipMIdomorHcnaxCAGsNu_Klu1pTrT79ko_FHTldf|https://lh3.googleusercontent.com/p/AF1QipOV-RafXcrSm_xMeVElDNJqWJLfBbrI86Oderp9|https://lh3.googleusercontent.com/p/AF1QipNX4QBAaAMs2S-qcCG4se1vUNRWGmpQ3zF4tg8i|https://lh3.googleusercontent.com/p/AF1QipO_iIKEGnxsPymwtxzzcy5ZeBQy0L67OGjhkofH|https://lh3.googleusercontent.com/gps-proxy/ALd4DhEGYJ1YeKEvO4MPwJIS8WO23oJLwUzevExmtzU81aFauNeF4kGEco3_ylpAIqGkV-lQ3Q7f3QAww5x8ArVnslWf3TaDJY_9eMh9cRfSJpGF2m0JlvRE9hQbWN43DwE6Vgs1D_JY8KHavPd2F1ac7zUUTgGRrfr_0sEsM1AgIGhXwHckOjAUr90P,https://www.riu.com/en/hotel/morocco/agadir/hotel-riu-tikida-beach?utm_source=google&utm_medium=organic&utm_campaign=my_business&utm_content=TBE,Hotel Riu Tikida Beach,"Heure d'arrivée : 15:00
Heure de départ : 12:00","4,3","Rte de L'Oued Sous, Agadir 80000",https://lh3.googleusercontent.com/p/AF1QipOKX581VUyYDN-_Mb5IyW6711VLeWscSF1IF6sQ,N/A
https://lh3.googleusercontent.com/gps-cs-s/AG0ilSz5ntkbkZVSOM34Zal9ZT0HhaJNmbH0QWQl-bQWOFTZd3NTncnVxAhmq2OTqZpHWXlVwP4kyYkvqFlnBBeNgImITqejB4YZ9WKcIUu7bV385jWd-RW5LTTCDHLsWs7HKqRkg3ua|https://lh3.googleusercontent.com/p/AF1QipOCVXv-b8LTGMckqtXINxOvajiG5foV4I3VXKEs|https://lh3.googleusercontent.com/p/AF1QipMm85dey6KN13aytnKizvxYlHKIwygD2VFqigmW|https://lh3.googleusercontent.com/p/AF1QipP8dSlsXaavj__uXTkiYv8XcwpoAa6JumKx-JXs|https://lh3.googleusercontent.com/p/AF1QipPpD9PSURjo7dqV5uJuHSZjHLTWX4P--hCNIlkp|https://lh3.googleusercontent.com/p/AF1QipNq4Nqr1Vxc4yWPvFWkG4djWqJn8altXT8dKhzd|https://lh3.googleusercontent.com/gps-proxy/ALd4DhEFUN1KS0hX3F12kLyr8PRlDjYy30E8Kes8ein6ZvK5JV2wTsziX60krlud2j66_6Ep_xf2FajHbphzLQpvgLQXvescFai8fi1sZ7NQeYPq3e9UT1azrlIdi_XaSY9_DEVReLgbSDg_5T0nYUgoPdERR7xWtg5BSduXfEnd5aF68Cn9tTm-_ZItXw|https://lh3.googleusercontent.com/gps-proxy/ALd4DhHCeW2xvXHjzbEluLvh8npMZzvMshdteYygAc6hyGNwxu7XnmekfWUWvS4-Sy2fyJAqrXzao48Z3Qz-ZjcVllphrRweIqej6Ke_ug7Z5oVohpYyW4HcJlZfLRgrqmCjsARWuSyS5JJbnCRIaiWrod9SiJKb6kQwoeWPEzKqOSvEVctbJmNLUBtwKA|https://lh3.googleusercontent.com/gps-cs-s/AG0ilSxwN60Psl5-KIbDYJN3x__MAKOyLRYhrlBs9JtRQLoCf2aY916oeYDwIxGgR-_upXFO-XKCafu2nRQ4Rp8KJ2xtkc1H0lVof5FK5nuLNiSIYgwxnB1mBcaHzIL-mvEnF8vQzseNhg|https://lh3.googleusercontent.com/gps-cs-s/AG0ilSxaUgFmdAdtkMrisZaL7qcrpVHPuWUEMtMWd4xlbAtmKpZQ95ska9WYZxNJtxvHcADEf9-52dRZGIEsyaGkaKPeigJgMt2mPv0zfQ-ZEAyBjRNNaURt0YyO7ik0am-ZCfBkE_4F|https://lh3.googleusercontent.com/p/AF1QipP00waX5_5ibHK-UAOTvgWAAE-07lTgWPu6vO6j|https://lh3.googleusercontent.com/gps-cs-s/AG0ilSyCeWMb2LugPQtLUBBLg4CKkC4LHDhmnKbLIpgzfr-it49MEPsS39q5i6yGVsnILjSFzlxLUOHqEjttEJYHDbSu4CNomZ-DMfilNVknSJL0R-YHeTug1DBs0RQ3fbbjChHDAHNL|https://lh3.googleusercontent.com/gps-cs-s/AG0ilSzcrlH1DhIhH1dljIFnOJcKw6CqUHKssZaCmHgOui6TZCXuCQxjJaUWToXRZT3rmQWddyX_EFDRZUn7HHrF2cJlL5JWr5LzvIALQstUsibapasae3QrkKoZe7-sgUBedMLBq8l72jTBzyaj|https://lh3.googleusercontent.com/gps-cs-s/AG0ilSxjImY2jN_gfC6O7gbwiW4hZc1GlPy0hqraBAZJXEeDVZyc6jEkbvCUFw8EK3BZc1ywztDPWgGcV-fKRNAh7Y7M3SGZpCRwSB2bfbUjZIjRBYP0x4KLGM2Vko9aeaMNtMSF1g|https://lh3.googleusercontent.com/p/AF1QipMIdomorHcnaxCAGsNu_Klu1pTrT79ko_FHTldf|https://lh3.googleusercontent.com/p/AF1QipOV-RafXcrSm_xMeVElDNJqWJLfBbrI86Oderp9|https://lh3.googleusercontent.com/p/AF1QipNX4QBAaAMs2S-qcCG4se1vUNRWGmpQ3zF4tg8i|https://lh3.googleusercontent.com/p/AF1QipO_iIKEGnxsPymwtxzzcy5ZeBQy0L67OGjhkofH|https://lh3.googleusercontent.com/gps-proxy/ALd4DhEGYJ1YeKEvO4MPwJIS8WO23oJLwUzevExmtzU81aFauNeF4kGEco3_ylpAIqGkV-lQ3Q7f3QAww5x8ArVnslWf3TaDJY_9eMh9cRfSJpGF2m0JlvRE9hQbWN43DwE6Vgs1D_JY8KHavPd2F1ac7zUUTgGRrfr_0sEsM1AgIGhXwHckOjAUr90P|https://lh3.googleusercontent.com/gps-cs-s/AG0ilSwI0UK6506_CWQRYp9rtrKb424Xl-sC5lT0hUHg-RBu2u0dzvv9hQ-WjviHOqnOa6T5s1LCO9_gXH6uNMwxecSXIKHex6gTw4vN5yBFaywxkU-IZWEVtk8bqip8e84OuRGEsKV5,https://www.riu.com/en/hotel/morocco/agadir/hotel-riu-tikida-beach?utm_source=google&utm_medium=organic&utm_campaign=my_business&utm_content=TBE,Hotel Riu Tikida Beach,N/A,N/A,"Route de L'Oued Sous, Agadir 80000",https://lh3.googleusercontent.com/gps-cs-s/AG0ilSz5ntkbkZVSOM34Zal9ZT0HhaJNmbH0QWQl-bQWOFTZd3NTncnVxAhmq2OTqZpHWXlVwP4kyYkvqFlnBBeNgImITqejB4YZ9WKcIUu7bV385jWd-RW5LTTCDHLsWs7HKqRkg3ua,05288-45400
https://lh3.googleusercontent.com/gps-cs-s/AG0ilSwwJ8oYuaciyMyawWhup4TrLH6ksEv3D_2rR4DJEApzwyux45YYRzzM5DVYhh_9q_wvaEnByIUZNRQbMdseySYm_MyMhb5N_qTOZZ49UrIc7vZAmriRVEBJf-4ByNvSeeIif01y|https://lh3.googleusercontent.com/gps-cs-s/AG0ilSzadZyTwHPNw7CTKNYoluQNHaLrNlQmDDdN2WCFDSoIzRaSGH27uf45bfFqtBn-dtTp_GocRuCFqPBNmG3ePf5_IBqq547wwM3ZA9dF2Tj-gUGfSB8Jltqpz_C3Pl9vzeU7Q6fDmg|https://lh3.googleusercontent.com/gps-cs-s/AG0ilSxiWZObUHeRIYBUiCa48h2JV0igEIOh1OTlhQqZ4KDLVCyLP3tRe83X-IxACIYeO4e4knm0yVUh-mOEMayZvLB0lZ2_irflQaFp0eYf2mNKjZ1_-xcLdWn0jcZoBxxdjKFZMHrt|https://lh3.googleusercontent.com/gps-cs-s/AG0ilSzWi_DYGBiKcKugJ-Ru6VKAPFboOMlC7f593TeNonCHfAt6h9Ak8FPlFBNVxz5JH2XhpEXTUbCRFU1s_UtpN8aj65m-icCnKzkBBELML-Djr4pBIhE8AOe5KT13by6Vsv2J0pL8|https://lh3.googleusercontent.com/gps-cs-s/AG0ilSyjezkkLGSuV0h-tws6koQpP5EtX1J0qMc_8VHT4HpTGTnhFbAPY5u0F8qUKMfx9K2KRy5NNrzrq7faiPhYYeHJ-WTcJHJaw2b1eL5g2R1-tNg21PJ5fbdSvZAIE1QmQnjL2j2xCQ|https://lh3.googleusercontent.com/gps-cs-s/AG0ilSwl47t5N_L2J4Qvon5seTr2Sewnw8isUiORLL-9dOBQ4bu8Dc7o4jOnHKHuKZRTu3NlkS1dUkAsEQ13tDD53WAeUxe0YNsiibhc2Yfhm0JHHcTBxiYGJ6posiJHgZvj7QBhoMXT|https://lh3.googleusercontent.com/gps-cs-s/AG0ilSw43e0RWYGD5Ogxn5yOvFQlNqEe6Sx7__cNZjxV1AE8roEpxzRWn0VDhctyrSlXW010QtoWKsp6koOks1IAkPMXOLOoByXfCIMEIOPN_IY7OZ2qG5MY_t5LI8a06JHlnLoMExRonHMhh_lm|https://lh3.googleusercontent.com/gps-cs-s/AG0ilSw75bKGmj566QyATscHd95mfVIvd3s6AB8jYmXLPuf0FQt3fjE-NZ9dYPbpHOGD2zLfYIXi8pFL9cwnHOqW3yolox5HBMf47MUMhQM8ewXZJkRJtUygJIM83mPaZXA94It-mchr6A|https://lh3.googleusercontent.com/gps-cs-s/AG0ilSxQk1fePyqZK40JNTIb6IDZU8zwxOfxiLoaNr0Zdj8UGc53vWbBd3MVSxui-Behcytj7upcM2Ne2l6j2mNJkm8umWEn04HjJEyobzUdaaeziZPY3SwF0efpCf2bXNihiWmOlOTN|https://lh3.googleusercontent.com/gps-cs-s/AG0ilSwcM9MgJB5w81FBBA7L5WYfLmFU1mefJqm0d7u3_n18JQhK26T0nA7hdYmkD0U49btrjTuUsCjcTzQ9oWuOqp4YQVf3o4RdHbeNXTmi3VIGi1k1gR6iN1eIA9pjdGi8UrWHDQNt1w|https://lh3.googleusercontent.com/gps-cs-s/AG0ilSzI3-rQ9ucsx__QD3EHyvsEU_4KjnlnqTe_uNiz6bJG-U8rMNALqgRBxxGFagjyTTSQbS2lJjZpfKedEhwUiGaqa2hVMdHo5zrkrFxbLYrGXLY9nqs1Pj9OPAgb5UektMGN0aQ|https://lh3.googleusercontent.com/gps-cs-s/AG0ilSwsl2m4rgSR1sJEmparE2xnYaHS12JxPkNwUvLQwBBgMfKwFUD_KJyH5G6NSa-pUdHBL3xRpkbaA38Aj6QxbYYjMv0ydRXIWXRlt1JYqzBW5Qyp18UzsC2p5DEH4CUo3hYI2ugI|https://lh3.googleusercontent.com/gps-cs-s/AG0ilSzNKx5vCsKZqaLeaXxKNyR4bUXNF8Q3czb4km0kB7FnbMAp8Xyo-yUQ5IgsltY8SJMFgWu2Pt5yYNtQHX8Oilr7gYzBzzbDuXkLYLZ9lXuwY50iRcfEsfJJml81eUg-MNSe0O0IEQ|https://lh3.googleusercontent.com/gps-cs-s/AG0ilSwl2n9bT6aXRQwp9T5p9NXNnuRixCdt1Btm5qIRVtQTdo1nnzD_vcjX27Witb9WeiUY55oGO999d9qltvU6LowxtFMhJrMyRcwUc6vmPKbUBVAVESUfxxgdanF4rneEHacCPABGhuPLS7D2|https://lh3.googleusercontent.com/gps-cs-s/AG0ilSyiGY98EigUpPOG1NV0_uPri8McL8i4qptCvteDk71UvrI_0dMZTp6YiLT7IFeHd8lvQxnxPKknqw12Y5WomvrNm3aiYJKLVI7zDQSKZBxO52eNLbrMvmRa6-6EQADTidp6DG_6Nq1WLvE|https://lh3.googleusercontent.com/gps-cs-s/AG0ilSx_D9G21dTjKfl4_PLeFkvZhnpegIX_c1LyZZ_vjElFkxkXXnS-xDN5FpYfmsQOikjEECGEIj06KFFFJsfTDtHd8o54wcYz_X3Y6fLk7c0xtjaPhSO1BDl-CMT-fE5O-ifRFd8E|https://lh3.googleusercontent.com/gps-cs-s/AG0ilSyq5Qlcs0lOhW5yRruK6nWeNtRScbWEmgXnIArAWqPc8ZFF5gkUJRHupFkq8S4qiNYYMrQ8B5twcS0YlMENcqE4eM0cVBlF1cNuIdWFQIv3-d2QG9Ycbeqkl40DAAok-uuBFjLB|https://lh3.googleusercontent.com/gps-cs-s/AG0ilSza5mZ7ukgK1Hub9jb-qP9acS27aV3KgK9hD3Ekp-IJ2M9p5wrAnbGWiGCER0C7BnGljLmUKtAIpCguorcUIALGDfu13h6BgpI4S86MnJ3i_S_HWJoiG4TTBtVvBRZmpdWPalfe|https://lh3.googleusercontent.com/gps-cs-s/AG0ilSxiKpYkxqwcQ1GpP35cPFS3ZTB_tPJGnOCjp8Pp-zbOrz9ghH-9eRJvkgujy6A7XumtnMiE0XcSTFO05BphqaCarJEwtrywlENRuVyJ12lBS5gSnG6I7gRgBCc9kHlOIdSKC62Q|https://lh3.googleusercontent.com/gps-cs-s/AG0ilSxBhgEFxMyBzxMfHxae1YtMjV5DhSRTcHqHg7xpOlOdqS5LU-MFtL2dpAiawf0XdpgT5xSdCxFlHgJ9HR7PLhPmlCAmMdbHL_iA1QRf9tiRDexKE6JDIzekv1_kZZIQ44P6h6ndAQ,N/A,Massage Founty,S'identifie comme géré par une femme,"4,5","Emm N°: 1, Agadir 80010",https://lh3.googleusercontent.com/gps-cs-s/AG0ilSwwJ8oYuaciyMyawWhup4TrLH6ksEv3D_2rR4DJEApzwyux45YYRzzM5DVYhh_9q_wvaEnByIUZNRQbMdseySYm_MyMhb5N_qTOZZ49UrIc7vZAmriRVEBJf-4ByNvSeeIif01y,05260-26040
,https://agadirmassage.ma/,Agadir Spa Hammam and Massage,N/A,N/A,"App 4, Agadir 80000",N/A,0644-724707
https://lh3.googleusercontent.com/p/AF1QipMpozJwQR1mg9lg99DSzwqr6iJOdsIhiA78Y7ug|https://lh3.googleusercontent.com/p/AF1QipMWKjJFgZE1aK6msq8QYfMhPyf4SNNNqolWBXk5|https://lh3.googleusercontent.com/p/AF1QipNJ2yuYocdAIBUekU7uRgGxLLPw2x2SuCZaYu3u|https://lh3.googleusercontent.com/p/AF1QipMgIG0POuO32YEq-sOk4IivgcrHv111PlhTVJzk|https://lh3.googleusercontent.com/p/AF1QipNdE1T_oWUgloQPsu6KGDRwy6uDDfMqNwbqo18a|https://lh3.googleusercontent.com/p/AF1QipO76H2TBMwQJto9IQYQc_87O9GE5Pjgu6jT0yVg|https://lh3.googleusercontent.com/p/AF1QipNRF8QpkSAzbp7ZhcaXGAkLhbhbYE37HQEv5vuJ|https://lh3.googleusercontent.com/p/AF1QipMNoUzwmZLUTQeFl4afUTUWWLb3ATwzzK496S0m|https://lh3.googleusercontent.com/p/AF1QipM8hBH6sxp7tSQOxtF1NQwdTNOzaNTi7znnGbmu|https://lh3.googleusercontent.com/p/AF1QipMvpo49Ji-FdmOmVTyoiflrkryEpTglo60cVL9R,http://pure-spa-agadir.com/,Salon de MASSAGE SPA AGADIR PURE-SPA,N/A,"3,8","Rue Al karam, Agadir 80000",https://lh3.googleusercontent.com/p/AF1QipMpozJwQR1mg9lg99DSzwqr6iJOdsIhiA78Y7ug,0608-357212
https://lh3.googleusercontent.com/p/AF1QipMzZnvzyDwZuGY0x0EFdU3Bjo-0VehUJHj0c0hC|https://lh3.googleusercontent.com/p/AF1QipMSf2dI1fIWDZ54lnS06UNg89q6jyUHGVlxmd60|https://lh3.googleusercontent.com/p/AF1QipNQM0et0AiU-9cZnfpyh7qnbcXIPtL3FQlxZYVg|https://lh3.googleusercontent.com/p/AF1QipOKZezQbc0AXWXycu-LEYx0LDNJoxuS1srTYx1m|https://lh3.googleusercontent.com/p/AF1QipNsLUX-XVHohNCsZvqxJKUpNj6snFZ-duNgQ0-U|https://lh3.googleusercontent.com/p/AF1QipMXN0UPZIMl6whxmvYRa1jMnmaVsJ3dW-I5Dia7|https://lh3.googleusercontent.com/p/AF1QipMik0KCAK68Xj9rJrrwcssXBTuc0U6Rcy-NsChB|https://lh3.googleusercontent.com/p/AF1QipNJL7TYdSGNsbsc4RxqDOkPye5KC6zbEmOysHyU|https://lh3.googleusercontent.com/p/AF1QipMwWUfwroVq5keyFz-rt96caeUbMCjxbz5CTrbx,N/A,Mayar Center Massage Agadir,N/A,"4,3","N, BLOC 03, 13 BIS Rue de Marrakech, Agadir 80100",https://lh3.googleusercontent.com/p/AF1QipMzZnvzyDwZuGY0x0EFdU3Bjo-0VehUJHj0c0hC,0680-762021
https://lh3.googleusercontent.com/p/AF1QipMDiH0XSAWfDf72JIFMoAqywa6op-OKa7cdhznw|https://lh3.googleusercontent.com/gps-cs-s/AG0ilSzlMNVpM--Pj2DVDK6RnheT_8pXJ88e52ShHqQxWpLQHSkhbwC4quwaxU7wL-5Jbv2QqiVYQgL70qs-Hy5ZiFxEawPEPLDzjU6qmFXdjYV9_8e3iphDTYX3kmdqHQmaVRn6SvhA1Q|https://lh3.googleusercontent.com/p/AF1QipO3zR9q_I7BkxsDk16JQaXza4fu_ZKEjNmH-zKh|https://lh3.googleusercontent.com/p/AF1QipPWaHEMlUUt1bAa5y-k6wb14XTUJ3dkj8EnrTJE|https://lh3.googleusercontent.com/p/AF1QipMuMKMxPEWRESMi7eX3vl11cXT4vIFNCgsasBBv|https://lh3.googleusercontent.com/p/AF1QipOy2sekwWOyYzsPa2Mg2DWRQq3fWVc49J3WzS9h|https://lh3.googleusercontent.com/p/AF1QipOygKWkVaSVfdQQBOFlqDsmcTiB7IyOIHnXoGto|https://lh3.googleusercontent.com/gps-cs-s/AG0ilSzZ3yINcK2hnBBxGnyX7aRl09FU11nEbgRknZ9XI6kO76CjMWaDA09GarRzJ28DAaV0WTfJdW7E6Yw2wbSh8anEOEaLCXc7rCBtWHa_TfvZQ8-MeqAgX-kJ-FOFSDQ1NchN1ZAfZg|https://lh3.googleusercontent.com/p/AF1QipNyyQlqOKyKgV7f86kaQGUzm888NNKuoCVMjDrt|https://lh3.googleusercontent.com/gps-cs-s/AG0ilSzxurMf9vwohCXA6oq5eAeKI0u3JDJRkGuthYT2wNtq1AuftsoSkhqsWV3rOZqnL_slkAl2roHzOv9zWdTQAChbwGehY6CxFd75MdF25htBgzdsrRhYR-ElX8wjAg5H_rER1LIB|https://lh3.googleusercontent.com/gps-cs-s/AG0ilSyd_mPLFS7OqebrQFxFkimUKofDytL8XGsUrJEhTC-BLgMzGab1RpV8KYHKswh_YK27HxA-G10MnowGiErESXQC-K3fr5uaC7sFING_jxyv3kdAxZ-oBVjuaP-ob6IFZDez9yAfXw|https://lh3.googleusercontent.com/gps-cs-s/AG0ilSzkcewN4UDacc0-kvnO9RMGOhykDdPfQt0D5d-qSZTlGb4qWjb9zdjAWd8bkCaFnBQHYMaWOsozuCLfZP9wNJtnqpxQ2J3QyFUsFA3Os885Zcp8-FjqTiMV2jQOYl5Ercv2yzumqA|https://lh3.googleusercontent.com/gps-cs-s/AG0ilSwUY71Y5pR-B09wDpiUopUt7r1IctBnGhfeZSmbQL94vQIymrFcOIyHxDsOj4L0ib_Q5P4e6cwUgms6oZwPIGtobor7C0fXlEfc-NIIfhI37ufmNSksZq6bFFu_J3mxDg73TlLDwrT2zyM|https://lh3.googleusercontent.com/p/AF1QipNUwn2Wt0GJU5_-nob7oAqDuJw8am4zhLsFKcMw|https://lh3.googleusercontent.com/p/AF1QipOgl616lXZNqBiq_tPVVxNJwXWiONkq_P7s0A8D|https://lh3.googleusercontent.com/p/AF1QipORaHpjz-WmivunpjRIuFlRY6f_HQUscln0PCPj|https://lh3.googleusercontent.com/gps-cs-s/AG0ilSxnpfPd1A71VV0nXHR9efZ7WoR7I_KAFuEQT8XigyifyGEPTIaMQ42JE7PbEiBtiGibhB5gjc_o9AjzqxA0j-SSiMJfzz1rz8-VDhhTczEiy6Uw_dvXWOQ0A-USRBBfoRpoLruf|https://lh3.googleusercontent.com/gps-cs-s/AG0ilSzLlBHnQXYPhCe-6BQltiCZo-6DAp0_2CjyOtm6r0mj-4i8ilKTPKfm37walNMXa-5CInMXtAlmieuPoGgrLF_jSMWVHc2h7K0_cGR-eTxXGwbLY4Pq82LWpeRJMqwqArU1ja4x|https://lh3.googleusercontent.com/gps-cs-s/AG0ilSxUJQA2VgvLTRwXYc1Emyj-U9T8vcXL26xj2Nzst7t80iLC7CDO53ncVZHnUARxKxJvO1BZLMLb0XeCRT081tfSqPU-9-joTk1pSUqWAyFlid7FamfVmQT5z7AzUSi5NZX2d10zhw|https://lh3.googleusercontent.com/gps-cs-s/AG0ilSzzmGKFSb2DR3tmBW87TL7Un8--H6hT6jjeJktKO092nC0824zfeSZmB295NXmXq-EFwESqNZ-6czh-U93AFbvbDx8K__0qI4zieFUXQLA2tnjjeiR795i9mn4qorv2g4xZfweR,N/A,Tizninargane Agadir,N/A,"4,6","Amsernat 10 Imm Kaddach, Agadir 80000",https://lh3.googleusercontent.com/p/AF1QipMDiH0XSAWfDf72JIFMoAqywa6op-OKa7cdhznw,05282-32723
https://lh3.googleusercontent.com/p/AF1QipO41dUq41DyLloQ1ZROKRW5FRXTNCSdRBW7JB5B,https://massage-agadir.com/massage-corps-a-corps-agadir/,Spa Agadir - Massage & Hammam,S'identifie comme géré par une femme,N/A,"Rue Ifni, Passage Issboya, Agadir 80000",https://lh3.googleusercontent.com/p/AF1QipO41dUq41DyLloQ1ZROKRW5FRXTNCSdRBW7JB5B,0603-242330
https://lh3.googleusercontent.com/gps-cs-s/AG0ilSzFpwaXCRr4buq0xbdnDb1sKKgTQSpNJQ8z0240Tbm1-AbNWXQWaovJhvEuBnf_6_BxtWdrJJ-IzzE-V66j2c8GPpVUd-5f1-2xpKBOp510gTOXTvAl1uCpE5Vk4v7kUqEKp45U|https://lh3.googleusercontent.com/gps-cs-s/AG0ilSyLIDm-6Dr8J4VxWZpwiauPcFAzBV4lnG9PRBKTQwX26wUw1KJCUStxlN3aW5iCyll5Pg9bFGi01hw-P5OFnWXoIIuoG7jGwnVxjlyR16ZiC2PVKa6HIhEMW2OHLuZCsJyovpC8LA|https://lh3.googleusercontent.com/gps-cs-s/AG0ilSxl2nijT4lcmiad5x9V73Db3g0WPRn2qVlUTTHLp8j6jU30UQk9lLQaZ252eNpZBGgssF8EqUhtUcPqBRzvVjM_2F-AMfFzjwyHirf5MFqzG54UlNz-Hs6Lfvufoln9f1VJxcEY|https://lh3.googleusercontent.com/gps-cs-s/AG0ilSw1u9ubuNWolijWGq_JO4R7DYtHxwgJLo2fnsB9gYT8zx6rIZax8TX-LHXL0_6XXpEN4R-Qsi5VF1sJByXnmYG8RwDOiHaOOXfpSfM8pScXlvvTeZoAl9KKUDotC79j38DW8AUI|https://lh3.googleusercontent.com/gps-cs-s/AG0ilSxgSz0ZRXsvZFG_Mdyl68-j2w0cN9VGn9squxk2sjnMk_jCc7vQRyT6tRAFfcnuka3yv9AOHf4LNyOjba2TX5bh9Pi0F1tSBvZp7RGKn-Cbp-IqG9OG_suA_LqMlmegfUYtF28y|https://lh3.googleusercontent.com/gps-cs-s/AG0ilSwWG7fukq_W90FEnREg2f55xHuLS4csrHKrO27KGafnmYgSKBvJ2qFVW8chg8crtaMCfroRgSAzCditjFeCj41WnsBLlBJxst-4FmZQ-q0wFGkVCmwHqOBMoFzi8dBLVEcwNmky|https://lh3.googleusercontent.com/gps-cs-s/AG0ilSyz_JVxCNKTL-0ZCGO_0h6LQaPPSJtv_N-d8c7KJMaSy814Y9IZdvilSiqowNXbaxdjyWtgvsqTGdwskz7OeLRk1PB0VThx7B39HTG5I65hl2SSvambMrZ1uL49AtRYaYZ8zAQn,https://arabsqueen.com/body-to-body-massage-agadir/,Hammam & Spa Agadir - Homme,S'identifie comme géré par une femme,"4,4","8 Boulevard Mohammed Cheikh Saadi, Agadir 80000",https://lh3.googleusercontent.com/gps-cs-s/AG0ilSzFpwaXCRr4buq0xbdnDb1sKKgTQSpNJQ8z0240Tbm1-AbNWXQWaovJhvEuBnf_6_BxtWdrJJ-IzzE-V66j2c8GPpVUd-5f1-2xpKBOp510gTOXTvAl1uCpE5Vk4v7kUqEKp45U,0710-634352
,https://m.facebook.com/profile.php?id=100023980341705,spa nawal12,N/A,N/A,"224 Rue de Marrakech, زنقة أحمد أخنوش, Agadir 80000",N/A,N/A
https://lh3.googleusercontent.com/p/AF1QipPk73YpXdpZqDZYzNh9P5QSmCc75h_H9whba0Dd|https://lh3.googleusercontent.com/p/AF1QipPUQ_sftV4FeUp-Us-mWqcnA0GdmeVh4zxX9jYG|https://lh3.googleusercontent.com/p/AF1QipM_EI8ndNfoAGDOWomkYgW349s_ciQ3wip5Kj9V|https://lh3.googleusercontent.com/p/AF1QipMD_aJoeVqKbuYq9teARcDsMdkDj5RIlcujuNgl|https://lh3.googleusercontent.com/p/AF1QipPHWxvrgcccQv2USvICVVEK8ij94Ta9SQHTYIbz|https://lh3.googleusercontent.com/p/AF1QipNMqgMVrgK7dU_D6NCvNAAV478tLN2PMNM4MRJ3|https://lh3.googleusercontent.com/gps-cs-s/AG0ilSzskuIHQZhevt90UvJh-jwUsQI_A8rzYoWs1CbmYOJmEQe9FKKMJkx46u7Hq5owlJBveyhKYNpWInp3p9e81Ap4MjURbo8KtFqcYzsBClSwZQZc2rjQE-aKe5dZpNbUAJQ5qZSX|https://lh3.googleusercontent.com/p/AF1QipMM1KI93QTPUC-A17Q28vyxGbgAuUR9Yt7IvjEP|https://lh3.googleusercontent.com/p/AF1QipMN2IfZWQcSnlo2k071vMR0KzOQ6Hi3KaPVyRQI|https://lh3.googleusercontent.com/p/AF1QipNOVSUVj4KjNeBkcc5D_C-bcJz5xppg-thKIjhH|https://lh3.googleusercontent.com/p/AF1QipPBFGwXRbysRJDrzoPFedNzNP5CibPEToq4TQm5|https://lh3.googleusercontent.com/gps-cs-s/AG0ilSwzbN2V4INoeG5rV9Ge6i22w7HejKEq8RXcbMlwy-9Jm_pQ1L6XSeQEvAuTMwsxXrHFJByzp1v_xU05jUcIMOdjFB66jiLnuucpY94SEdmFgpM2RQ67ucEbNt6k_6lusABxgciHSw|https://lh3.googleusercontent.com/gps-cs-s/AG0ilSwpwRUeCi7cAMP5Z8PHx3jnpcsPCsk9xDSdWHVvA_M3kU05hdmQ0NC70fh0DRnBvAQw0kGJVmhUm-u8RoyPTMl8sD6RoHGT8liKAefRezLT_dnew2iWb1yE2ktBcehhuh0CTHfl,N/A,"Amal Spa : Hammam, Massage & Esthétique",N/A,"3,8","Av. Ahmed Al Mansour Dahbi, Agadir 80000",https://lh3.googleusercontent.com/p/AF1QipPk73YpXdpZqDZYzNh9P5QSmCc75h_H9whba0Dd,0689-104021
https://lh3.googleusercontent.com/gps-cs-s/AG0ilSy-pADhxxJsOyKYRANTQ560g-JIgp3mdrSvlZvtEtKOXk5UeF2vQQboSClmfVpu3oICV2qDWexUPc5xh_0_qJMxSHdbhVIqOWS2h1Fg1o1ftb3ahgM0IezgdSScOYM6PQq_tbbrrioPOp8a|https://lh3.googleusercontent.com/gps-cs-s/AG0ilSybF1BDB-1Lp2G4k7CflsUfRsjfLgfGi1zm0thnck7plmJSfr-nTAP-ey3pVhHygmLAAj1ROA4awOsDLEjwnliPFtAdnJ-lCRIIWRW2o_19BulLI1cmL_IJ8f7J2jd2TY3imFprTdyf5NU|https://lh3.googleusercontent.com/gps-cs-s/AG0ilSwyYdLaebyr9UOXqAucP4Ak3JeCciHyHwbUsniGrWr1BMosUP03VW_uIOPKhP94nGm4sonrb99XGFB8Wyie2SG4xg3O6mOguXx2eKTSAbnMO9tZZVaTUopHc-uZYljO41QVU5MLHqmKLb5q|https://lh3.googleusercontent.com/gps-cs-s/AG0ilSy1WTPkN1WnnH16p8H5UHavbA9MU20vmDtE39vM5Q0-SrZC6hVheY1rsIsbi1r-wmR5ctOvYwG4xHVbsaPixF4B0i3LvsbHH97deGBk_OryzTLmm4oLOpXnjyD6i7ILGgbpm931LEbUYp2v|https://lh3.googleusercontent.com/gps-cs-s/AG0ilSxN8yWzhwyH7jhdELaQAKtSoJi8RQLyuoVa_m-W4g5pptKUCEfhpByqAVkqqDgu1O0rEU-pN8cbxOadFr6Fn9q11NG-AisKwqP9H67dgLifuBmWD_1SNfqbMnS1NlMXW1OJDH1wAB7J4kk|https://lh3.googleusercontent.com/gps-cs-s/AG0ilSz3ZdzW0ojmytEAVH1uWDvnA1sBtXnyYdBFERkvM3iRpsPMDoQwxTm7TUw5UKDvIHcHzYJj99D1Hj8HfwFYAUKRcmgnHUx2XLMI1ouxMq9QThm-OSSET7RzMVkN1NW7aUXBC_b-|https://lh3.googleusercontent.com/gps-cs-s/AG0ilSwEbr_1_B8B4dLi6doGh8XiGteEAPLzDiRf0XpuwHrm5bkxPkawZ5imj5QpSiyPIXGqimZ6cvThJ3uymsKC0pJlGepvEYVCiO4Jcg6dniVnotQVO2ljdSoNdA4hdufGMDJmOgys|https://lh3.googleusercontent.com/gps-cs-s/AG0ilSyvIgMOENMxOSjBoX3GmNd3OLyOSw6hgXifsTcXN26jKycguU0galdYHMoOiuSzsAc0jj7ePeAuAgOaT5SBaCzkBW6cXJtxIoa8jQrxmaF1WDFt_xn2r_Ibfuwbc_lfN7uEeZUI,N/A,Océan Spa,N/A,"4,3",N/A,https://lh3.googleusercontent.com/gps-cs-s/AG0ilSy-pADhxxJsOyKYRANTQ560g-JIgp3mdrSvlZvtEtKOXk5UeF2vQQboSClmfVpu3oICV2qDWexUPc5xh_0_qJMxSHdbhVIqOWS2h1Fg1o1ftb3ahgM0IezgdSScOYM6PQq_tbbrrioPOp8a,N/A
https://lh3.googleusercontent.com/p/AF1QipMFpeIOPioC8_cl9a-pAzkBcv0iKrHnURpixhzF|https://lh3.googleusercontent.com/p/AF1QipM0oM148-_QATXLLcxKGsdJUldv3uPNMAz79cDX|https://lh3.googleusercontent.com/p/AF1QipO97QFycMHVlTLH6FIZJnUn1Gg4kOQFkGq1_yho|https://lh3.googleusercontent.com/p/AF1QipOIEU8MRyq6N7UbDO9LigPG_wGpLe3fxAq_St5q|https://lh3.googleusercontent.com/p/AF1QipPoAJGLjXIJaMA-J72JCGZY8VpQ7noTcWivDO4J|https://lh3.googleusercontent.com/p/AF1QipOkCUg68bV3j1PhDZr9tB6I8mdPzAGurkvVtDzh|https://lh3.googleusercontent.com/gps-cs-s/AG0ilSxdZXyFAQhKxIGToqej5Wpi98Ase_PwkmTaOFMEvXAeNz_ydFIPsHKmEDBqo3lWthiT-eWOHCbQV8dQ5_FBGfh6cdPnWNRyRrZMB1IMEsMwHF9UvSysPF-ePiA73k0sixsaxSasZQ|https://lh3.googleusercontent.com/gps-cs-s/AG0ilSx8OoW7-xfNKJVXavr8l0HiuAB0gmUW-qJasVt3oLWAwfzvUgK1Cxe4FbuiQh-UhgryyXMGth_0vlCof9tPSaS6_hZQ2Gpw9rX_xjGcZmrwdzEM1d43o29ec-2MIlFICN4d7ecH|https://lh3.googleusercontent.com/p/AF1QipOBFxruhfbrjeibZzfrCSim2t6RHyB3wtJKM6m-|https://lh3.googleusercontent.com/p/AF1QipOkrY1tCxYjdh1rc9YtLB4LNCBHwk0DxbnZDSfy|https://lh3.googleusercontent.com/gps-cs-s/AG0ilSwscW3gEoXdnS7wiKpQH6Q1NBeGchYYz95VVeQG9JOhoz1jhdRpz29Y2VH51-n7dr3PvwWK3tWNhKooRAMGkKtHlnaOuMgfl9OOcmvv1ztGYw0vILFGlKPzY4oT_SPQmdTRg7iI|https://lh3.googleusercontent.com/p/AF1QipNGPLCKI1MOnmul54cayBwPcqZKcrHlPfXylaKb|https://lh3.googleusercontent.com/p/AF1QipNkxuP5eLztT38ewlg7DgRFayGRjWdJ6aDbeiTe|https://lh3.googleusercontent.com/p/AF1QipMXzDrMSUSnKs_PMphdzHeWMbSVAUhPxi5cQtZD|https://lh3.googleusercontent.com/gps-cs-s/AG0ilSwm1Fi7WH9trk1a9PWfZHbhURVveD_VayEZ8_-0nNO9TfrPtEMw2x66-VcdzqCzoOeZ2gLMWxUd1LV4eB_9Sjxa34OOHj87RkAiBZXsuTnsYP0rp6OyhBZbjQ4TODSoYMcq7rLP|https://lh3.googleusercontent.com/gps-cs-s/AG0ilSx0oTXWb5Hm2n2ekOW6jtKz6i7eyw18oSg760a11LKlKXJ2H0ujuisceFhJyPqr0KQF2qmCCnvkfh_FmZQE-pTOKY9gQ_LtEkDHuMM929vu1vzXL0iLaV4QOO83Kcq1bC9naGnY_w,https://wa.me/212661589922,"Savaya : Hammam, Massage & Spa",S'identifie comme géré par une femme,"3,6","Amsernat, Agadir 80000",https://lh3.googleusercontent.com/p/AF1QipMFpeIOPioC8_cl9a-pAzkBcv0iKrHnURpixhzF,0661-589922
,https://sorayadiamonde.com/,SPA BO DIAMOND PRODUCT,N/A,N/A,"4 Rue Imam Malik, Agadir 80000",N/A,0661-152460
https://lh3.googleusercontent.com/p/AF1QipNzLoTVZnFXTE5s18e6p4TmBg-McK_Z-F2Ucrtv|https://lh3.googleusercontent.com/p/AF1QipMA3lPtFF_g1iGDRKdQI8yLAPVPlrJ6wWmYKom9|https://lh3.googleusercontent.com/p/AF1QipMQfT9oF3sq5jO0EmRht9grjW3AIrO6Wkz1wLhH|https://lh3.googleusercontent.com/gps-cs-s/AG0ilSzY1AD1UzJUKp0Pygz0PMBDCOrJWBtkTTL9aGUH88qq-fsMKlHp4xAgTWODoivNpKWlWpRxYgeC_cZ2rzgSx1E_SJMVehcwh0nxT_GYonfrksy4N0nynq-5fu41up_FbG5VUJQssw|https://lh3.googleusercontent.com/p/AF1QipNV8dmxHciQdfD5YyjWypMexdCYPC-3ZQaYpxg5,http://www.spadoree.com/,Spa doree,N/A,"3,9","Avenue Al moquaouama, Agadir 80000",https://lh3.googleusercontent.com/p/AF1QipNzLoTVZnFXTE5s18e6p4TmBg-McK_Z-F2Ucrtv,0525-080025
https://lh3.googleusercontent.com/p/AF1QipO8YyccRo9Q6fqHln9Ym06zgwXNyztEbGR2hPEg|https://lh3.googleusercontent.com/p/AF1QipMSKlv_wmsxdp45ZPF6oEbHGf3uTvD7exToU02K,https://www.facebook.com/spamamabali/,spa mamabali agadir,S'identifie comme géré par une femme,"4,1","1 ére étage n° 35 rue ibn rochd zone industriel, Agadir 80020",https://lh3.googleusercontent.com/p/AF1QipO8YyccRo9Q6fqHln9Ym06zgwXNyztEbGR2hPEg,0611-133160
https://lh3.googleusercontent.com/gps-cs-s/AG0ilSylqpuoviJ_JlCGF9Fpan4_8PA_ew9mpiZ2VjEaaEH2JFyKc5XWEJgciGSPjW0ffICbNitpIomQs2Nr1prrc6zWbQSOLcyndRtwJV5vpia6g_gKThHIiE09dhwnTmRgxKKbmhky|https://lh3.googleusercontent.com/gps-cs-s/AG0ilSz-s_it3qq4L8k1NCnz1Ct5U7ueWuHNFAFFnMAvLELBEmjY-wU26VdWhnUsYSnnMdkvsAfQkq9UM-0YO8ftT3xXgwiyHnihHeG6cgB5QSh-35ARYyjHaCVP1tvVGN_SXZCADR77Zg|https://lh3.googleusercontent.com/gps-cs-s/AG0ilSyXNNRjqCaLECBKL2qPKvUx43G8HpgAFDsUyVxdnt-jCK3JgSqLVPOjABnIRgFpYb59tcZS_QpuE4_UBrUb94_PAuAgtSSloCIbjNg0USxKLUi5a4QRuJTdX_e8xt9LzvAVeXuf|https://lh3.googleusercontent.com/gps-cs-s/AG0ilSzSI_P5BF0GQpHfSDaIG3MBmIt8NDemJHhhSX2KAGuBSHO1hVO9-cXpgSlnpdE3DPGXHEFFDz0IMKKauP6s8myj63gB1pp-L63PwOUGezYghUmOXdiWJX9-0mO8DeSpKAcsw6DxJVdMa_M|https://lh3.googleusercontent.com/gps-cs-s/AG0ilSyBMg7haJTL5Iy7MXOSPYu8GPWEas4qBhVxR12Bl9yVn3DjwTAzuBkS4aP3gPBzTM303K1feGAs0gCGjscHGUgQjptQTRYOTwU3Ed4odF2aMv3INKB_g8KtCywJ6yQrR9EC3W3xLA|https://lh3.googleusercontent.com/gps-cs-s/AG0ilSzGmB4QlEQ-YGd4tHkZX4AqjjGAv4_K5nXbsQhEBZG1Zmr5EvPHDgTghe-LLnpm1B9u1LRHcB2VbJTpDYD7Z6JCme7QmF2NfBu6it6n5TKcE1flOB4-vaioUb8tKJdZPOAHLqyXAQ|https://lh3.googleusercontent.com/gps-cs-s/AG0ilSxFA8OqVoMGq1l87R-jk3qFsTHek1xwcKHW0WIKGp5A5osK8ybxjgIRW0fVnu9HXK6Mu1Qgtv2i5OePOkb2FLzZSegdkwR7Ffx4xTeEG9r4dpFBIw9SPuhAxfEXR2JzGGlm_5O4|https://lh3.googleusercontent.com/gps-cs-s/AG0ilSzOaQX846FpFmEKkfYtJ7v7NC-xGEBWyve8wTu8Y5soZtZF49NMK2ZPOGlUBhTxOKqbRZgALEad0Wga96y-sf__bNO4RIsTgHFL5JiovYHVWXhtPpHvRi3GfsOaDWODpSdOpMOhmgDEtR1O,N/A,First Spa : Coiffure & Ésthétique,N/A,"3,8","Ave Abderrahim Bouabid, Agadir 80000, Agadir 80800",https://lh3.googleusercontent.com/gps-cs-s/AG0ilSylqpuoviJ_JlCGF9Fpan4_8PA_ew9mpiZ2VjEaaEH2JFyKc5XWEJgciGSPjW0ffICbNitpIomQs2Nr1prrc6zWbQSOLcyndRtwJV5vpia6g_gKThHIiE09dhwnTmRgxKKbmhky,05282-23565
https://lh3.googleusercontent.com/p/AF1QipPUD7x7BWur6flRfYCpBTY-TWd40rq24bNman21|https://lh3.googleusercontent.com/gps-cs-s/AG0ilSyKUeKlJQqKimad8yo35vdOJl0f4Wkub9GMqEACYv08bIJFP0v_g4p8kIqq2EUn0RwZeyO4EuCO4w1W2qlztb3Pg69ESj_RLMLRDi0rOL8eh2law0OctcCWE91QAyE_-7SY9jYlV3jegTgZ|https://lh3.googleusercontent.com/gps-cs-s/AG0ilSwH1favgOqSxZiXvNgHyzcrYbBCzZugKMz9VgVleDiAoz5rmd68SMfh5yAfKSO3BHhubqSmMaVE2c7EMuN0Hzung4vAPsaeR0lXhArTOnlI2AA-KH24an1O1syNZvONFE5bykrr|https://lh3.googleusercontent.com/gps-cs-s/AG0ilSwKcX4m7uPgWLp3Dhibs8WGNVwKpNkbaL7tKgSScil1AaWZiKT64wOAcqM-GXSyygOBJIde4erZpDqiq8XF0US-cgLhrtDmP7UISe4prpcNO1G2a3nGs15fcWy5_49KSQouz4ep1A|https://lh3.googleusercontent.com/gps-cs-s/AG0ilSwfhGvbcFD0wLoKyEBhSu_EPZSG9ncBMujHptR7THLXLqgtkfxtyHsOVdWWJg4s5Mg1dD-R3VCUjj6KVpserdNSQNhd_rjjcivYcSJdwvd4ZXHdolXL1DsncO4oBM1Ul4pgoUu8|https://lh3.googleusercontent.com/gps-cs-s/AG0ilSzgiyyGs4uvkn7D2pxXY5X-Kt_YuRNZgMar-RclJJqX7IQvdNp7pcODpT6r1prKqdvb3EsY01HgCIUB-N6bXBj12ILhR7_IRO2C9MHg-VQbIjyjTcgeSvKGEE2y7RE7gW1xURoSMw|https://lh3.googleusercontent.com/gps-cs-s/AG0ilSy0himziD3E4f_Js1WgzJbiCWoOaGHHVYdmLOqm2ZC-5eZ75qwc0es9cwjjnOWa8IPB_kN8tZCts6APy-A0ApKSjotqtfL3zz4_urza7Ges4pO31kRbwAIA8xZavb62oTFIcucxrg|https://lh3.googleusercontent.com/gps-cs-s/AG0ilSxzeuUIZF9EL_IVtI8Weyi7jjEpleB8deWuRPD2f8lcPAWHFccsR9YqeNxihdtroW_SUMX1JISQQhVE9n90nNBhZWVu42fkjHJbbQKFXm9o9bwtarcMS7bxv2pYQBFuixGnMPd2hQ|https://lh3.googleusercontent.com/gps-cs-s/AG0ilSxEjctJg-jtQNft_T1qBXU5fhinfkH8YngMvLYVgFn-YjUNXUzQj3YPWgQou-OnfKrW1I6mQcAIRQsmluNcCuQbJlWVLyGZIfbqIaYmG25V-U8rskC-U81XrhEFvtA-GXqQ0FU|https://lh3.googleusercontent.com/gps-cs-s/AG0ilSzw0KcCdPMHMPoWA-W7FB9zScYxSrvh-2YyJbqilyEwhkGssgk-CIAKJyADpqjRMT6kR3-lu55WtXy6nIhxvZXscHykYalJcCaDP_-Z2HVtz2DmMKz4RAFjUxKbzEccqLukSux40A|https://lh3.googleusercontent.com/gps-cs-s/AG0ilSy0TQWJcQjRDAVGJfXdRWR2D1rBqusADjx5zhRlTN1SrD51Hz08FHS9-r9S-VHXrEIGXTrKkpGDCb80zi9lVGwnhSS1MxsLHFXG8ZqnVFxzorVbVTe_M-82WrUQTmLoZ3vgyogz|https://lh3.googleusercontent.com/gps-cs-s/AG0ilSwLxjFPyd4JWToFWbQsWxWgrkM4WK3MU1izGdhz9onvC4uDe0uNaE4acFEgf3qNukRAb85hBliH3_Tf0cpqfG5BFmYmbZXQUDi68uph3qmZIytX35cvKDKmyAodZjpyVEFqDPwT|https://lh3.googleusercontent.com/gps-cs-s/AG0ilSx7OhW8zHqV7RVEoPma-g2TwMzoPsQVWiWUty93Hc32TmiH1_0vFpZb1XEG5o07uh8PwuWNQN4BtyTahVfaGD8DweClMraeANQabfFG4NbXiuN0_cfixx6coeemKRZ_quZrLGuZNA|https://lh3.googleusercontent.com/gps-cs-s/AG0ilSw-U2V5DQJfNeCeVjwyG-D7BOFVRYaTEdo6d8CvUq8DexdgKalMtEKEJDJGZAolm2-MdoOS6tQR0zu1nNpO8_vnz5Hi7LKOXBG752QM-V3ib5r4xDd-daxys4dkA49PpWbvTVGC|https://lh3.googleusercontent.com/gps-cs-s/AG0ilSw6BsiFN-1e3LCbIEk8lNToc31BZ2KMu3Gn0R98on1atdsQ-zzL-1zZFxileQa1LMFQqhwWBgIkFqzR3dRha4VaI2MZC8Fba5FfKLr51U81krqBbpk3PM4MdtA16t0cvTYHEvLp5A|https://lh3.googleusercontent.com/p/AF1QipMGgt6hjSIMuCHYBh76qeXk6iGMbhKG2E3TEH33|https://lh3.googleusercontent.com/gps-cs-s/AG0ilSyIeR_ipiI67o3j3rqrxft_XMIdMILHsTlMbGxr58wkfHYihpk6fG_hL1N5vjcfMiXcr6hjlujqJCO7zyd_m1lGGPmbmzyR5QPA0yJtIbirxydVOCsbRkpGbckdnArcH3THzgQr|https://lh3.googleusercontent.com/gps-cs-s/AG0ilSxygsVAx8pnsimhTmLvT5-NtMzmwAnfCdbhQDJeiq0NqxwMyNvxir4Nxm61KRJytJIJMHsXaegXZRA3dfEiY_0n7EIrrn_0vG9FB1sJ-76hJmURW5TOT_sCldB4ChWG1BiVNseB|https://lh3.googleusercontent.com/gps-cs-s/AG0ilSwLn4lluo6OAVbOoWmIl-lWla19aFvtL509Ynrj4bIf6McUkxAYIcXwDh8c-8Ixz6025Bo5RPO7H8Sa4Fx7MwFp4F27G7BdF029I8hAqT5JAL90Z3Mf7cU1iv7aPiBmfg6gOVZ5|https://lh3.googleusercontent.com/gps-cs-s/AG0ilSzUFpg8gOWUOq2nU-gBBhdhqLeHnXTtQJIj_ovFPXO3tsh2TUpdXTNwmmKz1GvWXZuYWIGCfFDp8XY-RdVQq812NgOG9F80jtPfLiYxP3bHMObEFOA9wpGiROGmhYzyWkAqBOQ_,http://bo-massage.com/,BÔ Massage,S'identifie comme géré par une femme,"4,4","X، Villa 16 Extension, Agadir 80000",https://lh3.googleusercontent.com/p/AF1QipPUD7x7BWur6flRfYCpBTY-TWd40rq24bNman21,0661-170846
https://lh3.googleusercontent.com/p/AF1QipMx2yyZoeSAj6CrxdG3cGlYsyGwWEKXFzFQE9jJ|https://lh3.googleusercontent.com/p/AF1QipO6VRoQ1KQv0Jzr3hYWxYVwXjzQXsP0JzPyIzNN|https://lh3.googleusercontent.com/p/AF1QipNn8Bt2b7RIPKiLB20IVNNoC1ygGV072XU8Ipoe|https://lh3.googleusercontent.com/p/AF1QipPV6D70Kpwi5PuOE7ESlru-Z7Sl8gWuBr0qnrAf|https://lh3.googleusercontent.com/p/AF1QipOmnTeHo2r85FHa7MmrwUYFym-o1rigawc8Rsiz|https://lh3.googleusercontent.com/gps-cs-s/AG0ilSwE4Nlf_bnUE71wZ5L2kj_A-p4xX0ZorkjXIhefgU008BwX7TqgMzo92iKYTggifYmoC-oWBwDVAm4psTICuL9lTQySQ0j4tf4ogTpDhv51J3p8La4x5bnV-9ISA6qQG6jD0JuZ|https://lh3.googleusercontent.com/gps-cs-s/AG0ilSyjXQ28eCcRoKVUE32mKKATEvXSXNsoc-uCOxSg-m7Rgc8w8RaVo4kIOQZGH9vYdz6clu8990tt7ecPLu6akchn-Vo7OBJaQHMytfeJOuYXlGXdhE75HhgDycddrDCq2bxbFOAx|https://lh3.googleusercontent.com/gps-cs-s/AG0ilSxD91G1RyhDpEXPlOepA0Ts-vAsOEPtgRWPekBcysz0HnMiJGmwzSZYeb6mQNjrYUBkCy7gm8-iSv6k_q_1NgUFJzYuoQt2mQ_In22MrlDNZyZpkYiWpfL5jvgvhZsCqaWtANI|https://lh3.googleusercontent.com/gps-cs-s/AG0ilSy5ki5wrqAngpK3NMynWth4ELBF5e8xCATVjOQD5wWlAVcgeCGOm0AeaGHc3egK0vDfjmCCzVXEtpzHikrbsCGLqn1Zim1D_LUbvamPPAXqNmrYtPKy2t90mUDspwP2t294imnN|https://lh3.googleusercontent.com/p/AF1QipPsO5NuVrxn7Pl58hChpIUWNA8mnPUKvD9NRJk1|https://lh3.googleusercontent.com/gps-cs-s/AG0ilSxLG4dT4AHzJE_5OdncdJ3_mcVB8Dy_DuYi9ez099nE2YiqigQu5hnx2JDUNQA2N-Rd-KeSyyaE9dBohVstKQiGLlHiU9IpNYM-fyUZtZnXfqJ8hrZkVb1xeWwGejbXddx3AUpXMg|https://lh3.googleusercontent.com/p/AF1QipOsLP_yOez638XyGfDZpRhweo4cGkPCNUgGGtxa|https://lh3.googleusercontent.com/p/AF1QipPePV1PvZKLL_pHhGVRo6iny9KSNuY2Zn8MHLVM|https://lh3.googleusercontent.com/p/AF1QipOT2lorVYjIZXijMSVcyuP5TJSwhvKCwrPLPolb|https://lh3.googleusercontent.com/gps-cs-s/AG0ilSxzLnAxKZUUmG9Lnny1jKtzRTk4LxV900GZJHGLJ21xQyKYvwnYbRiY-CMi5VGmgVzFwtIZau_Gan8JkofSWxdvipV3YCYafPA3TQbTzuzPhmK8K4OpDwAmevNuUdHn8WJhWPaE|https://lh3.googleusercontent.com/p/AF1QipMd_o62QrwhqNjkuELwf1qyc2ohTo8_BJGtgqKB|https://lh3.googleusercontent.com/p/AF1QipPrT58m3tSFVu9UApSQ0UaS6EmuIx9elUKxPV5c|https://lh3.googleusercontent.com/p/AF1QipMaSFMLDOLoH3CmhHU85Loyn1fdNhvMKTaWMAp6|https://lh3.googleusercontent.com/p/AF1QipN7tmEY8V1Tgp5CdN5Lk7eu0y3YrOAi_bCt-38N|https://lh3.googleusercontent.com/p/AF1QipN2WehZTjZVmDAd85r96z7TXiG2sy35ut0wV7jJ,https://www.lesbainsdagadir.com/,Les Bains d'Agadir,S'identifie comme géré par une femme,"4,3","N، 30 Rue 481, Agadir 80000",https://lh3.googleusercontent.com/p/AF1QipMx2yyZoeSAj6CrxdG3cGlYsyGwWEKXFzFQE9jJ,05283-80390
https://lh3.googleusercontent.com/p/AF1QipOXboe-HIX4_cVyJbtuhWM40RmAjhNHGeTSBC4M|https://lh3.googleusercontent.com/p/AF1QipPXPRJWypK67LLKUGCIvvhQ7cvEYpyF6xJhFIua|https://lh3.googleusercontent.com/p/AF1QipO9pUS09RfjWt4ZQpSu7QfSLC47yC3b9AtMf4lq,N/A,Nadia's Centre SPA,N/A,"4,3","Prét hotel Argana, Av. Mohammed V, Agadir 80000",https://lh3.googleusercontent.com/p/AF1QipOXboe-HIX4_cVyJbtuhWM40RmAjhNHGeTSBC4M,0629-348277
https://lh3.googleusercontent.com/gps-cs-s/AG0ilSzVfdBwku1aJKr34VMt-sZhw0xy-1j7AfLYyWLXOYWQQE2HvwC3HQozSUZ7MUzntQQCwgb0kANY0dKAvDBECq5VuqcWstletKmAgb5LGu0wqWwUuVPzYLkuS19Sc5gReZTvP-NP,https://www.facebook.com/mirafeespa/,Mirafee Spa,N/A,"4,4","Rue AL Karam Hay Riad, Salam, Agadir 80000",https://lh3.googleusercontent.com/gps-cs-s/AG0ilSzVfdBwku1aJKr34VMt-sZhw0xy-1j7AfLYyWLXOYWQQE2HvwC3HQozSUZ7MUzntQQCwgb0kANY0dKAvDBECq5VuqcWstletKmAgb5LGu0wqWwUuVPzYLkuS19Sc5gReZTvP-NP,0699-277904
https://lh3.googleusercontent.com/p/AF1QipOKX581VUyYDN-_Mb5IyW6711VLeWscSF1IF6sQ|https://lh3.googleusercontent.com/gps-cs-s/AG0ilSz5ntkbkZVSOM34Zal9ZT0HhaJNmbH0QWQl-bQWOFTZd3NTncnVxAhmq2OTqZpHWXlVwP4kyYkvqFlnBBeNgImITqejB4YZ9WKcIUu7bV385jWd-RW5LTTCDHLsWs7HKqRkg3ua|https://lh3.googleusercontent.com/p/AF1QipOCVXv-b8LTGMckqtXINxOvajiG5foV4I3VXKEs|https://lh3.googleusercontent.com/p/AF1QipMm85dey6KN13aytnKizvxYlHKIwygD2VFqigmW|https://lh3.googleusercontent.com/p/AF1QipP8dSlsXaavj__uXTkiYv8XcwpoAa6JumKx-JXs|https://lh3.googleusercontent.com/p/AF1QipPpD9PSURjo7dqV5uJuHSZjHLTWX4P--hCNIlkp|https://lh3.googleusercontent.com/p/AF1QipNq4Nqr1Vxc4yWPvFWkG4djWqJn8altXT8dKhzd|https://lh3.googleusercontent.com/gps-proxy/ALd4DhEFUN1KS0hX3F12kLyr8PRlDjYy30E8Kes8ein6ZvK5JV2wTsziX60krlud2j66_6Ep_xf2FajHbphzLQpvgLQXvescFai8fi1sZ7NQeYPq3e9UT1azrlIdi_XaSY9_DEVReLgbSDg_5T0nYUgoPdERR7xWtg5BSduXfEnd5aF68Cn9tTm-_ZItXw|https://lh3.googleusercontent.com/gps-proxy/ALd4DhHCeW2xvXHjzbEluLvh8npMZzvMshdteYygAc6hyGNwxu7XnmekfWUWvS4-Sy2fyJAqrXzao48Z3Qz-ZjcVllphrRweIqej6Ke_ug7Z5oVohpYyW4HcJlZfLRgrqmCjsARWuSyS5JJbnCRIaiWrod9SiJKb6kQwoeWPEzKqOSvEVctbJmNLUBtwKA|https://lh3.googleusercontent.com/gps-cs-s/AG0ilSxwN60Psl5-KIbDYJN3x__MAKOyLRYhrlBs9JtRQLoCf2aY916oeYDwIxGgR-_upXFO-XKCafu2nRQ4Rp8KJ2xtkc1H0lVof5FK5nuLNiSIYgwxnB1mBcaHzIL-mvEnF8vQzseNhg|https://lh3.googleusercontent.com/gps-cs-s/AG0ilSxaUgFmdAdtkMrisZaL7qcrpVHPuWUEMtMWd4xlbAtmKpZQ95ska9WYZxNJtxvHcADEf9-52dRZGIEsyaGkaKPeigJgMt2mPv0zfQ-ZEAyBjRNNaURt0YyO7ik0am-ZCfBkE_4F|https://lh3.googleusercontent.com/p/AF1QipP00waX5_5ibHK-UAOTvgWAAE-07lTgWPu6vO6j|https://lh3.googleusercontent.com/gps-cs-s/AG0ilSyCeWMb2LugPQtLUBBLg4CKkC4LHDhmnKbLIpgzfr-it49MEPsS39q5i6yGVsnILjSFzlxLUOHqEjttEJYHDbSu4CNomZ-DMfilNVknSJL0R-YHeTug1DBs0RQ3fbbjChHDAHNL|https://lh3.googleusercontent.com/gps-cs-s/AG0ilSzcrlH1DhIhH1dljIFnOJcKw6CqUHKssZaCmHgOui6TZCXuCQxjJaUWToXRZT3rmQWddyX_EFDRZUn7HHrF2cJlL5JWr5LzvIALQstUsibapasae3QrkKoZe7-sgUBedMLBq8l72jTBzyaj|https://lh3.googleusercontent.com/gps-cs-s/AG0ilSxjImY2jN_gfC6O7gbwiW4hZc1GlPy0hqraBAZJXEeDVZyc6jEkbvCUFw8EK3BZc1ywztDPWgGcV-fKRNAh7Y7M3SGZpCRwSB2bfbUjZIjRBYP0x4KLGM2Vko9aeaMNtMSF1g|https://lh3.googleusercontent.com/p/AF1QipMIdomorHcnaxCAGsNu_Klu1pTrT79ko_FHTldf|https://lh3.googleusercontent.com/p/AF1QipOV-RafXcrSm_xMeVElDNJqWJLfBbrI86Oderp9|https://lh3.googleusercontent.com/p/AF1QipNX4QBAaAMs2S-qcCG4se1vUNRWGmpQ3zF4tg8i|https://lh3.googleusercontent.com/p/AF1QipO_iIKEGnxsPymwtxzzcy5ZeBQy0L67OGjhkofH|https://lh3.googleusercontent.com/gps-proxy/ALd4DhEGYJ1YeKEvO4MPwJIS8WO23oJLwUzevExmtzU81aFauNeF4kGEco3_ylpAIqGkV-lQ3Q7f3QAww5x8ArVnslWf3TaDJY_9eMh9cRfSJpGF2m0JlvRE9hQbWN43DwE6Vgs1D_JY8KHavPd2F1ac7zUUTgGRrfr_0sEsM1AgIGhXwHckOjAUr90P,https://www.riu.com/en/hotel/morocco/agadir/hotel-riu-tikida-beach?utm_source=google&utm_medium=organic&utm_campaign=my_business&utm_content=TBE,Hotel Riu Tikida Beach,"Heure d'arrivée : 15:00
Heure de départ : 12:00","4,3","Rte de L'Oued Sous, Agadir 80000",https://lh3.googleusercontent.com/p/AF1QipOKX581VUyYDN-_Mb5IyW6711VLeWscSF1IF6sQ,N/A
,https://stradaiospa.com/,SPA STRADAIO Agadir,N/A,N/A,"Magasin N°4 Imm. Ifrane, Boulevard Abderrahim Bouabid, Agadir 80000",N/A,05282-17502
https://lh3.googleusercontent.com/p/AF1QipOJrUKJIQupmMUFgf6GHDxg3k-h_NaOGqYpP-YO|https://lh3.googleusercontent.com/p/AF1QipMdsC8Mcx5cMcYDXW0uFj4c81Aj4CtQRiVivP1M|https://lh3.googleusercontent.com/p/AF1QipM6AY67W_jRhkDuiLEttYF6gk2Nk0DINFKma2iQ|https://lh3.googleusercontent.com/gps-cs-s/AG0ilSx1teiafgmwc9wAwxrsQL97TxysHn6tIueQVhuBfKZXSFgwpTLVQhpVnGW8L4eK3YRG81ptw6Tt3CBCdmsoMa--1fajZIMvGFh1BR2mfc-3rrS64IjNx1HsemaXdd-2u9EcKsExGQ|https://lh3.googleusercontent.com/gps-cs-s/AG0ilSy4SIbkT38UzyuxblJndjmfbToMq79kKFXyGuzK6imGpj20IR0ADifW2YbMmMSCGI3Ko13EoLnaHM8ngybmLSbE8PAoti9DrVEp00qoQugZAvPPL15sJ13tH6bLt6US1p6YD58|https://lh3.googleusercontent.com/gps-proxy/ALd4DhEu6_trPSJEiVMbdcVeF2gqHaQ-v40rYZYVLX6IS8KfqPONZhbsPzaYGkpjK4kwJ1cgREffU5RyqtdUhOiltOkUi7LG-Op78dkXIT15613hkD6oJ3kGiTN-iBgl2nWXTI7bi_JK6f5AHBbUa--QEevM6wFRVBFfrkZzS5hOYPgcJ24IYfQiYmYQ|https://lh3.googleusercontent.com/p/AF1QipPTowd8oP8Si4JklY3O_xMpaHnlCoTCXKq73svZ|https://lh3.googleusercontent.com/gps-proxy/ALd4DhERWwO6zmEUiWOM1GWe-PScT0fJSMe6MPxxH80nUFpdTgh4hDMsO5d0pPciVAXSv6WyctjdeA5KcMQ3ZTdmTT7IT8HFoURVKWVyc7a5WkPWJmspaiUGJLCor6cYJgjb0jlR1kokEZTm2QlUxO5AkEZsLiqXzeNTF75373Yz6k56zoqQPOHgLAdg|https://lh3.googleusercontent.com/gps-proxy/ALd4DhEkK2TX816MZByp_sl0Q8-PR67wDEuEFH_a8hXg4KXNojkCMjGO-k_RudtMuzrQqr_XHZ6iOYeFl_YFeF-GSZ7kFMVs-gYt4uCPac4l5AHuFsCRuVPQnHM0Wmjj5xfUo09fgqlRDJxjYgWOJNNr-HMJhApuUDwvwjNh0Hg7lbRWxYwoCDG14sPZaw|https://lh3.googleusercontent.com/p/AF1QipNMs8Up56MVnxyfkswlUfRNRnbcrAU2HeUHwtfP|https://lh3.googleusercontent.com/gps-proxy/ALd4DhHlV97rSkLGpGsUWi4yXn5443fJwmMDBwGgezmN6VXQyQNEuwKt4f_IcF1sX1BsxNvFNpgg8kRyHvA9MLXvTgGXjpXnlpYDV9ndef5xIEShILoMeP4XvEv-TryzJeKIQUcWhOSXMPRiL3rG052W0wk3Kudxh9DZgDUoiIm4g1z4-ghn9OeVoaS4|https://lh3.googleusercontent.com/gps-cs-s/AG0ilSyOoQC5WDpIB_kJHAKUGPdJcx-lGfRdJZkDpYVZIvgS_On_JWDOEzKmTYkw7cK4bDA_Lf4ybloOgfH5I7nkVz64ThpvXOthJG8EtHnes5GDLuWOWaVySU-dyAVYLHoCoGobyNFOFA|https://lh3.googleusercontent.com/gps-cs-s/AG0ilSzphmbkj4LFGzA0K9lwqFgd0UWqe912P95wy6wYX7F7HHnLk2d6WVuGzMwd7RTAuAHcP0GlEAgHisFC4GkiJhNB-EwNfIOGYNwDwKLzgb12o5qH8sjTf7VXY-nkYMBTg__hdEWz|https://lh3.googleusercontent.com/gps-cs-s/AG0ilSws48LicPHtaSGNofTvp5bAiP7sHoYFl6mD7MIUrR6YtWMuRnigiEhwErwq4Q1mftNWpXaxW0_YEby5IzR3-igm5kyOJa71lyrVYzwWKKnvBFdJ-mD-wpYbfQcXCR0EzX-r_YmXMH3-wygP|https://lh3.googleusercontent.com/gps-proxy/ALd4DhEmsyyP8N2O-KCtSaDPLgpPaRUxrhX1FnUoeM_nSKN1yG6B1Dyj_BVKwtxlErR7ujzs8dNXZ_P1JnplxSe8-qa2lpZV-6MojtYV36Nd8zV2cxFlV_Ptb4i3-g8XEhwc1jTaoJrfL23NS4iYUjfsJ14kgy0TDafeTCz3Bj-jDBhvUeoWy-Jej7mo|https://lh3.googleusercontent.com/gps-cs-s/AG0ilSw59_qr6NDfHDdlw9yLv0iGJvr9_uUZzM5gfWS2d1qkDH2kOU5FQr-13y9WwuoLiA9PjtdBky9ufUcW4dmQM7ZyEEo8BEDP_ZYQQkAFqtkpWhzForw_xxT9TDbmoWt0SovxQhJhMax-SHAa|https://lh3.googleusercontent.com/gps-proxy/ALd4DhEP-Hgs0uRCGJBMBMR2xUXgphEOlRyUWwvxUW3QprzNbRsAv663kqAzttYMntuV54Wuu7wg7x41HEktBwEG2hUKna6x1kk0Le9zQLUddpKtB_Ac-7WUqQV-x8_ICa6Ijo9zXZtbCCMH_DV3AyK7D6h0ccYTvaUlp-c2qW96PUICcmezfboBKZNm|https://lh3.googleusercontent.com/gps-proxy/ALd4DhEl1o6poxp0BsQkgLph51_UlKlh5X9F1_V11GFSwSRVkNYJMCes6xqK4Gpu0XCkEM8SG8gZH3Wp9g9tVikyYLIaTx8fmflwzjMHfDmpAtPi0CpknYuNQM_71v_7YDS9jwJ4CLSlnJDMHj_fB2j0wZLXdS9eXbFTFXzRp3rcIx2nn1x2XZ4ROVBjdg|https://lh3.googleusercontent.com/gps-proxy/ALd4DhE3RpSYiAPvsi7HPQq1k5Gf6pyaNTUuMM8jId0f9QBeqziAFV9cAT6e1QEN6PeaiSIluXD06p8iBFqa-l0uxRZ2vJ9pz976XBaxJTpPV3y5_l5MeDKB22EyxcNOk8HWE3zVJ2luoU90ytyyPrtC_tKj3NAHxdRDhL1NEZsvQy2twAwwxiNTtHgC|https://lh3.googleusercontent.com/gps-proxy/ALd4DhFCXVRC_T-Ol_Ve6MwKtiYaR6SORsT38niosWapIi-MkDPP77gLXzhMEDFThDEY4npJSuayNn83QW9woqNCzR-Q-speq_JS6Onrvo9AC1s7U5iDfAxY7pxUk_k6NdfeIp9ahWFGiN-08zNX0ztG9KS-fl190rOqRwN5udSdNBmCBXIkhKob3GFxgA,https://sofitel.accor.com/en/hotels/5242.html,Sofitel Agadir Thalassa sea & spa,"Heure d'arrivée : 15:00
Heure de départ : 12:00","4,6","Baie Des Palmiers Cité Founty P5, Secteur Touristique, Agadir 80010",https://lh3.googleusercontent.com/p/AF1QipOJrUKJIQupmMUFgf6GHDxg3k-h_NaOGqYpP-YO,05283-88000
https://lh3.googleusercontent.com/p/AF1QipO7U1bDQHZlzWoCZENb2wVa2yStyvtP1LR5m3kD|https://lh3.googleusercontent.com/p/AF1QipMu5eLlO6T3soegvlbNLy4w0ZYepOXYd4AthvR9|https://lh3.googleusercontent.com/p/AF1QipOkffSFvjUj07HNTYV3_ek5XoO0Er7DK9s7xNBa|https://lh3.googleusercontent.com/p/AF1QipM8TXpez_YRLjVOYcTiUZ6Hpv3EThDPHkMZbHtZ|https://lh3.googleusercontent.com/p/AF1QipMaUbjhe9PXVJT49PIGTadeAeN9sPHc9wm6TUFz|https://lh3.googleusercontent.com/p/AF1QipNbK9Nm7EQ0MKtF-Pr9BeTwnqmzLinCVcOpXYSd|https://lh3.googleusercontent.com/p/AF1QipPgv8c1dCm-7e79tE66STPjjEjpH3t80wuc5s7h|https://lh3.googleusercontent.com/p/AF1QipMLje_0MJtBXbvWOJArpGtzVkAE7bAzF0Z6snxx|https://lh3.googleusercontent.com/p/AF1QipMSPAMz3b1zZQUE1tGK2gvJ6MK7TQRNUjadfW5r|https://lh3.googleusercontent.com/p/AF1QipMss7WI31upJnwDiB19ds4oj7EO87y2-JRduFLd|https://lh3.googleusercontent.com/p/AF1QipOGMAZrjmYN5Ve6i-QgayB1MYoZy_8ukv_itnN9|https://lh3.googleusercontent.com/p/AF1QipOc848c1B8SeQxAfalZC9S3IUsHBVeMKL_ssW5H|https://lh3.googleusercontent.com/p/AF1QipMtOUIxpjAqs5XEk6KFHY6KaxjAvJY_LJxy3m3J|https://lh3.googleusercontent.com/p/AF1QipPoSxukeV7Bp2xNvkm_rJEbYs2hLp4422LO1qw6|https://lh3.googleusercontent.com/p/AF1QipPv5gdjCZRz2oe1Nia1Hbyk7KkV4h4feOjYKg3u|https://lh3.googleusercontent.com/p/AF1QipODQ4mHwNeI37vV6zbr1FsP7UCO3YspiOqQPYw6|https://lh3.googleusercontent.com/p/AF1QipN8t-1aNM2newjLK4ASL9pqnfJuPnN4ju9tzn2O|https://lh3.googleusercontent.com/p/AF1QipOPMvDL9ETU4YC2bS-nPdaByLIRrsLJjmzGuo7P|https://lh3.googleusercontent.com/p/AF1QipOYHLDQm2JyoFaI-xStew2o04XTIeCoudA1UIzr,N/A,STE FOUNTY SPA,S'identifie comme géré par une femme,N/A,"BIS BAIE DES PALMIERS, N° RESIDENCE 6 PALMIERS 3 C, Quartier Sonaba, Agadir 80000",https://lh3.googleusercontent.com/p/AF1QipO7U1bDQHZlzWoCZENb2wVa2yStyvtP1LR5m3kD,05282-14646
https://lh3.googleusercontent.com/gps-cs-s/AG0ilSy6syqxG-eYMmknmCys2XszwWJHgWwuhx0Z3CQikXnVYSpRFR-nyZTb7fWHk__wG-1_XogVaHmMB3ipZ9eOhlZZU5B2tJoqqrIEjGTYwCTZ5U-Q3rlZ6XdFmMXu1EdqMaWPUMJj|https://lh3.googleusercontent.com/gps-cs-s/AG0ilSy_kW8NKWp_h5xUOiSmLE8Iu0ZpEsbNrVppNp_MxlkdJ5zg1d561Igd_zEw1VJjYQhl5qJ_X4M10mOjwq72J6g8ZaYHapQoYtxtRLKlbYQX7naCamzNZJ09OPylvCyYeJEerjHP|https://lh3.googleusercontent.com/gps-cs-s/AG0ilSzg1Fcxp96nkKBtLZ4C2rPQvlintSJ4uIQjSXWnk5FM3-EA9_faTFpOuCDZRndk1fJuyMP4bk7Y6PAQ6twJR6jCv5WG18BMYs9nlcRtYRBzCzogeldOaUPOf6fbd6xWOVjH8Kuw|https://lh3.googleusercontent.com/gps-cs-s/AG0ilSxoXBpWtlH2E-ZcjY5MW3O5_6vwEw13xn1Qouz25RsawJrDMuCCnn-6BGPiEvy5mLEhNfyjL6ELMQ7oL_ok2psSV75YALtBgHCD_TyI3o0Gv4bcvOppp1iu-JU8TLQbmhBMJ0s|https://lh3.googleusercontent.com/gps-cs-s/AG0ilSx0BFdC6WpbS3Sd2bru308GHSAzuXkTahh0LCaD_iTX_0_nTz9KSuGlKEr_PFVO3ZpfzdX-sED9-RizGVysapv6Fi0tcE2ESQg6pS26mxKQc-lw4KUOl9mIJK9ppoeF855iwsak,http://www.kenzi-hotels.com/spa/index.html,Spa Agadir By Kenzi,N/A,"4,0","C98W+WRP, Boulevard du 20 Aout, Agadir 80000",https://lh3.googleusercontent.com/gps-cs-s/AG0ilSy6syqxG-eYMmknmCys2XszwWJHgWwuhx0Z3CQikXnVYSpRFR-nyZTb7fWHk__wG-1_XogVaHmMB3ipZ9eOhlZZU5B2tJoqqrIEjGTYwCTZ5U-Q3rlZ6XdFmMXu1EdqMaWPUMJj,N/A
https://lh3.googleusercontent.com/gps-cs-s/AG0ilSz0DJJlyYjZ7gKfiy91pYIMd3YXSQBFMZ42MbtHExuDzpEAK0Hr1RwVycfCqcVQYtOK6HEeMwaAaHFA5tpk_yoq9cHGtcOOnlVYegmOIJ-aUM_QAqcbmlsw1sRvhGaLm60-uZA-|https://lh3.googleusercontent.com/gps-cs-s/AG0ilSxvgXr9KG2a8Ga_15UjlNLe80yw4enA4wqvkT0wJhZoRsK4KXWqXRmQNRW3fDoQmIttUg1AsfzEdah08PybXEPyCdzrY5-Mi2rjf8P3HineJRRdUVlxi_V37y00nqn9zIzfqnBg|https://lh3.googleusercontent.com/gps-cs-s/AG0ilSzfaGxLE5xSmgq6es7VeApmcckgTUU4jStdmb6A5-HsHqVBg-uALgEY92JhNYFMZQiv8vVKoeschYhqw5E7e51bWxO8wFPIqFc6I0Sk3cyDIB7Dcv_WZRdmxAz63u9R1J9ovdxu-Q|https://lh3.googleusercontent.com/gps-cs-s/AG0ilSz3rCtwrtaGHEqtWFts0obYWNWBk1m_J-2gVT6BXuuYH8oVYLKm8_H_5Fw5GWQqARnbMB5vhB6B5GhnARq76-DTycfr3DGEOPiuyuKWmSkh5Hc6CO2g-bXkjlV8_EycD3sURtFs7g|https://lh3.googleusercontent.com/gps-cs-s/AG0ilSyfdgPQsKGQoyBOwZaujN497ZokwayDnCOCEYrOAbVCWtRK9lCF1Sk_uxVVtTWxCcb3-bApws47zQalOSRUo1n03f9EYUjmMBPPGWagwajevxYS_BPgazWONED3KHrOaOFwj5FG|https://lh3.googleusercontent.com/gps-cs-s/AG0ilSz63vSLOkxl8c34iGXU2L0PDfI_KOCF7zuhhXSdc3IKM1EAQLtdEatsH_NCUjsli9Iq4F6Eq30XKbZJ5rfVPM0OqnWaD7jNNYkTUWXdwHyBQMrPnaGiq-zioLKakiwbqsX8z_Y|https://lh3.googleusercontent.com/gps-cs-s/AG0ilSyH4toKwCbeO7LKFhA8TkUleXFWDV3w5QtlDOs58cEJ5R41lKvTyut1KSC8kcpLYgIqE7-k0exDFtRL_wsRsbHU57XBqHme3M4uk8CCpoIp1IthsQoer5feIz5X27r9l7uQPpCS|https://lh3.googleusercontent.com/gps-cs-s/AG0ilSz7rFStoZ0gdbCXVIBb9Dfpc1MhJn2NtvJZE-gof6xdFVWRn3BHMpsM4XsMWH2p8aJogaqYfWFCfFQ_er36WTt9_2SN5YizFeScrmHLYHGhOdaf5vGzNmpsFfMSVzIXT8nqJB7M|https://lh3.googleusercontent.com/gps-cs-s/AG0ilSwVglqsIEDIcKCgs6NZAvlOzuLY25IPrpSjfP76NexjoCTfGoCbQ9oD-R1AjN6bBJ-sKPZ6nAfz7ydJ-VSMcCnR7f1pZZ_w5rVDK3bPYI_aiovlvK9XdbrFcznIknZOik8uK7_s|https://lh3.googleusercontent.com/gps-cs-s/AG0ilSyR6OfKIraZTiffapBXNWF_eHIrSMYHn28tOkvh8cUAP_rT4TCwcJSRPy0F_jWEcibEbrJ7qNLLEQqQGhxMCvKtc1FOnJRK_WVbQbCbFwzhpqLU1WoF7lamAfALb0NxWQ7Jqse8|https://lh3.googleusercontent.com/gps-cs-s/AG0ilSw9ORPJBIWVw67au0yZ7Jge-87-RgtaMf0zVCZWMqhShSoIs9FLiBWHbzA6KdTO24RaVN5qbsjcznZAGKmERSAIBn-2LKNDhTjsP_EDlai51bAEt1F-1r-ofaL8deTRvSa1Lzy9EA|https://lh3.googleusercontent.com/gps-cs-s/AG0ilSwkSjV7VyiA2rAM5jyz3SPa7aHDPju4UEq2ix9BkA9x79zNUL5qQ9EuNqXHpUuChVDUUQi1HM3OTiYlWzgl3lr_lc0euO2Z7b_ZQRYY24sYjoJxEAuSxn6flR8bSw_lH0fO-_z3|https://lh3.googleusercontent.com/gps-cs-s/AG0ilSwFhW9XGSLzeOb9LpPMNVYJTOtqfT5Zv4QxXxNwTIenevVA0cPK3Qj_UgSEOTFB31OvXAcaA_XHCHQYtQ0WYfVtjVB0B_1vxyA45xgzaPWsqgtWqHT26UA3ZACMNgCqz9c86wpcwQ|https://lh3.googleusercontent.com/gps-cs-s/AG0ilSxwV3xxY4rReuEl5FGP-aF29FQ4WESYGimINjNueSmsV9TsZ1wkyYYhLpHzo942DXBV521b1--X5gXpPPICeABP3NwW6ndulf5FMLSUMUASCsU9AFB43ckqMOwrDazphDf1vO06iA|https://lh3.googleusercontent.com/gps-cs-s/AG0ilSyS44ax4ZEBo0XIUWbHFudzilJ9qz3knp9RzRFTgD2dIqLVMpqw-yp9sYDRL6_wDajsVwAKFkn2lCpBGNnM7EWXthnqRNPAMgCyLaP0ZVr7e9cF8Qo0bV1luqPu4fFzbykk8Rgk|https://lh3.googleusercontent.com/gps-cs-s/AG0ilSzhc5Vics0jFu4iiI-VZJTXjaJSrAhyu4QGKNlVcmfUisRqwco8jkT1zb9ndm_DF51UMe08a0Cd2ETNgJjwJeJbgBKDmUJdqbVu47hLkUGo_PsftJSqvgb1Vl7l8fPHut_VVum9|https://lh3.googleusercontent.com/gps-cs-s/AG0ilSxaPYmLtCjP61HQdboOzHjORPAeZBUmmjcAcf-GzbHPO5wMAmMTir-A320LLo6MSrbbUFvfs61LN38oA1VBedFUCsFIbIeO3IfdQ-jpid3VZ9vHvEAtnkSSUd6h_hyYSH8zNix1,http://www.bella-azhar.com/,Centre massage bella azhar,N/A,"4,7","CC6H+62R, Av ben jaloun riad, salam, Agadir",https://lh3.googleusercontent.com/gps-cs-s/AG0ilSz0DJJlyYjZ7gKfiy91pYIMd3YXSQBFMZ42MbtHExuDzpEAK0Hr1RwVycfCqcVQYtOK6HEeMwaAaHFA5tpk_yoq9cHGtcOOnlVYegmOIJ-aUM_QAqcbmlsw1sRvhGaLm60-uZA-,0525-009083
https://lh3.googleusercontent.com/gps-cs-s/AG0ilSzbCExffmCnLkIvve0F1yw64lSqTyXdY_4dFtV3t_dwf-Y8g5RMCUaDauK6MoGvDIZoatLg_j28GvhHZjQDvrs5Wj_cTue5SaAvuIUX9A-8MbJ7XKQyAH4liPB2LUfQmjGRymJWRA|https://lh3.googleusercontent.com/gps-cs-s/AG0ilSzOQL305nVk28QUzyRxrCJTVSjZFUmjLRJvbQU4O9V8RI14wkZ0xhF720eW3Ei9jBeimEIbdQd68WCcu9zeUoQFrb033g_XSu51chmonG9xk6wq8BRVfuI_ptpl-Hfte-cSji0|https://lh3.googleusercontent.com/gps-cs-s/AG0ilSzE6wc37iqPuc2hFVbUnfVi1t78rFUVlkossQQXnb09LZqKXWH7jNkVi-3PWT-cbBolUUaVtcbB0KoWDZhKfF7USL1R0cgPg3g3kT5vwvWVdgVhoo8WU9wiUwb8RkHXWzSraJ8z|https://lh3.googleusercontent.com/gps-cs-s/AG0ilSziTl79MSZXRUbJW19AaGGLFTW9eOhVu7WRi6DHfmYfaygcb-U8MR6vplnKzRwwhvH-98fopqhyaE2xX5cBnL1Y6v09eJafwUW_xnSmQ3g_u2ljlgeTHXxifnFESkYppOp-hKC1|https://lh3.googleusercontent.com/gps-cs-s/AG0ilSx0T2RYD777AxIoUMnYPOZEYjCgOiiQ5nwdfvVXLDd9OLFUDAckmcGGrynB8F_qG-j6DyFZxCh2IYfslRRzQNTcqFYWdkzGKP-xm7Ej9uWgV4gn1Ysr8qR8YpVQSP6VQTi0EQZD3Q|https://lh3.googleusercontent.com/gps-cs-s/AG0ilSyWWAVrglRKKRUdsf6jbUfIcMUIHZpq4CX9rGuF79v9OkgpPAQA0jPwkeRYiYP8MaFVSUvUYGHa1lznsJR3HY_fllqsM9jhbs0UMBbUu5_35v-8mqmatXPxaJGx2gnxhp_mrq_K0Q,N/A,DeZert Spa,N/A,"4,2","CCJC+45R, Agadir 80000",https://lh3.googleusercontent.com/gps-cs-s/AG0ilSzbCExffmCnLkIvve0F1yw64lSqTyXdY_4dFtV3t_dwf-Y8g5RMCUaDauK6MoGvDIZoatLg_j28GvhHZjQDvrs5Wj_cTue5SaAvuIUX9A-8MbJ7XKQyAH4liPB2LUfQmjGRymJWRA,0668-304828
https://lh3.googleusercontent.com/p/AF1QipOHVsz8v8iwuLGSZNzLowUo0PkkwPZCyqKCPbMj|https://lh3.googleusercontent.com/gps-cs-s/AG0ilSxBlucskjjYA9vmDXyPKF8j2fJ0jewNK5Z8mf9yFVITJtgUWFJ26m5Tea8hsi-8SZq83GJDsSVlLKC0ttWYjDcgY0KNrz3VmMofeP0jeUv-lMWdkgvUsWggLTU9TYyiBoa7_LMzyg|https://lh3.googleusercontent.com/gps-cs-s/AG0ilSygPuOcFBITROwqT6XhtkIA4Wf_JZ9WjteYiYR4beWDl8HoVc8JQ-lw3k2pR8bfkmH9JoW7XdeI0drGFAioUxitaSxzLHOraUVAoTC9cZbdTGJ1gpU7HtsOHH9l_jQatgErPkJJ|https://lh3.googleusercontent.com/p/AF1QipMYsghpG2sE_6sdFq4yQTvUjYglA8L3g_VmT4rz|https://lh3.googleusercontent.com/gps-cs-s/AG0ilSwZOASxkdzG9v_-90qdjlsJ3RhK35sjcUZTez2NQ8JzTz49zKaLeIxQiuVd7pXBnpGIh-UrIMpFdP0zkRMWNhtTiK7IQ9b-iw5gr3DiS4WpkcGAmQj7vrfdIvtDgFuFfnmEa1tO|https://lh3.googleusercontent.com/gps-cs-s/AG0ilSw9Qzg6PwWMgAfxcdFjwxh4s7bbn9sWUGjdmdeN_JRjHFVl5DRTgzpZN66Qu_1i1aFft_h9LZ26vVNk11fNtWWZIa_tDVIkYaycovPictZbOS6QqZc7Zuwa-MhdsVRRd0BjhsI|https://lh3.googleusercontent.com/gps-cs-s/AG0ilSzev9xRQg0czeZJjeiKc3dSsfzVenGZSqdYrV4aW2RhOQB4bE8ZZFXv9lYTD-jrP-wEkhXKV159xj7PMYO46HmbhwqbX2Rv09wjpja3gY9T-T6qDNwWQRJ76Swg4VGhr6oMyzeSSLZq3L17|https://lh3.googleusercontent.com/gps-cs-s/AG0ilSyQuw--XDdvt5aR98zN9yxTwsBIxfB0YIgMxTnWMXXw_TSbozn04_aqG7uAC1DkyKojl87HaeB5aSAeUgpwt2uzPDufkwKr98Nm8LKRYk0Yptha51smroexU1bwX4hqM2BWINZaCfwK6ItV|https://lh3.googleusercontent.com/gps-cs-s/AG0ilSxn2ySM00hbwKEF1PD-ZJrgpScjTZfyPBTC34AY1KcSX2SG2Y5mGrru5BIMzXK4w3Q3yATQs94LoAWZb9x-0dRq5Gr9Mh-mmq75lrU59oOM3sTMmMM47i1ZRMIkqAtnV0EOaT80Qw|https://lh3.googleusercontent.com/gps-cs-s/AG0ilSz9yodi0yirL-Zt-XRda8dsCUm_i7drq7RT1e7qK-DDIoKm7Gvs_qmiwh8c5dT_1uyLzuuKdBK5DqR1q28xFYGpKRKzxsfvmHYmLYxxNKcaGnB2jCqF-QPpIrYTh80knRFLalPQVg|https://lh3.googleusercontent.com/gps-cs-s/AG0ilSwJlyxOkqqx3YVw32ViQcU_IBtsIJIeuQMuSZbv1_2FNAKT0qj9L3pbMZFyUaC1gkZwC1kPpnpNMQvAiNU3qopKKC4LdZYyXFS5xuVbbVuf5K1WxzLtghHnrfImBzfuJx3WfR7W7g|https://lh3.googleusercontent.com/gps-cs-s/AG0ilSzKHSvynDyVMtWW1b2CvkHaRDYLBTgFh4QrpOjJVIs6noLJRCEVVl4khaeb2ZwzlF49U54ZZ7m1QDqil-D-H3hoJOc6ZHSVVx4_Mvwkj4xh3qGCBIntyTmhVa5GbIfJlFAPMo6yWIlOFw0O|https://lh3.googleusercontent.com/gps-cs-s/AG0ilSwW4Z8lnNR7sDIuV-zLuuJgWt71JvU_-H9PJ84RNY65a97sNmPRW6Nzi4VN0vUWUUXXFXqEDoZoA1zqg0Bl5gaI8xciGbw2Bg0rHgL4G-be8KUrWD2ULyqUUcotkGnbdLzJBkQ|https://lh3.googleusercontent.com/gps-cs-s/AG0ilSw3-B15DlhvjhHgjemze0VnQZcbHKX8p8Sy8p2I1mIP2zK9-7jB5vWZZ5DH8fPKTvIE6lxN3ZvGxRyIvoXlLHeKFz1RQ9CO_E7dX0xS2qzj_aZwE8oD1E7PEKtNogKVmkGb4OFr|https://lh3.googleusercontent.com/gps-cs-s/AG0ilSwqSNQVR39Q-KCanJB7vEZxdLtjRyfIDo5sogn1D1W4sqzkZS4ix7JoUX2cMKdshWBwbux6OAOTUJptIABbgVPzk9ZQ_7uIHzsKr6h4yP2z4SNnMYCjce7n8GnqBs6WNLGIHL8V|https://lh3.googleusercontent.com/gps-cs-s/AG0ilSzOgDeWhdxqBbl2So1a8eV8kqhhM_45UWUEdjZpwvfyLVgmOVJsFPZLX8SHPDi9CkrqWvZmSOfJa08evI02V-1GiimzlguMm1H9IqNZid-koT_PI4B-GIWsMpDatKYQP4mIvGYeREWvL8Vm,https://www.facebook.com/almadinaturc.hammam/about/?ref=page_internal,Hammam Al Madina,N/A,"4,1",N/A,https://lh3.googleusercontent.com/p/AF1QipOHVsz8v8iwuLGSZNzLowUo0PkkwPZCyqKCPbMj,05283-22322
,https://api.whatsapp.com/send/?phone=%2B212615348213,Agadir Hammam SPA,N/A,N/A,"Ali Chrif, 37 Avenue Moulay Ismail، Agadir 80000",N/A,N/A
