description,location,image,website,phone,title,rating,images
N/A,"Rue QOBROS, Rabat",https://lh3.googleusercontent.com/p/AF1QipMWw1Z6HL4wTWK1oAUuXodA467cVtkao0rDnSBz,N/A,05377-21461,Hammam Marassa,"4,4",https://lh3.googleusercontent.com/p/AF1QipMWw1Z6HL4wTWK1oAUuXodA467cVtkao0rDnSBz|https://lh3.googleusercontent.com/p/AF1QipNdxNGR2JzSjmXh3BlEB2ToxdyEm05S7Mus_45Z|https://lh3.googleusercontent.com/p/AF1QipOX3p5HJSz16D8jc6qxU0xmbfiJe08XloqLU53j|https://lh3.googleusercontent.com/p/AF1QipNAILGVripoWj9sRkh1C3pdLRKQxCtVR5IQfide|https://lh3.googleusercontent.com/p/AF1QipNw1Sp6t1Je_pokDh7w29dcUqV8Bf6b6aSa4GHq|https://lh3.googleusercontent.com/p/AF1QipN3xbM__ufrV1oueEqZb4C1CcuKunC_JMAfl1c0|https://lh3.googleusercontent.com/gps-cs-s/AG0ilSwDfi5x2qoEhSCencW3bm57ee4WuNl1gWyJJT9rFr4-Ve2LvRG-FWsChgEmDuWkiTaVrpWum3ZPVSJNlwS2k3DkotdZh0pF23WgbzZvHChaMhr2W9GEnmxWpODg5SGQJ6_atjGCtLiVHyFC|https://lh3.googleusercontent.com/p/AF1QipMT_mw9hHOZyu-QHreJTZ0Srno0wcmlveYj6uD3|https://lh3.googleusercontent.com/p/AF1QipM99MOxLp7oIB9oeMEvNhBU2F816ypdfdr0UDSE|https://lh3.googleusercontent.com/p/AF1QipMPFgJ8Ilc7wjSsiDdHHYWNTydh_dbrwPIzaoLz|https://lh3.googleusercontent.com/p/AF1QipPvCAUiAZKPdp1cGGGv5vApPlgZULNg0n3UWkGY|https://lh3.googleusercontent.com/p/AF1QipNpKRCIlrMy5KOtK_Cfdad7Aa57qH8cYju5V_Hs|https://lh3.googleusercontent.com/gps-cs-s/AG0ilSzQjzk9JYEqiRtTVHQbTRN25lFd73cs4ohjrp6lFq_0-m7FQco0Y8d1u6obmaNXwt3VKCN_CjGh-NL1Jq1JJr4cQeGt-yS7R7THo-aZf3ILzxmwBaWtAnQUP6_dEwXvVWP3ShLz|https://lh3.googleusercontent.com/gps-cs-s/AG0ilSyD--RmPzfrMttBd9XIkr9abf1zRPiPzAApDD2Tw7nSTdx0Xlddm7e3jyQ-Jzt_c_VoOHlicV0CvxPd3s31_RO5ecYxyXNw6cF2hn00BikaaQfSWh5UpixIZU5Ve8ZtxgLCnMa3wEa4Swmb|https://lh3.googleusercontent.com/p/AF1QipMDKEiUEn5WFsPdu6CnqA2wNeqKknYWYlUyMiTS|https://lh3.googleusercontent.com/p/AF1QipNH-NNnM-uhMO1o9RskLOa6vCHtjc2WiSApkKHN|https://lh3.googleusercontent.com/p/AF1QipN9CCJTnpPxADW_kBp3ZrXch29GB1k5WHRrcGkg|https://lh3.googleusercontent.com/p/AF1QipNYuFaPQbg3sdGZGP4a6fh-OKqysJjYQNCJp6hk|https://lh3.googleusercontent.com/p/AF1QipPLpYHAXuz9A2nhcNSlMP1mV3azkBhXI2fLYtT0|https://lh3.googleusercontent.com/p/AF1QipMWj6bjPKytGCFtJ73FjRdgCWUJy7rzZkX2zghf
S'identifie comme géré par une femme,"Proche de Starbucks، Avenu, Av. Fal Ould Oumeir, Rabat 10090",https://lh3.googleusercontent.com/p/AF1QipNH4KAGJoY08iEvz07YJK4TgoakHs1fPsY6OFcb,http://www.yosparabat.com/,0655-437083,Rabat spa Agdal,"4,7",https://lh3.googleusercontent.com/p/AF1QipNH4KAGJoY08iEvz07YJK4TgoakHs1fPsY6OFcb|https://lh3.googleusercontent.com/p/AF1QipMhZVPS7V7yJglWMu-yXDY55yUUjc_Mn-1KioPw|https://lh3.googleusercontent.com/p/AF1QipN-eOlEuCWxpSNW17ZMCG3HYRsoRfY2KNzYCPDO|https://lh3.googleusercontent.com/gps-cs-s/AG0ilSwLmfgrB2CBm-DwHs13zj2C8KDKDI430ILw-Utr29UiwD9EKITtXviwavd0EIGtH79YUfIut4y7Yix17sDLRvJ3Enr3sl7jCrUwp7lhXmquFtYG-chxLHqaX4mgiVoKuGg4l1e5f2aPTPBr|https://lh3.googleusercontent.com/gps-cs-s/AG0ilSwkBAs-a4eO_l0IPj-_vgQEAI25jrQQbj1v3EWbXv9WgAUbL9yzhULJ9M0kRb6wCiXU6c8H00lDq1GzvfT-GivX9A2u--CIBYR1iiiQuCsnQ0VZXavz86trjvrWNh77Grbip6qD|https://lh3.googleusercontent.com/p/AF1QipP5rE5h8LvP03aCwZWZncRiOZ-lms7T_CIzQuGJ|https://lh3.googleusercontent.com/p/AF1QipMJZe7PyQSDA1uMyMVGTdh8xKW3l-7DYrcHRPkL|https://lh3.googleusercontent.com/p/AF1QipPdP8uHzXmKddLGKOeoeEY3xqEeOyYeDJNJUWFz
S'identifie comme géré par une femme,"apparemment 6، 12 Av. Michlifen, Rabat 10080",https://lh3.googleusercontent.com/p/AF1QipOcz9-SZN2slZzweif8q_JSj7gOQ7kpKdz0JjyE,http://tomespa.com/,05376-71427,To me Spa Rabat,"4,9",https://lh3.googleusercontent.com/p/AF1QipOcz9-SZN2slZzweif8q_JSj7gOQ7kpKdz0JjyE|https://lh3.googleusercontent.com/p/AF1QipNoytXT5loNoE-j9BmjpqM0UlugtxpXm-T5twd5|https://lh3.googleusercontent.com/p/AF1QipO1C-8QPk37bg3LSdEedoVQMpHySg3Lh4P9l156|https://lh3.googleusercontent.com/p/AF1QipN9t3a6qYcsBGgNo1zsdkQzM6mHq0ektjkdU3AB|https://lh3.googleusercontent.com/p/AF1QipNszY5qnv1l9glVbxtvbkpA1eC_7cmUAaHXgwWg|https://lh3.googleusercontent.com/p/AF1QipNy6EvFGZhyKyXnhTrNATpLUdi-jT_wE6WUVS-V|https://lh3.googleusercontent.com/gps-cs-s/AG0ilSwFyndgQyWUXQaeVTOITVPsVwh3UTY1Z2a7hBBRnWFOmQ1nRKMyOdPTR6dmL2jLQ0lcOAPoTQUj4LkvLGwekuylkCIVSkw8CFjihTXBVJ5zarEOPF3JyHsieGsZOKmNEvtycBFwQA|https://lh3.googleusercontent.com/p/AF1QipOExtiKXzw469kp9GFSdyTvbttrsAjp5whmwMBT|https://lh3.googleusercontent.com/p/AF1QipOjSVw2pXMRCj2WNvIysWWvNuyZJhIgcR8IHpgs|https://lh3.googleusercontent.com/p/AF1QipPb9J0tnKfwoigjTXV5VwcQBshCfbU8qGAB79Xt|https://lh3.googleusercontent.com/p/AF1QipOk3RwcpBxZhicLfCdhl2AEOOg1r5VcjJZSEzte|https://lh3.googleusercontent.com/p/AF1QipPVDoBgStfVmkwWojcylpLG7DMLX7OHhZ57WQBQ|https://lh3.googleusercontent.com/p/AF1QipMYTeES5uxiCUDegZhea8qq_J6w2yKOnC5-Vw5R|https://lh3.googleusercontent.com/p/AF1QipPt4bZ9Xm-Llq80aoRALm92aZNrpqRomKLlmhms|https://lh3.googleusercontent.com/p/AF1QipMFJrbDZQin2MfGt0ecf2G62avzyBAC6LkAQOEQ|https://lh3.googleusercontent.com/p/AF1QipMpRQGWc-ou0EEN6bhnxX4r274Z4VLIMx3imtBF|https://lh3.googleusercontent.com/p/AF1QipOHO0dRx5jDUSdzEoXfA_ltvFWR7g-PIWx4lRez|https://lh3.googleusercontent.com/p/AF1QipOC6QbOZQvDpkszF5km02npgrkrwl5mSCIEKMKC
N/A,"N, 368 Rue Al Kanari، Rabat 10000",https://lh3.googleusercontent.com/p/AF1QipO7h87brhFPC27MTytf7qcdsi1StrYyHPGVhg0,http://www.facebook.com/SH.Spa.2017,05377-90968,SH SPA,"4,3",https://lh3.googleusercontent.com/p/AF1QipO7h87brhFPC27MTytf7qcdsi1StrYyHPGVhg0|https://lh3.googleusercontent.com/gps-cs-s/AG0ilSybihiLODWVoDm3Am0rIP52PZTNxWfvBU4QZE25nVjDhZPOXK5KdggKQp0Ofey4-feT5lWgdjGg2uWtvLCNbRP8yFFDp75vYQpviPp-mW0i17Y89V26F5LttlnuwdQV8_PaT1s|https://lh3.googleusercontent.com/gps-cs-s/AG0ilSx6NKhj_mEYSYS9TdLbrtMZ740MNYwhxOhB_oYhgTg3VmFqwayOlWrlDNDui4yI2Mxkw7j_WUEo4Sm6iZ8ctkroRxxBF5phTHGeMd9S8lHrBENFCqTWHNWOyNUohkG8aYOGjhtvthflCrtz|https://lh3.googleusercontent.com/gps-cs-s/AG0ilSyUiDvrPqD6Ih3wPgXdk67J0ZoaCM7PbHuMjjY_OGzE-0SynpxL_GKis8CAk_JFsqMN4r2OzBb68PwmVXji97DrWdT8YN_ip5luHSKkcVNQmyETCKStAH-jEv5Ex9gd-tW0rhUY6jktn9xY|https://lh3.googleusercontent.com/gps-cs-s/AG0ilSxQLGtt5osTluwsWXCS5KKr7CWNrJCx-tptaFbB5oaF73oXm7ySvsd5RRaqP0YS0N1Y4plzdXbeWQpou7BnZ4D1iISVpxNJHiCq9QNOqfT-XEFA20FRcHTiIBwkJWEUTzHGYV8EICyq4f0U|https://lh3.googleusercontent.com/gps-cs-s/AG0ilSzaMkPOiqm8N-5IjdUe2yiTFuOltqMICjQiD755vYv7bidCUqdTo5AlPwQ-rWAKq2eA9rVvMZx-UaXPrctwoEWpr3ktQNHaJliYt98I1D7L_9HYt83cUxni2W_ih7_Rc9aBNdrY3Q|https://lh3.googleusercontent.com/p/AF1QipPPvlPfu0T--QaBgZZK4l70IKCHs9k89r4YdCA|https://lh3.googleusercontent.com/p/AF1QipN8x-l4_1bXnLzRhS4OWePe8NcqVyLU1Hi3Bsc
N/A,"Rue Moulay Ahmed Loukili, Rabat 10000",https://lh3.googleusercontent.com/gps-cs-s/AG0ilSzFqzXb8emM3FCIh59VyIBHkWQpXUaVPzIofripK30RiUkk9Pg7sfEExKanymA6s0JbCScKDidC2-t4nDwFxL_n8fQ168aFoDaKmw4eEexD5FG-uimMxVIUkyurPmYT0S3k8Pg,N/A,05377-00243,spa & massage heaven,"4,5",https://lh3.googleusercontent.com/gps-cs-s/AG0ilSzFqzXb8emM3FCIh59VyIBHkWQpXUaVPzIofripK30RiUkk9Pg7sfEExKanymA6s0JbCScKDidC2-t4nDwFxL_n8fQ168aFoDaKmw4eEexD5FG-uimMxVIUkyurPmYT0S3k8Pg|https://lh3.googleusercontent.com/gps-cs-s/AG0ilSz6GGkBQnWjcmVNUoSTz2gQjZy1bN87VNiihaGon_FPGPIlUOdXog4wdBat502WFDgBKORJNMyOXJ106PWKG4eSvnzHpJ93jb233P3ywzapvT4ZdZSYhI1YpIikHM49tpCR74dkRw|https://lh3.googleusercontent.com/p/AF1QipMv50tof98-g6wcnWQK6XRodu9iWgtEsn4_uPeM|https://lh3.googleusercontent.com/gps-cs-s/AG0ilSzQfhhzq1v07mYjDJcqtEYae8YsvB5enqGVTwNw26G-ZOp9Wb2XUlxoZT50SAgtwZy2M7teKnXngrzMAiORiYvF8hu6KoTFYUyoPJrTSOZsczurKcN9VBFcBgn0-B0zxaMx42ma|https://lh3.googleusercontent.com/gps-cs-s/AG0ilSzxPzAOA2HjPHSKgn2UUs9TfT_C1krDbrAn1k6INv4Z6IK9dw97E-Z-8Fsbn44OPjh2CmE8Sx-tcOB0zLOhgYbLFQZEMealkq0k9AMGhN2jrJKft-nYz52UZu2mGOR031PL8mX3|https://lh3.googleusercontent.com/gps-cs-s/AG0ilSz4IweOvqKsYL792wAUjh5izJW3FqZlBYpNrXSA32SLFkEbGSZ-C5qsYdmzHxHdCpW7zUFzUJXrfzyYT7sGsv2uuZz_vlAyNKWyT977rHn-QWovV1ralNnB4QuDMG_VO8I2-fhraw|https://lh3.googleusercontent.com/p/AF1QipOJeL_RKr0ovZZ_qLW5h0LzxnbpTTRIMmxpBWkv
N/A,"m Spa :, 33 Av. Mehdi Ben Barka, Rabat 10000",https://lh3.googleusercontent.com/p/AF1QipMbNY57Sn55WMlsOYaoRbYdVhXf83erJXdoZQJY,N/A,05377-51788,m Spa Rabat,"4,3",https://lh3.googleusercontent.com/p/AF1QipMbNY57Sn55WMlsOYaoRbYdVhXf83erJXdoZQJY|https://lh3.googleusercontent.com/gps-cs-s/AG0ilSxeR-4vPkJ_tLsqsThGFBauXz9K8uFffBSb7CsdrWHez9WUnV1-09q2uOTg85_kmW_r9ZYDn68LgozDcvbHMnK0miJ056wJ5_m5E1l6lKFj3I6RE3Y6q9eHOvdsyVXjH3Hz5gU|https://lh3.googleusercontent.com/p/AF1QipNrL338bAoizWygMbi05FWUDzya2j8mbpY-xY6C|https://lh3.googleusercontent.com/gps-cs-s/AG0ilSzn42XddasXIZpksIgOBcKXkFY13aNMJQuCqJ_B1Y7lF0weuPgiFwPPX6NvlpdGYobv_JvomYcVN_NeRV4eGaZTblZHuPZUcThXsnDVH4MlWtWQKj2353FPmo7K05W8yLu1gykDfK9WuzBN|https://lh3.googleusercontent.com/gps-cs-s/AG0ilSxSU30IrVtBt_p2yHrxf8_3baL_0H-I7pArlI0hn59iznjBh7zvqsAX9-yUF15_pAKiwveDDQb4CTflhrunPkxpZ-9Jbn3Y1LAi_7ICUN0V6Hi9kmHw2FB2ut3bTlfiJFAtWO4|https://lh3.googleusercontent.com/gps-cs-s/AG0ilSyJtIMICWgwL4RWBirnksz70DkLrUSu4JKWoImj1G63EgFk4fyYlpkc4rG1w27LgA9TDFHoipfI0OuLTfOlIDt0104htK_Wcf0FCTDAPNyQi6A1kZi_l7AVJVmKUzFyG4mkuEPtabMoIQyO|https://lh3.googleusercontent.com/gps-cs-s/AG0ilSzEMP-bpqLt9svp0mI3mh4oa6ON9_ZSqgfvapMoWWtzVu3FEeWxUOlgoaRFs8ZJJzDkdDRJBLBGUrd948oy0az1v1KLLbAb4wG1PDe6zCkBUi4wed7zgqRlDymn2VGO4IL2AMm5UA|https://lh3.googleusercontent.com/gps-cs-s/AG0ilSwbyTwX-L4xezXJaoDyCtXJhJol3JqaApBBFuJ5qNvNrtaFU8dqIgI7L7HsEboHInLDrtCadob0q-zAvques_AZ9H2HSRTP4DmXNZOPkt9C_9eNmLqAh3cz2UiWpE8wPwE_NyKsGO6eJqo|https://lh3.googleusercontent.com/p/AF1QipN6G9oQxA3R7YUTm91O2QVyUy9AiNfrS4yKaw5l|https://lh3.googleusercontent.com/gps-cs-s/AG0ilSxquwdm5sBZgzXMRZ5GRrSiAgDKa_u5GI2ihOFTyoRd5jQZ1DL2AKJiuG5vKWt9WIa_qgvxVzbArOETd4-REGrJm2sxJUKXGKcnra5b8RO7lvwi-8PZ7xKoE_uWGGqiMouxubcb|https://lh3.googleusercontent.com/gps-cs-s/AG0ilSxhg5byfN2n0NCMfWvUsqy0qLjUEnNbKRR14jUnf_8g1ix0E4r1yLb8ytP2yiVwVdtbOEWRvu1LQMfcGLifhl-08VIPO1I5l1HYwWN-GFrpTMx5vOl-qZRTVbpYFnamsJuj-bbf|https://lh3.googleusercontent.com/p/AF1QipMlx254zz9bGDGSSwZ0PoeEpWkvWtg62jWcHMmX|https://lh3.googleusercontent.com/p/AF1QipNJmn569RRoETIREZs073bexz9OSU2S7r_0PYs4|https://lh3.googleusercontent.com/p/AF1QipPT3NWc-rL_30rv9iWKeP0VlRTxAJUWPrtd6hpx|https://lh3.googleusercontent.com/p/AF1QipMdgqdUSiYF_y2reXzp9umNO77MssaNz4NdkrF3|https://lh3.googleusercontent.com/p/AF1QipNrAHTJgxhu4ovpffRo5Z_vbwUEdf38W4GQqBqI|https://lh3.googleusercontent.com/gps-cs-s/AG0ilSwssBVHpzBafr-LOY03D7Ca5plGdOEQpOCikegtuJfQMhk03kkabxAHMCmNaG8Om0HQydUtjJKaSXXm57_8HmSoYEqLQ-4d1POWfKqLvRWgBis_c1QGthlW_yOCClXRmD0Oqz8lFojBUtkZ|https://lh3.googleusercontent.com/gps-cs-s/AG0ilSzX4gkbmRc9FYW3FtNomUWfEnjfWbGflkUK4X-Ag_Ul8Wi6tCjBBFOwxwFocp520B4PxIwYdp2lHh9Q5J941MaFuwu5-q7ZcRHcRtPTqG8MttV4blbCj7zt9mz9oF1WKTid7nE3d51C1AD2|https://lh3.googleusercontent.com/p/AF1QipOOg8GVKHMt0Pzfj7j2bmnnn3KJwlLQp8JWLZba
N/A,"50 Rue Jabal Oukaïmeden، Mag 2 Agdal, Rabat 10080",https://lh3.googleusercontent.com/p/AF1QipNQd8zLMvaWiFpTPkacG7M09ljzGUg22QDPy50Y,https://www.ttm.ma/,05376-81923,Traditional Thai,"4,5",https://lh3.googleusercontent.com/p/AF1QipNQd8zLMvaWiFpTPkacG7M09ljzGUg22QDPy50Y|https://lh3.googleusercontent.com/gps-cs-s/AG0ilSwKuZNKVKLTnbZubEwgA5XaChvBW9wKQdwvscOYtaCq-ehntWBjGe9pT4pcYzDyANRBTg6dNBM2Qjr__wIcLTbbKBBXwVdKY6mb9Ul0R3NuWYUdReWtjsrUhM-ejD8CBaAn_y5mRxDZYtY|https://lh3.googleusercontent.com/p/AF1QipP5GRpRzKwMJsdVf_CVOeCLKGXbTOW6ihVjVZ51|https://lh3.googleusercontent.com/gps-cs-s/AG0ilSwxPp_CvkWGDl4B4Uf2l4_eQrxERQnjIYQdf7AZCcEAxkFXg_aRwDHMjBvlS8yU3C_bvLUOvR8GOwhiWNSjdhY5QehexFlUEvP1xBThpainS4wsM7_fQ5eJkOCZKzFJPhKxZdjt|https://lh3.googleusercontent.com/p/AF1QipP06bQJOGLzsQKuG3I5n8AV-n5-41D1e4MKJ2B5|https://lh3.googleusercontent.com/p/AF1QipNEC2iMpuJstdWj3HMzJ6FLHHAstfSkOuzV3D7g|https://lh3.googleusercontent.com/gps-cs-s/AG0ilSz6DtIu-zQkiaarHyVbAG1fMTy7dnAAqR2W5oYBk_VzscjRDlW92gLBotRKkxAG54NA4s2nv6vvGMnhvEVEp9gEWecjgGWNZnKBiz8nh_Lbd75-hL9PjuPWoRwibX371Q9U6TcF-I6S5ShI|https://lh3.googleusercontent.com/p/AF1QipNM6J6_ZO7Zl4AQ74wL__hlT8NqVM1Q00FFSgV5|https://lh3.googleusercontent.com/gps-cs-s/AG0ilSxVOVKGHDcS5_nBNa5vkETrCHs-OYI6sOQNC_lK9zq2Jzsd_VrgG07j7pkfA55TuAlxEe0GbGjFRcRKWmqScr6b8nssjfC0vjUBcTlfc75yRrBjV6NYwAb-yuS7eQu3tTvgoUU_kg|https://lh3.googleusercontent.com/p/AF1QipMrxtUo6vZQz-BAxKyr12mZLzmezgS1wuipikAq|https://lh3.googleusercontent.com/p/AF1QipOJcdsHZKM1l6mW25Gk1MSQni06jWK3aEGnkIG2|https://lh3.googleusercontent.com/gps-cs-s/AG0ilSyAVhLKa9-HypThQv-TSW_38Xe1yb_336MMVxPrTgHmABq6U-i8j5WBA6EMfB5OyP0xFcT-xN5aWENv497jmiTI3-sorkEs0uP-Z-CZfaiYOGFWdw8qpsm6CxOPMFjrI3U9NE1NwQ|https://lh3.googleusercontent.com/gps-cs-s/AG0ilSzJI5GWyRcDZkucwdqaC6tlUeCXc_4aP1qyLFHHOBMXic5zGjgvUEvlghC_88gbHWZgZ4S36PkqxsO6Fd7lgnqtXPglJxPgiKIIaRy6NMu_DTV82H26KP_7lMS43Hic-2wthSqR|https://lh3.googleusercontent.com/p/AF1QipOIiZIsAq9daarpxp3Gm5q9sg3BLmX65SBFnaU9|https://lh3.googleusercontent.com/p/AF1QipNO_CtuN8kputiKsJ2_3jH2Ocj9YfidrZ2f-DxP|https://lh3.googleusercontent.com/p/AF1QipOF4bJW0SAnQwj-uwUkNdlQjZsO7c9MQA0Syd6z|https://lh3.googleusercontent.com/gps-cs-s/AG0ilSxSIj1agUgEA3M4-ZSk2BfcKn51FzhTrbL7cDp8dBMeA5ikZVpIRGHQukVu_Ny73N9Wz2bPgm7xvBijCSWUrGHmuYs3f7B4IS-FRaH2biICYFBcIlTi5M7W8IrQFAYlpaXjgEgb|https://lh3.googleusercontent.com/gps-cs-s/AG0ilSwzhsoFoRPBwrYHcFxYIEwb6xlZmDFJNp-p2rw0CJB1koJruT0pLdW00cHngAAnvDettgqnuvjngPv1VYprpC15d-t6-vbjA70GNRDh0oETMYAFXZ-HDKaPf-d6GTm-3fVGanu8gA|https://lh3.googleusercontent.com/gps-cs-s/AG0ilSxoMFsWtAoz5a9nQ-oElEAHu85GCpBMAcAANFxOoiqWGBwVZ3IIwVa0DWHZr6YynVIzj6F591qdEOvpZRo9nq6yP4HsJFtj2By4U5H7nAJUeC4bO0rdleY4uVx_lbrU-VE29DM|https://lh3.googleusercontent.com/gps-cs-s/AG0ilSwCnW1UttI52ddA62fvhb-f4DIcfeeB2izk8_kxLfPUa45ai9TtQlUtjAVncfPV6hjBPkCfSqwvp4kCKsLSZnmvamU6v4EeHaFTwu9ndFId3cCmY2qdJKDaQG7hRmN4snBLPWvv
N/A,"2534+J2V، Avenue Bin Al Ouidane, Rabat",https://lh3.googleusercontent.com/gps-cs-s/AG0ilSxUiK9sHdscgMuDT3I6qpXB5h_nZECnZcDCFNSkkGtg-r08Og1W8-zL_HTIJ6RtY58yoDWrDoy4J30AH1H69tOsHNz4CfWYJbJOybKD72RHqXzsq5LIJkLAquQCVRdXt38E4UQTPg,https://emea.spatime.com/rbamc/16680807/home,05372-26606,Le SPA Marriott Rabat,"4,8",https://lh3.googleusercontent.com/gps-cs-s/AG0ilSxUiK9sHdscgMuDT3I6qpXB5h_nZECnZcDCFNSkkGtg-r08Og1W8-zL_HTIJ6RtY58yoDWrDoy4J30AH1H69tOsHNz4CfWYJbJOybKD72RHqXzsq5LIJkLAquQCVRdXt38E4UQTPg|https://lh3.googleusercontent.com/gps-cs-s/AG0ilSzBROqR4mZMDsSeWi-Fabd8oy13ZAW4V-fYqqoWbqqKgmHbgCMM7ltC4FQqa_SprGEqEZPU-h5TONQi1o8VoiL7dn6hWCWm5qsRkt3WCXoFpRbSFuKMCZCk4YLEzGKfawvP5Hmy|https://lh3.googleusercontent.com/gps-cs-s/AG0ilSz7TesxeIhVt7DNHVR4dbroA0JxaeY7TkCc72VEelePa5KfvmUpOp4lBYIPyisQqRgsL_PiZYql3zwNWz5zsn8uYVf_5DAm1_dPx9hHo5J-HdgKrb55ouWxmZvlxOtXBh_m8_tWlA|https://lh3.googleusercontent.com/gps-cs-s/AG0ilSzg_p6BBErmdwr-arrI8zXJw_h3B144S9Czk-NmIuFj2hbWatP86za0EdbAAhnz9avVDNgbn6nWTHOnE5iepA3etOfaTessKaFunSUbR6qaNewvQPIu93WI8K0smIF7HBu4SysIjQ|https://lh3.googleusercontent.com/gps-cs-s/AG0ilSznlZSb1nZSu-hdBzmod2w3lRpe7HbwuoCq9Kr3WXlYd80ZDbpWvce_wMXX5IjcSpZaXaRCNNcFdCzwugs3vAsTqIIhkYGfHFXgt38xRvM4WDXVQfHR1Ka6qLsCdmHBMjWs96c|https://lh3.googleusercontent.com/gps-cs-s/AG0ilSwtcheQEIgLJnK2kKpQCBVQUBc1Yw0pWpu-YGzyeEAE2CrdqoFasALelU9GWbZ7RbrUYsQPDIsEfUWZGhubbQKHNJ_4sp8H7-__kuynwp_mM066-MOMuW4dpdIqFKQsxuuWPN5D|https://lh3.googleusercontent.com/gps-cs-s/AG0ilSxviIgrO5hqWjUGHxk5FdACrdrgU6Lwfhs1SIeo01sXPwGRxWrV27ADAbZQLrmOMqYktaOauZEXrwmgSHtYBb_ZR-g1Igx4I-9q33_wxbgFzv80vyawDGoG8fFiCr6lKwUB1ZBa|https://lh3.googleusercontent.com/gps-cs-s/AG0ilSwSCUKbX8ZiPBM6TPFALGQVoaj2Iyz8ZNzRXbN7wkV1lz5z05cStmD28A_zrco1PTmVtCn-DGDJm_u_wo4C7uarJq4L7I9Th7MDpUM9eZjARha4PCLoaePU3H7M8Ft1d3CG3-jm|https://lh3.googleusercontent.com/gps-cs-s/AG0ilSw1UIlnZCBrxbmW4vCVUpUjRb7nRegVSiSUwNKsA3Rusg4MZLpixITGXuGKwhaJDki9YMi9FQPe9e6AJ1rY_GUdZCgYzjfYCJ_nIMlcrEMGpV0yfJGYNzoA_kPNOhm9J5AkG0rfTQ
N/A,"Agdal Rue Jbel Moussa, Rabat 10090",https://lh3.googleusercontent.com/p/AF1QipM2PwM2xAaO9zlitxdDcgyjKLQx_-Ol63h87UYJ,N/A,05376-74546,Spa Rabat Hammam & Massage,"3,6",https://lh3.googleusercontent.com/p/AF1QipM2PwM2xAaO9zlitxdDcgyjKLQx_-Ol63h87UYJ|https://lh3.googleusercontent.com/p/AF1QipPTbr-6QYjOAOtoTh7HIOFkinsnRJXaZBHMAl_K|https://lh3.googleusercontent.com/p/AF1QipNgYaMhLn_tdxpypl2bvYFzeVpDRQr19toO7UfZ|https://lh3.googleusercontent.com/p/AF1QipOnNxCc91_XNrsy1gDeYM3IknTU7oev53CgpS3b|https://lh3.googleusercontent.com/p/AF1QipMKca1gWCHN6ASJa4ShLnbvXN3u2dpTgWct7NUJ
S'identifie comme géré par une femme,"a cote de madini, 98 Av. Fal Ould Oumeir, Rabat 10090",https://lh3.googleusercontent.com/p/AF1QipMdGNBoKl20HsWdNGnFN4uuC57LstsCcpK5sXtT,https://servicerabat.com/,0637-552607,spa douce,"4,9",https://lh3.googleusercontent.com/p/AF1QipMdGNBoKl20HsWdNGnFN4uuC57LstsCcpK5sXtT|https://lh3.googleusercontent.com/p/AF1QipP9Ivxkw8oSaYGD_C7wZCi7M5cXfmcjSKmw_VoW|https://lh3.googleusercontent.com/p/AF1QipMwBk8k9gaV5KTmh15y50YdEGubNVzCh_-673is|https://lh3.googleusercontent.com/p/AF1QipPgCMYlsoJ_4AWrhA4knTYIJercDuZgofYAlVkg|https://lh3.googleusercontent.com/p/AF1QipPQ6jMMr_XJOC3-q2rk9ge7lV77H6kaa1BMtsml|https://lh3.googleusercontent.com/p/AF1QipPw5_LYSCvkBO52gkGCn0iurM48OJjTt-aRcU1f|https://lh3.googleusercontent.com/p/AF1QipNtSvL3ko3RfA7mMWpCc2fVoP-_3lT2Vqv6wCJ3
N/A,"Rue Aguelmane Sidi Ali, Rabat 10000",https://lh3.googleusercontent.com/p/AF1QipN0VGuVwm2plzsQkSHvW0nsKA4DUFXRoGnWi7LU,http://www.bcsparabatt.com/,05376-82427,Bc spa,"4,2",https://lh3.googleusercontent.com/p/AF1QipN0VGuVwm2plzsQkSHvW0nsKA4DUFXRoGnWi7LU|https://lh3.googleusercontent.com/p/AF1QipMQhA88i_juK7bR4daqj3_x0iXf2uBunY_R5vm_|https://lh3.googleusercontent.com/p/AF1QipOWpT3F6t6N5T8XOROZmSZiDW0WifZxp7lxzO7R|https://lh3.googleusercontent.com/p/AF1QipO5gFQZBqHt1tXWUT-v7VuSq_WoSQx9sr4qaSsV|https://lh3.googleusercontent.com/p/AF1QipMVdlvdu2ciaCs0TOaabaMeO4H1snQ29-8YL0jP|https://lh3.googleusercontent.com/p/AF1QipPRQxut6w5BOmrddHw6zzPyp0J0K-lOlowb6ZFd
S'identifie comme géré par une femme,"Rue Mecca, Immeuble 8 Magasin 1, Av. Moulay Hassan, Rabat 10053",https://lh3.googleusercontent.com/p/AF1QipPAZM5ipk5nfhv7B0JVu-nw6LZIEdZEmFC6sJdq,http://relax-inn-spa.ma/,05372-01513,Relax Inn Spa,"4,3",https://lh3.googleusercontent.com/p/AF1QipPAZM5ipk5nfhv7B0JVu-nw6LZIEdZEmFC6sJdq|https://lh3.googleusercontent.com/p/AF1QipNbGywYGfdFLbpyMv2gycvXj5cvbpG0DX8yQU30|https://lh3.googleusercontent.com/gps-cs-s/AG0ilSxf6CxcitcT2i0GHOifdXy9UfTksuzd-ez1S6nKGCVIWn-9MivV_lGVlKddsvfJp8pKYwFweAbXT51aPuprJl70gFgwPApMPs0oglNq_BAWgYUtkQX6hAWEV87fN8SjVHebUuHwqLWR8mw|https://lh3.googleusercontent.com/p/AF1QipP32wP2JqFMjh-nqE4QMbzgo9ov3G-D9IK3RVU1|https://lh3.googleusercontent.com/gps-cs-s/AG0ilSxex4wC1TjrHH9yVyUA2mulwEN61NZpuZn8vafZvhiHKRNsl9pOahTEQDqa4hIjMRa6yqC2ctSuansefMarFw8hZrSrD5ZnwPSQW62AjQ6jjtvL18uhRdtzXJ6mtha8n0q58tEO|https://lh3.googleusercontent.com/p/AF1QipPsbSAPdgTrudFcDYxS1TfDkxFas5GYqfy4iF6J|https://lh3.googleusercontent.com/gps-cs-s/AG0ilSxw3UUotBncIAGIGm4s4b1awy0wYiQif0BkPtRr00HyeXdoD2R-wZ2loK1VZJ9kO2a37Wsh0wk06HWTfHlRUGlWvd_QuwWIzu10Q5bNH_9kkrPLq_rOpqD_Bq7RE9EzzrY-leGd|https://lh3.googleusercontent.com/gps-cs-s/AG0ilSzZBnkf7UYweJyfZpJ50mzHBnmW3YM0D3hGDL6mRzz4rIXeavoDpKofsjuZuXrIqAcUPX55kPqspel70vQSkpH_gpGZAJ0Des7SOERB3OWC-lR4urhykh4Ml19OY-yFmQEJGzg3xfkzUkI|https://lh3.googleusercontent.com/p/AF1QipP5phR8d6GnigHRtnAVFxMHBTgQlxC6TR896qZh|https://lh3.googleusercontent.com/p/AF1QipNHSiFzaW-jvs6rVGCE4V0AOAFlI90lEBD2ssFJ|https://lh3.googleusercontent.com/gps-cs-s/AG0ilSzMPZ_SGGZBUuxs6Qx-6wV58Rr4f4oen2Vs4vNlvD1o4uEG5gaWcoZjjItdS-02YMqxsWKMURhg5FQJmPZk_9pFmgCPmi88VvTsiHVEeXIOt7uCii7b0RXKfyQwf2zu48WDsb55|https://lh3.googleusercontent.com/p/AF1QipPo0cX8qcwmPV8Y9crM9b2mUS-0X1CqiTmOPWeH|https://lh3.googleusercontent.com/p/AF1QipOPYwQBYDVJNVrXm63knMAgbVKLzUXeSYDFPpJY|https://lh3.googleusercontent.com/gps-cs-s/AG0ilSzaEIqeABYL1zy7t7jj58mgnflyLVCaSVLtfIBDlkuGb55ynOb62eTUkgxgb806OWbkgryX6dqaWc6g-4w1SSqjMWKB-iKBG_q9OlSlBk4GKxTTgsrnpqM8_ZrDj7JTP2DXsPI0|https://lh3.googleusercontent.com/p/AF1QipOkxEGHiubUC0P-Exd0om_zpUNh3Ho6MaZp5X2U|https://lh3.googleusercontent.com/p/AF1QipNxYafQdLVTDT5YaUBCIJT6FPFy4MAMLTR9qaPk|https://lh3.googleusercontent.com/gps-cs-s/AG0ilSyMTHCNpsc7EN6So6mdXeBJfVZzhA_F1Fl2L_JOskWMiGclm7NcfhvuGNXkOIAb7VgttZ2gaUgY3XjMKSAXcb_lPtD87bCSKgoDx3ltvpS9p7q345J6T9h-1UT4sTP1hs3ry48FzQ|https://lh3.googleusercontent.com/gps-cs-s/AG0ilSz18lZn_jbdwLfgOMeGAxrYldOyih3qT8dQduZDfPKozc9kh3CAjBEDMqFJQMyZB8La0Cd6jxgkn1sLjkiuzEOK9Xz0BsKaCvYtEVKqoU8AwR0Ot0AUB3WU-US3aPnAuGgyS03l7Q
N/A,"En face de la clinique de la tour، 6 Rue Idriss Al Azhar, Rabat 10020",https://lh3.googleusercontent.com/gps-cs-s/AG0ilSyLLRzB9jQ0rNfrsHertNrtgG-Qa6NHgiytPnNzmG4Bz2E8B_kF9JQgjuI7zOf6WrURe1qE1vAYm85am6ckjwwc8A2EIIoXKD57M5Sk5apyOioQ7cpdqNmZVEsagfiCG5dxHAiyDA,N/A,05372-62609,Ibriza Spa & Bien-être,"4,5",https://lh3.googleusercontent.com/gps-cs-s/AG0ilSyLLRzB9jQ0rNfrsHertNrtgG-Qa6NHgiytPnNzmG4Bz2E8B_kF9JQgjuI7zOf6WrURe1qE1vAYm85am6ckjwwc8A2EIIoXKD57M5Sk5apyOioQ7cpdqNmZVEsagfiCG5dxHAiyDA|https://lh3.googleusercontent.com/gps-cs-s/AG0ilSwqnNrlbXeAcTcXVsWVu-THM9UDMvgaqy-hOztC4M1yPd3oY5sFXlijGs8Fmxh-8XMleghpPuUQcZJPcPWMW3_LkEBd6jYfzhEvZYBgu5oOsoEiRZiv92n1_EFimbU1Gn-FG6ks|https://lh3.googleusercontent.com/gps-cs-s/AG0ilSzszG0fPS1O2ZJa9NqTyfYsDilWEmfE7CF9oa_Q3T5RjyokFNmm3q9LsiZeLdF-pxD-VeYJX1mBZHxm2_hIECi6b2VoEPVn9XrrWUGLXpUSIPAwhXT1zQPtTPOX8PtEmLUkI0zHqQ|https://lh3.googleusercontent.com/gps-cs-s/AG0ilSwX7E4rExKDP85GjYumMxpEiN7TOuTDfKzba_mipUnvV0KBCKB7F7cv7QrV9SQFxhUTpPcU4pA70XSQi1gL9iwhUZTp42xqHuysYMwwfLqnARg6EAZ8RpbgxLdXXMOtJuxr8tRESA
N/A,"Avenue de, Rue Jabal Tazeka, Rabat 10000",https://lh3.googleusercontent.com/p/AF1QipO1OojakN5wPaIq5fo15asn_rRh759m9X0nA3s,https://sites.google.com/view/hs-spa-rabat/accueil,0767-071518,MD Spa,"3,8",https://lh3.googleusercontent.com/p/AF1QipO1OojakN5wPaIq5fo15asn_rRh759m9X0nA3s|https://lh3.googleusercontent.com/gps-cs-s/AG0ilSzaMizJUZWKmeAxIxXCDXV9wBQ51evJbdQU95o_VhTQW7vUAjWGl79Sfy8CoEcgZV1--iDpwxylKVuFXa--KTz6hyuQZunSLhgUdhmJOIgXv2NEREkWG2amLFWpcQ5Ukl9puhs-|https://lh3.googleusercontent.com/p/AF1QipOJnPrjnTVVw1Hb_sUnFjgVTJwxTXvpcCIM1p8|https://lh3.googleusercontent.com/p/AF1QipN-BbNACmy65b8N4Okgn4W9fLwNPsQwanwB1E0|https://lh3.googleusercontent.com/p/AF1QipOKZwq1iiRK9mjHmSZECSXINm9-ZXPucNede28|https://lh3.googleusercontent.com/gps-cs-s/AG0ilSzTFd1wYeibGjNsPsI4p-tA3UKM-cb3hoMB60QFnyDFQRGDqKynsBFr3E_hviUP_Z8jsik79vZjyQrad9Vq2hjEmEAfFnaOT1OWwRm-9tQWRFcz6CzLTMofY715tQ7id5q6aEt1Az2ISfl6|https://lh3.googleusercontent.com/gps-cs-s/AG0ilSwleNsOP0ramC05kzdl6b1O-UFv1M3hOuDqeqZIHXqWQJVw3wq95tCMKowZoH0CL4zaZ5Xw_ZHQwbVKz8ezhdojfgK2VMZIiUgigvV3I_JgYxa7ccSVP2dTAGJKXw_GV73AJnsv|https://lh3.googleusercontent.com/gps-cs-s/AG0ilSyzk_aH18gs8gtpNgt2F6Y0qVvWDwVwBB8yrPevOIRJ03sLxtTv56Xr4PiOrJ9xeApSQn_5s_oVtxynJgsXqRki-JBCsnpZZOgXlNEHQ_bzdPG-ySx8PYZyghsqWtybNoyomT4o|https://lh3.googleusercontent.com/gps-cs-s/AG0ilSxPHAfNui8E6uXfttrx_XhntSFPzQBF9eabjOzMgcPugeHxFmXzcXhNUcTlo-SN_H8vlKweFQoiNPpW5hHJImj3OD9h-JTegY9pb4-vdffRkCL6yHkBDaxRJyTaHGOkQACH06g|https://lh3.googleusercontent.com/gps-cs-s/AG0ilSz2w3FTOUO1TkBo7nXokgrVPF3Lh7NRZMuxZTEQH31jkS4VET23h2yCQugQrTqeimSSB5jlLTEv8li20eMVjYg7Dd8yt_GDIJgKTVhjFM8MaojIgEfiFOepaCkqHiNMAAokX8zED8Ufd2p1
S'identifie comme géré par une femme,"Imm7 mag 42, résidence Riad Al Fath, Av. Al Majd, Rabat 10052",https://lh3.googleusercontent.com/p/AF1QipMeHBwd1fSnAla6PMtWIOTL6nrq32FbGadGpkrL,https://www.orchidsparabat.com/,0669-327756,Orchid Spa,"4,8",https://lh3.googleusercontent.com/p/AF1QipMeHBwd1fSnAla6PMtWIOTL6nrq32FbGadGpkrL|https://lh3.googleusercontent.com/p/AF1QipNjoFouKFSlxv6itOqPjf1lv03jYz7wt_M1LQ06|https://lh3.googleusercontent.com/gps-cs-s/AG0ilSwrAMDx61QMVvd9Pg16cFvs37_atgKHSU8xYLHAP_0_DD9SWk0mTHQSnUamQ3EBou43jTdSBukN9RuMVFcXuPSPKbvodIyBuKjAVpj41wfFlus62s6vAjBnlzTsqUTZclRFa3JKzQ|https://lh3.googleusercontent.com/p/AF1QipPcM6cpWQjlY_eEFw0Q-FqYNfVI5LVV9bK7ZcjJ|https://lh3.googleusercontent.com/gps-cs-s/AG0ilSx7gONQFy25EMbcf5eKJj7EbZAhLSVQUyaQ79cT6Moanu7AdSmvMDVSU5IiNhFmy6XTMgBtsxkTDuKeqwPhQ8wOeroGACHHuNVM9jvyOZ1U-Zssj23jfo_zOTRqvarbuyvwxuXOtRR9LVlT|https://lh3.googleusercontent.com/p/AF1QipMRbm7yg-NDX-gP4FJLEo5gFKhtNy4LvVBiy5g8|https://lh3.googleusercontent.com/p/AF1QipPOgwTXsjPFmeMaZ2NJNmQW25GyD3SEzgn3PFfA|https://lh3.googleusercontent.com/p/AF1QipNzp7NW16EDH5D_IT_DnyuwWxR4y3abK3H1Pg-f|https://lh3.googleusercontent.com/p/AF1QipNudqCN7KHLkN8D1U5GviYjMHz_pSwTOv0Ck4TC
N/A,"678 metaa, Rue Ouled Aliyane, Rabat",https://lh3.googleusercontent.com/p/AF1QipPzn4WWUbQ5f5UAWq42PtGqn2ZpGR2CC1TcDThM,N/A,0770-850468,Désirs D’orient,"4,5",https://lh3.googleusercontent.com/p/AF1QipPzn4WWUbQ5f5UAWq42PtGqn2ZpGR2CC1TcDThM|https://lh3.googleusercontent.com/gps-cs-s/AG0ilSzU6Ur-o-Ig9z_tw85anVq1HNX-sYhxYxRt_Sd0i8YezDFANC2-vyXQLuHmJIiHp7SkrO1S7On6oA5dON59iMkU7wpyd4QVIVy_F5XZ6Oant46wjj7oiftrCBYrEyuClh20--2uAQ|https://lh3.googleusercontent.com/gps-cs-s/AG0ilSwR1PiXUHiBQ0Rat0u5UFovq2es08-4lsdKTVO0agYnqO_9AijeZkUF6644v9nZE06ITVcTnpRufQ9gaBqWw7O1IpSyTcrzBxxs6PAjO08SAmyGB2hkgsfMJYSA2tZkh7ZgLgc|https://lh3.googleusercontent.com/gps-cs-s/AG0ilSwIm2FUp7vvl6fzM189G2j6r4jqAyeyAr7thBO7FvLZyZRi-YRUeyc-rVeYCcJgEwCLNf18pIDmhAg77npOAna-DxLStGKIoYQx4LtYp3fyEoagOnnjacxuIGWCdAJJwzdBn0Etvw|https://lh3.googleusercontent.com/gps-cs-s/AG0ilSw0ZtrS_o6Tkvsa57s0tfUKeDyOroyuiYn5lVGGMtK9TcnIR3x8m1VhO9JmFB3LrE9FUG9vM4SwDodaF2xV3GfXQroA80zqDeXsgfnAm43NZfwg00kZoU8MF7DTw1QpzynT2lY|https://lh3.googleusercontent.com/gps-cs-s/AG0ilSycTnHRM6JMGdSplug7IH2nwhmtseMKJ3VSlbMnSEBIDfeY3meheyDZBeFGFpTh5uyGK1ksp9NVU-Iaez3WHr1x0JB2UcT7qeZK7DRdbc5pTE8u1Ebz8M2MQSsq2kfgH2WjBSjeyA|https://lh3.googleusercontent.com/gps-cs-s/AG0ilSx5UgvOtRzT5fhggpJQ7bWbBHCQcC4bsEGDF_Tv8t_DtASYpsV4nIVusqW5TYYC1XRpz_c6nislTe_7DCeHD4ai6sBa3uSEYD4PlfkrpCyfhneBlZCpF3fAYNiY2WxG7y2m-S-B|https://lh3.googleusercontent.com/gps-cs-s/AG0ilSyJ7PNDb3RQBSV_6N4_s9OHnx33CJoiMBqhzktjYIMnXfN-t1PaBrx0zpbEdguT9H3ag2055-JcEHwkwepKmINdSXmP49X50iXhSL44KYkCZJLYlmrURHInmqsBguad3qfub-xw|https://lh3.googleusercontent.com/gps-cs-s/AG0ilSxrGfsPmdrilC5_KKmrB0w6pFBpPE2Um9HS0ZJfc_NRDma5IiqEiNwdbyBkUTXZB-vE7tT5w5BjmOVUDG6XUwQ4YCpAI-qyawd7gyndW0hbICYS5XJuziAhd8IY03uISPRauEM|https://lh3.googleusercontent.com/gps-cs-s/AG0ilSx2gBGpUduLnXgMqPwbSbDWaBejjGQKqV8MdC3_KeajeWUkGZn3ZhYFvIiB5qZt9VWjimdJ-Zp9QGhENBFntyEjkOkyFR6MhJI9DjAPlMrOtNWO-Am3HZxslbgQ2JqCpDzD6Ydd|https://lh3.googleusercontent.com/gps-cs-s/AG0ilSxkD1qAhxbde0tZLRdnpAVzhEOAm6PP04wkcQfbMITqnueXM4osztzeBUDKvVmkvuFOCe3r1h8KVTABbzB2Hqh8dHZqzfO4-MfesoaVlOrHx2RUNkYe0Y-SeRt0k3dVSzOCQHLc|https://lh3.googleusercontent.com/gps-cs-s/AG0ilSz2f2vojsWZTV75Afos3B4kJwFfUUAWkLYASXUdq9Fyg4C2O2l76wRQPhI1HrK2S1_tq3gmQA1VhDH-VCfGcylfpXdJVXNOK3RsePpE1qTC3YDEPhOHuoRxtds4SksD_vemLWdtVg|https://lh3.googleusercontent.com/gps-cs-s/AG0ilSxT7TBJ5UN7UNx2ZX49e2sckW3rQukU-7lcn_eFAg3Cy_EiTCv-gD6LGcGVmDItvPRBN7E6dehaoCRG4PtP_uxSlfDVh0ry10_mZBSiOHuES8jjdRdcsnGApUGVhSE-9IjJxn1hAg|https://lh3.googleusercontent.com/gps-cs-s/AG0ilSzE1P1yxElLkPL568EEIWq82vZAXt1mitdzv5LVcbRSsGxfAij5X2wC31g7X1eD2Gtj33fm27Woed6LyfZknLM-T7vmBGMj7IsE2wDTAg4H3RVqMPM-FtGmCG_e-xisIwljgv4YZg|https://lh3.googleusercontent.com/gps-cs-s/AG0ilSzsNy3pNkKahtnxx0oFDVa9R1UMbeHl25c4EYJgG_KkX5caYaqBeMFUpVafqRpfDz9Gh_AY2SGm1UJOs-EbARSMqAHlro9y6PJ80k26DZypqzbpjdrDk7dYl-jqpFvjkdNlyHKa-5-lrELj|https://lh3.googleusercontent.com/gps-cs-s/AG0ilSxQQrBtMGtXB1Sh3AOasIzNoZqjpg5RpdwYp59yjqF9eNZ4zV9J-SWuvTFG-5BoBI0G2ZddbY3uOO3EWmjyD4qC7krfUjfs_HRs1y_q2TLRMY15Prfhk1_mFDFa3BdVvxGbHf_KnpBVaQL1|https://lh3.googleusercontent.com/gps-cs-s/AG0ilSzKKUQVblP8t8LEkVQkFHOeQvw_l1mdZSoGNb0wILvJolXr4BC1yhKY3AZ7QzIlHkZImfD1Uudu3u3pAoZ0zkR-dSI-eXicw0KJH8SXQ3scgv1YxIVVssU8cPeMEQc40qrJGApn|https://lh3.googleusercontent.com/gps-cs-s/AG0ilSyeKDp_Vl1iLKFuYEMzrFn6UQbUILrpqx1RZxztdVI-nxNM1VVN7_muOlKT793d8s1_pAlyS7eZHIoW-sIXF-gUyvx5YnEG-jXOQSEwMnirAB7Kqx0W4qiqdioTdFOpcPKq2Sau7PVBMYw|https://lh3.googleusercontent.com/gps-cs-s/AG0ilSzVb2mcxyibZIGAfDj9RsRE5bU4Zu4IY-YiCceGkEy1eBkIz05YNxCRBPTeVUkqM6PV2EfJUZIjfDa4Js6uPz6o78BCjql0QtvzNgQ8w_PzFEKT221WFHMPtClYsqg0pnDAIkJr|https://lh3.googleusercontent.com/gps-cs-s/AG0ilSwH8QZ66Cd8SoOdBkgqbaDm4H1bU89ejcSoZUiGcbrMU8n98z4M13ISOpdhx49I05FN865yyJHeyleaL9iADX3Q7KnzYVL-TOrWqx34TXyHsfMZExKFbh3xl_tRmTBYzYhNRvwL
N/A,"68 Rue Oued Ziz, Rabat 10090",https://lh3.googleusercontent.com/p/AF1QipPDnRFcWr5WQvz_-wtTtR6oLjT36Ioo6nR1ZayL,http://www.marshandmallow.ma/,05376-86063,Marsh&mallow Beauty Spa,"4,7",https://lh3.googleusercontent.com/p/AF1QipPDnRFcWr5WQvz_-wtTtR6oLjT36Ioo6nR1ZayL|https://lh3.googleusercontent.com/p/AF1QipMe4YZuFkmX3n9RIlTco2WW96yhan807_BZwMwc|https://lh3.googleusercontent.com/gps-cs-s/AG0ilSzEuF9jOtzR2y7IWj4YVegz2Ql8DhR-LlAlQ8pDGUCWXb7SWm_UwRFJzOojhRzRsMcbzTG5rYSF3XujX7PKQdsZFJYRgzr1OSbXRFs-7IGoH4QJzxorJGQ6DN1e0Yhi7SA39MhjgQaft6w|https://lh3.googleusercontent.com/gps-cs-s/AG0ilSy4n_P9dmrzJb-SfR4QrpvHct7G04jzrSoZroQxrMKMw2pukRdGUHDRwVR2doHrVaG_uAoG82Wdd2JJcfzODj_DPkoyskZ9EYFZnUcRNRW5wkex5LKlA5BAFdqqa2h401IbJ4s|https://lh3.googleusercontent.com/p/AF1QipPYHKZ-tYIJhLRG0TyZwQfoP1nP-beMz04yvxAi|https://lh3.googleusercontent.com/p/AF1QipPrtZeKSpn5Sv9o05ADunBYesxZMLsFnR3XRXcv|https://lh3.googleusercontent.com/gps-cs-s/AG0ilSxlnHthG5vl4Chdf37eUzUEe7sWnJzO0kICXOkbMUpVj-HJ4nKqol6UpGIoUTSeizi20lPnvKbZ3bbdf8V-ym3tdQkwTV2SB5sxKaRksohjUKn-CCYj1BARjfdGMzCn8CLQY36bTQ|https://lh3.googleusercontent.com/gps-cs-s/AG0ilSxhfxQO5lA9vyKHFirivmA-dp485OUDu0qgEOAFBefiNUf1Ab7jLq0m4cTMZVvX8XAJljY-AT8x5culfdLm7yabZFXQAuU0cwgo4lZhxYlK2sbWQOMq0ptly4VOLgZi4ptZA4w|https://lh3.googleusercontent.com/gps-cs-s/AG0ilSylFe39eiweFvUt_ChALjwvyUFvhMnLFOUBHevfUV_GTcvg_C1YQZWEt6ob8_WDbjHbF07aroMQ3NrHRq_lvsNVoiPTw3OPfun-1qP9EXPQneOgrQNSHmF1B1OaUI321BgOV_nllQ|https://lh3.googleusercontent.com/gps-cs-s/AG0ilSzIWvw5dTnIQtC2eU2fMMzibp-LVYWmkDdfBsuX4sT4aMRuNWvWHUKt-Mpjm1WOfo9tfBnsH0yV-ogLlw-oxWIkFonECi3zasnixN1fdByn90pQXana0cWbXeWF85xQkrxK4WUM|https://lh3.googleusercontent.com/gps-cs-s/AG0ilSzIei_Bc0dkXIuSi1QFRUSihxi8m3EH12_aof_rxpTMU3yndtQintOPf9rseHiKU7ggQ3fSE9jHhTaSaaMueUpHIRSF0bylGpVJkPkNTSgODoweVLIIL5MBVLcAZ_42IEet8bgM7w|https://lh3.googleusercontent.com/p/AF1QipNxv_e3i0jaLBlOQzxgEI1hF0Bsf_3ppMU0aV-U|https://lh3.googleusercontent.com/gps-cs-s/AG0ilSzUCfwS6wyCQSllK-jES5rfnQBYGzG62EOT9RUxG3h3qYaLBexapNYOqYfCWNHJFV2BFvE5w4Fai3oMdYEqkF695dSBjXEwLzIvV0iClEDWD0SJSMeI7ldrBpgCLeydyL1eZ_n2|https://lh3.googleusercontent.com/gps-cs-s/AG0ilSy0OV4IiD4aHhmJEyWApkTwazScTZrmpUGK_lIztmHKuS64xlQxz1RMUk3TS-_aYlDWwm_kVFOpluQvipW93aQ_hv4Ib7SldgB8ZVaTwbv-KEITTCXVRekFup84e714XIhAW74v-yNM90o|https://lh3.googleusercontent.com/gps-cs-s/AG0ilSznS5ZoM15LrjAA7WrlenWM1h4-uFSsGhFrWCtCyQb5Jd7KQ4KMFxLjigLkyWuDGnMXJyBQANQkV3_fK6Odcg2gxqQkjFJmUSEwgDNAN3pJq-8LRnRYH0X6ES3ewcjDKGgIWNvA0w|https://lh3.googleusercontent.com/gps-cs-s/AG0ilSwAaYRhXQj8WsL7koSIyogyi47qXat2PeCml8wvGM4mJazlTW1t__d1s7dSYuRJIfhTn4x4V5rb3wFDjSxRrwrL0XEqEzLZSnnv0N1CCPyxS63EqHJaWLlzi87dx4EGjOgR3BaCSg|https://lh3.googleusercontent.com/gps-cs-s/AG0ilSynJkEvmqhKGNZ1FcCeryeq86e03GABv5Akr5wWL7LJe-oDR2o3vYb4l2d90vgYY4nEQkq8E_wzSbpJDVcGJzPjsB2ple2stzM5Oro6BVt3S5yyKRzu99iup8yLR8SmSdc07MCv|https://lh3.googleusercontent.com/gps-cs-s/AG0ilSwtQh4eyYgEhqVtojKK3IHbrsWerNQwWyWSFDuoZpG1kare6dEAuAthVV2z9V2l8p87f56yBfzd4YbJoD4wUxyzjsxZfRcFug2tis7ShSVcaNYPVDAklv4LNQHlNSAJEaoqUv8|https://lh3.googleusercontent.com/gps-cs-s/AG0ilSyhHlvRNxIOKK1RQXQkSj84kjvE_op9dPsSMMkwrkJnVmOiAKRkWXPiXFVxGaqnsD2sodTWSW1T1HtJuKG6-bbyQsfzW-dq-Eu0YSdTzKVfCObL2yBvEeRGF0I2Foi-kOORYA-b
N/A,"245P+HFJ À proximité de, Rabat 10120",N/A,N/A,0661-290549,Hammam Safae,N/A,
N/A,"1er Étage, Appt N° 6, 6 Rue Dayat Aoua, Rabat 10090",https://lh3.googleusercontent.com/gps-cs-s/AG0ilSwhcISrQ6CEi8SmEP9-SuDeo59hrXqNdVauR6YBNwBzmgbVWODneqR5xb-kEnw8Eo0UZ3QJp04ArdCUdNXT_bkRpStx4OmxBmS4SgyvUnBLMp2gfNeb8tMxJqAg9Fsu3YdP9kSEnw,N/A,0649-535656,Top thai,"4,9",https://lh3.googleusercontent.com/gps-cs-s/AG0ilSwhcISrQ6CEi8SmEP9-SuDeo59hrXqNdVauR6YBNwBzmgbVWODneqR5xb-kEnw8Eo0UZ3QJp04ArdCUdNXT_bkRpStx4OmxBmS4SgyvUnBLMp2gfNeb8tMxJqAg9Fsu3YdP9kSEnw|https://lh3.googleusercontent.com/p/AF1QipMF7cbHRgdezi6grnhIt_mjmBljrKCuekLAr-fF|https://lh3.googleusercontent.com/gps-cs-s/AG0ilSySKA65eoAfZhkhJqD6dGrTa15LBG_MV08ovpYDuDLzGwZDNRuf2SQoCUSmWRvPUpEuuvnfe8RwM9hUAiFLFT5kqggodJBZZmzzukmGCr-eHndzADN6NpGVLz27OmE4Too26yVr|https://lh3.googleusercontent.com/gps-cs-s/AG0ilSx3J0VODx9dNU0kGIXAr_s5i7j-mCGTxTLBZ6lhp9EWu05XYOJHOn9WNm0HFxYsrcwEdXHdgGhBhF6-ipKPdmZKGubdZ-DjHiwjYoQnYrjXptpI4izkKCtDIfb7q9ajbpOIZo7qKg|https://lh3.googleusercontent.com/p/AF1QipMfWY4vtBjtdz4ufbVSUHRWUEUVPvi2_R4TevTv|https://lh3.googleusercontent.com/p/AF1QipPjFgDx4MpcC5DUwcv1eMk0di-AUFAhQbA2q8Lq|https://lh3.googleusercontent.com/p/AF1QipMRVCT4_OkYXGMFvEGgpPlQzi54NCFk3mIP5ONr|https://lh3.googleusercontent.com/p/AF1QipNN-TaKtLMtXcIoaQQH_Z8VJFFhPC5VX56V0Uaj|https://lh3.googleusercontent.com/p/AF1QipOn71P-ITrDmgqqkdzyjzVll_NajDY33aXVE7_j|https://lh3.googleusercontent.com/p/AF1QipN7wNf_s224TwACt45RXEAYFth1fzVF3X6W5V4h|https://lh3.googleusercontent.com/p/AF1QipPz6VyDJ8hqx317GoqIotAn-v1xwLUBtIhOg8Di|https://lh3.googleusercontent.com/p/AF1QipORLjwq28OmbamMx47jnrE7om8zUU1Bo9afqJrd|https://lh3.googleusercontent.com/gps-cs-s/AG0ilSyDy1zhYIMCwMKDSG1nnd9OOZIR3CRJy5ldlE-yqlGAhLD0Z_Kb1BC2sPj3k-DLXhyBSfKsO92aiucGAFl8YRuLEttFnStk5vFKUBw-iynCjSbVLB0g0ZL3Gg429ocuox1sSxNs|https://lh3.googleusercontent.com/p/AF1QipPy9_TdXROfB67zSck2D7ymOM8YX8fVyn2ifQWj|https://lh3.googleusercontent.com/p/AF1QipN60YdlEFOl1fHNBmFy2c4u6HdPtgfUGXWvUQvA|https://lh3.googleusercontent.com/gps-cs-s/AG0ilSxSs0en3RJCiThxK6c7UigDlKIzmRragSlMGtfwh4L0DG44A8pylpsd-bcUOP67gGiESkemcY-QTcEUu_Y3JpBCdjX9rLR9hrHjvOFOZqsLgY3xNV67bbG4EO28eaSDCQXlKXvB|https://lh3.googleusercontent.com/p/AF1QipPzibZbc0a41XKpxVQ1Jc6HAk6HL2ds5Q4Pb8Eh|https://lh3.googleusercontent.com/gps-cs-s/AG0ilSyspsXJ-uaeAF6nXPg550PHEYSkd3L-aBTDwzoLSls_VbDXG2BO52qoHtWsAqjnaboNyxLFEJrmaGXSdaFehudnvsvCHshq41ojbwlvoW32ZErWScXnapereXUzB-aErkAxNagp0A|https://lh3.googleusercontent.com/gps-cs-s/AG0ilSxcZBaHAr9UMBmsTSCJSQKy8IQiehQ8OxfpdMx07jwfQqol4aaDzlE6Z9dgehlyWP4pN9H28GwgXNwT9FKjns9QgNoykKMoN-wC6NyIRAUyxNERAjKe7OVrIaczpwZjqGohTxtYAw|https://lh3.googleusercontent.com/gps-cs-s/AG0ilSzHoPZbpQwskJrWhzhUHossHXoLxWoJck-mSZKSIfqra1Xq9QJk7DLrlPBnMJQLNpCuHMsvHgjd4imxqh_psyQlpHQbFE6OqiJHlVQ9L_rPReWVlFm__yImd48C9xAb53raFKnn
N/A,"4 Rue de Suisse, Rabat",https://lh3.googleusercontent.com/gps-cs-s/AG0ilSwUZ7qFsT7M9j1fG-3qEGUIMrgKT7grs_dybjRX4KG0ErbPKNYTY4IKL7JkcrUdxHUwzlQe1aCCgAn3ZyHHH_7YpTDZAFFAnloEovCnv0q0LwgB9N7s7bfFjiuHaRRP2U9r9SyhPg,N/A,0661-442228,bloom spa,"4,5",https://lh3.googleusercontent.com/gps-cs-s/AG0ilSwUZ7qFsT7M9j1fG-3qEGUIMrgKT7grs_dybjRX4KG0ErbPKNYTY4IKL7JkcrUdxHUwzlQe1aCCgAn3ZyHHH_7YpTDZAFFAnloEovCnv0q0LwgB9N7s7bfFjiuHaRRP2U9r9SyhPg|https://lh3.googleusercontent.com/gps-cs-s/AG0ilSzhGB80HH-A4oTQ27p5jI2RmRasjvkIwf1Rni8QLvlXsuLMjbTBbpL4UOTCYybarzXvAfFGVXQ6TEijB0J6UmlMz812ipuLmk4og8lV2o8j3q83T89pDrCQhXuQwPHpUcmkYs-H|https://lh3.googleusercontent.com/gps-cs-s/AG0ilSxxqU4AbX6QHgymzFld4FDwiPAg-sah-b26RruONjriK_EKB_YutGJ9TD4_c-tI4lWLurNM5288f8WYpfXE7x-i59nsTver-KHIdg8czNNBG-0Vf_eE43tjccAwB9gjEIqVf9IGzGUHqmJj|https://lh3.googleusercontent.com/gps-cs-s/AG0ilSxwhQAuAuQuXsXKAJUMh5kvzyD6eSZTdpXbti4OJOSNYx8zpPHODGBri_o-SsJYPEiBhe8s6Jgx56velw3g7n_7Vcd3-tPXcqOWCx8WCuM5BM2NcR73kjY6RYOkyG1OsWR2kJM|https://lh3.googleusercontent.com/gps-cs-s/AG0ilSyWpuR7x7ErYla_UM9-N9ELTH5rdljMTDwrPmqdDPU185O30YYw4uWWG4UdgCm72HudcNOda70r0eWN0xDMEslUuQO7YFMoTOAGVreyRJzbgp1EoKwhlKO-RUApWbXCa1EFZQ-w|https://lh3.googleusercontent.com/gps-cs-s/AG0ilSxqZy9AGLne5lXcCkSpgfILEvdpoabf328ZLY44nY7qgRg1ZCd4wttPBIMFlHvjMPu4asW_EuuoMktj1CaWMRMuyRcVfwuOQZjgyP8UUeLOrz4GfQPMEP4gvKI9fTp5wX9SmU7B|https://lh3.googleusercontent.com/p/AF1QipPoxYNoaks-BOp4LvOMxupqrZfCWFeXQb-rEfEh
N/A,"appt 5, résidence joli coin, Rue Jabal Bouiblane, Rabat 10080",https://lh3.googleusercontent.com/p/AF1QipOB1SWQvGP4pv4CDKjGPNo07vk1aaAS4K2ciF5v,N/A,05376-75158,Thai Sabai,"4,8",https://lh3.googleusercontent.com/p/AF1QipOB1SWQvGP4pv4CDKjGPNo07vk1aaAS4K2ciF5v|https://lh3.googleusercontent.com/p/AF1QipN1eJ5CcCYoNeVsllM1RkTEHnb71th_bgPfYuSS|https://lh3.googleusercontent.com/p/AF1QipMpDsNwcxpCsP0COBCa_e6EDOkYDkG5woukDe1q|https://lh3.googleusercontent.com/gps-cs-s/AG0ilSyffWsz4N1eeVvpUgyytx1nf0SxIxNhz9m1ADr4FvWGT15iUC8GDpYY4SqW1YgTwS5qHTm0qkm88PgtraS2BYkj5JnKqptUxwGQzs23Oo-v1Q5pxByQrUdQOp4-733T1QgbsNQM7Q|https://lh3.googleusercontent.com/gps-cs-s/AG0ilSykYLSVDMpU0KKSgpVbHQffXsWQQS_Lpk_pfrCYncYpXxWsyZQOeLNT-V_p0kKCzacuFs522lv1xrLyEmt0cltWY535IrbyfKQ3vPo0HXGDxnZAOMng0-WencD9DLrwU2y00Ln6eQ|https://lh3.googleusercontent.com/p/AF1QipPouzoWl4vcP64BnL57TeDgGSZEdTXroX5BO0La|https://lh3.googleusercontent.com/gps-cs-s/AG0ilSytwdRenjNhCZkPTmuXHYq6-kV07WjIH-q1RfDn_U7l2-GU0qEJ4qXPA0Mzv3SPZ2cHB4PzOfSpxX5Ou3oqLGlJtFOBbszWfUZWdqKkgsm9ZGS3pw6v1mapnxSA2-N40I0Wvl36WQ|https://lh3.googleusercontent.com/gps-cs-s/AG0ilSzBHdjDYHlQG_hJz7du86s6ZC__998q20mogrRz9COhV-h5FcRjJ2Den_Sgdu7HPxkD5EvOrl0wu5alFamEP7Ff4Hb4fLVdjhDxx9S41dmMKcyi84L1AbEP2yy0wVGlRpvE5IVCuaegcNpe|https://lh3.googleusercontent.com/gps-cs-s/AG0ilSy5Lm5wexVxeMDbO_xMkDCboNdH_u47rnkItR0774llocA84zmmX080MElt9Otq3k7ximo7iI1I0ha14GKWNSAqOAAke0W_L_kelvMuFBr9Baa6SGUU-IzHlxxFg76bMFK2qqy4|https://lh3.googleusercontent.com/p/AF1QipNKxyZvdsCR9WsMktfeO8EHaQAmzkdxk-HSQnCx|https://lh3.googleusercontent.com/p/AF1QipO6Iv-eOR9sn9sNNYxb-gzM_zYR_wJxxKQc1i1a|https://lh3.googleusercontent.com/p/AF1QipNhFtNaEz5Z_lrCD4eAL4W3AfaOMy-ex2pxXc7Y|https://lh3.googleusercontent.com/p/AF1QipMu9yiVlwFpEaQTyHIp74MmxahJ4E9t8za__Yoy|https://lh3.googleusercontent.com/p/AF1QipO4vmy_DRp01_itCiJ0ODeaKeYT8pZeG5TQ4dXe|https://lh3.googleusercontent.com/p/AF1QipNE6SVw-59qzn0yfVtE5GkzxBhOHrDKaGQd62Q4|https://lh3.googleusercontent.com/p/AF1QipP8JhEPFYPsJN48WRsApai0ksliMp-23OdN40jv|https://lh3.googleusercontent.com/gps-cs-s/AG0ilSyy4BOlR_iUcIywVa0N6bfni8tjhsySjzzcE5PovQgC0ibLsJ4l0BwW-IaZiJALRJawV6IA6EWIthFN88lREqx-qReNratAClVNKzc6WNp1Wye2RAEX4nu4zrJTlaVlG2If7nU|https://lh3.googleusercontent.com/p/AF1QipMIcIMO-r4QaonfySB9pbpb0NH8mEnMoa3otPRf|https://lh3.googleusercontent.com/p/AF1QipOg7W6qfeEoKfGc9Ho3t7_LnqLSSRJPuV6s8jjQ|https://lh3.googleusercontent.com/p/AF1QipMS4BHqXHGaxbsBWpYMr25OjAoz40a8xKs8xi-p
N/A,"12 Av. Jazirat Al Arabe, Rabat",https://lh3.googleusercontent.com/gps-cs-s/AG0ilSzdBHCbV47SXoQSqFs4-TwwFDO5AHTgVDS5Enzt_sZ6w3DQxtW4hXacKaoCKty19HWhpkdOymoCsFWkG0EFBBWXg4_49GSF0k6yZ91qNuAdIDlRHJnNpk0h9VrZbWCO7V7fh31xMA,N/A,N/A,Hammam tkatek - حمام تكاتك,"4,6",https://lh3.googleusercontent.com/gps-cs-s/AG0ilSzdBHCbV47SXoQSqFs4-TwwFDO5AHTgVDS5Enzt_sZ6w3DQxtW4hXacKaoCKty19HWhpkdOymoCsFWkG0EFBBWXg4_49GSF0k6yZ91qNuAdIDlRHJnNpk0h9VrZbWCO7V7fh31xMA|https://lh3.googleusercontent.com/gps-cs-s/AG0ilSx0oXjMRVEwkAYf6Icli9YQHp0f9d3DshBf4QiVWsHYa46L-qdANjS1QIBuNIeeP3QPMSZzTFGCBMlGWheFhoYB2zY1bII51beeGZ6Mevg-9pkjeFVSob1BZ5l7gSwdne_JKtSF|https://lh3.googleusercontent.com/gps-cs-s/AG0ilSxjSNL3dDAI4HJFGEhhCrA6cjd0keM0XEkqexwy_peZEjBgOkhdOTwWG5eIW8QfR0zK0z42qLzG37vC6TZB_Y0IL0zFWil5ZDMKAooi-xNcsfTZkrG2Vze9CVprma9_3ymouOUN|https://lh3.googleusercontent.com/gps-cs-s/AG0ilSxZkM9lb9mJxn1scaXFTT0EYmKPKBQ9ja1sn6u8V_tmJzItrvvVtyEpQVeFKdqb56_Fhql7sgsoRKm1xqIGutONugVMJwSNzx2nnJSzaj215Gmzy5BW2c3VXAY-u56BwU1S5WSh7A|https://lh3.googleusercontent.com/gps-cs-s/AG0ilSzaIwzOnonaGRYtQ5rZFRvKZNMxfqQy6R2xVWB40DHPQ4Z4eWooRrv1hah4T9eJNDaAE_9EVj0vpbEVKqYPU0Kh55W15_bBVQe2UTnKkI_sOkEy08K30_WL8Nu1stSSnDjC3i_l|https://lh3.googleusercontent.com/gps-cs-s/AG0ilSy56xxPDQf_6zoRMdw0d_Jx_tkLmpYP1r8XCKe5Y5jrPZSge6NIGdV2wgVSj2QPeN5HsbkqLXRq7pa4alPyvwGU7kQyNgI64cXA9mHuyolcwqO4jMfWhidquqr_11PX56OmtDuG|https://lh3.googleusercontent.com/gps-cs-s/AG0ilSyYlywjIxxJStdAZVcAhqd0oh5Bz8TLJPnEyNkEXjreQMZmCQTuTfDRAUKIiTlNy3bd2JKgHQPE1FsQekqEutHbwJpWi49Uv-zuzIUaVdgsGDUHlEZ6JMVxXeC3okhRA7wPqnsC|https://lh3.googleusercontent.com/gps-cs-s/AG0ilSybVE8OM7EnsFpSU7uCmO13UJ3LuwC_O9bN21nHdjFWj18ZxugP0VaiQzcZ47dlakm1UkoYgQBEvXoxFTySvYMWiCa6K_HSvD3Gehx01iGnZjLv47eRfwPHz2BDYqLS5GrnVE93|https://lh3.googleusercontent.com/gps-cs-s/AG0ilSz0CyEWftSxXM_yyzt_drUcVuUcasSqrKtfFKDASZ_n5Zk8lYTJn3Z6uGauFjILqgiqf-J5UZP3tVLkrwqU4V593wL0MQl3ltW2ACnQGnZ6XPr_nPZYudZMyI7XOdelPc77ZLo|https://lh3.googleusercontent.com/gps-cs-s/AG0ilSz6Iq7_0nUZjz1kaHXdNFhblm5j4fKAqwooPV-FMupIrhjtEaelTYC-lTa_PuXZhGJ7bG40OV55tX-7792Q0Z4m69MbRh0CIVQVU7obuHAkE2vdi3atfqCBVUSdx5RrZUKQ1h0hZg
N/A,"Av. de Fès, Salé",https://lh3.googleusercontent.com/gps-cs-s/AG0ilSwPqaqSiUeSwU61LaRStuC613c90tLqvfKnc2iWJy-zySgiCf3SptL7FlaTcF0MmqnNAdCJ4CeA3QGxwdFtUGep440sMg6WQPENA-VXHbB88IdjHl5EzS30iGapI8CWeAGf9c_YQw,https://www.fairmont.com/rabat/spa/property-spa-detail/,05378-20888,Fairmont Spa La Marina Rabat-Salé,"5,0",https://lh3.googleusercontent.com/gps-cs-s/AG0ilSwPqaqSiUeSwU61LaRStuC613c90tLqvfKnc2iWJy-zySgiCf3SptL7FlaTcF0MmqnNAdCJ4CeA3QGxwdFtUGep440sMg6WQPENA-VXHbB88IdjHl5EzS30iGapI8CWeAGf9c_YQw|https://lh3.googleusercontent.com/gps-cs-s/AG0ilSykEcFFQGK5sLELa8urqnhZY_8AeseytqGdP4ZXjAZIfpCt4gdWmuT3fyaKVkOyNLyQYVdoqgX_Ck1hNPHq14j-ttxDm2W4aMm6G9SA4uDvs2QFR_AihKNLpO9_mxsW8snovK3H-YwJC-6P|https://lh3.googleusercontent.com/gps-cs-s/AG0ilSzzUQ5DaKCrQDGhjyT3Qt4YQKY4pLp2o04McJbFz2a6WxiVjO2LqrB5ppyFf7XAlTWvVNkmkRa_ikwKryoGMAMisj1uEqd7AyzmdK0g9wOLZZJy6Wbe9fwM68-Kz_fTbuvWCZDS|https://lh3.googleusercontent.com/gps-cs-s/AG0ilSyLdWwjZ-11ij1SPmoRnXUrzwXN9MQ7BrmJN1Z4zHTGzdxbCktoCcK75z388gIh0ymTNcmefSpziaGS-yLKrFjjJyjw1X0nDD7dvBpvjyFmVDRJza5FHfWO36KjD0zdwkLlOW2c|https://lh3.googleusercontent.com/gps-cs-s/AG0ilSwlRSbjtErXuMkfFaOdsYXO0mkGMWbkWBTQMbilmerft_7hMm1gRpfOvj367XSLK13GhCGJ-PE_VpQHJAIQEjreqiyvteQdKVEJkHBmZNyRrc4_qmjZhJYv26Zu7s-UKFD0S0nk|https://lh3.googleusercontent.com/gps-cs-s/AG0ilSxEi7BZ6O0wD9FjUF0unbZdwChfbCkl_YP5CApq17LZL0AfxaU-MAXKb86ThbE2Oi9C6hiCAm5jSIra7VVBG0uYPY7vK_wykpEa2kvzYx-l9_zlmmTVtX0JBk4rM2Tj23KVthmk|https://lh3.googleusercontent.com/gps-cs-s/AG0ilSwxAgsB8wP2Ehy00bofklrHp3zuLzov-HfwnYiifkizx_yJsSUTzM6HXOj53rqXVHnioIoQiQ4RxTbxg_QHy17LYfQ2yT79wTTw64cBSDxQvYaKivyFY_Ve6nrru4OSU0BVDIXA|https://lh3.googleusercontent.com/gps-cs-s/AG0ilSxvRXSy5R6vh3WDAv0uyvHYdbGx4JG0MxIzRdc7awhlgDlqGHnYZsSpnqLBeoZFRdq0qZiT9WZZha6dCUGoNfd1_5Zdypk1YD0O1sKlEgUv4T5KmW4m5IE7oL5SVqMzQvrHRCkx|https://lh3.googleusercontent.com/gps-cs-s/AG0ilSwAMBy8JgjoLy7kHldQ_KV001b0G1oUp-IS6LonUyQ-2N9Q5Ibv2oq5kPPL0ZwW9G73iAV75P1FQK80DKnJctNVK1DfQhrEpJW2g1D-_PUGAeyqukKAtNnTHlB2kDCK2tGuNyn-ww|https://lh3.googleusercontent.com/gps-cs-s/AG0ilSzn2BQxibItyu28gOiVZgS-GCtL785mZH2LgXZSp9X19T7CpQo_W48rpfHaeOdcTGoRjlxOAtMXSg3bPNihAMf5SEWv1XEPZVPGZpbE1SAPYncvxuQJPND3DlF3jMH8gZL1XuCnBw|https://lh3.googleusercontent.com/gps-cs-s/AG0ilSxk0PxmPoUhsRwj4s3uyoLwDaYArz7N_EUpdI_od8gKuUX9X3CrrWgatkKATpg4S1x60O3Qn-FkyGN3yN50BfFnAn19pJxPNTBkwTJqq77iD-otTLJAv9K4DV7GWqVJCs9dn5HbQdJgBH1f|https://lh3.googleusercontent.com/gps-cs-s/AG0ilSw4mkKjtzIsMSyNdRDYtuWJC2K7COhFqvV7oHDp88ZvaLKfQ3GoNXVSmUVg2cvh5ZO5HbeNN1twsaO9MLnPgbnPCPfiuaK4nb2YpROgn5bHEzjAfIjV5tXLeX_oB96xbmiQ8N9vWw|https://lh3.googleusercontent.com/gps-cs-s/AG0ilSz3fgVJah8TvaEN4ww_qxVt06vhwXaB-WtpHusCuiIJrEbiNd-IXbg_YPgjpDJopDZgbk5z31l9eINrh60R1Fd7SWI-_DSsQOBx5pcxj5J77PZ7BY3CONOzy3LJHCZ8wY9xbzksPg|https://lh3.googleusercontent.com/gps-cs-s/AG0ilSzZ8W0nFsWlqkYaX7men_658uuyljY0tMZQbaK7goUq24xRb1uxcQSjzz7sDdpR60duesAd0kh1TiCQ_f8wl4XPBMHuNUORHOQjqEHng3kHML5d5nAngSONfkTiYJX4Mv6xyQ|https://lh3.googleusercontent.com/gps-cs-s/AG0ilSyFxq57BlWt-CoKrxuzmUi-VtRBoFL0OJ1r6nHFC3amfcjuHFtFStPBO_6aSgRq6M3K-U0o813bKf43qfmEFj4raJFBiWBfYwL8Ue-lzfkKLIqcTY0WB7-FxZPMQmN-cC_i3zD2IQ|https://lh3.googleusercontent.com/gps-cs-s/AG0ilSwVjns33w5xBLWmm0Mt9DUgYfDvU0XDxWjSdQAvKulOEdjLRa-kAkg4Bl5mTggA642heU1DnIP7uGYgrX29M_R7mq2iKPO9ORpCP4E6Zmwb2DkdrrC2pYGlTdARO9C4WKa3PYsx|https://lh3.googleusercontent.com/gps-cs-s/AG0ilSxBZ6DizOe1vg39XVX0kWsgZxcRI4Il2zev8UZeOlGmKmLrmuo048eYgg1yMC8s3aiClSdMRwGEJfdg4oNJ_-GGe0_rXRotcuFYunYjouzp4c5LIqPzHhRRtlZDaqFHHWygobO6|https://lh3.googleusercontent.com/gps-cs-s/AG0ilSxkNw4VaaTE-LnEy9pvaepGKcf3-mZAP8Jmw5p0D2V36ZTX5pabqxs1M4KozeZYFBUJituu1bUImaXp6Bfk1sm6hBMB9KhDNp9myKt8GdVqtquoaa8euvwMmjkO0zMX3fnLdJIfoL_J6YxQ|https://lh3.googleusercontent.com/gps-cs-s/AG0ilSzYWmSiv8LbDNCsED7KZqlvE5Hzmw9OKurPflln4vg0KM_SRqWRT52O9M8UL-2C21SYVDwtkIK9kJCz3URgRXI7-ZurEYaBlSL0ODrw82HSBUWL35t3-iO-Pi65riJiBChNgFQT|https://lh3.googleusercontent.com/gps-cs-s/AG0ilSxPN0y9gFll4eUA-VIEvXCvj6Hb2h89hqHBfqKwawnU14MVCSdJgpZHJnmXEsW_BfEKVQFsuRQ7v5wenQgfg3YAZx7WTV73MTH4_n1bovT_ho3VV3wpEAi_MXcMlfBgzBaejAro
N/A,"Prestigia - Riyad Al Andalous, Riad Al Andalous, immeuble 89, magasin 19, Hay Riad, Rabat",https://lh3.googleusercontent.com/p/AF1QipMQlv7a3Oj7b4T7ft8UR3sNSDYbjOipKlbXkFN_,N/A,0530-069262,So Spa (Prestigia),"4,1",https://lh3.googleusercontent.com/p/AF1QipMQlv7a3Oj7b4T7ft8UR3sNSDYbjOipKlbXkFN_|https://lh3.googleusercontent.com/p/AF1QipOAhDwGEAmqvs2-xQZAHHfclHv0zWsM7Kunld__|https://lh3.googleusercontent.com/p/AF1QipNeKIRd-7R2PO_Rh4eXQtnrnAVJiVp9AUW4Aqa0|https://lh3.googleusercontent.com/p/AF1QipOSOWnOmxbaQAmdzgi1UWadiBX9tYlFhbOwOfCW|https://lh3.googleusercontent.com/gps-cs-s/AG0ilSwPcGQbs3-z072kimyJnLd8lC-gR-kbrdoiRaOHpEqgz9ZLfqhFqLb8cX7gLRQ3bUDlxdVeiAQ2aBLoZCgdGNbsRcNPmNCgB1xRaVXJ8Bu5Hess0yD_8ytyAG1QjImiayYK_QRa|https://lh3.googleusercontent.com/gps-cs-s/AG0ilSxLvoLnj_4CHtEwKGDGFRA5upyc7W1akCVZm1oBUl8QJ8WP150lgiMF_Hf_z9rPiLrGKnDKGo9RDKmRZc-AyggzgNzBakbViqad_ojdAsP16I12weYuavvww_PBkiAyO_StoMnL9A|https://lh3.googleusercontent.com/gps-cs-s/AG0ilSxyvuH5YDg9lWLQ5PeH5KZSQ22vXOeiMXsM7FDmqEbzAfNxNAr3Pmqx4nfKs6aFflDvcEzkcsshFzJr8GuYvAPxbTVHzgTe_ppx601YE1b1x2xkj01Rgo3W6cBuy846wzQw5peu|https://lh3.googleusercontent.com/gps-cs-s/AG0ilSyBHR4vQJT1p3jgAv4KAODv624MSZxpGe-LKqVm_ZxLDBjuD4I86NMuob_lv0u4v4ljJ3V18eRY0rT-lZv0aEIL_sil6CXXqG7FQ1gs03gakF_2CLTWTP-t2w75f49RRrPSJQSD|https://lh3.googleusercontent.com/gps-cs-s/AG0ilSxriastbOsqRRkCsb-v7ofKRgsEwz49uRmRpqjS9VmfnOWr4IH9zIB4JX_HW5E6UxnDqsY0mq__H2OlDX2LJkXN5Z8NzqGgkqDtO4UdN-rFuY9KvYL5y2xLYZXZY8FYlo_BeLtzqA|https://lh3.googleusercontent.com/gps-cs-s/AG0ilSzSTm36HHRpgJg7Zc21RY0sD5obmAct6mEKo_59-szrER0_easUuu_PZc1x0yaSI2QkrZgolzNzmpQ9q5wIt-pdgnUF9cMB96PQTKCGMIeWBpF9NBdcdDAapF5qiRNu5gkqEUu7Dg|https://lh3.googleusercontent.com/gps-cs-s/AG0ilSyniuplJ9WPYLY8WfNAFP07d6BAZxWhtIdKoE7hMRklisj_Gla7UguVgYWLjB_UGJlflI4Tw7Nmr4tG8csrxfZZtmIGyCxCJ4-hfz98DOhT17NPUoH32mKCM739uNUBGhEu7Kvk
S'identifie comme géré par une femme,"Magasin 1, Amal 6, Rabat 10150",https://lh3.googleusercontent.com/p/AF1QipMt4372HaRILtvgBJoTzCOP-4q0WEUnkR5BZIR4,https://www.instagram.com/les_camelias_beauty_center/,0667-760968,Les Camelias Salon de coiffure et Hammam pour femme Rabat,"4,8",https://lh3.googleusercontent.com/p/AF1QipMt4372HaRILtvgBJoTzCOP-4q0WEUnkR5BZIR4|https://lh3.googleusercontent.com/p/AF1QipO8sDtSbhqXVqFqtBX9AOYTWM7DCyTke4tmgiwk|https://lh3.googleusercontent.com/gps-cs-s/AG0ilSwsPrtSGiNyenYbsrh2ut7a7my_bHx-xBPubuM35QDmsn85zqyahX-O4OecjABYjm-DP3ydRYjEljkVrGjFnxz6J_CDAFgDL1YfRAfO9KZbeic81Kz4-n9Cfe5OLqFlPiHUssOWHvpSrkA|https://lh3.googleusercontent.com/p/AF1QipNmbM-yA_TQmtgqd1AY0VVHrCJhr9SIFXU42XPG|https://lh3.googleusercontent.com/gps-cs-s/AG0ilSzV-UGiMQc7ftGAx61Gwd8F95dodj3IJNiSDkyWKSik6Towg0-h5F9el1Kj8MP6d8ah_KhiAfyX2I8XddGK1Vl4iI1wr58FMrlVLWzUUWVi7VF7DJl49VIrTiXnROLQZgDpSvqsUxqv_UFq|https://lh3.googleusercontent.com/p/AF1QipOCkAmRr6yb5YBbvMens0xnene9qoXrauqhEFpT|https://lh3.googleusercontent.com/gps-cs-s/AG0ilSxTiRZ29AxfKTHEBfGLwg40zh__zskhWYcSJP2iEdarSv1MD6Xm0hc_agHSgJtikjO9NMXNaI1AF3U986rsJMqKHM9IIazHKtIavCMbQMjRIiigJ-HRj02Pa1IdiCItrL_7D8IAsA|https://lh3.googleusercontent.com/gps-cs-s/AG0ilSyX4Z0suKw9f6aG2ca-X3EPTubyhJ5DXsoAJARxqzB6iC-ujqUq88gzF107TbRMUQJuBcbQGEgnfPHT5wK5D1MJI99V-7BbhAdhAUqgemy4RraJkB_74YMTB-fKcGRXFeYFAGLifA|https://lh3.googleusercontent.com/gps-cs-s/AG0ilSwS2YZp1nFIFamvgmLtfjRy_2gog6vibXOfG7UTt_lNeU3f9e51179SK09jN-X56jvNmKnBW5pqMoWtkXxeWV_zBEFkB5I2hvt27762aQYoPVTGxDDVZ62NTeFkw9o7fSAuNA99|https://lh3.googleusercontent.com/gps-cs-s/AG0ilSyhJ6limBNXiWhWgcUC7dJIKIObAQKTnYndLURprOWUFOURJrPIiHUN9OAumgza5TYhOzuqqIEr7tp6gxgemp03dB3mC45LjeWUiroK5yj8u35SRrJ84P8S4edqxKbG9x91ggFd|https://lh3.googleusercontent.com/p/AF1QipMj9I6pUywXggs1R3qq_zr_tJkiMnXluPlsI_uu|https://lh3.googleusercontent.com/p/AF1QipMnlmIrJT1rqIApRtursTUg9n4DRICFG28Bf0bq|https://lh3.googleusercontent.com/p/AF1QipPlQxS6No7JoAbEuhAk-rjDM__eP3KmKHoLvfT8|https://lh3.googleusercontent.com/p/AF1QipMlOAd91k3yasin__Vw4pThCNT1yXFoY3R4Da4E|https://lh3.googleusercontent.com/p/AF1QipPqVPBDzLtTgCzwKPZA4Yh6JiKn619xm3MNnao0|https://lh3.googleusercontent.com/p/AF1QipNqBewyQ-MiJJA9nQ-xpZ3sBk2IuP0Fc40YyW0c|https://lh3.googleusercontent.com/p/AF1QipMw8oCc_XHwx2cxP2jkOHHijhCfyojwVZ48gnNX|https://lh3.googleusercontent.com/p/AF1QipPaZmGZbGyoFUr7z-wBzUnxj8BO6rhdl0Mq29Fm|https://lh3.googleusercontent.com/gps-cs-s/AG0ilSynALFOeAOT6CRazerY9NL7WNwUG6UIQGF85i0Bd6U1pe1V0RVN5JUlOTb5pMtZP4sL_lde-Rk03aH848U-jBdkDEvBEqCLD7TB2T6t6bLLeXTr3jV5g0ETd0uCYcpaw14EtxQZ|https://lh3.googleusercontent.com/gps-cs-s/AG0ilSzfV7WL_zmBCxAlq1GzDF2mRjtg9UnivdFe34xT25XrWKXo26piIGCriuAEtxuvTvl8m4Gal_bgG0tErfMPXbJZS6V_xyjD8mrznz5qPlBWe0j48RYgd1xHcOshXLeH1CDKX-Mq
N/A,"Rue Abelia, Rabat 10000",N/A,https://www.facebook.com/beautyspalux,0613-115560,Beauty Spa,N/A,
N/A,"44 rue moulay ali cherif, Av. Moulay Hassan, Rabat 11000",https://lh3.googleusercontent.com/gps-cs-s/AG0ilSw6e91c4jGFjDCFckBSkqHTWUOCjiou2D1Uvpym7AOF9NhRUZAP2cvbk5_vU4_h-ygB0QW5urbaxBhsNtRMg_xRfQkuRK33AvHHMFHP-tPGbpHMKSqQRQUDw-vWcRVz59-GtGQ2,N/A,05377-64777,La Belle Dame Spa,"4,0",https://lh3.googleusercontent.com/gps-cs-s/AG0ilSw6e91c4jGFjDCFckBSkqHTWUOCjiou2D1Uvpym7AOF9NhRUZAP2cvbk5_vU4_h-ygB0QW5urbaxBhsNtRMg_xRfQkuRK33AvHHMFHP-tPGbpHMKSqQRQUDw-vWcRVz59-GtGQ2|https://lh3.googleusercontent.com/p/AF1QipPTWXRwLnc0aGy7YCAWKHHSYjqFBU9CEBNbN5rp|https://lh3.googleusercontent.com/p/AF1QipOdpnbRlsf-c3rAIxrCIq22DXx-n52jkA_W2cBq|https://lh3.googleusercontent.com/p/AF1QipMrzIRahNx1dMpc68DpUNUXzmn7IU8jJbwk2TxH|https://lh3.googleusercontent.com/gps-cs-s/AG0ilSws162I23olOPV8nTsucG5HvUEzBHBMJUctEB7LN1-02LhZxcLTKZ3t1HL26j8MDgQsIMMwWe3YWyH-FDmKKg2TUlW9sxCLmbYSDf10PjigYNjx5Oeo2wvjfwQpRNk2vzVojnqA|https://lh3.googleusercontent.com/gps-cs-s/AG0ilSxGY5TnkLMbifUkVtwWcCNRn9mLWIcnRgOcjXK1mMWO6gd804M5ZYnbxa4yt3yGEkWBdwOmYnD0BXXRAp5cDjM-eJTuIpWSgjVOKtJu1JNUSeV9fdDy6YZ_La2Jb3aZz68m6ZK3|https://lh3.googleusercontent.com/gps-cs-s/AG0ilSyScQTLZtDcD3rB9nUreSdbCSQ23gtChpvNVvQ6c7YniaFWlfPPjZomg5XaAIORUfvHmsukfTcKbcNDhYyG-x5Y3w1xF7w575q3D5Pa8lFUYygHudqRPvSFe8dKs0J0QBnKmYdP|https://lh3.googleusercontent.com/gps-cs-s/AG0ilSz4nPkQvwrPWWDaA5B7_q3LNNXn6uFO0wODxljaCUwik2OTxXUIY9o-7_sSX57yJ7U0Q6mIJPm92maMqaKwu7rNMyPTIQgXuO4w7GnFbdQHFcTOMymXHloaWWJsZZ_np8Vywgl8|https://lh3.googleusercontent.com/gps-cs-s/AG0ilSx64jTYTQ2kxP71TNnv8iGtQ-b0Vzc6I2HdF85WZkUtug-LJ1LHk_LThn0bxfKs5Yd_I2XNA-x3hcmxD-i8xS4bbcXf_Tmg-H_jNvW6Z8DbpykdD5Y0SRUCVcGqCuPuSOJl9DGF|https://lh3.googleusercontent.com/gps-cs-s/AG0ilSw5yiZ5jC7v7UfsuHFGeyAtaJkG-BL7m3MaRlirVxHsgnOtDmzZUOM-JcV_csCV_TspHPeHE6VE_USnsoYbf6LLQdFbCki8hqXszVlzxHPFHRBkmPrvpPwIA0FY0sxk5yyG0gcI9A|https://lh3.googleusercontent.com/gps-cs-s/AG0ilSzMkCXvjhdGxIhZrmSxfZ93kH0TD2H2RTQiZpunr8bS0-MqiHxwXBaz8gPPIamwJMmp1_mSwpsyACW8ZfDwgiMcX72RAvygzyTM3Jb15W_WW9JnOr911B0-swfxLA8kK6Dk0OywqA|https://lh3.googleusercontent.com/gps-cs-s/AG0ilSyOj46gwTEZbn6GPIiJ2O-Ahu-plg-kYrk_my0D-0vATz7d_rRdd1LY6PtBRl8m-BatwzfIK4T2H3ohTClohN8cav8oTBhWLmWSpt5hw68vPBCJTWlqS7yAef7ZZDF8q_PVT4-5|https://lh3.googleusercontent.com/gps-cs-s/AG0ilSyB2WyoucD6iRn_gPW7ffPJkTXK_EiAdjN0PeD2NuzFJwDRclIX2TkDUfdmR32OYWAvPCzfDdgPXvyArYiY6rrv_vrXbxfcPJnSy1nACrxm6rXZdWIxmchnuzx_gDQEtKR-O8pL|https://lh3.googleusercontent.com/gps-cs-s/AG0ilSxjF7U2kSRzq4TsxhhdxEj7a1wWnoJ1Z05AUf2rYUwr_5iZ5t7K0XJpDyo1Lie8yKxzXyoN8SdgDo6GVEprbFcVi5MRcQyESI4LkMQvN7IMaFJirzvb2RN1BDxMQMFAogWRYr5x1Q|https://lh3.googleusercontent.com/gps-cs-s/AG0ilSweLrgzUE8OgS4H2r37o45Xazo-MP-pev7Y-h8q0KAxtLNxCLjnZrDtCyEB397ASk5MmhqzqgFSUcfAEuGaEySUi6-iV29mjJNUMvxxzFUs4n_s8N8kfgAQBgw3zS1w5iSaeafc|https://lh3.googleusercontent.com/gps-cs-s/AG0ilSyruaQuWty8fq_XnO_O3UwlYmIoMdhzx7bSa60U09ShUg6sfqv2usk2qtuspuifQv48w3rKwf279j7K_oDxH22bLJJtRn2mFDY9s9uEQtoqf2FqIoXL0YOwvv0XBDskepfgKw3B4w|https://lh3.googleusercontent.com/gps-cs-s/AG0ilSzVXpQR0v3b2izYHG46xb8oP5Fj64bDhedkyXOUxveTfyVHFCn23ODum6FRtohD021AtT7BMSTAjnxHqntP3fZrR4yTicE7fkfaRIckR9fjWn9OzRsaNb5kM_sOMTccJuk5fM_P|https://lh3.googleusercontent.com/gps-cs-s/AG0ilSz_mwr-4oLSB90L_4Xhca8z_70YeEHciZKCz78yS_8UxVYE4HwIPszBroxkqFEij6UHkBcK7qVufu36okGw3xwuA3eNzpbXDc0bs4S_mkrdSrcqBXHaG3Jt-NTe67kK1x-7ccY|https://lh3.googleusercontent.com/gps-cs-s/AG0ilSwNn-po2FBwq6tgCN1dWIJztyEr0ZxAiZwqCCOQxfaXfs60exT_WJRgDJyp983Pmt4H05O4ft_ILB0E_2yqXoBQsgHRl1WOX-Ei7cC_2ieKFuFMLgShCirUNG2LSrAiIVud9SgT|https://lh3.googleusercontent.com/gps-cs-s/AG0ilSwrQULbtiGkFR1KaWLfA1hV4wxZUnoba_NQpjX399bQbxJiY9DH-h7hbHBDoBXhu9CiWnvJt7wv0oayHBadr03A3XbxzvdVH8aRG-bmqdqtFaCJT2XOQCd6DjHbruvQI8CWVvzZ
N/A,"HAMMAM CHOURAFAA, Rue Moreno, Rabat 10030",https://lh3.googleusercontent.com/p/AF1QipMy2cJSotbMcfeSCYJCgajL-HC4usNAkTG9LSQJ,N/A,0661-742127,HAMMAM CHOURAFAA,"4,3",https://lh3.googleusercontent.com/p/AF1QipMy2cJSotbMcfeSCYJCgajL-HC4usNAkTG9LSQJ|https://lh3.googleusercontent.com/p/AF1QipMwvCnX0kx3l8FOpVHo1MeG_p8JQaarwNtj_jyj|https://lh3.googleusercontent.com/p/AF1QipMq5zdPH8afzlfTO6lt1beRviGvEoQSdzm0Kzoz|https://lh3.googleusercontent.com/p/AF1QipMkH40mErht1wKpqULxUmbAfjd9OTixx9z03o8e|https://lh3.googleusercontent.com/p/AF1QipN4CVk4WAcxuHqVQ_AtqzGeKYVUnapaA-DMbyk1|https://lh3.googleusercontent.com/p/AF1QipPLCbTiHhjLniJ_JdrJRPWdpWMFay-gzS7kk8zk|https://lh3.googleusercontent.com/gps-cs-s/AG0ilSxqScqdFBHvrJ2FX6SoQqrWcxxv2MiLpLZ0lnHw8SMT148l4cmuER4Ob711Pa08dhA68LRwZ72_-NZIiXhpVataQcJ6LqIpBSgrJGl-ggZpzQI35S1XwITVm0ESN0lZ1GAIUeiBk6eqGYPH
N/A,"1, immeuble, magasin, 4 Rue Oued Baht, Rabat 10090",https://lh3.googleusercontent.com/p/AF1QipNCR8GAuhwcdcGkuMIapYXb9N3N2ZFb-Y7wXmiI,N/A,0655-730156,Still Beauty,"4,7",https://lh3.googleusercontent.com/p/AF1QipNCR8GAuhwcdcGkuMIapYXb9N3N2ZFb-Y7wXmiI|https://lh3.googleusercontent.com/gps-cs-s/AG0ilSzFnypi8Oxc1RolphPolgMxhRRuEyukcfijRRULOkpy5ESeKRobMmfdBHEcHLckQbk9RsLioJ9nV_t7s2gwWAJXvsT39HXcQyoS8lseAtEkScCC875Z_fDeXJBTgR4OICYWr5w|https://lh3.googleusercontent.com/p/AF1QipNWHwyzE1M4A1gR722USv8AmebBx3VCsnapvQpm|https://lh3.googleusercontent.com/p/AF1QipPbwjLRLNUMKmBWkcz9Xl4aJIEbiRmV48rnqDfu|https://lh3.googleusercontent.com/gps-cs-s/AG0ilSx8NjTAZ__5sOuT6X-vHWOfiSKj2XQabZYYQrjjTWpfxMm71fB9-Wn51-jeUqYyYjjVAUPzr9DMdmX6_tox7vRfLHgY47fITRJjrUE96sqeWvpqxBcOK8527X2PlcLJ0Mitj3nT
N/A,"42 Rue Youssef Ben Tachfine Hassan, Rabat, Rabat 10000",https://lh3.googleusercontent.com/gps-cs-s/AG0ilSyNAaTO4Sfm69Nww6cymZkFbla_yCvAoWJk3MCK8q50WVG2JUC0dA-At4DKTM8wMmTAwwDKCS6IjVenX5Qqmcfn_rKD5ARr_RK4MhoIaplzxRwLkxMGaxi1e6axxmnYm8PZD_WL,N/A,05377-01111,Zine et zen,"4,6",https://lh3.googleusercontent.com/gps-cs-s/AG0ilSyNAaTO4Sfm69Nww6cymZkFbla_yCvAoWJk3MCK8q50WVG2JUC0dA-At4DKTM8wMmTAwwDKCS6IjVenX5Qqmcfn_rKD5ARr_RK4MhoIaplzxRwLkxMGaxi1e6axxmnYm8PZD_WL
S'identifie comme géré par une femme,"Appt3, 56 Rue Oued Sebou, Rabat 10090",https://lh3.googleusercontent.com/p/AF1QipMQGd81ephDj3SN2ZF99ottAroWYYy53980bD0D,N/A,05377-74930,Beauty Hair & Spa,"4,8",https://lh3.googleusercontent.com/p/AF1QipMQGd81ephDj3SN2ZF99ottAroWYYy53980bD0D|https://lh3.googleusercontent.com/p/AF1QipOVj4Yz8A9RlIf1jIXoLWbGKzfC9YlKiT4IcE3Z|https://lh3.googleusercontent.com/p/AF1QipNWdoUPOM7jvFHjguxITDRjHgDWDw5XmH6MdNtt|https://lh3.googleusercontent.com/p/AF1QipMVPaLpiHU5XFsDauO4eWyh9UpjPf85arWlO4-Q|https://lh3.googleusercontent.com/p/AF1QipNJxFFFC2Zepv-BHBHGErSc3IzJpE29N309JUpZ|https://lh3.googleusercontent.com/p/AF1QipOwV-S6mbGpsRfDcasnfmMZzAorQo8PnUrPNn4j|https://lh3.googleusercontent.com/gps-cs-s/AG0ilSwMfNGeaB715KF9Hp3Um1Kq9mqtKa_NLAaSp707G-9NCn0QWzExK9Zi-A72VOuOcC5B9YaAAbwBjovkTXr_1yf7QBdjfLYZpveXvA1n6oeLywZgyGJLoL6TI4u2Rl-mjQzkvAG2|https://lh3.googleusercontent.com/p/AF1QipMWfe1SeWwg-jq9_EJ2skfU6K0tDzCkvx8vx_VS|https://lh3.googleusercontent.com/p/AF1QipNA4oU-k4YB4U98uwODdyvaWlQGYkYAbyUhXPyU|https://lh3.googleusercontent.com/p/AF1QipPLYG9u9Os9Qq2xBx8P0JQNlzQGw1sZaWafjYw2|https://lh3.googleusercontent.com/p/AF1QipPddLqeWCLl3x2OkMgqCPLN--YFb-dOOVcAUu0z|https://lh3.googleusercontent.com/p/AF1QipP5i7_JwzNr-LOiKHJRzdyD_DCLlM_RCBbZmjZa|https://lh3.googleusercontent.com/p/AF1QipOiv8ixgeTke8Hk7k4NIaEGBshQ74VGSGOn3vEq|https://lh3.googleusercontent.com/p/AF1QipOIUXw0qFnHZ-ohWBYBfPbhxN4ATJ5l-jQ1PYSz|https://lh3.googleusercontent.com/p/AF1QipMZOpzDIX8OhB4-gcIvtkEes8Rmq4nJKzHfKZPi|https://lh3.googleusercontent.com/p/AF1QipNrKZOodepY3F0pvtlHfcWbViXCmCIwVJoBO4_4|https://lh3.googleusercontent.com/p/AF1QipOwGSElPRIDlmcka-8qq1ybEYI8YzEoaarm1CLZ|https://lh3.googleusercontent.com/p/AF1QipPA_yoe3zTtGhjEgPfMBy5WtLqfDrjUemxC62V2|https://lh3.googleusercontent.com/p/AF1QipNqbutsVZ1XU4IuLR9enYyX4ODMHBcv2HJU5n_h|https://lh3.googleusercontent.com/p/AF1QipMDhWD-I17T5CsonGXCMd3gD_7zGtnhVvlKx7Ji
S'identifie comme géré par une femme,"18 Rue Bandoeng, Rabat",https://lh3.googleusercontent.com/p/AF1QipMzJHY2oAlFEVQ_HG29EL1CG58-R4PAOXgyO6dG,N/A,0615-154765,Hammam L'Océan,"4,1",https://lh3.googleusercontent.com/p/AF1QipMzJHY2oAlFEVQ_HG29EL1CG58-R4PAOXgyO6dG|https://lh3.googleusercontent.com/p/AF1QipPhf2wGEWFCnV-tezDasdpG_sI84J7BTo8sBFHj|https://lh3.googleusercontent.com/p/AF1QipNtE2hq_3tNTnoK0v76M6Py6Davq9RNSABgACCd|https://lh3.googleusercontent.com/p/AF1QipMBGhnOYWp9Z8tg__Hzihnb4IiujsTwmikFprjx|https://lh3.googleusercontent.com/p/AF1QipPTegRWpSGWWx0M0tzQaru8g6Aw-9TJ2cZ2FUzH|https://lh3.googleusercontent.com/gps-cs-s/AG0ilSweSO6iU7afyePRd4bqYsckMVZRafWB12w4E2S6WXV9ZN7a4H0gYbw0PoWkwPKNYs3ik6ZyoioIKLAeRX-wae8ZGcdrkNHE1eXZ4gtLjBnFvHtiiObWHZADPMU9Xb9fgkFAmWeL|https://lh3.googleusercontent.com/gps-cs-s/AG0ilSxT1TAg2GsyHxsRuYFX6dAzM2ZDfMkcpUPxCKZjdALWUGlamLUsmkK7L3lUAP7OJHxLVu8_GpZrDOatRDpspuN-leUswoT8xjFyGk1J3IkhkT3tllrxqFGcSaOB3YOj0QKSrBU|https://lh3.googleusercontent.com/p/AF1QipOvTJp5dwpZs3f9ZQ9je1jAgeKbiPMOC9w52Lvf|https://lh3.googleusercontent.com/p/AF1QipMQdqKVA1FWebFInOL5q1ytgXnEPTf9sc63rw4u|https://lh3.googleusercontent.com/p/AF1QipPS96TI32fr93VtG5Zr87E6Rq4NAk9GS4MI4_Qx|https://lh3.googleusercontent.com/p/AF1QipOb9hifNoz_EqQs1Mp8ZL-a54CKzv3rZXfclhWa|https://lh3.googleusercontent.com/p/AF1QipMN85DQ-9JaYlplOEAiy4rdY8fDkTpXr2dnOTUM|https://lh3.googleusercontent.com/p/AF1QipP1l7s7lbxzIpthWQxUVpvuVvz7hpmG8p6PXg83
N/A,"W3MR+FJ6, Avenida Moulay Ali Cherif, Temara 12000",https://lh3.googleusercontent.com/p/AF1QipP1l7s7lbxzIpthWQxUVpvuVvz7hpmG8p6PXg83,N/A,N/A,Massage Spa Rabat,"4,5",https://lh3.googleusercontent.com/p/AF1QipP1l7s7lbxzIpthWQxUVpvuVvz7hpmG8p6PXg83
N/A,"Rue d'Oran, Av. Moulay Hassan, Rabat 10020",https://lh3.googleusercontent.com/p/AF1QipMwG1OnLJeZztuwNHvDcQCYw6C9lCgMWI_tZV0s,http://duo-des-reines.com/,05377-61918,duo des reines,"4,6",https://lh3.googleusercontent.com/p/AF1QipMwG1OnLJeZztuwNHvDcQCYw6C9lCgMWI_tZV0s|https://lh3.googleusercontent.com/p/AF1QipNV4fZBNKiyaw8mfAddLi-i5g96pDcDddGwyrda|https://lh3.googleusercontent.com/p/AF1QipPeXSzf9pRRm0lPqTc7IlUAXdFBl7F1tGGmMD_9|https://lh3.googleusercontent.com/p/AF1QipMVMRi01RE4JyGqhRKvwkK7f25Dw7vRQiDQ2Ejw|https://lh3.googleusercontent.com/gps-cs-s/AG0ilSykbhkIUNShUWPETQvQrKZoS8I5TO6bc9NaDdNhVVfOdjGntH2o1NO4-7h5JxTBzl9NQU_9ygDyS3baMRzdAzYpb6HndPKtRffTE9hsHAGOm_UVeEMxUE_yYT4BED5Uhi3S4h30|https://lh3.googleusercontent.com/gps-cs-s/AG0ilSyezYAWps3ZvdGDYLbqBhV66hdbCAQStBXpt0NeDBWFmShd6kSr2OWmSIhQGpmpdV3JX69e-49QsJuf2s_BoLHKkGKiLlCs8XDOf9WYrCmUjt0ao0PMVNMFW4nkogXiUpIaY-nIZczl_lwF
N/A,"Av. Abou Faris Al Marini, Rabat",https://lh3.googleusercontent.com/gps-cs-s/AG0ilSzLLQGmEphYNr0iFlFLS1VoZbK6Mu77c7U18H3qIfG2N6FieNejw8hBgObOMwLcA9PKqFeK50lPAnBLFxDoTp22zUvN55UhOW9K1g3CuC4HO8g1B7_-bJk4JpuzA-_2yNfe0TcD,http://www.forceforme.com/,05377-04800,FORCE FORME,"4,5",https://lh3.googleusercontent.com/gps-cs-s/AG0ilSzLLQGmEphYNr0iFlFLS1VoZbK6Mu77c7U18H3qIfG2N6FieNejw8hBgObOMwLcA9PKqFeK50lPAnBLFxDoTp22zUvN55UhOW9K1g3CuC4HO8g1B7_-bJk4JpuzA-_2yNfe0TcD|https://lh3.googleusercontent.com/gps-cs-s/AG0ilSwJMeZRPFMgE0j5rGtVWV5IgOqVppIYsl31QltwCwOZ9lzCulZWU5YNZbGvtoiQWJnL2xnQ4JeYRiDscDgTEFBWBAM2zFzOorS6bgM3sgk4WswyuFZwTvbuwxod1ySIVekHMQii_S0AUg4|https://lh3.googleusercontent.com/gps-cs-s/AG0ilSxg_Bwv2tXwIEU0SO9ZRmcifqMAB68jJNY5BXzXmhERr9ktOFrsOAHGbQ_a41hx1DTmJuY8K97xkIl61zLecfUgQAiM9cx5pPzRVyoCPiVIzYMpYgM5jwHekD9ou1ZBi8TogCllh9e4IIhZ|https://lh3.googleusercontent.com/gps-cs-s/AG0ilSwipuOXmR90rR4OaO7LUQ4e8ADzp5lMHus-OZKG9mLhf8k5_Wh5Z_f1yz3wFv7SpS2_n-Pw8GmfqPI5ymUJdWOp_gaOgC9asq6BeYjuPoAple6u8ne8pEuzCMEgYbLaoLzD8pL9Pm8jT7E|https://lh3.googleusercontent.com/gps-cs-s/AG0ilSwuR25wZBrjjwVzAH6Sl__9AQdv4l8WYVgg2q-ylNOgDnxHmtBakHHjFZoxOH5fYNNSW7P5AEfHCdrG1gD8HjXZwGcbBPy09Ggw_bnGUpQ2YeKeNLx9OmKqL9OeiYR4WwpsPgfcjawCZ0U|https://lh3.googleusercontent.com/gps-cs-s/AG0ilSz6U_mgypkswgVnZtVgB_htBHKIhZoR5EbF_xaF9CdK0WPakNLBPn7HXOJ2K7u9mJAWjfEiFoKq1RU9G7k1rKU3eSB6GQjN3tY54-l9_f2xdMLQlcCvipMN2fNInu4FMc3qMknKyDkjLz-x|https://lh3.googleusercontent.com/gps-cs-s/AG0ilSz8okIUEcfOyysllkRqkpIrVJ5XvWAV7HvNPaZnkbfMB8UGsoMIW4Xwe_stxFEnyA9pwhrx3nNTQjSs2PmIbptU5gy7trGkkU8d9-hlkCtMTDILBoLl1sXz4KXM3kXKamP0igdP3gCUoG2D|https://lh3.googleusercontent.com/gps-cs-s/AG0ilSzkctK3s2z13hVH-7IjsYKjCHgAWfz5jNHmTg5YqhMISUFgCEIcxz8TVx3HLQUPvhCXvdQmrRTAGzMVTY_OFlQy0PiSDwuvDf88AqfPQAPHYpd38xNf9_I_krfv-DoLipnNi-6XsRS8iBQ|https://lh3.googleusercontent.com/gps-cs-s/AG0ilSyxErgV5Jn0H-VvaOCSycqypV2s3zfhr7AobkpX5ZN1BZBZ_eBc_BVpMCaUg7T_RhbioaKGRl1Iif1RzpBfg9IhFEGv9dCsAEkz-KXZso8KsXXcI4hbJSoQn2cGboV3anYiLGWmYXN4P9Nr|https://lh3.googleusercontent.com/gps-cs-s/AG0ilSy3hFJ8LIDZ67sQy_p0ttgVdu11QkFSwRPX9cgpqSany3gXimXyKOOpmXQFzjUVwhLMpw2GNWL8uaNMZNwkdxf7rhiyb87zq36IxAUnPTXTp3CLxqm2VPx_UW59nQ30sNWuFwBj6pdwpmBZ|https://lh3.googleusercontent.com/gps-cs-s/AG0ilSxiLc246rRh_EZABBdHWyvDlAboKZ0YFYuxsvIe-aJbZOGwdyO24NvzGi1oO3oIG9alcMBFtFDfSF12zG1_jIcmHjHBlgwugO7oPV11haFAjrxPKqq6oi2fhCYLGNOkWcT3V_gHvelSYoBo|https://lh3.googleusercontent.com/gps-cs-s/AG0ilSycOfftmIf6VPfpjD51t6NNOft6xexYc2msnxvyYa1_hwWls-aXbJDS8L9pWKv8bMN_JXMfNC6_3NNi7dcviDjghs_YPIGtk0N2F183hyje1jXSSRfrmfuLwFtise1YeTmF5KYY
S'identifie comme géré par une femme,"mabella aviation, 24 Avenue hommane el fatwaki, Rabat 10000",N/A,N/A,05376-59712,Orchidée dorée,N/A,
N/A,"Av. Moustapha Assayeh, Rabat",https://lh3.googleusercontent.com/gps-cs-s/AG0ilSy7YG-qS2BTk7Td17T7lpyb9OmziVUzLiqWxoKBM52j9_ijAnjEmquoN0KwyO5X9ytbGms30WbjUl-SAZBQA6IwPsOp4kqZ3Opfl2-ZQweDPoPxkQRo4TmpDmE1l6oBzR6Bzo_N4A,N/A,0775-268531,Noury's Spa,"4,7",https://lh3.googleusercontent.com/gps-cs-s/AG0ilSy7YG-qS2BTk7Td17T7lpyb9OmziVUzLiqWxoKBM52j9_ijAnjEmquoN0KwyO5X9ytbGms30WbjUl-SAZBQA6IwPsOp4kqZ3Opfl2-ZQweDPoPxkQRo4TmpDmE1l6oBzR6Bzo_N4A|https://lh3.googleusercontent.com/gps-cs-s/AG0ilSz4fK2NJLfheLMvCbZP0BkyanwKThQaRGumHj6sTjMvTvbOp5N5cZxS5MObbOTWhBQENLNjgmO86a9qx31aZ5MAv89YoAkh9a0l60CRkpeob5lx9cLta3NYTQ2BE-SA_4805ANxfcrqfvel|https://lh3.googleusercontent.com/gps-cs-s/AG0ilSxhjHDjmhUs3sLbg2RHT-I-Kcmfffh6OpYi6wmnNIB4Dn28B_qieVdULhpCAI3Aj7odVk78fZVq8PBtbFkC5oHyIxxN12O13WbvSOXF3QygQXAnyTle-wpN-50idm6xb0C0e0eX2eCC0RIk
N/A,"Av. Al Haour, Rabat",https://lh3.googleusercontent.com/gps-cs-s/AG0ilSyLJZTR3lB4rzSt_OQ67OTET9fWEGBOqLCF7YZ2S_eyNMuJATPUxFOlWWinu8fjI7W7Yy3gjuMTSoZEWRqNVrcOHQU1n8zZEkBJkb2GkflNzn5N4UkJAsMHpqXnF72pfNOAF0HY,N/A,05375-76060,Cavalli Spa,"3,8",https://lh3.googleusercontent.com/gps-cs-s/AG0ilSyLJZTR3lB4rzSt_OQ67OTET9fWEGBOqLCF7YZ2S_eyNMuJATPUxFOlWWinu8fjI7W7Yy3gjuMTSoZEWRqNVrcOHQU1n8zZEkBJkb2GkflNzn5N4UkJAsMHpqXnF72pfNOAF0HY|https://lh3.googleusercontent.com/gps-cs-s/AG0ilSyhHV2BQMta-rSxL--OE2aLcjanszw0Ak6hdDZDXebVqJboXjlSOAfzNv4V713L45EUhz-F5QQ6LFtXxscS_FOObZ_5RCBT8G4LNZEnUsnELOsLwAmisS6svHOIU180Qwumy9FrQw|https://lh3.googleusercontent.com/gps-cs-s/AG0ilSzdLlGe13uXM20HLSJ7NLa6Empjm6q4sxxjgCEhaTRDVsaW4bUhphdBMB9le8vNrhK1hkkqAuOQjAyTurFOxcdroaML1zsHmCmA3ZIGJh5xxY8IIZbnC1R80UO8iUZucQ1Px_Ju|https://lh3.googleusercontent.com/gps-cs-s/AG0ilSyHIaGOZ2oU6R2aQnoh3SSMR5nWbRSUut6E1A1mwEevY2YA5QBJhsDfPwTiaoiFuqjkbb8jJldwNyuF23_HIEDqlzLWDcaEH5Hel3UBGcjuTJfaiG2Qf2lcP8--i1lQEJoPuTE0|https://lh3.googleusercontent.com/gps-cs-s/AG0ilSwEbmaRf2028JvumCsN6e2_bh3T6qmPEzkF_2OfRxL-Ed3u_dVENSSAJyHXqYJLFGAdrAGMFkQcfEr4QjXUoX8vPyB_GF-6cNP8V6N_5EknsLufRLY1bv6JikjSo2jwXJkV82ce0g|https://lh3.googleusercontent.com/gps-cs-s/AG0ilSyWhUAmfi4GiEHezlV3Mp431_AfNdldaS9I7grS02v4Bc0Kbs5cG9T8ihYefNY45ELqZnWmCd3SJfetsdCR2ADYEl5oFGAkrPwckHJYL_x6WiPshISaKReWIiD2JEoNU_ys8pxP|https://lh3.googleusercontent.com/gps-cs-s/AG0ilSyuujrK1HssCMNIrRD_icIxIFQV6k_X45nQHsEEv3OmVW4JQJ-Ej9GXWbBndinvdfHPXbNQG0yaEO9f_nl9z8PB1xddeB7gBJWB2emd8wdsHGQ_fVvCdtCDsyGz6UCiMMozUi3s|https://lh3.googleusercontent.com/gps-cs-s/AG0ilSwL0GKqpc4VrpK50Ndi3SNkis96IDWRhc0ZD_M__I50-270xxxCTPtm53BArAV19ZApaYTw4rszzTr4YWqeaJhTbsOdM_zokD9os3piMQc2l0QTIY5eqKf5ylrQP8IzS4AOdlpgIA|https://lh3.googleusercontent.com/gps-cs-s/AG0ilSyqYq5ywe8SS-sgHEYUYJ1BSnfHGKF7qHm3S8LRfsI-EbKl9IxyUdHuNqBNxvNRUKhvpWoH679hx1xyCcYHj4n7he9kJd33jX8jYupxWsj82QxjbUqNBjfenHerMIPpoluUXVYpkQ|https://lh3.googleusercontent.com/gps-cs-s/AG0ilSxTYP8Gb7e3jjJTK-xMBJRFBjlz7iTrj0Lvu705nCgHVZahMZy3Ug2203bvClk2P6HwcftY6YcWFXksaGxM7EPGsFQJ_QheXp00NmS3sPwVAtkk_Ot2O19-rmLivy_KMhpZImtcwA|https://lh3.googleusercontent.com/gps-cs-s/AG0ilSwY-eK9pe6AvEJk4qCi40nH-mCifxzVZm9ZedAa_s04CfaXNGe9kEGv44DNyv79fVlnUBXx394RsOApMbLsQJ5lfXpcXLDoYNMrQmz4TAvBZO4OQ1-ffYs9SUNb6qW1aQhorGT0LA|https://lh3.googleusercontent.com/gps-cs-s/AG0ilSz3ouMI5i9ADbBmwp8m9bJ3et2XCiHN2dJAQ0F-2QVYVaEL2i0WVOQzvhn6BUrQMDcLub9N5DlGZSXD7iAzkX4HS5Y-tjF8BzYuzCd7R5IT1R_aqabS7jbm7NE2T5I5q0-62EWR|https://lh3.googleusercontent.com/gps-cs-s/AG0ilSxAIz2EMtdqy1BwUZyJHEaLzHYRw3tV0QYSZ51RsWbXB7ngB43H0Wtwm-QGRp1GoD3kKW6aGXaaDsxdDJmP-cr_JmqF5HwTD49K-otpS1oa9Od0M1rGP-8fh4dzYz1KrIowcP4Q|https://lh3.googleusercontent.com/gps-cs-s/AG0ilSy1xDgAqX6Z0px5iesksAGGqQ2chG5nuCdWsVHs5Zn3MwwnxKYaWCZp27zRrZM_D7sWqgPM3_Itm3s7vnquPiVlCY0g3fDfXZIpOJhNBl-SSBicPjQjvE0ZzEj2KyasTnfBcXY|https://lh3.googleusercontent.com/gps-cs-s/AG0ilSz3bTakxcs6a1FAGHvp_63pS9rPej4KTWSv7ef3eyMdWXdo10f9WMFdx-w8EoKX041uEbtVYCzSZYZBb5w8c1B9NYPrvWBFHPU5NnkFr8tJd5wWk_stO7Xgu4uIqTs9TgAQquAj3A|https://lh3.googleusercontent.com/gps-cs-s/AG0ilSyqDNgc52ZfLz4yxz5m7FIgSJiAhdd6bBah_vBzCYy0VfHz8ooPNbYBgzU7JvmkcANK2eykr8LATFC2XCPReaBc1Sq4jr-2uNrmyFNCC_sHnbxnNe53VrRZAeJdGj2wla2uReVs
S'identifie comme géré par une femme,"5 Rue Jbel Moussa, Rabat 10090",https://lh3.googleusercontent.com/p/AF1QipOlPV6zV4q1TWlVw09s7gATT0QLYU9DD26B4QNE,N/A,0613-661064,Rabat Spa,"4,2",https://lh3.googleusercontent.com/p/AF1QipOlPV6zV4q1TWlVw09s7gATT0QLYU9DD26B4QNE|https://lh3.googleusercontent.com/p/AF1QipOh5sZ_sLStT0FiGMt3x4gEhOYrXa82T5yaA5Rk|https://lh3.googleusercontent.com/p/AF1QipM4sgyCmDIlBqn55TbtxVlQBOZw0KcAzeXYgQA5|https://lh3.googleusercontent.com/p/AF1QipMZkx9QyNjraPyMDODJx5bibiK8o4T_yh67XetP
S'identifie comme géré par une femme,"44 N jbel tazeka, Rabat 10090",https://lh3.googleusercontent.com/p/AF1QipMrCdMz4PBn8S1eKff_RcwGelU9l-f7x2UqIZf8,https://sites.google.com/view/wwwjulispaagdal/daccueil?authuser=0,0721-575036,JULI SPA,"4,8",https://lh3.googleusercontent.com/p/AF1QipMrCdMz4PBn8S1eKff_RcwGelU9l-f7x2UqIZf8|https://lh3.googleusercontent.com/p/AF1QipMVOqZfAxzarNN8q5pflDAE--9Ljt6xK8SYO2sL|https://lh3.googleusercontent.com/p/AF1QipNCWUvlOJdCJlarJY2haYeVPlemsvhSjJZMdn1L|https://lh3.googleusercontent.com/p/AF1QipMPA-K4Nslh4DfEGSeqQRM66ecW3zcmUKUASgfX|https://lh3.googleusercontent.com/p/AF1QipO1yLJMzf18-VLhPYymhCVh4l9bQ3qpCMvUhAmV|https://lh3.googleusercontent.com/p/AF1QipO8x26PhZ1BfrpA6Jga4VcMcz_SKwKN-A1LD1cD|https://lh3.googleusercontent.com/p/AF1QipMACoFTAQ3vJ9afFuWWqaLG8EXdcnedsWfYp1ak|https://lh3.googleusercontent.com/gps-cs-s/AG0ilSxjYuhruYD-dWVuszEWtjyE1QK7Xal3bBCHEFWmAqJeV99KlpRpUJgmGJtB9tnjW0YgrfzPRlfrvoYxsrNEI8r1FMg7ZCG4BZnoPsfc_XREZ1i6iE-RH8rTs3iDXLfiRehaHuCa0sOPJVs|https://lh3.googleusercontent.com/p/AF1QipMbW0u0cmoqef5xCEqyYJoUpv5WUfrMV9TKTMgP|https://lh3.googleusercontent.com/p/AF1QipPrAlfbM5D874LoVZRJZwIoWVxoHMbxK22eHPuz|https://lh3.googleusercontent.com/gps-cs-s/AG0ilSzuVksqfXlvTxAC3xXLO7q4rpFGIBVZWDi4cf3qs-5o2fXd5XT9dFM8atITUebw9Ln3XT7uVNhjbWNCmyi9vREwl9q-pkyMfFnq4PRgNF2F41sSsNGrMlY6Blbhjwv-a5wswUNgFHc-XmhY|https://lh3.googleusercontent.com/gps-cs-s/AG0ilSxN_pGDXRQfdVXFUyRMxsRCQJeMH7Gzid_yCGepbuGJdgAWK2qe16PttP_CjG7UERLEjuRUrwQJJvpewHFrictVXNiDrogvZ9aiSPIBdR4hUil7KeEeYG28jMkBYZC5mCFPxNCxSOGyvcyp|https://lh3.googleusercontent.com/p/AF1QipOMpo3jQwl6UxLiN64mNHzu2AC4owZMSAVY9Ouj
N/A,"2eme étage Appartement, Immeuble 43, 16 Rue Aguelmane Sidi Ali, Rabat 10090",https://lh3.googleusercontent.com/p/AF1QipObmhfQEF_71ekNxX6Ch5GS086kr5qep3Kj_kvD,https://www.bttmassage.com/rabat-thai-massage,0684-222695,Bangkok Thailand Traditional Massage - Rabat,"4,8",https://lh3.googleusercontent.com/p/AF1QipObmhfQEF_71ekNxX6Ch5GS086kr5qep3Kj_kvD|https://lh3.googleusercontent.com/p/AF1QipPuSolAFzBeoartl2CHDITVX9abNfH8AG4ipuoo|https://lh3.googleusercontent.com/p/AF1QipPM7WIG09YER-An0p1GAmQCvym0YvoinSvn4Ue_|https://lh3.googleusercontent.com/p/AF1QipPynEbePaRSLcC22RuFuTYbLI3q8xi62qVPAITW|https://lh3.googleusercontent.com/p/AF1QipMP8as1gkEt4kHaei-kTqbYkEVEMbAljDZ6S7Rr|https://lh3.googleusercontent.com/p/AF1QipOVLpvizfE596vIJ2WF3fx5B228snk4OQqCaT6d|https://lh3.googleusercontent.com/p/AF1QipNDah-PgPevPcR2LAUkodhxDYSfuQrKaJ9rzxMM|https://lh3.googleusercontent.com/p/AF1QipMfzzzQt2I48QpU0Z4cO0tEpvXqtp7T9i0JFd82|https://lh3.googleusercontent.com/p/AF1QipNR24wN0IfXL3bYOCLhYJSVIFRQnNuq-b-JvV_V|https://lh3.googleusercontent.com/p/AF1QipNcvENDKDRrFTIY4jFhgVlP60ZksnSQ6nQf_BaH|https://lh3.googleusercontent.com/p/AF1QipORtHz4WssHR6tPmOmYuiSajpS_c3fTTql6Zwtt|https://lh3.googleusercontent.com/p/AF1QipMylC6VUMgVA7041x38FagGtvzkRU4xSPqjAabL|https://lh3.googleusercontent.com/gps-cs-s/AG0ilSwKcbMFADWcTiCOXdwvaQmbi07BAbEa4dmtU_MOcOs9lXwPI8AZepzNxz7Ow3hTVJ_hiAp1qqkNsAPn4RYUQkH_oCbveIdq_KFj1HjJU4a8uOtYF13pvSDnbILrkXzvMXQpd0XX|https://lh3.googleusercontent.com/gps-cs-s/AG0ilSwxkp3eZDlcCIzhi2q81D-bblgYW_gCDbHt_HhwgQtugc5SgiIGs-kOGN8e-0gSADKNY61RE8LEENJBobmYJZTrd0SS1EetTYSb-nK-qlfjyK-Bi29IAQcXxYTsjg6g0Jo2L19S|https://lh3.googleusercontent.com/p/AF1QipNPDyO5Y3Kf7aaaFu4OYwThslSIT8Oac4XFAogl|https://lh3.googleusercontent.com/gps-cs-s/AG0ilSygSJA3ujP213EQRUZhOGxgJTcsdoaqDWvPAgqk10tXIJcikg49iHUrdjBABhTb5xKPtnoz5qIYsmiTSxzCXCjqWzd9PS39wDQ-MXg0ihDov7lpRbhOYYeXQTFjg7KgyZDcct0|https://lh3.googleusercontent.com/p/AF1QipPHKDj5ys-emaqhoUn7vdHf9CsPR4merHFZrENK|https://lh3.googleusercontent.com/p/AF1QipNA-3Esl-maBdklAISAzmRfSLztd0Cy62DjRD8J|https://lh3.googleusercontent.com/p/AF1QipNQwpTidPsGWachDxawofbBcm53cdp5Z2Qxy15n|https://lh3.googleusercontent.com/p/AF1QipOgRUXu6MrPdvs0m_9bV8oVC6oS95hWC0OfrjGM
N/A,"X5FP+MFJ Hammam Taoufik, Rabat 10000",https://lh3.googleusercontent.com/gps-cs-s/AG0ilSzJbObwvEDIQ1W7NF9x4GXBFEuF4ZyloKrh5JXF-glC9gHtitk8xWo6FAU9wGKiAH8HXugXq5GYt3VVtOyyhRETTNAx4NB4KBuovK6S_wNxd7G0yJMy7AQwnEir9eVeyYd5-f8_,N/A,0660-566974,Hammam Taoufik,"3,9",https://lh3.googleusercontent.com/gps-cs-s/AG0ilSzJbObwvEDIQ1W7NF9x4GXBFEuF4ZyloKrh5JXF-glC9gHtitk8xWo6FAU9wGKiAH8HXugXq5GYt3VVtOyyhRETTNAx4NB4KBuovK6S_wNxd7G0yJMy7AQwnEir9eVeyYd5-f8_
N/A,"Av. Al Majd, Rabat",https://lh3.googleusercontent.com/p/AF1QipNC3H3g4uEGK-l4CXGaNZkQHxRdcnS4F4pbtAsE,N/A,N/A,Hammam Al Shabab,"4,3",https://lh3.googleusercontent.com/p/AF1QipNC3H3g4uEGK-l4CXGaNZkQHxRdcnS4F4pbtAsE|https://lh3.googleusercontent.com/gps-cs-s/AG0ilSy-o608yHNhNGk5oHd-h7S_YkDY5JrKxKASliV_vM_G16zjxJvz08jp4nD2QBUyfWdnEzvXhM5Y7F5AGIPRnOa3Nm-lqHb1wZfoNmt-Nxd9rYDN4VrfvCCA_kdnfoUdB366qtmSqw|https://lh3.googleusercontent.com/p/AF1QipPCJETca2wit5vsLVj0MXpWxkw3rHGxrxko3aAM|https://lh3.googleusercontent.com/p/AF1QipM7cAw3FQ9LL8m_AawbcqyS_vpYubwIMEkyO6Df
"Heure d'arrivée : 15:00
Heure de départ : 11:00","Rue Bani Yadder, Rabat",https://lh3.googleusercontent.com/p/AF1QipMaQfEb03EBKM3SNfOUlK5eW0ws1pMP7Ch3_y-p,https://www.story-rabat.com/,05380-50800,STORY Rabat Boutique Hôtel & Spa,"4,5",https://lh3.googleusercontent.com/p/AF1QipMaQfEb03EBKM3SNfOUlK5eW0ws1pMP7Ch3_y-p|https://lh3.googleusercontent.com/p/AF1QipOWqdYkKbgNm-8VV3iQwtwmMW4ahjzMVcvFxlKt|https://lh3.googleusercontent.com/p/AF1QipMBLu0KkXRHUtHsRpSXltl7cTig8MHzRfSwPpJb|https://lh3.googleusercontent.com/p/AF1QipM2GHO8RcCQjR4oyQ_wWjICy3pQUT2Q3SI8s1ku|https://lh3.googleusercontent.com/p/AF1QipN9UjMXeEiv-yiUahk0gx3OVkJRpk1pwOMsVhyO|https://lh3.googleusercontent.com/p/AF1QipOT0xjvCIcsuerKU31I9NAewVFjmyE6VU2SXJCH|https://lh3.googleusercontent.com/p/AF1QipOoRhYA86m77y2k9vvILzmg7Z_Lxuxm-uDi2_kQ|https://lh3.googleusercontent.com/p/AF1QipPSBLnxlejTaSWRrfSFMQmNLszhcGpcww_EVlao|https://lh3.googleusercontent.com/p/AF1QipNJqob-8BHR_c9UcspQEnIAY5D90PQV3wQ4f-8Y|https://lh3.googleusercontent.com/p/AF1QipPRsTDkSLott-5dNfwKRv_1heQ8-6qVSOtJotga|https://lh3.googleusercontent.com/p/AF1QipMQ4IlTq17N-Z3QJj53mJ594XVr418Muv01AZVQ|https://lh3.googleusercontent.com/gps-cs-s/AG0ilSwEkdnp8LCCwIVXmkMT-7leBmWR1WNrSX4AeWWYEtIvVxDH_SFp_6hEGRKS32zArS7ipk5qxgbV5V1_aTMdxH3VaLHeeYZivOv649xkDUn9yTRKrzIbqztIkH8aCJ30HWHXdJEX6KU3nxt7|https://lh3.googleusercontent.com/p/AF1QipP-vg45Ib1JRawk0NbN56f4kf8ptWsm0Om_12Oz|https://lh3.googleusercontent.com/gps-cs-s/AG0ilSwzwCasy-eBUdMxoEDgmzRtxrVls7qlMhWvF3g6T2KPWWua3DpGG8j7yn_tBqZrr-DYsrY4Z21FwkvAUTJdELy_r59ky2vieDUlzdPgiehRj3jMV12vu-TF25d8TyEbu4Cad_dOF_JGjd4x|https://lh3.googleusercontent.com/p/AF1QipNsQV81ScyBwv6g5BPCoshldE-Ztscz-2S0-Z3N|https://lh3.googleusercontent.com/p/AF1QipPR_V5URD539lxBcOj9LGgFe5tFSZU6jnK-M5V0|https://lh3.googleusercontent.com/p/AF1QipOM7Td-vigg3oCww6hWqgLuFMbo0JvwKEeXw-Uz|https://lh3.googleusercontent.com/p/AF1QipMAZIr3nA9YtCrUdysJ9lipQcrju-4FY8n_15ST|https://lh3.googleusercontent.com/p/AF1QipPy1C8NRe_E2y4NJS8iQqHbYopWDp2uE6gBz-kQ|https://lh3.googleusercontent.com/p/AF1QipN34nxhg2iwkHPW-Mlq303sd0onwlKJt3LwmrDw
N/A,"40 Av. 16 Novembre, Rabat",N/A,N/A,0661-445818,Hammam AL Fath,"3,3",
S'identifie comme géré par une femme,"Angle Av. Fal Ould Oumeir, Rabat 10000",https://lh3.googleusercontent.com/p/AF1QipOg5UqzJrVal1kJ9QBxUWImrXH54Ah5lTKfVpur,N/A,0650-800943,spa rabat royal,"4,7",https://lh3.googleusercontent.com/p/AF1QipOg5UqzJrVal1kJ9QBxUWImrXH54Ah5lTKfVpur|https://lh3.googleusercontent.com/p/AF1QipPk04stI3aC72GA5rHs5OxpSAHE3oPpFLg1RJ01|https://lh3.googleusercontent.com/p/AF1QipMyYHrlZaFi9b7I-NRHi9bp244ZJS4EG8kZAlaf|https://lh3.googleusercontent.com/p/AF1QipPAtDopUGvP0gQffrar7Cc8pSipPdWcLDu7_G7b|https://lh3.googleusercontent.com/p/AF1QipNhqPtWpTxnTMMzBbtIMKw_8DzSyzBbYSGjLgwb|https://lh3.googleusercontent.com/gps-cs-s/AG0ilSwKd2DEhYlF0dT2lo4mIiCemxWdFRfStZRQ0gzq2A-TvoNQPG7dOO34d1rn9c1XnNfHJrnQr-_EPJHBjlk2cE7p9uGNcsVUTYAwttzyV6Tp9_q927CIqj6nppCxB_k8q8UoamYjLFKgV_b5
N/A,"25G6+MR7, Rue Hammam Laâlou, Rabat",https://lh3.googleusercontent.com/gps-cs-s/AG0ilSxXzyEs7OVtsaCFLiJVEs5q5bsFumCuyRnIbI_s3AxD2bMxQCVrP9ij6Ij2wpZqPtpwQQwwgf2EEPxEd77iFA0nf9yUI0aSiDCSTBt_ojQ-M12HwXHyQugdBvmrlWLsgkHM1dG8AA,N/A,N/A,Hammam Laalou,"4,1",https://lh3.googleusercontent.com/gps-cs-s/AG0ilSxXzyEs7OVtsaCFLiJVEs5q5bsFumCuyRnIbI_s3AxD2bMxQCVrP9ij6Ij2wpZqPtpwQQwwgf2EEPxEd77iFA0nf9yUI0aSiDCSTBt_ojQ-M12HwXHyQugdBvmrlWLsgkHM1dG8AA
S'identifie comme géré par une femme,"Marjane city center, Angle avenue el Melia et, Rue Meziata, Rabat",https://lh3.googleusercontent.com/p/AF1QipMS66Le5456-0Prf5q0HJew03j4EIU-DvwHmdlB,https://www.solyana.ma/,0666-606086,Solyana - Maison de beauté - Salon de coiffure,"4,6",https://lh3.googleusercontent.com/p/AF1QipMS66Le5456-0Prf5q0HJew03j4EIU-DvwHmdlB|https://lh3.googleusercontent.com/p/AF1QipPWYJT4VUlTl8YJAuu8jOkoXUI3HWgoBtTVn_3B|https://lh3.googleusercontent.com/p/AF1QipMDavtJ0tRob_DIyySFKcpClyc3i2ZSaiwcNZ2r|https://lh3.googleusercontent.com/p/AF1QipPfWwlZjSheqTxctxCjK08sRnVzvTSbVt_WnNAf|https://lh3.googleusercontent.com/gps-cs-s/AG0ilSyll2cc_ZSK43lpvbeU9uzWD9AjNcw9doTVoFK7mfMNQ3lH7Zx02H4BSH9XxeFIA7vUi3wo20gvL7x3VC983xtWqtOTwY-8-fwGUjCqkmICei0-qpaiM2MOju-BNfL5R8dgv44y|https://lh3.googleusercontent.com/gps-cs-s/AG0ilSzSFJE8BjifWZsbDuSk8mybpv3K4X3q0KAhnQZ300N4MIpnFqe6DufvgQgHE6uqGlK3vb2ByJJL_dw821VHEMTWScQQYh-ZJHRzcUDgJWGOGaDpryNC6HQ70qgnegAM8dVjd_U|https://lh3.googleusercontent.com/gps-cs-s/AG0ilSxDWNluu7dy45vbOU4Pb8Qx1kn3LHHjkrtV7lTlyYPIuS-Ai2OXF5ky88miKiTfy4NEJBeO0ru_pOsP4hN1BEEw5uU6ELP1p3_5pi4ySgZW40e6sH4pGnlkCL8gKkOgQBjBjZuB|https://lh3.googleusercontent.com/gps-cs-s/AG0ilSwqGbo2l4fsPrzRGmxx7oHUkiuR2nZwVTh8cHFDn2fq6gb2q81ZJBYpXpHqV8vl4FTyA-8Dtt5jrB9im5ifeAnCmjIkqcNMFriEjIDnqCK-rDv3-ssUmm5tyiZdQ4WTbXY0clTVfW--RBwS|https://lh3.googleusercontent.com/gps-cs-s/AG0ilSxhVASZxwN3SNkek3wBbt1z9RT9-K7popQ6g_Af4mbfsKcXWDeVIhVb80mSw-dnaE4nc995KtJqITGu-NhYCCHKIOYFJao-zpcRTh5LAVwb4PyCDk6ojdnfR-Diws3YjrIK8daN1g|https://lh3.googleusercontent.com/p/AF1QipNHzv1U0Iqqedi8z1Gw8Mwpk9BtKdQd1AHDQJ1q|https://lh3.googleusercontent.com/gps-cs-s/AG0ilSxb6ca0MnVdyQuq-5rl_C2eTiMZ41bxPLKRK4IhN8GhOycBNCDnLaCx665944mL92ttUgSI-yRMshnxiew0W0IC7D9nPgJ4uFnTVye_0-KyMbgwVBQtHzebtV3aB5bJuWx6lx0|https://lh3.googleusercontent.com/gps-cs-s/AG0ilSxH3uNRuWbn9Zr-CWzHAFAeBUibnNiDQyJ17BQQqaWkhNE6H-oFcfXK4lFE51EKH3DZLwQif2UO16P65eyqtkPk-Kmcz38SGZe-i1sqDaNE5YG3DG6Ig9Cx5wL2UVPDD309Fu5rdQ|https://lh3.googleusercontent.com/gps-cs-s/AG0ilSzc67HaR7jcpYmJU07yeanJkUrzaRE7zLbMEpZAuplxgXeh6XseV9xAsn7DbdnKxfLkABk9KMG8jQ62OOeYRntjrXnjNCK9ukoFeVfoC7JLQZKgSpMf8SynKKg91wD3pWACKLg|https://lh3.googleusercontent.com/p/AF1QipOIQ9c-lLtcvIG6JcQlmVsxZqlXYQUc0TtcnstK|https://lh3.googleusercontent.com/p/AF1QipP5E8VICJSrLUJU2NLg_NZ2plDEwi7PLbY5AYTl|https://lh3.googleusercontent.com/p/AF1QipPeXrqNW_p26jlm7rKQ4bwX2i4HB6kEYLI48zLV|https://lh3.googleusercontent.com/p/AF1QipPnovziAFjH51rOJ8lyxCOGJ576hCEMyHwCmO-t|https://lh3.googleusercontent.com/gps-cs-s/AG0ilSxijgDI2kAZDjZEj6-6D9pN0gmBNzrVa1mZmoZB5SsXSLq3SGU48XNiD5T_VJiw4gpK4DDpXxWsSHHXQdB6QZ1LkZjvZZtKMl-t9TC5FGaMHwFap1oP_XpePFYa0BIiQEKx_P4Y|https://lh3.googleusercontent.com/gps-cs-s/AG0ilSxWbgMGn1pXJnK8bmld_LcOzyofEpcEW96xcAB2fZorRcKPtlFmmQW7TOkIz4h8QRZVjjvD2t6ylIZYk7DtgGkupkkTcD3-IajrO7MKTtc1po9WTvYyGhqechHfj6La_7FqhWwB|https://lh3.googleusercontent.com/gps-cs-s/AG0ilSzUDcRymHOD_SqlbXxABR8axWOofteTWknH6x3ZzVd7acgvGm3fscPtgByxThZBSVCmS8UMY8dQHhUOWJCvMxL47kAw2sJ_EXZvv3xuUeiDMkmqFrzEol9wg5aDQvKt0SUUa7t6kg
N/A,"5 Rue Jabal Toubkal, Rabat",https://lh3.googleusercontent.com/gps-cs-s/AG0ilSxQw9yppjjzyLdJ5VcfT7g6uuyOdrP20sQLdnCv7pDkm8lV3UXhxeu-OCGZDuTVNtv139nbztF8wt3jVJlb1BUlKZDFWvJE3LdOYW6GGZ8fU5JpecKXLkEB-ZvWETSN46WYA8iswg,N/A,0711-410502,Ghita beauté,"4,1",https://lh3.googleusercontent.com/gps-cs-s/AG0ilSxQw9yppjjzyLdJ5VcfT7g6uuyOdrP20sQLdnCv7pDkm8lV3UXhxeu-OCGZDuTVNtv139nbztF8wt3jVJlb1BUlKZDFWvJE3LdOYW6GGZ8fU5JpecKXLkEB-ZvWETSN46WYA8iswg|https://lh3.googleusercontent.com/gps-cs-s/AG0ilSzMGaJHmT2OW_kDf3EdX0nHUBHeCm3Xb62vNVyODIfHkcwwZyi57Knq8XjOGoVAgXDerftmOfsaF4EwJYQ_wttf8GCdE6IYM6KBob6oBY3qsKDjFpzhCS5B9t0tCRl9xUSJYfQK|https://lh3.googleusercontent.com/gps-cs-s/AG0ilSzieqh55YHSE-2J4BA2h4etRuLJZZ2_Epkjo5KjReeFwbEPvtEFtqB2k1EBDVouQB-cQsphyg0XizIWULH_mds5-XflNKAZz7GAFGPEevrOJaJnQD12N8MtDyS4tmgifYykHU8wl1diS0Un|https://lh3.googleusercontent.com/gps-cs-s/AG0ilSwYjlRdrHAziaE0tbCqRGqLlPpYzZQeXCemUppH41DGlFJe8OTutkY-60p1XrDwh2sEpNX8IU3uMIQkZ21H5F3e_ieTz3y2Ka4pXgfbOpXK-0VIHeM_ZiIA8cXgqWSqH16icf1l|https://lh3.googleusercontent.com/gps-cs-s/AG0ilSxLHdtAMKywiBMOQpXUWM5hMtTs_nscGL6LquJfyeVliVsu1dzk-qnoXhS2l3WaZFSvppC0jFWe_elNg0G3qYebIWJhQ-HtUuZ9j50h1ZMXFa8svtSRjP7xTlbLD2viH2gVeijk|https://lh3.googleusercontent.com/gps-cs-s/AG0ilSzQd4E1PYNrS4D217GIA1jegS9ra8InhbouXKuSRJrjnfiuzv66b2AJgkCdKFmc8YkEGz_7rHNr6G3bJ7wjZGytiFBED9ek6EZSEL0fsREwL_xtQeU1-FU9BMHvL-uEQMjLOJm9Nw
