phone,image,website,rating,location,images,title,description
0531-069828,https://lh3.googleusercontent.com/p/AF1QipPOv0xQrc8XUdMUvIFLRtaUoKGMzJf8n-s5QfN1,https://bysophiaspa.beauty/,"4,7","18 RUE EL MOHTAMID I ABBAD, Tanger 90000",https://lh3.googleusercontent.com/p/AF1QipPOv0xQrc8XUdMUvIFLRtaUoKGMzJf8n-s5QfN1|https://lh3.googleusercontent.com/p/AF1QipM5wN2NKBWfn_x_62t7V_F_uQcx3b90OFNraPT1|https://lh3.googleusercontent.com/p/AF1QipP25LDv0-Nzi1ZifXkTFRlhRuTegILabhSYMGfC|https://lh3.googleusercontent.com/gps-cs-s/AG0ilSyyQPBIzHK7yZ8c-LTRQLyBbnzKcb2JG3CB-umVrx7UYFvy6JG5xhMVyp28fR6b-_sai-EzgjDsJ_wSxzEtzkpB3EyAw9-SjkKXo77kwHBLCcPJKUD8CKKRblO7XvCVsFFFm5HAUMPQ8j3r|https://lh3.googleusercontent.com/p/AF1QipN_5lHt8GxyG3i9EoB1GEzOc7t9QQCYyJ4cCy6D|https://lh3.googleusercontent.com/p/AF1QipPOdUk17YnOGrSlQLQBtaUKPQmcjrxFzYbTDVTa|https://lh3.googleusercontent.com/p/AF1QipOjlnsHkVAnhEGbW5AoTMdyUDWA5Qvh6DWP8Xuu|https://lh3.googleusercontent.com/p/AF1QipMG6c2laHu8yxkUq0pcyOt_ooirWcLxBtEF5--7|https://lh3.googleusercontent.com/p/AF1QipPa_Xrt-NOwbk7lc8tC_iGCjX2cs1SeWRcidqVE|https://lh3.googleusercontent.com/gps-cs-s/AG0ilSz1byDGs4iIbbAihMgbdic2m0Rzzo0pNWxHSyJYJHkZhe_yoaDpYxDa2HvjCMYYlZx-vBd9nJ3nOkqUz2QZ4AI8tCgvYHvqm-SECQes44j6VfTIYlirRic6YVK4j-dD5FDyyoR2|https://lh3.googleusercontent.com/p/AF1QipMEkV71rqbT8GCpHvvUswMPvrWccVr1rwbSo0bs|https://lh3.googleusercontent.com/gps-cs-s/AG0ilSw-2QuN5OhKNFcWqANxijPOgLFho6l6Nt1RFaLkPYZpCCspIkglo5xbWwv02kl58ydjj-y8vydJBrS_ecKCr4fsUhMwWHYYnMosz4fMMafhJs3MXF6cSxwaDsiUMnkVmJbUVtiN|https://lh3.googleusercontent.com/p/AF1QipN0LskuTAHZPsdjAAdMnvKRAkBLIxCKyo0FvWsP|https://lh3.googleusercontent.com/gps-cs-s/AG0ilSx59uNKl3gmY9zYvo7TLvJRYxYzUqA61rFg6SafUs4CWfV1E7pFvityoGpfHLtqAiTwjVcAcmmG_Q6sip9a63Kb6XSguK-seWjpPJkM6jX5789dVN5-L0xc3q2jaA_naK04cm6wbw|https://lh3.googleusercontent.com/gps-cs-s/AG0ilSz6vUEq5Xnb4KQRlNLbxkAeR3m3C_wsk6FdR8s1rpnWfCMfn43XmaOd_jdlpglBvq2wtFgBs6uZh9KSU9xEjzt1YA59STES6YoLVqSulvutzzuT6eVIf-tfL7N8BKI2Dgxlx2VoPg|https://lh3.googleusercontent.com/p/AF1QipNpklgm6nBQRpylCkhCGYNC8XTrlzHSJCtPXW5y|https://lh3.googleusercontent.com/p/AF1QipOmRGw-u0YDt4n8wi2b4eas-YjspAvvUsLmKxM8|https://lh3.googleusercontent.com/p/AF1QipO6TZs7UESdCMbkagsky4mR7k0Di_5PjsG8PO2m,By Sophia Spa,N/A
0661-849467,https://lh3.googleusercontent.com/gps-cs-s/AG0ilSykIs61fOIR_ql8FNKCM6HwasCk1PxfQLpGbVEZZwFkLZ7M-KuPpAxWgNcOac6gKJdPWrXrjhur1je9-PAD3Y7sPNVYrOF7fGTeYN5d_6TulXIir0oj1GjewuuoGX6jO32E9IrQ,http://edenzspa.com/,"4,7","C, Residence Majorelle, 6 Rue Al-Farazdaq, Tanger 90060",https://lh3.googleusercontent.com/gps-cs-s/AG0ilSykIs61fOIR_ql8FNKCM6HwasCk1PxfQLpGbVEZZwFkLZ7M-KuPpAxWgNcOac6gKJdPWrXrjhur1je9-PAD3Y7sPNVYrOF7fGTeYN5d_6TulXIir0oj1GjewuuoGX6jO32E9IrQ|https://lh3.googleusercontent.com/gps-cs-s/AG0ilSwO5dpIsTTOXDBpGMUh-vdtI7Pajr44aRSsxbPPgQg6aMavcqZ6QOPf9acOdeOgeeAiuP0KLoAqxOwR5h-zzh3N0OUjavqihZhS5Wfl8UDCaKuIFtYiKIoAPn-J0iUhMzj3JFtM|https://lh3.googleusercontent.com/gps-cs-s/AG0ilSylvNkPXbS5DuP7fckhZoxH07UfoA6GOsDGwiKr2rtOru_pEomtKkfyRHBEpAMypAbEHp5crEBNGt8oEK8OpFu3wibhRaoaWgeYA5LCzhXzqvkDikKhU3E8hDigmi39opMHa-_u|https://lh3.googleusercontent.com/gps-cs-s/AG0ilSzG-l2vJQi6neIhFDXXgM3PpFHqEPGcvJNdsN3PvVMziug_S8MSD69BdEuYYu-smGJWfT-TlKPaQb6KNY6oB94lshWql-s3DWCj3CcnwkC55RBEw6UeuaSUG5DPMt9qI3gkKmMR|https://lh3.googleusercontent.com/gps-cs-s/AG0ilSzUWExAgpfwTo4eHczO1EybUCzoKeaQMZNtyeLwaajC99uGGy8y3LTtsnAzDBjrKFEgdtJ60XSLnPBI8QUO8AXKSbAFWFVriUeheo84EqBnHPL0vkgf6Cy4wXLSNls7Pbwa2T5EfAQGXhTF|https://lh3.googleusercontent.com/gps-cs-s/AG0ilSwyO2pnZQQn3mM0lbcEnaXlq13Hq_KhFiMbe_bo8fg8iOLErXx--V29GINMFpx3hHV1Pl0nvBw6CqcoWf7yGo83OXhhTvIx-ajVv3rl71RLYaxlD5IVy43I9tz6Ewl--Q1McO1v|https://lh3.googleusercontent.com/gps-cs-s/AG0ilSw5YyB9y3rIMZz4ott4rM64gK7ZrAoLLBnR3LiTVJOjTA5ydc2xRUq5lsaB5QL45tExVEdKv_wCDBlxNMt-4N7a7OioVjOBKtrX7NTjVKe1YE9Rpy-BmVAUA5n8vozf6uqduwh8IQ|https://lh3.googleusercontent.com/gps-cs-s/AG0ilSxim3cHswzP3BENjP_1V_rxOMstVeskiE6ZGZ_MFrZSJjhYy-hx4wiDhcnphDV5En8WpT4sH76-vtEqqUab-8MkD-MRG85nIJqUWnfCQakOeAkOHWZIt6gs1qD8G5bhapzUsnM|https://lh3.googleusercontent.com/gps-cs-s/AG0ilSwCGOxB9F0RStJDG9MX9nHplyFrWq-tOpQBa7768G6cSwKQ_ihpbo6gqV_WVoSG48zJyLpvvt4G0uBe50fOgm4Ywa-YOD4gh-VSuAxqmp_Xf9fLKADF01myeX98s7zciyodffV8|https://lh3.googleusercontent.com/gps-cs-s/AG0ilSyOWVj4JFY00B9Qx0-Ev0CQlfXID1m6RA5XcWyU9SD5f8X09r0RPAybYIy7YkNBXFNQdAkPjGLQ65njt_xToLDR0ZfvhjSu2IfzsBZBYL2XgpE6p6o8xSMbTEVaEmsVjQ2CPF52|https://lh3.googleusercontent.com/gps-cs-s/AG0ilSzEpafJ10q1g8GfmlF1RNMAzuj3CSmDsnYGa-ToloTOIgRdv_QCl4Hk6yPDXPVj46017nebVYO3s0iEyR0EChfM6JG8YOyl6gC9M8Ecfz5Jjxrjo3Dc9GpaIuh_h3UtjtdBlcjf3A|https://lh3.googleusercontent.com/gps-cs-s/AG0ilSzZbYMB3D3PPC9Lf872SK54bY5MctIAs6BgL9C9mQAKgRXqS7AP0uu_7UiK7TMXcnHRRt2v1mEFQBuZIDaLR8ke_bZ_AbBHJz2aTGLEMDoX4dm32U4rTn48KEvh2yaJ-34_Vm6W|https://lh3.googleusercontent.com/gps-cs-s/AG0ilSxYIR7anHAid4ZWFkLC18nluj1rmX89WlpL9sl9dARMwQFqxGse9dULsfbDeOqMfY_1JC2J47uxYXLUL_Z0b0ldFEgBF0ImjzdwfrMCZuUc_iBqjmsPuMPHNx-QI5pf8ptORIkj5w|https://lh3.googleusercontent.com/gps-cs-s/AG0ilSxTwE58R_cWbM0MfbZsyTe78Jsp3tB6o6MhgindOWomv6Cc2z4u4l7b4hVq-tpsSOgnJGwmoBCxZyqsB-WOJskfyN_qnaI10kls1QIW7jCWTolQj3TpacnyQFHWPlItfJofRWQ|https://lh3.googleusercontent.com/gps-cs-s/AG0ilSwf0-8DYcsFWgmcacsbfyXRnj_SEAT7Sv34WuUk6CCAvDH8DeCqPGsJNhoYUct4xkqGHC_JKTWlAXyjgAZ06k15DVTdkuZi7RO17fSs2Wt-8jbWAZ2cxJIQ0-ckRr64zG5Zg4w|https://lh3.googleusercontent.com/gps-cs-s/AG0ilSz3rKX-rSe4aRxQh3-D-SZSHrGYg4kgFthjkuiQf1cjLLEOOad85RR_C8oAiaoVQr73s2rq8pxnOz4WohzvYIipWtxzUsPb_AUlPVkA-n3yM7uIumBnV3Lf_3shITc6hGTDlNm1|https://lh3.googleusercontent.com/gps-cs-s/AG0ilSzVIlEcDrLTehl6Y1V1FNFa3fmzObYcrlo62-JJwnKZgnjGZFUaw0obpc2YYmj0OI_jZbiZOwZtux7_us-NZDhIEEp6zlzSnON4WGXTYxgaYA9mjh46JKtTjTn6_IIvrpaAnGaQig|https://lh3.googleusercontent.com/gps-cs-s/AG0ilSzdzS_MZR-lpUHDSRyA4MN0EJ09LlPNl0pH8KylGGInrF4t7agh-vQtHJRNsoS_L-6j8IE67tNtvQvg9gX8f5U7e865Rl3Lv5O399vRwdYs0VUBrWMeEPC9MIhy1IzlbAj9DGF9|https://lh3.googleusercontent.com/gps-cs-s/AG0ilSz4WntF6l4Cs_UID9-Lw_BbpQrBYc5HZC7GFw16cxTHDEnc9VvJvkUbrQnfzGpo68xCi23IfzNiTVqZGX0poFKdEVekRRvCxTrpu2eZrtj6dH1I0xcUohl8VK1gCQXYREo_JZ23|https://lh3.googleusercontent.com/gps-cs-s/AG0ilSwe9-4cAcjNRhO3eKwJDMKYSHo_xIv0EuIgCZ534Id8M7acjReXaHT_xzXpX4YkUTF_ad9EtRRk9P7ci7mFRrgINw5m7MIoI3zh6VpNdXt4kHToOxRlL2a3iuKtJ2apdQ_fHBf8ng,Edenz Spa Tanger,N/A
0660-268491,https://lh3.googleusercontent.com/p/AF1QipM2k2_VUp4pyDKduaFGYaqqkQF7Gm8VLD18L8Ec,https://linktr.ee/empirespatanger,"4,1","Rue Antaki, Tanger 90000",https://lh3.googleusercontent.com/p/AF1QipM2k2_VUp4pyDKduaFGYaqqkQF7Gm8VLD18L8Ec|https://lh3.googleusercontent.com/p/AF1QipPgtW16Vmf5AlmQd1ngC4SpaI-LPcXFpMZDDEbB|https://lh3.googleusercontent.com/p/AF1QipNNJEWGPcMWOit4vOFMRC0WWnUiKmJhQyTbv6E_|https://lh3.googleusercontent.com/p/AF1QipPFuRwot_0WD0NAohXx8vd8bih9elepqM-8xFzg|https://lh3.googleusercontent.com/p/AF1QipO4cmukPU8wKKoiq3bNri7P1wfLKVM3ZHlVxo7G|https://lh3.googleusercontent.com/p/AF1QipNJbY64zeZd7wPMVoejH6ykQeEq09qWfjKUxC75|https://lh3.googleusercontent.com/p/AF1QipPTozZN6NLLuLZtSJc6w2J8KdI4SivGsSKnvWcl|https://lh3.googleusercontent.com/gps-cs-s/AG0ilSxYrQsoGkLfp4xf0zj_XxdZeAo0mV3XWUf4U4ELtlENzqSPj0Ki5UeTqLxNBTiSP7MDquz6WxRPpphHXZnuCQi1tx4TDlQOd0fmz1XXpRCeJEnWTlVrjJQYJkJO-8f_2GpQkq-8rQwvVk2d,Empire zen spa,S'identifie comme géré par une femme
0699-969224,https://lh3.googleusercontent.com/p/AF1QipP3dJwfK4d16n609hguCZadSegysyQA4RSejm9J,http://bttmassage-thai-tanger.com/,"4,7","2ème étage, Centre Saada A, 28A Rue des Zenata, Tanger 90000",https://lh3.googleusercontent.com/p/AF1QipP3dJwfK4d16n609hguCZadSegysyQA4RSejm9J|https://lh3.googleusercontent.com/p/AF1QipNIt3MidgquQML01GPinJsVENAXXCs1_rvX_4Ua|https://lh3.googleusercontent.com/p/AF1QipOybZ0rspJZh5KiiYLVKSNGfHQJX_G-2oBPEUx6|https://lh3.googleusercontent.com/p/AF1QipPOy99YGKCAygIqqxPIUkCUIgVNEb9J1SqKGuWg|https://lh3.googleusercontent.com/p/AF1QipNA9I3Iv7WjkhE1A0pRcoq1ETzJr6YRQQFUJLy3|https://lh3.googleusercontent.com/p/AF1QipMN99GrdKNLdVYscbPQJ8Uoq2xQqOysjylUqojQ|https://lh3.googleusercontent.com/p/AF1QipPIytGkBPuPv7kpKvvHm856XJQcNrcASrf7r3qE|https://lh3.googleusercontent.com/gps-cs-s/AG0ilSzBQ7zRr_U_dVQVPdA1XydCerxU4UMUTD8HGH0HH1nO3ejnK9sOf7U1Pz9soH5xurJRbXVV5Guz1uSHJFiYkZJBEbYD221Nh_I-l8E66bCExsbK1w8pQl0wa7RN3TkAWIrZPS0|https://lh3.googleusercontent.com/p/AF1QipOPMibNHUCtIxJm6n5-264h8ybkmyq4NDka5aMu|https://lh3.googleusercontent.com/p/AF1QipNuOrUZIT8ryDWd_CZv9_y8agw4EbaQi4kgViHv|https://lh3.googleusercontent.com/p/AF1QipMmqcqfXrPSPFwk3YkSmTPsIWeSD1UdWVDS8c78|https://lh3.googleusercontent.com/p/AF1QipNQ5BSXUUqG8UCShqfuzm1yhPMOgE7OfT1UvJoe|https://lh3.googleusercontent.com/p/AF1QipMZIJKddViiNf-wWUkA5IxImfsGxjfDbhiId4Wh|https://lh3.googleusercontent.com/p/AF1QipMmmC9UK6uJ2NVW2tTefVa3OskZvJBvdJVUY4EV|https://lh3.googleusercontent.com/p/AF1QipOF2H7Tmx0ZK-WIA-WqWXyYvfDmLoasvvZOUF6S|https://lh3.googleusercontent.com/p/AF1QipOnYJMt7ASIcwhX5QtdAYmfvQn3armNj1PQlHqg|https://lh3.googleusercontent.com/p/AF1QipP5em8i1hInHuEKct22HBFTuWscsqO1aG6PtUmk|https://lh3.googleusercontent.com/p/AF1QipOJ-5cZhZO9DH14qiuxcOrijvvSDJfD5UYmsCkl|https://lh3.googleusercontent.com/p/AF1QipOn68OSCBWYyzSO8unPs68-hLBSy98qc4gUJQ2f|https://lh3.googleusercontent.com/p/AF1QipM-XtXzwX-8Qv3rfnGb0xysmr-j-yWgYeDzq9sf,Bangkok Thai Massage Tanger,S'identifie comme géré par une femme
0531-415677,https://lh3.googleusercontent.com/gps-cs-s/AG0ilSymA3SGB3VeaUDn2N6ZeK0QHqWOB635W5ZvzN9dqO40btXib3eE4VoEU61j44bvZHumFsEt88Ky3Neb5FX1mmHbYjTGO9gb9BvD4GCQgwaujpx-Ua2pzrZPEZXN4KJFonb0ZY5MJ8n31NM,https://sothaispa.ma/,"4,6","Rue al Farabi, Tanger",https://lh3.googleusercontent.com/gps-cs-s/AG0ilSymA3SGB3VeaUDn2N6ZeK0QHqWOB635W5ZvzN9dqO40btXib3eE4VoEU61j44bvZHumFsEt88Ky3Neb5FX1mmHbYjTGO9gb9BvD4GCQgwaujpx-Ua2pzrZPEZXN4KJFonb0ZY5MJ8n31NM|https://lh3.googleusercontent.com/p/AF1QipNE1iK-NDj7OYcRIGXEwK-Pk_6-VLxwD25E9JMB|https://lh3.googleusercontent.com/gps-cs-s/AG0ilSxeRkn7S0xUDqQyPsyNMrzarxdWfz0TYnZRBb1JSx7IkxRnbGzbm7KWix2OoNxeRpXk7_-AXSGUHLjdRKbRf6jVaNrPAY9YLzUHdwah5bxrsLUcQHY3AFAcd1TkpL_Yg-j2FD3z|https://lh3.googleusercontent.com/gps-cs-s/AG0ilSzLpiXssPeaNux3XnjwDEPxRIQQSqqC2LLvWEePHExQ1nkk3EJXt7pDkSbtOIOr7qJdEavs_U7ChiUMkU3aEUhewtnyQzSf0A1MRDIahoxB1cgt-dF6z5aEwli_qBKLuORYZh52uQ|https://lh3.googleusercontent.com/gps-cs-s/AG0ilSzH46Qoi758FpphzARcUsEE6fMsglyX0epy4zYfhRYHKCvxFIsY2Ej5UEcGS4qDDRrhrSNNgdh2QhpccURKP9aFalrYvT9fBCqlKldDhuEMlh2YxwBTXuY1GKhRUdoxwjloaqC7FfnTs5bT|https://lh3.googleusercontent.com/p/AF1QipO-KcB-vO8_GH-sTUHEf7T5sZMkb-Ei3OQk6ErY|https://lh3.googleusercontent.com/p/AF1QipOhCYBg3edYCHS6I9HVHyyWvuk6xPsl3pBAaV8h|https://lh3.googleusercontent.com/p/AF1QipPYLX9rCKkkZnUYv3kDbmbVqQn3N5HD0gemph1z,So Thai Spa,N/A
0647-888686,https://lh3.googleusercontent.com/gps-cs-s/AG0ilSx10TFFczIpgppIKuQK-0V9QfE6s6xOPJrsG4O-bvjLVxQZ7IZMoU1JMDcDLrEY9LeAaP-NlUSffERVfGClihdN26zLkU4dgOP_u_hsGaCLPwt5w-fnWgnyMweIjBHXnQOf__Fy,N/A,"4,1","Q5FQ+C7F، Rue Andalous, Tangier 90060",https://lh3.googleusercontent.com/gps-cs-s/AG0ilSx10TFFczIpgppIKuQK-0V9QfE6s6xOPJrsG4O-bvjLVxQZ7IZMoU1JMDcDLrEY9LeAaP-NlUSffERVfGClihdN26zLkU4dgOP_u_hsGaCLPwt5w-fnWgnyMweIjBHXnQOf__Fy|https://lh3.googleusercontent.com/gps-cs-s/AG0ilSwksWhJhkRubBnIg8fElxVQO01n-HX3dDPeY_PIEC0O1tX5sSs2TXSmbv8bjNZTI-BVus1BoLNGgWFatsC4mTcD9UVNuRAksW8G9iLO0DBU1hL-L4CIMuz7lyFBQg1ls_n6kUlr|https://lh3.googleusercontent.com/gps-cs-s/AG0ilSwF8qQmFkCH_pC9AYWtpjjlHW8MzhWXcscqoA9WQTfvJaYXngSYU8SfglsJjcXY9MfBxaaztMRb4GSXGUgDAD3R7jxNiUUMQIvpdzYfVMfNCXVmDh4ZLpDyNeZMK3C8zm0AqJlz|https://lh3.googleusercontent.com/gps-cs-s/AG0ilSxNOBwnhsXvuJfYfneLUaOEDxOTgo8AHmtXg-GkJmLLBAfcQTi4IxL_JeoOwg50cFsWeTovP4Tr3HgNPp439PmxUry2xkKszxFDJgCSBqj7DFfU4WsjXCRgNqFOHCoSmLyAKc5-Ng|https://lh3.googleusercontent.com/gps-cs-s/AG0ilSzsYfKE7NotsefyvFure32RRvpWdJPzTTDv1w98o41194J7l4HC_MI1uAr1GXGPgwO_2hBtRDW5LMUeMZeNyep_ctcC7MQ9ryUZDj0OCb_0q2_wYpunHRijTS956vvd0uncEte_4g|https://lh3.googleusercontent.com/gps-cs-s/AG0ilSygpMs0hN7hwLYEheIIrndqVoQ5FsnBdfncMu5OpaDHTGtAEUGfpq3SF2t3ktcmBfBnzT6Agye-1oH2S9KCAn2rM2hWEaowDKNwONX3MpUoBsgL76MsGJqqKW8B0JVRKUKoBSn5|https://lh3.googleusercontent.com/gps-cs-s/AG0ilSyYrS16hRoBtOuT8k3xpwmLdtZs6rQPuoHXdacOzu5RpLAbRkW5WXElsVb6DACNSy7-w3txFskRdRzL7UolHwBLVBCc0eAXbeL9hfz64aF-qp2OW7MmDHZRdi7zbaSH_W0cnfxF_w|https://lh3.googleusercontent.com/gps-cs-s/AG0ilSwzYQjH0m9OvtgzvFZykEzCUWfXRBcsaasCi8W_LBUBe9gibkOtJzyyEVUhy0DBJzPSnzwGlPZS0DOjlRoqiJq8JY3DBGQmW-GixIErUH76PtsywuNI-67p1we789eoe_UVFyMNtg,"Ur Dreams Spa Tanger - hammam, jacuzzi, sauna & massage",N/A
0660-636467,https://lh3.googleusercontent.com/p/AF1QipOIKCY3wJ59soGo0Rb2Pu6JLkLUOpL8caL2zHxa,N/A,"4,6","Rue Mimousa, Tanger 90060",https://lh3.googleusercontent.com/p/AF1QipOIKCY3wJ59soGo0Rb2Pu6JLkLUOpL8caL2zHxa|https://lh3.googleusercontent.com/gps-cs-s/AG0ilSxRaHQ6xYo-f_rtjHIpWnnj514p7TZFy6mLSCpisM9avwl19Od3-G-J_R1_vu2ogiXAfD1RgVvyoZ6aL6m8NEXDvH3GH2mfhHdSFDwUN9at6HgS8c08ccytqXY9mYZgZsGkAbTv3g|https://lh3.googleusercontent.com/gps-cs-s/AG0ilSy0fv-FdB6cdd8MiFmGvjyVpaYi3NLKeh9WTmwvfOxtlAM4ELwRuAKEwkkG6SZQIDNti2fMUVecANAwsYjoVowOjzbarjbqdTfKgBEPOepUXt803nApasLe-JOyO8lPVv0CG7z8|https://lh3.googleusercontent.com/gps-cs-s/AG0ilSxWooDYLTZqtgirquAu74jZecjbdM7a-ve0TZKZsNeYa2RLL_KqTiq3aLvf1kOBNWSRBH2vopjZi-k30N05wliePTSIuawRMwM2rUMhbRQYfmX7xOn5G4fSvtb5Jx6VAzUU6Qg|https://lh3.googleusercontent.com/gps-cs-s/AG0ilSxSfJYB-28DAVjW7S5tRpmivvq9CN_OYhgwOo3VgRDdHIyPk29z-oLvxCJS6NQ9WJWxhx8q1mwYvkg7fO4cYfxjJOxBi5qtC8OMT6ujd40UercfjV3ifY69knmFIfsa-t1suaCG|https://lh3.googleusercontent.com/p/AF1QipMbMEz0Scn0JGwjTTbSWVFdXFSLSIl9hiNYu6Nc|https://lh3.googleusercontent.com/p/AF1QipMWy4AJdJMu4jq00m2Nqi-RG8VLNnYhPYBknOIZ|https://lh3.googleusercontent.com/p/AF1QipMnE39y9csJ10PBDgoHnnz_N23QSvn99hYlTWOh|https://lh3.googleusercontent.com/p/AF1QipP2pCc4t6n9OnccNw6ytJt9LmqWbsRPaJzBNyRj|https://lh3.googleusercontent.com/p/AF1QipPObb-r0CGiBIY6cAFZoKFrnNP8iVqLyVYBx5I_|https://lh3.googleusercontent.com/gps-cs-s/AG0ilSxd3nLxKoi5XkP3TyU6dgUkeFC0o_5E_ybnobUQhVI9wZn7LlaxGUvs8TDb8q_e3j9MFYGdsxLmxBQC-qq1YpSTgd3enGJADmgeXrR7e3zRzW_qP4ce8MjkAntbsYtGxnFqKYN6|https://lh3.googleusercontent.com/p/AF1QipOEARQe_OWloDN_B4zNCdB7fG_o3ZHJBcqb-sns|https://lh3.googleusercontent.com/p/AF1QipOX-giSqxjRizZpBIOBmMyqysJeUiotPWTUBYoK|https://lh3.googleusercontent.com/p/AF1QipOWnB47iUtAQ-I1frFHpYLEs6UrrASJBN-zC3r3|https://lh3.googleusercontent.com/p/AF1QipP6d8-Xs9Jkt7dOh7rrRCD_jFcr77Q88iLEb-dF|https://lh3.googleusercontent.com/p/AF1QipPLJ9tiDNgXwk7fsASCe_jZ6bgoe6zW6m2vVC5y|https://lh3.googleusercontent.com/gps-cs-s/AG0ilSzDBc8-4_pQXdj055BRIR7nkw93JSYWmxq23nbQQbTxnXPFZH949qKI-f0C0fTU5TtvgqumFCFKMaEdepFhExdaYk-HH1m3gCnTlHTadggBMpPDU_d5lEPqTSHIrHkta8qUyTZhJQ,Kenzispa,N/A
0664-414610,https://lh3.googleusercontent.com/p/AF1QipOgvvCWfJz_2iCR20VtkzoZdpMyu0dSynGcq0zB,http://verlotus.ma/,"4,8","8 Rue Bilal, Tanger 90000",https://lh3.googleusercontent.com/p/AF1QipOgvvCWfJz_2iCR20VtkzoZdpMyu0dSynGcq0zB|https://lh3.googleusercontent.com/p/AF1QipOYhcgM6fQ3qyiupUjJbVKs2fVLByTy6T1idQ2X|https://lh3.googleusercontent.com/gps-cs-s/AG0ilSz3jHAmd-tsZNHJRALDvj-5v6W1QKg0-1lWBTGY0KCZMKkmozACCVVSJMwdf_RLJBPVv7zLAGFMaRNkYJQxn-hZ_olYxEP33qexKj836IsLpGzVRk8uukFHI5dp4d-q5bQFalhJ1Np4gRca|https://lh3.googleusercontent.com/gps-cs-s/AG0ilSz0yT_WDf1PffY9vX0qa2Hv8vZ9gHJRAUZODzRDPlSja9oiZoXDfUoDC91CRTsT1M0VG8p7yXrAWQsBSiyVHKLZ5whGYud9cZBlbGyBra69Kxrw69sDc3g_BOyhxqOvZOJfzjOlgoaSObE|https://lh3.googleusercontent.com/gps-cs-s/AG0ilSz8_GWa8mMhHMi8XbiB2YxXlAjDB-aDE2joaXN7C15K9bGej6BwF0OzMTgTQIHwJtMkfeSHZjSjFPhl11sf5Gm_vxdlqhpcgzpdAcVZBHqOAcTdngjth4zd_TSoLWJpxBFce93Cc_gA0ZcG|https://lh3.googleusercontent.com/p/AF1QipODxnQC-E-8QUBrw5V0yHMezUVIc-Fz5ssmA6_3|https://lh3.googleusercontent.com/p/AF1QipNvWGL9MZPZzxNQiezZ3PZWawgImouGxEwslhyf|https://lh3.googleusercontent.com/gps-cs-s/AG0ilSwbmFlCKzkTgAaDSB0X7lWQh7v9ztgAT_xIeIjyJdPRv4vtcrHdRZg6S-80wIpk8cVM1fxV9NSowYUumrJc8JDdEUGDs78X5cpClh44DE0n17Mw0gjsOfe6BuYu3FyfCIF8ZcW-Uq2ThyOm|https://lh3.googleusercontent.com/gps-cs-s/AG0ilSzu6SnJMtAb8mQDNUH2nzM_vwo0P5s7HNT6aQUxXT_8Wq42ToijFdRvaWrgc5OcfM3pG7S4naaVXFQxqJClSvs2RAjVx3Ie062PSkNvS6YIWZ9BjB2CqPwOE2pA-aMkFJhxev4Bsg|https://lh3.googleusercontent.com/p/AF1QipOPkR7SJrBhUy6LMf6TANkFQknthzdKC1yVmYJ2|https://lh3.googleusercontent.com/gps-cs-s/AG0ilSynfb2-cSi00aJmIT-fEy9LrKx-q98wU1JFlxnST4N3sdwacEvZp6R3-JI_VY-7LYVvIBX2DppBLo9FAGhOD_SGf8O6LNehWaEDE8-qHpI2z1Pw1BjcVrEedgrY7gj06rY_Gz8P8w|https://lh3.googleusercontent.com/gps-cs-s/AG0ilSzZL4-uKtLeVsqCvxqdZv1Dhn6COTWuGUcruDiinxKDizS0i1pfqS1a4uzA6zHxtFDm46MW0Yf2nbhePIP3ZfzuQBw4qZ-ti1yUQSnXnxBBx-2R2Ab0NwgRP0-mA1pGb96seSHAGQ|https://lh3.googleusercontent.com/gps-cs-s/AG0ilSyEePs5MtY1xctvzDSL_-5tSQFFiSCqM__WEsZRRulGbovyLKFYzA4vjK9Hrvo1ntmtHxd2dq7rdHPsAQuS_TfKOnRTFyr36VjegHfce1OxX_DB6emP-gCyFOMJtNwTEH12xpeYeg|https://lh3.googleusercontent.com/gps-cs-s/AG0ilSx0AcupqRlhwAa3cUcHgF-e38Fn8Pi1BVVOCeUXsIqO3r2tJilHa8NywVNHFBqly0PZ1QKoeq8cBPXbyJn2pbJ-vHZ9EKEgykdOJXlkRWhx2_yV6rG-8in07m2p-ko2YOGe5hfp|https://lh3.googleusercontent.com/p/AF1QipM8NXvXULsItUIaM1-Dbp0XJUTMb8y671pNCFPp|https://lh3.googleusercontent.com/gps-cs-s/AG0ilSznnlqryzzCJ17RvxFPDX_n2yge_nRVnYCMrJAB5DG5scvL48u0tFxf28pQcM7ynJzAfJT7WzPL7ZC3EtK40tzZbwnxYAvwQ5EbTs9qndKgdXWua7xr4RIIeajEOA51wn68X_o|https://lh3.googleusercontent.com/p/AF1QipPjkXE708oCrv0bAnKL7Gv8g9TA7HxVaCeroC9Y|https://lh3.googleusercontent.com/gps-cs-s/AG0ilSzSGxOayQz8tBlHLLAHHjwoayl-TZEHDIqokllqdb8rimHqQlWHCHyiQT4bahv5sRUaR1va4FE10u3zXy1aM9b3wkwWooFjKaINlW3U114SbIX9OUfjuI2oA3RZo280uqlyUO6v|https://lh3.googleusercontent.com/p/AF1QipNUsHSFlIOC0bHv4YvX2VA7mOhdwQx0Jsnb9aVq|https://lh3.googleusercontent.com/gps-cs-s/AG0ilSwJOQwqDBr_mG57WdFOruatvcR9rFuJDjAawt05x-g9N6WCIYl12vytsjREXh-l5K1U3QuBrnGeYwVXTDojyDQeskp7Uq1vG_bOg7RFdx9Gs8pQs5kPKmyBZNsn3EZMZcLWQuWjXqAgbP-S,Verlotus Spa Tanger,S'identifie comme géré par une femme
0633-244416,N/A,https://www.smartbodyspa.com/,N/A,"rez-de-chaussée, Résidence Baudoui, 34 Rue Antaki, Tanger 90060",,Smart Body I Spa Tanger,S'identifie comme géré par une femme
0662-620059,https://lh3.googleusercontent.com/gps-cs-s/AG0ilSyMvddSHAoz763M08u7em_WQKApM9iuKSU6GRfYwW7a9Fvs17JzMKzUsmp3HCLAif2h-AhbgaNIgboK5t4GBbkxseyTYjHu9Q_tTf_sk5QDxXcBZdfe0cuU2_Hho8HRcMZKtkF2,N/A,"4,3","Rue 39, Tanger 90060",https://lh3.googleusercontent.com/gps-cs-s/AG0ilSyMvddSHAoz763M08u7em_WQKApM9iuKSU6GRfYwW7a9Fvs17JzMKzUsmp3HCLAif2h-AhbgaNIgboK5t4GBbkxseyTYjHu9Q_tTf_sk5QDxXcBZdfe0cuU2_Hho8HRcMZKtkF2|https://lh3.googleusercontent.com/gps-cs-s/AG0ilSwTr5FabbRvPzFTTdHjIek98nbKXXA9IMqouGkZ-X-L0h-xV7wqEfpku34ru5OUUn1uylSlCjfOuj2Vag4ihkSWg8sBoVqovxCRl3EcQZoabEbHft1KbUuDbVFL73aZIkVPxyIQc8JOQVfS|https://lh3.googleusercontent.com/p/AF1QipMM7wpFDvk5fVzb_1PwLh2-AlTrT1bdR_I6Ln8r|https://lh3.googleusercontent.com/p/AF1QipPdCLJjTFdqyI0OHo6niAHt8Rp5bCsTy566S3-m|https://lh3.googleusercontent.com/gps-cs-s/AG0ilSzExD7tBVJFXby6ZdgMxxPSlCKoTYf9brSUoP-Ij59CzWAsq_yqENAuTjtnGP8rLqvnynOMGgOxuAyNn3S9g3PTkwOdLqHiG8t8f4n721mvkC033Az6UhAus3C5uKio-IqePAs|https://lh3.googleusercontent.com/gps-cs-s/AG0ilSwzhSN9AXpPMYk6EKCUA8VtSsjztVWb4M45XyVvozkLhxeHku4dOGQFQYLVzIC04_syq5s-outyFdUpvDOBeCMQ_GoSGJoo9iFx0ZYnB6WQicmy0qwW-166sjrURKEBKjMV9p9Xe687tn8|https://lh3.googleusercontent.com/gps-cs-s/AG0ilSxiSq-86M_SZIh02Lc9aNOZxhR7iBFRIDf5_dTyX8lt9PfV6RY7b_tWHvVTDevAvjnbiNHwek1OJRsSoxoNV4PdT1rfmQcL-7sIWuVcGj8iia0WXB499n2w0Z4DU2YVXl_iZxM|https://lh3.googleusercontent.com/gps-cs-s/AG0ilSyNWAlE3RuPo09inrOEqY48C63Mg79b__K25ykYRaQP7eGmPTy_h75BjArmrJdSn1bb2d4H98VxTAR2wBUfj_kosCHdrKRu4ZCIzsSd_DsAmIB8__fqzDMaX29PmQSEaN-EIK9uCA|https://lh3.googleusercontent.com/gps-cs-s/AG0ilSzhseZKWWip_VIjzchii5gjx60F51WWiJmhGuT3qEzDGacN8DfhtPpHXOltqrDsMgK92xFyViywTYFi_4GrLDSDob1GYIstSSqQiRxTnW3MLfGUKiAbMVQQBvF-6aZOqdYFob5KbQ|https://lh3.googleusercontent.com/p/AF1QipOvQTEC8VbJJ289J8A0Fz7APdusuBmrLxi7ua0v|https://lh3.googleusercontent.com/gps-cs-s/AG0ilSytEVVr80Pzit50lFg0aH3ASKDF13Ko5IROhZUt_WCf1aEgAaqkGSwiSSogxxhXgxPRBgytBwsWN1ijmGAMwv4k_lm9mElkcIQKekbWWOKnruS5E7OEwcKTybKTvdBeeImKjqQf|https://lh3.googleusercontent.com/p/AF1QipN4gCaU2YNc3opkh7kuz4ElFOrxembbLPAlVjpQ|https://lh3.googleusercontent.com/p/AF1QipNZEsp-BMpCJ8TzFtSJux9JTtujckEzgy6rIXsy|https://lh3.googleusercontent.com/p/AF1QipPoyWKotJQxWNwukGVICYG_QCQ_jIyvMdLO-uHE,Star spa,N/A
0631-533261,https://lh3.googleusercontent.com/p/AF1QipOYRVVZ6y0zphjK_1bpcWtCD4NCftG0OoZC-tpE,N/A,"3,7","20 Rue Antaki, Tanger 90060",https://lh3.googleusercontent.com/p/AF1QipOYRVVZ6y0zphjK_1bpcWtCD4NCftG0OoZC-tpE|https://lh3.googleusercontent.com/gps-cs-s/AG0ilSxBjTMDoSQkxH5uUIqfRgZ1ZseLtrRKuPclgOPeOne5nb4bvHoVPcHTs7tkPseDRXPvaIDKYIdVzPBYdeqebYJWQDCSkyYHtn5fKqySIXU5NBUAbwZ1s9_M-dQUhIjvCYtCf2x4|https://lh3.googleusercontent.com/gps-cs-s/AG0ilSwCHP2mb779PAngsvw8g7ZLKAL5hw7SWIIyHybCsArJe3UUYKfytD2mplh9n8N3bLRz2I2bYPgpsQUz_9nPWdrNcnGEBir7pcAZfK3mPlTkMMj_etc_68KQUIiWRAXqIm-CJZ2cFQ|https://lh3.googleusercontent.com/p/AF1QipOThzWC_0EuoT51TVNvlFyvh9-iGnK6TaGOZSBt|https://lh3.googleusercontent.com/p/AF1QipPZEF5YCLIMqphGAfVie2XCihBzWWaPTD16W7Tr|https://lh3.googleusercontent.com/p/AF1QipMYN-bPsPkKGKgJC3RSAPf13MTV003a0Xg4-c5E|https://lh3.googleusercontent.com/p/AF1QipMcYQ6gpVXgf8nSxy9eZITi5M8fyxj2X9edOwZ7|https://lh3.googleusercontent.com/p/AF1QipMHZpeBofyh-x_CVvfUxwGN9V4RyLfPJkMQqycP|https://lh3.googleusercontent.com/p/AF1QipOTdpu9AgpGmQosNEFAgUaLNucEi_YgoROwdvy6|https://lh3.googleusercontent.com/p/AF1QipO6_4a48wnP3rfO_5ioJqR9YajmNEQcg4mRy0Rm,Best SPA Tanger,S'identifie comme géré par une femme
0531-300827,https://lh3.googleusercontent.com/gps-cs-s/AG0ilSx3KhNf4rJgYJJmQt2GyvKWuCYnkRYb63FhEA3QPEmcYxD3MJ25AoHR5_dippyXlbpyU75XSoQP3CKw_qv4u4dUPrLYaREBS_eRia6iQEHVW_PbmII_SaZiwNy6adA1XaBPgWQShfgeie0w,N/A,"4,4","IMM Najim, 8 rue mimosas, Tangier 90060",https://lh3.googleusercontent.com/gps-cs-s/AG0ilSx3KhNf4rJgYJJmQt2GyvKWuCYnkRYb63FhEA3QPEmcYxD3MJ25AoHR5_dippyXlbpyU75XSoQP3CKw_qv4u4dUPrLYaREBS_eRia6iQEHVW_PbmII_SaZiwNy6adA1XaBPgWQShfgeie0w|https://lh3.googleusercontent.com/gps-cs-s/AG0ilSz2lrsO6-dYh4WxU00_szaFbMhddjkppmB07SrBdGzQH31CzlrbDTbTdVg8mYHqJq5haFGvyGRUMct0oCWbj2g0wKigFPE6Gh9EFM1TrZe2EuVTxxN6UJ4ugIDocx61D1p7PjqQk8j4p_S9|https://lh3.googleusercontent.com/p/AF1QipOgCf2VFCO5AshkpjpxyVxMw0M6hGw2SAvVQfcw|https://lh3.googleusercontent.com/gps-cs-s/AG0ilSyNW1-5KkyEuLQFnUPCFSfSWXDZeSAfc3NDsxbbRA8uA6pJ6hjzqcg_RZsWPdPmh_sJ0Oz1aQIEFlw0C3CMXHSd_Wd5IjBzEYm4akjlSw47g79kl0e9FUz3L5lXWPYvDrlcUm3SluWutSc7|https://lh3.googleusercontent.com/gps-cs-s/AG0ilSwuRlZzXIqfjJTvOGiy3Dvb2cYGKRLTUs4LU3CMO0wd32UD0rwbhl3JX8mnFB5cmpxE6QfzJrNG9WZL9l4xeOQ-7Xi7GEYG6_O5qMDJmC4kvGYZY_lK0UhXoOCN9oxW-eNo5ijYUAoRtU_0|https://lh3.googleusercontent.com/p/AF1QipNrMMo8VBaRmOVx-QDCEcb9aygW1W5KGKGt0gu_|https://lh3.googleusercontent.com/p/AF1QipOahCzUuhn4Jd5azwJC9nvSfUDXw215PLEochE9|https://lh3.googleusercontent.com/p/AF1QipNiajN6srbQRBRfP_7JkShO69qtirlWtkVvHsdJ,Nefertiti spa Tanger,N/A
0675-270259,N/A,https://business.google.com/v/_/AKsrIN0azl_OfLuHn3ZJEs94pLfT9am_zGRDE_JuOiD-ztYtJMluZg/45c8/_?exp=1778401&myads=1,N/A,"145 Ave Mohammed V, Tangier 90060",,Zin Spa,S'identifie comme géré par une femme
0531-036508,https://lh3.googleusercontent.com/gps-cs-s/AG0ilSxSDpCsWqFRRX8h7Qw-QkKrzJtSFdSuYujUBixPRBdF8_Mnm-bYpi874xWZvCGsqRmv7YkS-UfrYgYGorjQc_kA3EVFtZiigrca5Hn-QI9jznAfYhPgGdhgjdAYrQhLDBHOH0oeysmlXXk,N/A,"3,9","Rdc N2 imm el fayhae, Av. Hassan II, Tanger 90000",https://lh3.googleusercontent.com/gps-cs-s/AG0ilSxSDpCsWqFRRX8h7Qw-QkKrzJtSFdSuYujUBixPRBdF8_Mnm-bYpi874xWZvCGsqRmv7YkS-UfrYgYGorjQc_kA3EVFtZiigrca5Hn-QI9jznAfYhPgGdhgjdAYrQhLDBHOH0oeysmlXXk|https://lh3.googleusercontent.com/gps-cs-s/AG0ilSwQgD9Qd6Y-4nTLXfvwBSvz9S6lwZ9bdni7H0ytaOp5uyzpppSlNdyeiipt54K2KYrgipmf2u07YQoJy2AimrA96sLAxtCgvyf9gfmuXIOItS6NXugrJvwt0Pfm92UwYVvfRGzu|https://lh3.googleusercontent.com/gps-cs-s/AG0ilSyW46rm-umc2KWTft91Sq8rqwm43J_28Ccavff-cKcrUPH00DoyIY-iSAG52YmtBx2vPX0-aQDU982k0f7kSFchGsqSQ1X30tGfZYAeaBK3VSj5jbke_q330sfveh-YDtp2x4tuS-_tI1Pb|https://lh3.googleusercontent.com/gps-cs-s/AG0ilSzII25dijRX5Hy6VNdWJ7G5muRem6q-9tEFubxfhUlb6kdcvlv028-Co5heKUhJn71I-Tle4gkgoerDpLmYTpa55eeeTewvm0MAHO0-mVqKnRLQbk3Kk4bOisFfph7B0QNnhn9Ghw|https://lh3.googleusercontent.com/gps-cs-s/AG0ilSxeOzpLdgNRQiBqbCbq5NkMbTZ42iz5He9zSYN2pIJhpOR35um33qN4Ej6MlpJwMrMwzRbKseY9L3A3ue_T7nMPWGQh9oeu03sY-IsESkvj49g9HkEliwLUfH1wKfOlMUU7ynhSEy1FfXtY|https://lh3.googleusercontent.com/gps-cs-s/AG0ilSwyFq-Q8br5b21wOtv_jDWxoESIIvQj9BYkrZPJ-zhZ5sR1EgjXSgfh8zEKP3rOrtL-fvzL_D51hoUK4RXjZJme-V6OWnJN9m32B0R_Q8mc3nZfII4EimSt55gHhB8g7XrM7526t_QMarFV|https://lh3.googleusercontent.com/gps-cs-s/AG0ilSx01m5HDvytDqovmZgfIx_Uuh7q9sxFGeQjypdZ6PRuuAwCxleve4swHaXyPJzblacYLqJ1TelRkJhGTWIZq5rKVlejLNiV31RzcghXrpOlXDGTjk2aAXIx2fEohuQfueZIpAU3N7vJwPV6|https://lh3.googleusercontent.com/gps-cs-s/AG0ilSzENnU-ij8cFXjq4lrH_uWR_toMvKi9Mm-YO5TpBH3swPXHBbr8gWjOHBlPQz7l6O58UMgG-lw9nbu5xnIc55hVReAgxSLa4OVreTzXfxpCOSQj3RGU59cMYvomHTWVHW4bzinhmw|https://lh3.googleusercontent.com/gps-cs-s/AG0ilSwdllkq8M0Te3F0zY_ftkgS8WatNxVp39H0_Igtiud6ddMOXLtEIbfSoRcNJnWqOmsfuYMsnmHII_bo2P9klCfXOz_r4NjOmo-9d2T5Yr8O39wUW8CEZoaP5qrW9-MIgITai7zkcLbCvBrH|https://lh3.googleusercontent.com/gps-cs-s/AG0ilSxBJBfO0MVUs086wPj2boR81CsnmLID7Q990nY4Lqn3JF0yo5XxwGAlIwp1Qj3ONuZI8dCWyumPnBZnXT2CBEajbnCK-VsZWhgFOvIDUwCwV8EjxYwP0gcKUSP-VXae4Hb5U_E|https://lh3.googleusercontent.com/gps-cs-s/AG0ilSwC3QLz7zVCujd1JprYipQFP-nhJTUH99v5cFTtzXEDkvScwlAB7XzOTDBoNeciyY9Dgbs2o1rRfcclOUCofn2mtPX7dErYSSHkj-sj_RCxBWcLlgw0zzerHbh8PLs3DKR1yVPeaQ|https://lh3.googleusercontent.com/gps-cs-s/AG0ilSwd0U7zzIesQFzC0iBG-IPcfVI-rNX85F3cuBNCAP7bSyYcJeYioL6jqAI-x9U764Z8wfmgBT0_mRc8kKsqJeA7EYPK2u4ll9CH2CHnl0O_HkyAmTSIg6LUHkiOecDr0tPSQlgSkYR1RW7R|https://lh3.googleusercontent.com/gps-cs-s/AG0ilSxGalHzNKg_1JDISAgEnNgOgR58v7BPNRFOM2UH6dx4uEBTIQdEgGMEeOCQCAK9cOdN-kYRvCbOURK7Wgfn8R7prqgiNJ8CJBZJUkXSpWdxzMRNXCzw5b07WR9mL0BrJaeLQbfnlNqzPLGz|https://lh3.googleusercontent.com/gps-cs-s/AG0ilSxc2Fvtw5S9WKxvTcnNluUqORXhvlnml-5Xa12sgyzO_p1KFlmpOPAtG1ht-iSFIefUbXXF7JYL3I68B6rKqwE9N3dfTl5z5uYQbmyt6JKdFoESWl8s1UNOrzKIuHyt-NBIxF00XQ|https://lh3.googleusercontent.com/p/AF1QipPaKwA5G0er7iCZhkU-UaQ75WAFJww7T6BwBMHO|https://lh3.googleusercontent.com/gps-cs-s/AG0ilSwYKJ1cfVSnHtXlbBIuEl0yaKCHixi01Crar7fLNabZzL-7K13oiLDaT0g-8c4PeL_JUoslE28dJrx3Gd9RFiBEaxQ-y_7v9tyAfQbvMX-FUdb6Lk-bOAU6Dq0yaQNQNIndALPliQ|https://lh3.googleusercontent.com/p/AF1QipMyZ0jSh46Djz--OB1lih3IXHY9f-9kKRdM9rkW|https://lh3.googleusercontent.com/gps-cs-s/AG0ilSwnrpoJ1sEi9gyU3gjlal2Yj1hImmqo45BwJABsQfVvDLFJ7Zoqi_YqD746GBDMUs15Q6qx8x3n4O9Hz9xcgQi6JCKxYKVMepSwUW_bo_lC4vAlfsU5RYBX1UWgCvplv41UxJbrtA|https://lh3.googleusercontent.com/p/AF1QipPI9tx3yMoo4QFUl1lnlIOgfYsbu0DzPl6_oHuH|https://lh3.googleusercontent.com/p/AF1QipOX3frknyD4kAji0KADpoP_ZCQo5JsfAWi9aEVu,SPA & HAMMAM chez Jasmine,S'identifie comme géré par une femme
0606-160165,N/A,N/A,N/A,N/A,,Basalte Spa,N/A
0633-339676,N/A,N/A,N/A,"Residence Tingis, place mosart, 07 Bd de New York, Tangier 90000",,Spa casa mira,S'identifie comme géré par une femme
0663-303319,https://lh3.googleusercontent.com/gps-cs-s/AG0ilSxWOZGBe8HqH6RsJFt-w2YF9Boj-Lncyb-qWg3sER0yMu_zv8MwSSFGMlLrCF2__BJHUvpsne8ESFFhlUzcWI9CZD7L1di0RxMCkSApHmAOm8OgBDrPuQjNVaYtkbc9BRiazHSg,https://instagram.com/lebristolspatanger?igshid=YmMyMTA2M2Y=,"4,6","Résidence Idessia, Rue Cordoue, Tangier 90040",https://lh3.googleusercontent.com/gps-cs-s/AG0ilSxWOZGBe8HqH6RsJFt-w2YF9Boj-Lncyb-qWg3sER0yMu_zv8MwSSFGMlLrCF2__BJHUvpsne8ESFFhlUzcWI9CZD7L1di0RxMCkSApHmAOm8OgBDrPuQjNVaYtkbc9BRiazHSg|https://lh3.googleusercontent.com/p/AF1QipOr0weh-K5p-ajbhzet6RNAyHY66cmanwbZThAv|https://lh3.googleusercontent.com/gps-cs-s/AG0ilSz-ckM-qAmxlZOvoKLVNUQtqwfYJBc04-R6Xi8EpVa_wHF4qv1ydCq0VzOe0yFM12INQg8ZDOfogG5KItwPQ9aYRGeMUIye_O5b_KgwwuyWZhOVYzGcTrWMy3PB9yt0YYE09Ds|https://lh3.googleusercontent.com/gps-cs-s/AG0ilSz3He1uPlgpP56PgmRk7ExupfESWWYg47IdZAiGjL9CAf7AnGuty5epudaok5l95Eic2XGlsdDrCGA60RyUW1fmmTWylFcJe5BNuqFaxGLvYT8amwhObov4Iod2MY0FNZxKUyIvsQ|https://lh3.googleusercontent.com/gps-cs-s/AG0ilSxMA1rEHEu6oWDa3hrrlDMaxFI9ypkdzzbaWp7S8TzyMvD_B1rL_uh0VPLlFarutzhlhtZjoA0FMYb55408j8xoY-vDx6UdhbNZ5-l7Tm0SIFDsZpNgWg92qBFtIjsU3BgeCTh4|https://lh3.googleusercontent.com/p/AF1QipMTHSUIOrY8y7EH6oCHaGdbjWiYtH7nLhTIuZms|https://lh3.googleusercontent.com/gps-cs-s/AG0ilSy6sH7_UQumdymQ-HBWhKLjgo3uy_6pjBkCCml8ieV2Kfxq3ajRFsTj2kALqd_uXqKE3z-hdNgIyG9kWoPsRrnrjWHH-jjhU9oxP2g_XNkmMe8huojfXMpTxfUbxiyfA62ZnCccQG7kS05Y|https://lh3.googleusercontent.com/p/AF1QipPKi9X2zMsZ_7GFLnq9kUEKZ81bhTBdGJJKlR6t|https://lh3.googleusercontent.com/gps-cs-s/AG0ilSz-JhF-0xuXZSo3ZmmqvCkZdvzARHjA9pKhYON5DwZZyzhZ-yWVsIJu0jkltigNiJ-RJqjhoLef6tOX_yNZXsPSPiEcA5c-gvAMnzNwJ5qNo5NUUXwZvyVKhnDmc8TH9LPAi-3Kjw|https://lh3.googleusercontent.com/gps-cs-s/AG0ilSxUH54kYWcFmG6mco_VDA8mrm9TLQUEHjN3rTRgmNFe4JT1jKQzd509v8cJZeCgrAsNKq6YfQfqHfPRNuTF-7pPz18pkV_XuQs2O73pHYqXo7mw_igfhfrCHbqaVNH-igLXyAQKQg|https://lh3.googleusercontent.com/gps-cs-s/AG0ilSy0_mqYZS-jtbz03Cq8VUVyPzax2Si266vwr0k6Zl6qU2c9x-ETAbAa_WA2C44GZg6Etoevequ1IDoiKRl7pX10onTnU1XGICPMZAKPpQ38ekoK6wli2Lgab5dg0tM9qGWiXHXkuIoDYofI|https://lh3.googleusercontent.com/p/AF1QipOhFg99xc9eSJ9yCKKZvfpCYz3REBDtGdgVl4GQ|https://lh3.googleusercontent.com/gps-cs-s/AG0ilSxG95rOXdGizV-ZlX668MN04Y-eUJ5459YKZfBcqXu5ZY2lK4gLKiq22Sv1OCNHBG7VCSGL6Rd4zElTkxTTISRz9R-EaiLmgXmgbxkyqOUYYGn-A4Lwd1XMtweFHJoAH9tM0l8|https://lh3.googleusercontent.com/gps-cs-s/AG0ilSxtHA_5NGURU1tNktGY5-NRhNv_8FX_HhTIldEJfwZ1tsKYqH_x5F6fhudl5r9vDQNohAdrtY7TYM7cZe-6CGsUN62_3ymtT-EZwyj4kQUWzN2dW-wIKk0fuIdxZyufyssM3ChdbA|https://lh3.googleusercontent.com/gps-cs-s/AG0ilSynCtVL9RmQ9O_vAnTiXX66fPK5BDfcvVhj7XKiRCfOGziW54ofIiKYxVOKzfqfmsBhq3tla6AK37anLoLTk4V-0465WXAqpwkJJH1v9SuNZh-HhBCKGeXQOLszgcodZ4tOdTGVpL5xC74|https://lh3.googleusercontent.com/gps-cs-s/AG0ilSzu6kPbbbIyqj62vOGEgJkCRi2t2l4PmgQzdx1e9r9_vrjr_6VoAb0MIDQbLrL7p4AwOtaoSitjBeum6PYfFcpPTZvkjcrMhCNw71eiWH7SnJE1tKtT3oG-NB2400QcJiWkesEZlQ|https://lh3.googleusercontent.com/gps-cs-s/AG0ilSx5FkklSgBCuAkHo3tMozoNboFqex0wlSvNiYtJAnUHGC-RpgBiYHc__986bJ_Kwk5PGnU4NnfuawUBLVs6S8w7ZavnTAo8hc1jLTAsA9JdE45roeEzJ6hitiQE6sL4P6T-h-DL|https://lh3.googleusercontent.com/gps-cs-s/AG0ilSyRh3e9jntzwiN312jjche1IbpDY3KklSP_MSoBcI97ZYVhGIGx6kYOblroreSkM3LowMpUvGNpk-bnfTBHVfsvoGybMZHfhZvk1BOb4dojImUSfVgPGaP6Lz9WFRwZqg-D9CbC|https://lh3.googleusercontent.com/gps-cs-s/AG0ilSx3hvcUFOotZfq20p5axHlWZIaDB-KDxD4JIvcJWMY_ft-7luFnnCfPZZtHwI25CcU3fxti5Qtv97LYX2nOmQOflM8ZVzvv4arFaNe-hGlfFhk3t63Y2BgvosvFf6TQ3cw55a5Ryg|https://lh3.googleusercontent.com/gps-cs-s/AG0ilSzTFv_VYJjFA90Uuh-gx_KQRpvZwXb81_D294DeLpaZccWUnZh3DLhAn2DVRFlID_ca4XLWrfqrDeInwKnyb7RGTjghNrz7IlXpaF3FzJpyVK3yLDyfAd1l1H6hVN8ZuBFjIZwWDLowPE8I,Le Bristol Spa,S'identifie comme géré par une femme
0636-288075,https://lh3.googleusercontent.com/p/AF1QipMCrNGHgNbn9qLAvT_qju4XwCX_CpJX9EwfMm67,N/A,"4,5","Villa 11, Av. Moulay Rachid, Tanger 90000",https://lh3.googleusercontent.com/p/AF1QipMCrNGHgNbn9qLAvT_qju4XwCX_CpJX9EwfMm67|https://lh3.googleusercontent.com/p/AF1QipPaNvsxSSLvDpjqeRo6CSbo57iuUPQYL7dBnENX|https://lh3.googleusercontent.com/p/AF1QipMd7WYgwrDvPEMQFFtmLDbUHRIyA84AdeuCzaIf|https://lh3.googleusercontent.com/p/AF1QipMuKP1OhBsGcpu9nxHSDpMWu0zbmnkPKO15nqGj,Mira Men's SPA,S'identifie comme géré par une femme
08086-21504,https://lh3.googleusercontent.com/p/AF1QipO_xax7hOJ0_PZRJQhSE_kCw-6mTR98Tn1TopB4,N/A,"4,2","Rés. Aurélia, 61 Rue Abou Alae El Maari, Tangier 90000",https://lh3.googleusercontent.com/p/AF1QipO_xax7hOJ0_PZRJQhSE_kCw-6mTR98Tn1TopB4|https://lh3.googleusercontent.com/p/AF1QipNXYbtvrAEi4v9_HAV8sb3C0gjigl3kEYsDCyRE|https://lh3.googleusercontent.com/p/AF1QipOg2BIwpTtbYe-th7eCpRFxLlVqc7PJ0uQK5faV|https://lh3.googleusercontent.com/p/AF1QipMuzsRUV0KXJ3TKwFgnbU65NCrhzPmUe-xt15I8|https://lh3.googleusercontent.com/p/AF1QipNLrr6R9fXKM-6eieXMzJ3QRMWD_IabeBTHZp3U|https://lh3.googleusercontent.com/p/AF1QipPm9c8UET40aIBrl9zD7qF8nvvPFChIDDqxU94A|https://lh3.googleusercontent.com/p/AF1QipNCTALjwlhDM6JscvyiV1U7vZ7c-NibPSXE8JXN|https://lh3.googleusercontent.com/p/AF1QipNiL6F7odOjmvcAFzq1XBcz5BoWZzgFrKOwy7Yw|https://lh3.googleusercontent.com/p/AF1QipPu3w082hFG8vQQCSKgZWREoj6lDsnw_gMjfVTZ|https://lh3.googleusercontent.com/p/AF1QipPDIRDu4HIbW9XmwfPDkRqBNcoj2zKmw0-WSKaP,Vip Home,N/A
05393-01103,https://lh3.googleusercontent.com/p/AF1QipMfZWFi7XmzDP22BKq07-68xqiqBQ1ZfED3OYqE,N/A,"4,5","complexe la baie panoramique, Tanger 90000",https://lh3.googleusercontent.com/p/AF1QipMfZWFi7XmzDP22BKq07-68xqiqBQ1ZfED3OYqE|https://lh3.googleusercontent.com/p/AF1QipMv7DKacyeRzQca859NERhX4pMkgTfyX9U-2ea_|https://lh3.googleusercontent.com/p/AF1QipN-yBQ-p6wXLzy5Li5AnW-xWummA7sTi2MzauPP|https://lh3.googleusercontent.com/gps-cs-s/AG0ilSztuipASHOGDYZthCru6x29MOfcZB4M0slupbMxOj_LTvx9gjZu5ttrigldXElFDQaQNRZ3IHWE0R__MXljhVfZHkeDVpcnmwGuBoR13R0aWlRCV060Kri3NzmDCY3EkTfWpUgr|https://lh3.googleusercontent.com/gps-cs-s/AG0ilSycKVJRW5Jja_wVWTDEKa1uY94_r_j_0xaxwtsHdMyDtBvTd3uKRYUUd7cmLv8q842n73rJVaukeqOq7ESJ6kxlFQJkE0vbGdGT5Rf4o_vrsgDmyVIfDapIgr3KuEX2bUJOZQEU|https://lh3.googleusercontent.com/p/AF1QipN3yjldpTEejULjkM7OkHWe3LiOOK7b9tReEs81|https://lh3.googleusercontent.com/gps-cs-s/AG0ilSyWPwMdju9fVcyR6QtrAf3_jLyC1OlhAMyQAFTeibE_XplQh_IrAl0cRWFZUsVgELmgIGr4htwjuDputHgknYc6r7mqogl3317nQwMmRTkeoysC4aumb7iViKeF6tKVZr2AAgU|https://lh3.googleusercontent.com/gps-cs-s/AG0ilSzP91wcBEch00AhNa5hR_18wHNTps4iokz1hyRSaicycIa1_YqAAsT3hgh7Xx-TrrPfDCosuUgemYICD9iUTRxszotqstMa96d6eWUT_hcAGtTjdZTbHVEyFgnwZaLtCjIMEtFtOw|https://lh3.googleusercontent.com/gps-cs-s/AG0ilSyo__5JOzWLfF3vmda9gVmIMuPGWuH_ddbnHT6RdtU5w2COkM9uKv4YbQowy98-1Va3j48Ku4Xky8CSiHuHjUkNpAFJ0ei3coXRsfk0qBU7W7FRl3USKua-JBSpqmNj5236rlRK|https://lh3.googleusercontent.com/gps-cs-s/AG0ilSwHItXNJxYp9EjVTbTpsdAQLGkkrIaIv0ZShsyEQnuKvucKNCN1uLEJPkGNCF4bJBrXCSlLN3qDwdtHW6kxUFbi-bWv4VT5FDwH-4vYXceNFudGraVM-cy7fpnVDDdS8WV7DuT36Q|https://lh3.googleusercontent.com/p/AF1QipP4AKHohn33Ue8_4PZ7MU93FmlvhgPBpKViQSxy|https://lh3.googleusercontent.com/gps-cs-s/AG0ilSyEVzfHzLsr1vS3aOj_0rsoXA75bo_vUB_IwpY18FqQs-ZMTSVRSZPnq_wAIkrYOjcyJxIwxq1YMcjOirrdbmjUZcsJz-hNwezrmTHtaZPOC632BYuFDxV1zawWo5ykWJ58440|https://lh3.googleusercontent.com/gps-cs-s/AG0ilSyLV5I9MvzUa65M_0hMarGL4LnyDVTjYBg3jVWbriPPEIdURpEmxAfWXny8z0xdxwFrDd7bw6_rpFLAS8VPAkJ6IJfcRmqky20WWymbCHqQXEj6_0WV4bwxVq2v1L4Bhq-DSrM|https://lh3.googleusercontent.com/p/AF1QipPlm6sw3psT_Keoj9fq4DkLvT9nWySLeqHANHja,M spa,N/A
0661-046152,https://lh3.googleusercontent.com/p/AF1QipMzQ0nBOeRloFG8KtinTvM5AzhRjq10EkUlkOo6,N/A,"4,7","Lotissement al khayr 2, Tanger 90000",https://lh3.googleusercontent.com/p/AF1QipMzQ0nBOeRloFG8KtinTvM5AzhRjq10EkUlkOo6|https://lh3.googleusercontent.com/p/AF1QipOrIbF5k0ZiTIvzL7x8TS9tBGSZtI01_CsepCL3|https://lh3.googleusercontent.com/p/AF1QipPrq6QwAPVrNGp0OumGjQsCUrZY6NJIZM43pDNO|https://lh3.googleusercontent.com/p/AF1QipPHqpmBUTnICYbZmEeTM8NjhJ8aDtmf6MvOTYEK|https://lh3.googleusercontent.com/p/AF1QipNARi8cXpfKQp31h3mtZfFdnBbKkGDPXVtAd6BB|https://lh3.googleusercontent.com/p/AF1QipP8cW0tH0LrERwHDGQNZhnWmGeNfrExentk0U6Q,Glamour spa tanger,N/A
0531-069971,https://lh3.googleusercontent.com/gps-cs-s/AG0ilSziF3nG_zD7ojWcsNDG118CHoRH-_tCOkk5bjkyi57_n3P0CCZPbxwFROAJXlx4tGJ97sLKmwSwqMWLHslk0nHDfnEGnq8gGdrjVulqExbqHfJ70Ja5rH9mTwbQBErTvkpSca61,http://armmani-spa.com/,"4,6","Rue du Mexique, Tanger 90000",https://lh3.googleusercontent.com/gps-cs-s/AG0ilSziF3nG_zD7ojWcsNDG118CHoRH-_tCOkk5bjkyi57_n3P0CCZPbxwFROAJXlx4tGJ97sLKmwSwqMWLHslk0nHDfnEGnq8gGdrjVulqExbqHfJ70Ja5rH9mTwbQBErTvkpSca61|https://lh3.googleusercontent.com/gps-cs-s/AG0ilSzYUWsrWKeWuDJn2ctHBEjcubp-noq_m3Ps7CsBGgU8JBRAGxf0FHpmXQ6vCtm7fPZ0RaiFkG1R0NAVCnj0TBzxbyFB3TZcqkbcJqISTF0pVK_qRhKP4a_Z5JrJMszeIBEYnVXX|https://lh3.googleusercontent.com/gps-cs-s/AG0ilSy0KIAtpx9BanvrV_43KPlgbdoUPOt3zgkewcTWjlW8cx4LIqsgVfZ784PTloeKG7VaCV7Yr27z6efmE3Y2HPg5FwRtChFD099IJHX8Xc5kP8ssl6yKIEm-1wNomdVjsb9zLwsT|https://lh3.googleusercontent.com/gps-cs-s/AG0ilSzwwSDDlNtoR3vKSojRJT1Czalggt3wRRInVdCkQRDF9aUaiqG9Ye80DVKLH90hiX1TPEVJjjQC5g-VlFpXZPeKjb5avSc0hAo8cHt-jDWmlbtJl4voJO6YYYpIFEJH6OgyfK8K|https://lh3.googleusercontent.com/gps-cs-s/AG0ilSzDndfjUrmw8YL49Fey6Op9jIdRH-vs42TmCcIFbzletbO2AzhQaNeNVT9_yczFR43suJTkAer1XYNZxEzjAqqZVGI2bcvyxxq4Sf4nBUVdzxH1Jn-QyHq45huRxWv_5KLOfmZ4|https://lh3.googleusercontent.com/gps-cs-s/AG0ilSy3wTePUE9XLRMCacu434accHlznJ5Yh3aacYqbABjVG1L6Sv_NrJ_ai-rezVMStSmvyvKBCWe93QFoCNYiP5IVZGfXoqGA1RIvBJ-MvqYba078lFXEQek4q2ykxD0Hd55tGN0PCA|https://lh3.googleusercontent.com/gps-cs-s/AG0ilSwI-CXzLvkcSEtCI3Ncf2SrXVFpSJD7BHAStuDn6IGMuSpltqGuvmRDawVOpA3t7iuc-zxGlyGKwP1vetvqdVR30GIa2gHa4JmsChG5-V4yze6de4nN3in2o-ISpMQAk_CV4i_b|https://lh3.googleusercontent.com/gps-cs-s/AG0ilSxcgPDH53tPP95iTamhTkFhO67SCkAv4l4AxqJkF8qGUhnIn_nahvdeqwnkrZkZHnZAPnv4MhMQT9NvPA4kg4WOrNj7yBDZmAEWl47HMe-EgHwChc0BvCATtKZz1IzFxzZvjfzK|https://lh3.googleusercontent.com/p/AF1QipO8MA--xL1zFvNDExnpz4tx2ACiuY98Oz4b7iE-,Armmani,S'identifie comme géré par une femme
0623-758230,https://lh3.googleusercontent.com/gps-cs-s/AG0ilSxQvoR-LjtugXjrjUwgw6cII0DJS2ZJe1nyDryAiD7EMN9cvi6rSmDBEqp3rVIhdWmz7g4jk0_uU079okNKsBdt5zYNAUFMMmJaIr-WsJjBCsOrtMRUwF52_AbuNhTLwopMx7NU_Q,N/A,"4,7","îlot Al Wahda, 117 route de rabat, Tangier",https://lh3.googleusercontent.com/gps-cs-s/AG0ilSxQvoR-LjtugXjrjUwgw6cII0DJS2ZJe1nyDryAiD7EMN9cvi6rSmDBEqp3rVIhdWmz7g4jk0_uU079okNKsBdt5zYNAUFMMmJaIr-WsJjBCsOrtMRUwF52_AbuNhTLwopMx7NU_Q|https://lh3.googleusercontent.com/gps-cs-s/AG0ilSwauoggf2gYp3FVfixw3OaoCgnGzQgyAJratG_E-nzFl4SLJwFATNTAQYCsdyn9FugFGO-oQ-ZBY0SAJYO4gNEpLgzwQu_4KJNzyhxZB9QGQLape7mE4IPl-zqk1ajC-EvcfKRO|https://lh3.googleusercontent.com/gps-cs-s/AG0ilSxFBOB9HRustT1IJCQLoSkRnlGvYao0vCKsVAISKN1ePB-9dznKrFG4K_o0OstsgUGcyRyrnQ829iWZOgWyoKCrlD-sD0mfhP2pHkx5pmK6WhId3LDZhJ56waVBZIqm938Flyg|https://lh3.googleusercontent.com/gps-cs-s/AG0ilSxjAlDsSpxMkh7yPEHwF8aQ5eeR93Yk6HngyLvDyLxQq_Y99SIJixaU3sf_kwG2rzhZdAtljOL5vUPzTMvOagbkmzG7cHgi3M1QVuuCrnti21tnFa87VaQfEt9d4hdECK8QoV9i|https://lh3.googleusercontent.com/gps-cs-s/AG0ilSzcDIAgxmYk_53p1nenR9uaj6OmYmPLA_H3_4cE9rcY036JBJGqa2GgFMbI3ubkWImOtc_JlskzE8jdwkX6F8682gb6Mc7gt_oglfwWGIkh1aG_tKNOxO01_MUjZc98o_jiW5Dz|https://lh3.googleusercontent.com/gps-cs-s/AG0ilSzTnO1qzICQB2N3LYcRalet5QujVYZ4IecJMH88UF3zkXC7NPWkKqElRJWDd8qlO_tyL02-KL6mbVt-VXFSq1sGaO5U-ofDQ1tIslHHXZAteGvze7HbLvz-1q1gaD5kRYsJASUD9Z8Jm1tE|https://lh3.googleusercontent.com/gps-cs-s/AG0ilSxWwerMZ7acdbWvM9bTuw4lc77CR-6WI8Ktz607SMQJjQZsgzsM8-gXvX_iNZuOghcs0MDpKVvCzdPaVb1f-LRb0oAhauNrXhod9m_leUVoQ5d9a40vXMpbDsJ01GdO6VGAy63CeVKcK-S-,Fresia Spa,N/A
0637-924955,https://lh3.googleusercontent.com/p/AF1QipNzo8ga4HctIu3Fuz5OAT7UIw1ilCcNSvUzmYvQ,https://www.manificaspa.ma/,"4,8","résidence Monopolio B, Rue des Abattoirs, Tanger 90000",https://lh3.googleusercontent.com/p/AF1QipNzo8ga4HctIu3Fuz5OAT7UIw1ilCcNSvUzmYvQ|https://lh3.googleusercontent.com/gps-cs-s/AG0ilSwwL2PuQLfm4eKttCWseP7DoTUysx0m6i-m6a0_dURmkkCzpxiqJPRjxyOjyVRS7dlemqOBeQvfTHa2uFMG_Ze_e-V0W10kOEZMsCTIevOa3zoTCCHu-wXm15S_Wm_tR7mt5CK32w|https://lh3.googleusercontent.com/gps-cs-s/AG0ilSxHABqQyvCGN9vdY4fDP35Akhz7jWyUm96Veji5sK5LLHorVd-tnFWvKemIoaVJbrV0QDi7kOUCeCtXNcUbRescMO0Y1OHLvdtNANU0hH4u_XVsi5hd0HGtfz20I2y2Zl_AJk9X20gmRDOm|https://lh3.googleusercontent.com/gps-cs-s/AG0ilSyN4e3eZ7FsyRcbS9FcJq5_0PR4tSsAmOWA4oszk-knbpp6c-CQWDQOMnK-4AKuREPeqMIc6I7uZn6NjbZc8qcwYdSQJsX7QzQ2sDmi-uykNdFtAsjL2UGb60-dbu-DI9-MSkRnNTKIr1Ih|https://lh3.googleusercontent.com/gps-cs-s/AG0ilSy2de8D56XDixWhVWpZ0YyhpzxOYJs_KdKwrCjCc7DolE7OrOp_VJfmj-_sHE9U-43T4CmK20XjTPvh98v2cBif0HI-YMNHeWtXYHMHPC3kJzCug1auWzGkupyyvMOY95cavLbQWg|https://lh3.googleusercontent.com/gps-cs-s/AG0ilSzMbGY-g-uAWtmujbpznw1gG3THQWoTei1_0GeXJC5hTBE85-tp5lFrGk6vfpHJ0RP9Owva02MJrKmL1oU7EhU4wdI7PSEb9yyoW-ENrA9MTCHcibHlibYDSrZDfHZhqOsxKGPMdfkk3YUa|https://lh3.googleusercontent.com/gps-cs-s/AG0ilSwk31YnBjBmh9MY9AX7dD2bOgPpkOvOdU9F4Qh0xdDF_mT79baLlHDq40oQEZVQ_tcEE6IlwfxXkU0vJR_rutU2Qhqr0iHDYbV1fBCH8jE573K5zGDKpB7AE6ZuTKrUkCTG1VcZDFWN_1ZE|https://lh3.googleusercontent.com/p/AF1QipPbXe0D3DsmF0_b5ioT6hO0T9K3Uf_Wsc4EHfvl|https://lh3.googleusercontent.com/p/AF1QipMD9o6ke1OmQh73bb4E6oq469RtSru6_smRhZx9|https://lh3.googleusercontent.com/gps-cs-s/AG0ilSzFlskYtq6MOAkrtn9d4VRxYNr8Pxk-WEgxVe2oIxT69HmmXtw7-tuuE6NvoCsRcjunSgE5uxGKRNOiRIueFt7wvTQZCXqWoJaPlPi3L6YWAgP8rlRvAyiNa-8z3BmJXjautdLC|https://lh3.googleusercontent.com/gps-cs-s/AG0ilSxxTCXi0gm1xJy1MquqbATXBo4nWIHPWzCxMHQjZ4OuOC6ijTUaAk3IS71O8HmrsTGy8vkSTxKAhAiIrFtBeTxrBK1isQiUSTjfYvj3wDPhqPYHxhiu-90uiWRTjLHOj5PzguJCOwMMQh3R|https://lh3.googleusercontent.com/gps-cs-s/AG0ilSyFfby8M2OgXJmyd-6KsXB1sD4YScQEzR8yKm33W1ku6KdrvEjMO1qRxKxCHEbRsTTMx5wA2vGENw9Sn02cVLfMgqtNVVD_4gDBBtiTdaH7nRI4TLh4ia8iHDZ0I1Z-cLyY-VTFcNfVu9Zc|https://lh3.googleusercontent.com/gps-cs-s/AG0ilSzekMgqdF-EKrWQlyXF7OqC4Umt8f0XwafkMH6eLHc7l-hr07HdQcS_Kx__irIeoNDxXp6Al8cHWXMrbLFZlBWuybv11o98n4hHAB0jbwqiztBYUcBat9yFe_Jvy3rv3W0aN-TzhTn6fadf|https://lh3.googleusercontent.com/gps-cs-s/AG0ilSxdVVONy2nZLO6KgCrgoL8Xp_lUo_QRBq7gP6DtqO7sa8dHjvnGJy3NibRIipCizcX94MVp-HkXwFIaoErGuew1nfFY9hqDs0wrEjtJpssDL_PsYDz7lAgV5PWT_SBaSFtexJnoLu-QQzCv|https://lh3.googleusercontent.com/gps-cs-s/AG0ilSwVLblX6mv4_vD_--u4pJNWj6Xdigk-qG_fCWcxHpUOguKEjfFrChnZSYubc3ibRLsFs9SmaHYCKrB6_qJaet-J2tEVM1GLMiXlS2Mu-NlwrgMtERFAuyNIdvPoytgmOivcFoOkIqa4jGg|https://lh3.googleusercontent.com/gps-cs-s/AG0ilSwfb2p4-RiEERfvzamRW4gPtWLbkvy7iesB5MISjXTdt9ov3qXJgWiWTJ7sKsnbdQrfyB8CCJzbw_XvMQpec2i4yIW88PmwyshJgBZwBjUDefd4nL5DBiKSgsQybagEtSiQoQd6VQwPfCs|https://lh3.googleusercontent.com/gps-cs-s/AG0ilSxycunAqz7_1G6nn-TAZ99wtgE_7W2RnDdx0cfD-sYQSJMvJbpjlUVKai-XBBaIMEp1UXWPfvlbKqfZ_Jcu7Iy2ZNpBEXZZeu5d6mZg99IWiZ2YIJqTQ2TDtB0X4LK-V_qzFY8|https://lh3.googleusercontent.com/gps-cs-s/AG0ilSxeW6DgJp92kgd9ih6V_uz4Feut73sWvSqu802InpVMD4-QRdyTNhf8BuGBsMqL1jHfUr1m2v98s8TqWjVxv3ZBkUiYlDQtKaNg6y7IGkslV5nOSDZab1d8y4AK-hTA7aBIZDGp2F7FEpkT|https://lh3.googleusercontent.com/p/AF1QipNZ-eTm58JCzlR6Pt-C06AQUm5AGSnEUUAS07g1|https://lh3.googleusercontent.com/gps-cs-s/AG0ilSzmlLZGPhu_YV1HN4r_lAoPoPnvY33Oaefl0uFIbIFCOM8oYwgSqk4mKHtSWyJIfjJyLqaeNOp40Un9D9igJUKTwN4K-a4Uh1AHX5VkgZ9kqIxfCXKNJV5kQHLZTleddPvnG1meqg,Manifica Spa,S'identifie comme géré par une femme
0709-789484,https://lh3.googleusercontent.com/gps-cs-s/AG0ilSwVqAa8JK5MKihDYrvv9KcE9ZigmtIuMgrl0nEf98KxOf760DwfSl2-vHqmE-exldKXb_I6VHqHpDXmzrQlMRjUvFEaCBB_DIJz1FZJaNNyAV3eNTAhDkrv5Tv_ouPGv6waPsteZQbQqS0,N/A,"3,7","21 Av. Sanhaja, Tanger 90060",https://lh3.googleusercontent.com/gps-cs-s/AG0ilSwVqAa8JK5MKihDYrvv9KcE9ZigmtIuMgrl0nEf98KxOf760DwfSl2-vHqmE-exldKXb_I6VHqHpDXmzrQlMRjUvFEaCBB_DIJz1FZJaNNyAV3eNTAhDkrv5Tv_ouPGv6waPsteZQbQqS0|https://lh3.googleusercontent.com/p/AF1QipOo1Gq3aWFB_dgRrKobs7ICthFEud7nhIPW3Cw|https://lh3.googleusercontent.com/p/AF1QipPdA4nQYE-wsLCKq3GaxZD7oHM7y7Zs8qlos2E|https://lh3.googleusercontent.com/gps-cs-s/AG0ilSzouqgsBImXe34OAE0vPBQsX0C4DQbl7ycimcO_5-v6IVEKftvnyyy996Jx4Wt4J9IFAQ_7JKVt1qB9606feGJ1xOyl2lCVMD2oRbXTnPnU5GJQhyf4HyEgCwtVPdnmCgP2iY3a,Nissyma,S'identifie comme géré par une femme
0663-622657,https://lh3.googleusercontent.com/p/AF1QipNbzRtnxnI2cJdse-gBpxG7rV6u701rPY3m7cHL,N/A,"4,7",N/A,https://lh3.googleusercontent.com/p/AF1QipNbzRtnxnI2cJdse-gBpxG7rV6u701rPY3m7cHL|https://lh3.googleusercontent.com/p/AF1QipPdelWogdTajUOkkTXhhxfNMECFfWLjk8UdBRSi|https://lh3.googleusercontent.com/p/AF1QipNN_zvT9DgSH_HCmgjLivEA6ntOAs02cn-pM49G|https://lh3.googleusercontent.com/p/AF1QipPPzmIqbTBRA_wG6rtRTDC10ZNcSWeNbQpBpKu3|https://lh3.googleusercontent.com/gps-cs-s/AG0ilSygcR0maG4wbNb_Ut2uA6h0ZckEqvmv-JzfokW8QUbX-7smHgGdzuARLzRLW_gHK6_ViaFvjm_yK6TVi56lS4be-8KtsIuPjX5sl0X50FSGyYHIGdGZNOTM0X5cOPkA4vBsuCfPXbgw5AA|https://lh3.googleusercontent.com/p/AF1QipPYeEKRV9DiNOzLsr2_v82iaaLKXRXGf2xZDUBG|https://lh3.googleusercontent.com/p/AF1QipP-KN2mv_5QM-MxWzCDHkFXM8vYpEDH5hlyFLc3|https://lh3.googleusercontent.com/p/AF1QipPkFzAv-Vj1WevuFn7faLaxmOUxqf1626EeE7fu|https://lh3.googleusercontent.com/p/AF1QipNUdNb3Fita3UQwHVJZcShtizAABEej-CA-pQvd|https://lh3.googleusercontent.com/p/AF1QipO-wQ9uDsPVQjGG9jmdFSa-8N8-dMNI0kbZIs9m|https://lh3.googleusercontent.com/p/AF1QipMbeaj_Ug2KqS8o-pXvuK0Cjw4lFC94cRZh6U4S|https://lh3.googleusercontent.com/p/AF1QipNUL9r6fvVTpbbUj52PWDR606WeCKLFqIn15AQT|https://lh3.googleusercontent.com/p/AF1QipOX60O8ONH6zLn7cTN7eBe5soz4wH1QJkDFmLPi,"Lahlou Hammam 💯% Femmes, coiffure esthétique massage",N/A
0632-218805,https://lh3.googleusercontent.com/p/AF1QipMja89O7IwNgcPrIHHaECEq3VIMA9_V70TBF82d,https://ryadspa.com/,"4,0","Reda، Avenue Youssef Ibn Tachfine, Rue Rachid Rida, Tangier 90000",https://lh3.googleusercontent.com/p/AF1QipMja89O7IwNgcPrIHHaECEq3VIMA9_V70TBF82d|https://lh3.googleusercontent.com/gps-cs-s/AG0ilSxzas9_R0l92QyCWhiXFPF09fUy_xJKnMtC8PKAVZMn-oxxbnZlohILdOYL-N2YyrcomHHgusw9ZrG78EATWDdCpfHkUWTewcFNNhBLc_CCRysMXeEutNa17a1N3VId4LJRgnrB|https://lh3.googleusercontent.com/gps-cs-s/AG0ilSwu5nMoC2NldwpV1nH5mZ42Vw_pF_Fiqb5UpXC2RP83bBCAj-j_FoHYxtnl2Y4A1ZodccY3uis2d82ezMgjv1baDRquGqwujA6FOQaWgyPeJY--IA8j3zcQ38JFlWyGBXZr1KGj|https://lh3.googleusercontent.com/gps-cs-s/AG0ilSx_uGl1jh-V09K4DAEP6HUhg-3rmK4Je7quGV-CDBKenQcbGcWKrUq7IyXXgo_VqB5hLKD1T2Mj2yS59T4VF2ATMft7Aafp5cE9n2rCHUB_LlZSrznTD6_tHM3Juxu7cXqn5qoq|https://lh3.googleusercontent.com/gps-cs-s/AG0ilSwqtzKySRcbZf_BmHStdMMQkbucrwaJY6eB1NtBsbuJAjD8KQAmssknjdQ8eAdBmQ5SCNJ20TGSE2dLc5_0VYhT3CueHGFYJt_o_Bnzs3ftw8uiy-CMP_tpot9mVUA9Zfd34m9C4c4gyE1t|https://lh3.googleusercontent.com/gps-cs-s/AG0ilSwBGC-NVqlZ-EG7YMCxPHnzrxP3Siht_Cctn5MHVU5I6FGwRImZxmBGsz4luI-PCWQwef4iEiYgx6ilW5lN3yOv7Sf7Jh4hbd5dvy6KLNa4sDyhDEYaD9ZYZdVfOn2oEJ7ph5o|https://lh3.googleusercontent.com/gps-cs-s/AG0ilSynX5eq70P6usXtkcLIiXnE52-PfctdB4DU6_SQc-wTKBwxNVd971jiOAHzP42PY9oSYDzaAOzPJm12tYAkrhn5Gx3dZbmfXP2N-loiuF9GRTkj5UHr20uCi5oriYaH3hqzFIzvbg2LjR5i|https://lh3.googleusercontent.com/gps-cs-s/AG0ilSz9evzeMOhrHCYxO3wy76zT_lQk1TRr9BomO6xuUkhxtH8Rc7ZwPKuDKztEYSDSugv3B12NbiO60bsf1AmBt-ya9RUfNP8lZlOihip18ZN8rF4oYjOOVGk0TOH_KV10HyMW6rvh|https://lh3.googleusercontent.com/gps-cs-s/AG0ilSwcC08f7EDy74zTEzmK7cSEwQNh4rIAKRFpSs5oRTvzhNLOmjPUirb9AK1AbE1Dmv3CPgN9BLIMJrWz7RAqA-kdT10Jidr2ILHOVjiFFAKbRDrzFAV-BNJGOnwMHe3YBaDlQbk|https://lh3.googleusercontent.com/gps-cs-s/AG0ilSxyej3cqCBC7b3E1FWgx_Ysx6Qs77E_pNH8gd_6i8X3l9r6u2zi6GGbY_BwtI0j-2nKmAA9ytc-iZOF1-ZlHRALQTL5W858gNLuOV9Wt21KP72Cg4MTZVL5PP10Fv4dMtq5dOdn2Q|https://lh3.googleusercontent.com/gps-cs-s/AG0ilSwMJdmFWnaEgaIcBlJLpWqU272K5yXWygccCUMW89MAauF33rJbsG4dQBRTB0K2bvGLkBkGUZgc6uamDUiS34ulr0cm2EBET9vbxvqrMONj4l0WVyf8Sjku_ENfA0m9AlzZr6pUrhg4V9-U|https://lh3.googleusercontent.com/gps-cs-s/AG0ilSwi2Yw4jhfUBFTwxg4kPjYowQzuwlHnar0VO329r4ISeHvPi8VqOYk4twwovA-YQVmrZy6KJIa2Wey8zqv_sTQ2CgRgW49EyRL0Y9t8AQ91kWATmcbNvtMQUf263hDbIS0Ol1lJFQ|https://lh3.googleusercontent.com/gps-cs-s/AG0ilSzjVeMVzSmkgEQw3sDtV3jia8vDB20QbOgLUIRz_ypNPlQZRXrZb0ILYKBxxlOxptCqGbxmO_fdXfIXiyBSMDPD8J5iKelur7XUnCxVWlWewLrZCIf5tyhs8hkOPABDi_gZv5A|https://lh3.googleusercontent.com/gps-cs-s/AG0ilSwBwxUrjXWU8bJVOe1ZHBs_1VoGU1MjRjORthi_L-J11x3YUfk9wtFJs6MkBDLc5xLmtqsKNPBWnOZiwOVVhGGKW6p8pVrq125BARQ-TmcKTe_u-NGJ8FNnwvQ1hJABk1K1ughxdA|https://lh3.googleusercontent.com/gps-cs-s/AG0ilSymZ80zbHo--Z5ZJ6fRV5vygHEit8P--QH6H4Mqq4eOKw64GNYLWv--YRFGumPmn72BXbqGd3wIZgQwitfRZe_BM8zB8u5yXKmAeXpGYkMW1B48bmAySIrYNwcigAGkL5pSrJsc|https://lh3.googleusercontent.com/gps-cs-s/AG0ilSzchkKCKzBAUXcmF-Lio3zpbjVB3hWJIGAjOvHXbeRyX_K4nH3TR3tkQR6IIbEUYkQOB6a2ltR71zUVWXTxeTTofBAZV2kBKPj7nGljUXThEDQNtNlpuqX9-U8lEWU5A_NGK_Ig|https://lh3.googleusercontent.com/gps-cs-s/AG0ilSwKM5RRv0Gf5B2Hl1sJ6xeHOVClAbI6s6CE1o_Pa2A-8lQ218JfCed4_tl_TZrsRSj98tObMSi9YyiBtmwrHipPHZvDjvj7l6cQVza56BUYkCg-eSB_AV5fankBa_cdvWYyrz-If4DvOS0U|https://lh3.googleusercontent.com/gps-cs-s/AG0ilSz70zQfwGVnatO-u6uZscK4SCu7TEaLzaoKcCU-kvVF2Z-NopHJrmGgJkIi43m8BELbROm6LvAFK0XT0nIn2u3wCqv-iDbmJSIfJ5RxH2_rHqKXm0ak-Cg0uy3Q6m1wvbKmY6O4inSofduX|https://lh3.googleusercontent.com/gps-cs-s/AG0ilSw0hCfvNCZKuEzFQI_lIVGr01h744So25jaZg4eTQzB8AF2UwlEXco6G__AMJPeRQdTSjh-r2lrd8FSuL_p79FNb_8u__mdMkR1EcifYl9vdVUiBiD1wVmLAJvJCL-VorlqPEmwig|https://lh3.googleusercontent.com/p/AF1QipMYHepJpWk6Mzj9piF8TYs0hXxV2Kts2ls0MfbH,Ryadspa,N/A
0661-914141,N/A,N/A,N/A,"Khalid IBN AL OUALID, Tanger",,Kamakura Spa,S'identifie comme géré par une femme
0701-099303,https://lh3.googleusercontent.com/gps-cs-s/AG0ilSyQ07rmOTEx6XXlllJwwMb4eAWsg71M4Azwx4yMwdaolhOj73_PpZlCVtxHpsJPmLpUzzG0NEuqyDssYY6QQ4WRDtv5klhzDyFhvA8hVB-WO71sZju-yw4IH57Y1q9SWYIuGO4KjQ,N/A,"4,7","Bd Royaume d'Arabie Saoudite, Tanger 90060",https://lh3.googleusercontent.com/gps-cs-s/AG0ilSyQ07rmOTEx6XXlllJwwMb4eAWsg71M4Azwx4yMwdaolhOj73_PpZlCVtxHpsJPmLpUzzG0NEuqyDssYY6QQ4WRDtv5klhzDyFhvA8hVB-WO71sZju-yw4IH57Y1q9SWYIuGO4KjQ|https://lh3.googleusercontent.com/p/AF1QipMGqphH-A2w_qWqHHjK6FLq4VVzOQPmnfMAdN8w|https://lh3.googleusercontent.com/p/AF1QipOwUAHjL1fgPoiXBc3JLRMzY7xJwhqO4cqxIcxN|https://lh3.googleusercontent.com/gps-cs-s/AG0ilSyz9zP9ah1iuLUN6hNQfORGw1tkQSQf8KuYBuvyEU4fPO1zr_zQfXSGWI4J2ya9FXfr_yyIpj6wwLW-qVkAU4pkH6puVP9ZPWMRf6wWMo8p_uMTpCuUGSXI3cY70oTlmdjKFrDqwA|https://lh3.googleusercontent.com/gps-cs-s/AG0ilSx6GP-kc_ON8SupOTh1pqM_6BBmZa5dXrp25iKyM3W2tuaxXAaeP8fIaWIakf67_ac2jx8iTSiwyeCFw4V75eXuAySd_dZiSp2CdM8ZFOWHM0rQM8Vf9qRSWF7C0WkRmjjr_5c|https://lh3.googleusercontent.com/p/AF1QipM6JsKUIhRZbRUKNFVckzEYslOc2ObHQTB7lPVI|https://lh3.googleusercontent.com/p/AF1QipMVjkFj_pmi6p5LNIiFiegCK6ozUL38JyAwSzRd,Spa GREEN LADY,N/A
0531-050028,https://lh3.googleusercontent.com/p/AF1QipOOAcq1q5EuTht8KudZsw4YnSjXvfwxi3M0PX7d,https://www.facebook.com/imane.spa,"4,0","Villa 4 en face de Asswak essalam, Tanger",https://lh3.googleusercontent.com/p/AF1QipOOAcq1q5EuTht8KudZsw4YnSjXvfwxi3M0PX7d|https://lh3.googleusercontent.com/p/AF1QipN71uqcj3xEQ9nQRitZQasj4KnFv5pGvc3i2Ssh|https://lh3.googleusercontent.com/p/AF1QipNkbh7ouG0ZEHX_Zgyhh7L1g2CCco9eRtM2VX3Z|https://lh3.googleusercontent.com/p/AF1QipOK2JXghTo_sZZhUwlKQFdz7goSMWSd03O4inxU|https://lh3.googleusercontent.com/p/AF1QipMomCSWw-guYCdVhqbA4pjxN36-mO82glLEA290|https://lh3.googleusercontent.com/p/AF1QipPk02qSykwSa7FMWO8L-dBsFu-FicnTPIfOcaas|https://lh3.googleusercontent.com/p/AF1QipNK0ETKeQhIxR5CGjNbiBMUaxPIJnmkrq0M2zao|https://lh3.googleusercontent.com/p/AF1QipM4nF7uTwf5wIe9X6JI_N-vclqHz9gUsv7GU2kc|https://lh3.googleusercontent.com/p/AF1QipNu5Q_mZEAVBaGBrS2Wmrsz6F79rA8rEhijXr3m|https://lh3.googleusercontent.com/p/AF1QipPR9WyHG1HywronPxlgOOpSKx_S3Y95bUkoF1Xd|https://lh3.googleusercontent.com/p/AF1QipOg7QyTZ-M0RU1jNMTImfpgLDGoiG1Y100sv5re|https://lh3.googleusercontent.com/p/AF1QipML12r4Q_OAN36PXCgAGOfsd89ncUW3LQvkkr0J|https://lh3.googleusercontent.com/p/AF1QipPAxSO7-bJbjfX1JZriqkjk8HBaBw8YnCB6KISd|https://lh3.googleusercontent.com/p/AF1QipObQX3P5_W9beckvv6tNZlAP7bmLxVVg3jqRkVF|https://lh3.googleusercontent.com/p/AF1QipMAK8sTPZGyUnH9Tps50w2QU-hPX3iUzvht-gqa,Imane SPA,N/A
0626-992657,https://lh3.googleusercontent.com/p/AF1QipMc7SiABepPR68zFD14-Qj56AR40DI05kKRp24E,https://web.facebook.com/Omni-SPA-109505871643215,"4,3","Tirso De Molina, 14 Av. Sanhaja, Tanger 90000",https://lh3.googleusercontent.com/p/AF1QipMc7SiABepPR68zFD14-Qj56AR40DI05kKRp24E|https://lh3.googleusercontent.com/p/AF1QipPHLK8YPmOJJAehCLq5lqYmQfvFoJd_O3R9ASF-|https://lh3.googleusercontent.com/p/AF1QipPVkRt75nwGowZdepm0LIQlJtKEXQHOkETyyjKn|https://lh3.googleusercontent.com/gps-cs-s/AG0ilSzUAs_mfhme8q9hkAYuXhP--TkuYrzbq2m_K0hEaZxjl9EfHtMHT3uAUvgHrbkPCTiFmyqFfM27CHdAItDztACTBca6xR3BxgekPEHWd3OZfKmr_nBVdali9hq5HEE1QiC0sNSMjTday7hX|https://lh3.googleusercontent.com/gps-cs-s/AG0ilSyPbxPJDdnjcTL_Ji7pYlIC09FuHVla-giyvEZ3bnplQ2ceRcf71Uq1i968u2oa9OQM2ioQ_dHpdC9VESuqdomWsAevZ7EEjMgSvEFs_sgsHYFrpO3pYhxIOZMnIefXX942mZRM|https://lh3.googleusercontent.com/p/AF1QipMfgHezQLWcVptXm1rbe-fN5zNsos1vWbSuTkl8|https://lh3.googleusercontent.com/p/AF1QipM56GDEv1CcjNkvf-V0-jqavuAysP9wREM9-cMO|https://lh3.googleusercontent.com/p/AF1QipNixDjeg83nFjy9jszUWGqrzQ-vZfYhaTfchD6f|https://lh3.googleusercontent.com/p/AF1QipPU4J9TMad9-NTYr4_Zm9jV1FW1V7ZPhOnjswFV,Benny’s Spa,S'identifie comme géré par une femme
0661-412505,https://lh3.googleusercontent.com/gps-cs-s/AG0ilSx78SgCqZy3y879qQB7HGKk6YlWTi36d-SAy6ZtLacOXMjO5vpNFhI_-1jplstF0C61TPKSUfPlwLcXXLitQwzmAFg3ar7UwLvzmtI1RmKnI6co-VpmToX5l_yHrZpvX-AM9sbi,http://www.maisonbarbiespa.com/,"4,3","Med Office Center, Angle Avenue Moulay Slimane et Rue Barcelone Rez de Chaussée, Tangier 90100",https://lh3.googleusercontent.com/gps-cs-s/AG0ilSx78SgCqZy3y879qQB7HGKk6YlWTi36d-SAy6ZtLacOXMjO5vpNFhI_-1jplstF0C61TPKSUfPlwLcXXLitQwzmAFg3ar7UwLvzmtI1RmKnI6co-VpmToX5l_yHrZpvX-AM9sbi|https://lh3.googleusercontent.com/gps-cs-s/AG0ilSzOTjwSK8jzk7EQupwZnOUrwybt19qnhY22vhp6KaCxvs_giUVlIDgVFcDup0RyIlZvIfpGwIIqJ-KhBh5vecCjVf_G73kMhEWfCpNgNHQM-bAXtIMlJHED_eNekDj4X1qz2QTd|https://lh3.googleusercontent.com/gps-cs-s/AG0ilSzE9YRhiILcvLEmpvjCI5t4pQlAPteCe2f_pWfOtqXtKKxN3EKSP6k-i6K1xkjZJcQxiNSq85uKveRqxy9-DBLsuLh7tsSXJNJIQ5682EfLASHJq3foboJmRDC2ojgDlmQT7WLw|https://lh3.googleusercontent.com/gps-cs-s/AG0ilSygku54ziABZib4vQEXmJm5SZzjnO0mwodHxWb08N6UPsckpGumCpZHXak2rQRHvZ-jXNjVOgjSF-1cT-Xalt2216kLI8E_l7yMQnCPSHxugfc-JkoHRGOQ3aFdZ2VgAvZMKivp|https://lh3.googleusercontent.com/gps-cs-s/AG0ilSz8fNL3B3PreXWKlPAXQM1y4DGRIPEbMX9fZVlCjDtas-Foh1hYZAAGUoflUN4TW-wVb9neeLBu8zIViI4uzhjTJgWhtTfjd_GNEBmaEGD9tb4d1oMprVUj50sWAV1flwnBJ4qJUg|https://lh3.googleusercontent.com/gps-cs-s/AG0ilSzDM0tHILou8Xmw19h8jZgZVZQ43SCEhNzJ1aDU7GnSVcp7etcy1j4GAy458oxiJGwjEwa4B7EMR3gCQZ2hjc3LQlXsyCWim2PTFz4rW2mBeIBsbCRCS_MH2ZFcbNSdjA3gMF8|https://lh3.googleusercontent.com/gps-cs-s/AG0ilSy0rSY4b8SRbgfrMmZQZWaeJVHk8BWCPQIbTUqNxkO0ULpBG0p7ayX-OlUkjwHXsv42mp-o99_g95Ewp-uoZgF9WjWmZot_IycfxSAnO5co2r15qzTTeFkxAea5yMtWLu4RCDqYSXJXcnbd|https://lh3.googleusercontent.com/gps-cs-s/AG0ilSxl4ZXmj9OoIsq6zqSSk-xmzB8pcxw-WuBde4xifZGTFvUqFpCiOQ-bqqMV5wKaoLIHR5cm0GqmdRI_fMpHK4mxoK7Dkuq-kRWvRbyfRuTzd8jsfMyD-ZPaA4bzLg1lz4tnPKM-xrdTAMSw|https://lh3.googleusercontent.com/gps-cs-s/AG0ilSzeDKYfmgi463DcL1qg84cfu7GD4kjXZs7IgaJLmzE_QbsQmA1S1XYLDUaFNXRuldnOgWZonCG7pu5cB4U24JsW9isMBlCoApa0A1pTQNGwWU_MMVPz-YB8p-jh2OR9ISk1z7BTRU0itWwL,Maison Barbie,N/A
05393-78895,N/A,https://spa.accor.com/en/hotels/B6A9,N/A,"Palais Tazi Ksar Al Mandoub, Jamaa Mokrae, Tangier 90000",,Spa,N/A
0670-708315,https://lh3.googleusercontent.com/gps-cs-s/AG0ilSxrixHOfp4nsarUW4qV0ulbUx74-bDm3c2xiF1wRcNtw662VmmQzCL1DIBTX98nq1vyg_rn4CLvPveqsbJDp0WS-9aoZ0OvuQdKU0zMAj1SbanrLbSgihTgJ096K2Ts3IgNBe5b,N/A,"3,7","Q5CW+96G, Résidence Flamant Rose, angle rue Omar Ibn Abdelaziz et, Rue Ibn Aajeroume, Tanger",https://lh3.googleusercontent.com/gps-cs-s/AG0ilSxrixHOfp4nsarUW4qV0ulbUx74-bDm3c2xiF1wRcNtw662VmmQzCL1DIBTX98nq1vyg_rn4CLvPveqsbJDp0WS-9aoZ0OvuQdKU0zMAj1SbanrLbSgihTgJ096K2Ts3IgNBe5b|https://lh3.googleusercontent.com/gps-cs-s/AG0ilSywVeYmb7tSny4EGnpRsxm4PHSKbrBi4M6euN1FnIMgWgei3fUH2U2p_1qvLWmayVV_SxZCqyQYZPmXF5IeVGiYuwBRBqMmb9nG-jYozrNJnhujSaHDMXE9ToBmXLINq5z_9klD|https://lh3.googleusercontent.com/gps-cs-s/AG0ilSxsZzeq8ib_AOngRhxozMzYikHWHJEIBr-ZXdgIc5ZRUeVF3Ely7wlaFpHrno8KrnKyU3mRe0msOuz8ytJBP-9-Uq4o2QxLcNL4snXd5cHn3tl5xrhVjS4g4XcVycw0d6QplPNr|https://lh3.googleusercontent.com/gps-cs-s/AG0ilSxpkgM0TRANFU9IQ2UedXVOALSenzkOJ5SoUoJ1QiTW4_Va4YJb_lVBeYNy_roH8gp8AV-qY7heZqoeXzxQuMylIIYY4cGM5FsY31Mj_Y62NxN6J2LjTWtHyPHOYW1qESzLGppfuQ|https://lh3.googleusercontent.com/gps-cs-s/AG0ilSzBiTztuiWgov7S6yIBt4IokMMJ_JiwCsp9MonH9cof3L9iutxouUKhXqUu5QhMPpTjRgojqQ9SdgD7Bn1a8LUQmSuaiDTlktP_IgbTCBTkk0zz1smEQRxSTIb10kZ2ZO4Rz4nZcw|https://lh3.googleusercontent.com/gps-cs-s/AG0ilSwLWZwWk3vlf2ySdIPYaGzraf3nL8dg9CrDc2S0rOQJYKxiFSQnkdV_U10EZARalxcrVvnf5rv9Zjhe5UqWcMIkE9ZD7ZfbqpJwDNi6K5Q3CocGsaIZCcRDMeX8MjE5OjdTw7mp|https://lh3.googleusercontent.com/gps-cs-s/AG0ilSyW5prBc5K47i2xgO2PGSZbDzzhxkNDO1cS81nVhVZ5bkeky71TSrjOAetgOfqu6Unn0zj5LVELRh4X6WNALNpLdew9XDKRSiTnTtE5OsDWZZBCoUHl_955nrx29yI6ljFL8vLyHg|https://lh3.googleusercontent.com/gps-cs-s/AG0ilSzAhiKp3ETlxhkmLODsikSHPoCzpTumu8SF0D6HyPAjqtzyjpzXFYVim-oklydJBGNixpSzykZR1S6mUjPDSWzkdxNJhWioAaG8PD8OhThUQDJLzufUYHPOD6BnzHw1HkRL-nU6eQ|https://lh3.googleusercontent.com/gps-cs-s/AG0ilSw34QcdfFD45xJJz7X-gPHbw5MX62bOPWZ7313Y6bcjgIuyQgaN8cevMjmoMkfQMx_nNuJxcJUcfZGLWe2GxE5yw_vfxwGyvkXRmi7epBRjp3v6RxuWB53Ucs1Mfu-X4oEBpEE|https://lh3.googleusercontent.com/gps-cs-s/AG0ilSxnpgiCH2ZPl-kQDADgLtXwxThIFlLrpyj7NmVnZuKVkIJ49UNjjaHsj5Ywx9RNjqFgFCXglQRG6tDQ8_dz_rDRJL1RUQ46qu9InDIqHlUbpCuABaUcLnha0l_uXb9NFkilvwlZ|https://lh3.googleusercontent.com/gps-cs-s/AG0ilSz4jGdzE-zNJNdKcL-U6TZBrOwKt_sd2jadypZlqHOWX1GMdVsaPggrboxRlFPzdNORXpzQ4L_5fTwcR0As-Kx9g_ucbJ7eZdlyy0vpp0Q91PZdyHPdIaJj_N2n6URjRL6VcPDK|https://lh3.googleusercontent.com/gps-cs-s/AG0ilSzYC4L6ptEDWKIMIpFjWWWQkpn6CVsCRCmmsaHRUM_XXA1eC24inWNukRUTnk29QKM4524DKXAfcoNPNwYWOfapmevgKaWi-7Dwy4_M5aFEGekNdwdFgyxVV1fsP_jFs0AWgzOJSw|https://lh3.googleusercontent.com/gps-cs-s/AG0ilSyy2WelaObBJdQKA14ayOPCZSSYIGYnFNa5Nxexga49OEPDiMFrOmw3wsYgf3SpcGOMk5o5u9-nPdapPsZB-qnYPAmkeHme9bYDMsXJW9M7HNqhBL-yEtEgok8enyrQjK8cGYVL|https://lh3.googleusercontent.com/gps-cs-s/AG0ilSxe56PtcoaGy-JWW9V6PHQgEQXZR_4ZNBr_Fxb-JSa74Z0IOiWkIzUSYFckRZL7_CVyqG38yccynGMiUvcTdI9o0pbbs_rV31JTMJzIlgULaPQG2vXD65fa6zlk9Tt7D5p7U1Xi|https://lh3.googleusercontent.com/gps-cs-s/AG0ilSwBd31VZ-NnE2W4AYNc7LwLXeDFXRSrPZYM1e7zF5hNWr6MdSE5veMYyIKMl7Ev88Un0FAXG0bLtVh7Ork2QzOQL12vWJPmcG2dOkPMiUWz6P6L_Sb8JX8ILhd1Jvqh-_ZjlpoJVg|https://lh3.googleusercontent.com/gps-cs-s/AG0ilSzBKffm0B1YlEimy8ce9eVhtGIO0lqBO7cEKsYzgVGUU_PaUOM2fwaUPen52EYmDr84Y_SIHK4mgFjs0YO4S1vzQo2z_qMUcfOFE8hnN7xcGzoJjYMmo6zZM55CMg2FLwdRa5Jn|https://lh3.googleusercontent.com/gps-cs-s/AG0ilSzw3vBnxmT15iCED3gAUFod3RQY0RFcwyTzOEi2WvmMasyMfj70ApyOqhsD2-peFY1AXIpO0PwUEscjBcSwmYIPVq1jMotOYLV8tBbsIaRLrIlvKVg-HWSOfFElUnbvUIFF8z52y76pp1eA|https://lh3.googleusercontent.com/gps-cs-s/AG0ilSyVWPkPqDYscUt9irtjgN-Oo5KZHhTPb-XxjUNOzf502_f7zFdzxxpACbbGF1N-p0hArd3Pzyif-WAIuzYIfQgRjyQggBooEE2mjiuRIACjjpQDNLaxCN2G5gOw2PJUojVtzxdTwB_1neWx|https://lh3.googleusercontent.com/gps-cs-s/AG0ilSznCu0z6L9aC88hA8bRHy2dE-_yMaE6p_rVpRaC38xd7WymsJoxn2DG41yd_EsBng8LNXVJTNFY9Nnk6E8jBSSwBpFOCitxwIOglfn2sxNFZF1smgtdqZtc1ddpY9P2_lWomag|https://lh3.googleusercontent.com/gps-cs-s/AG0ilSwdWznZsuNzGk2zkV3y_oHfE4rk2WYyoOj5wDOoIS7AiQKFPut93vFxMbQdwrHOcwVgUZiJ_4D_Bn2yp6C4L0cwUDaVa6TvSZTUt_OBno2aLof4WX1UF6-iikZjavRZbezcx_5v,Baan Thaï,N/A
0650-747699,N/A,N/A,N/A,"Jondole 2 Complexe El Hassani Tanger, Tangier, Morocco, 90600, 90600",,Havana,N/A
0661-447179,https://lh3.googleusercontent.com/gps-cs-s/AG0ilSx6H1pfADm4LaF8fNYS_PuMNRie22FOQc4kL8sHKIXYT5uOt8WhrL33mllX-Vpp53TAl7bl4v1obpNrZ5NDN4kaX6f588M2qMo8EwgqrXQaJgccrq8iEfUZoLAlpC9gmMFgJ_IE,https://www.facebook.com/pages/Quintessence-SPA/632896310188784,"4,1","Rue Ibn Aajeroume, Tanger 90060",https://lh3.googleusercontent.com/gps-cs-s/AG0ilSx6H1pfADm4LaF8fNYS_PuMNRie22FOQc4kL8sHKIXYT5uOt8WhrL33mllX-Vpp53TAl7bl4v1obpNrZ5NDN4kaX6f588M2qMo8EwgqrXQaJgccrq8iEfUZoLAlpC9gmMFgJ_IE,Quintessence Spa,N/A
05394-29182,https://lh3.googleusercontent.com/p/AF1QipNKrq4QTzUTI6i6IPv8ipA4PPiggTWrb7Zfwuc2,N/A,"4,4","ap.G، L mouna، lt . 42 et . RDC, Tangier 90000",https://lh3.googleusercontent.com/p/AF1QipNKrq4QTzUTI6i6IPv8ipA4PPiggTWrb7Zfwuc2|https://lh3.googleusercontent.com/p/AF1QipOw3B5m_IVYZFmx7_fGNu3978Z6bg74-EQHhiDB|https://lh3.googleusercontent.com/gps-cs-s/AG0ilSxUt3NwFoRxHNNbBHMSS7hOEsyvzmt52INxULW2XilPNw50ireSeRvgXYQz8_whhIBw6r6XkF91dL7_Ojcnz_J4RiZuP21vKYkC1YOQpkfUqC4vPCaIw9cbvPawYYLMgwBQC-co-A|https://lh3.googleusercontent.com/p/AF1QipPTjC3qXJmzTrI9LsfKGiZKbgNUG0GmqbMQxNEr|https://lh3.googleusercontent.com/gps-cs-s/AG0ilSzAUi4Nk_7PlnxHZuDiB5UvMJlee49kZBrTUo6PgKuzJtwpNTSriR-b_chOqGcMgo5_zIxXJ8nzaZkoJxwWOFlOpSO7WWpEqE7ZUHCpEM1xtVtYDBlXJdPDf3N3heCPRmq5QIWQ|https://lh3.googleusercontent.com/p/AF1QipMDqLEA0IWp3XLkI9spoyOs3A0bQHk19rgDBEm-|https://lh3.googleusercontent.com/p/AF1QipMbpI-2GNnfOD-HZhl3zN_HPS6lCU3w-BNjd4bY,Cristal spa Tanger,N/A
0632-299413,https://lh3.googleusercontent.com/p/AF1QipMlFI8Z3ODIbitPB3sL7-UTrSZ23_7MTGaXKtGO,https://spa-tanger.com/,"3,7","RUE EL MANSOUR EDDAHBI, Tangier 90000",https://lh3.googleusercontent.com/p/AF1QipMlFI8Z3ODIbitPB3sL7-UTrSZ23_7MTGaXKtGO|https://lh3.googleusercontent.com/p/AF1QipOB7WXgB8F-KPTMBtdmT3aotxgpUOuUNQ8HK_YX|https://lh3.googleusercontent.com/p/AF1QipMYdLbikYCx_lNJpRYVvxUQPGtF7f_f-zcBxDW_,Spa Tanger - Couples Massage - Hammam,S'identifie comme géré par une femme
0632-218805,N/A,https://ryadspa.com/,N/A,"Reda, (Ryad Spa, Avenue Youssef Ibn Tachafine, Rue Rachid Rida, Tangier 90000",,Tingis Spa,N/A
0663-402011,https://lh3.googleusercontent.com/gps-cs-s/AG0ilSz1Cad6KtoQk3FhDaZwRRPnfrrORG5pEZCxhkbSHoySKUk-xAKmeMw9HoxgajhIAuvNf9tYmWSEFwLmwqyI5ffqRgoOQod48fmTmLZbIFI_WtnIAK-_pLGsDmltfMxXmDIni2w,N/A,"4,8","Rue Fquih Ben El Mekki, Tanger 90000",https://lh3.googleusercontent.com/gps-cs-s/AG0ilSz1Cad6KtoQk3FhDaZwRRPnfrrORG5pEZCxhkbSHoySKUk-xAKmeMw9HoxgajhIAuvNf9tYmWSEFwLmwqyI5ffqRgoOQod48fmTmLZbIFI_WtnIAK-_pLGsDmltfMxXmDIni2w|https://lh3.googleusercontent.com/gps-cs-s/AG0ilSzaAD8KJ4SAVt5eBM1MmZqDcQ33QraJVwe4mta1dP3bJhvY_goVyy8IEuT-0VgQ25e0bxD37oFu14A4T-tpjaSBrs9p_XVF6qT6cwggx_2XIFT-yC60RgqED2HXAr0rMOQAv7Jn|https://lh3.googleusercontent.com/gps-cs-s/AG0ilSyb8mV5JbWsJkhTuV_RypK4vC5Vu3tsUAU_41kJW5R7_0EoyvChsb5mPqoKCFFoQZYptEnCblnxVb43xj85RMtoqjJyDFv7GcX375E36gCbY3BawNR7TjnCvPKihV8GIwjm5VvB|https://lh3.googleusercontent.com/gps-cs-s/AG0ilSxnbBsvdlAlmmYH54illl0OInD2mvcBThgj5sFDH4t2__GccHSjK1B7FFvciISK_ekefvFovFfanNTRb9moR_hgnn09O1sV3XvlAa2IxzV6vfD_rlzmo4iTemUc1HYV6n_mKsnX|https://lh3.googleusercontent.com/gps-cs-s/AG0ilSzMEjapI_HHn3RJN8NuCzTxTWwQYqSnPdlnj2NkRK64J4XIMk9eWFYJuvFWPCuJJ9GS4M6IgyOCVOB1yGZ6r1Y2o5gs60MJ7cQOdDNWdazindjoNBw1NyVoXrg3RQ3GAP_lqSa_|https://lh3.googleusercontent.com/gps-cs-s/AG0ilSxNl4vyOf--qGiaVAmAwPFabxslQqWruoETZe6dlzXaAV7wPDBn9o0CF8ePVF4P0boq17O9PYZj-H_n9zvH0ECyPt7U9vMzTLm1hoEfcUOjIGFfrug7L-XNMmvGpHvkoVgmNDOGPA|https://lh3.googleusercontent.com/gps-cs-s/AG0ilSxYPx9kwf2OUjz5YHVFCvmlLab4mnDhzaFCyLJICC237UFFeyBsKbG-MRBHhY9EX17n9ydDHHFhLR7bViI1qfd5wmot2rXFBk_KSjqm8zzd0w__qgB_XO-CvUO_jhORFhYS7agvgbAV_HOi|https://lh3.googleusercontent.com/p/AF1QipPYEd_KQZLQDVniEi5roiLPi94bYn3SHMuybKW3|https://lh3.googleusercontent.com/gps-cs-s/AG0ilSya9A7QnblIZxklALtI6nfbkVHQQEGGed7VRWRkR5GnNtDlQD_OLPsAvtQkesSgof0tdail1i89Ox_GV6Fdy3uUNLDGRN4Gr-jbqkAR7K9BAf8GDBW2SU1YnEbW6k5P2lj0lAspQA|https://lh3.googleusercontent.com/gps-cs-s/AG0ilSwXVGEyNh3v1296lyPhgIMDEKYgiqGCS9SAG0BlmjNb2ChosU1Yj2FzYjeHdsHCnzfSsMpR-lN3dL2jQoY3O7EmyFZLHDjQ9ftX1BnrywtI5-SEaC0QamXR87PHyYyS|https://lh3.googleusercontent.com/gps-cs-s/AG0ilSxTUVEOFJv7ZkOF_bpsVINUR0iUjwFuwN6USacwZ6FLY1kJw1-wdbdh_jZzYwqggOG2CbRMeyQMAqgdQwwb1cgwgzsLYTBD2nBvmT4DtlfRT_TE6jhKu8UzIux9yeyX9eGh-PI|https://lh3.googleusercontent.com/gps-cs-s/AG0ilSzCHhFv6xpoHvIO3aEzkhXRNtETYzx4DwE_Jd8OgkGV5ZIfKtw8KxrgEhd62MZISir-9bJtg-M03h9D_tZEh9iBhB3FnwvEbXw76HeP-N7b_xzQpvHV428tyt5APpitZSZt8H_6VLrlrDqh|https://lh3.googleusercontent.com/gps-cs-s/AG0ilSyKdxjER2_L6tiShu1CX8Mwz-sYH2MGf_hoEKVNWXD-FoukzmWe3S48kzDXdZ1oqDCikLBlaNHy-f0FuVuoD13o_M9lTG7bSJ_8NcoTYMLyTXbhkI3any5SG6JpU2w1mFxIwXDGCq57S5Gs|https://lh3.googleusercontent.com/gps-cs-s/AG0ilSyCYBz-C9whbtl5DM4HDTx_IwH76Qg_tMoM9F75tb1vxBEKrgMOKKtJ-edfFDzVsR0ys2pHaBuW2CE2CGN8TXnZ2Qjpjx1hc5AcYhbLA0Lmvpq4toJiZFJatAMTQEXD-iYj_9tyvVqHEV-L|https://lh3.googleusercontent.com/gps-cs-s/AG0ilSyuYYTtZahJe-8bgxKI3kYmtvOazDESEHg0gyK8DUfXHUVSrPl1sizUrejw_DwtacLGp2R1dklwnVKgii7qj5jAn9iNm1oVEhMAI0gD8DLl9yizk9VDGBJZ3Yn0UGtZKNVFmRft_YUa-14d,Maison Georgina,N/A
0647-227402,https://lh3.googleusercontent.com/p/AF1QipPkqPdvW21leC-TryBnKf82UxtVCqgir6KAaUnJ,https://web.facebook.com/spa.massage.tanger,"4,3","Immeuble MAISSIL, 35 Rue Al Mansour Eddahbi, Tanger 90000",https://lh3.googleusercontent.com/p/AF1QipPkqPdvW21leC-TryBnKf82UxtVCqgir6KAaUnJ|https://lh3.googleusercontent.com/p/AF1QipOX88lRYzH60IO5GxLreVvwRowtY5CO9VxcXBoE|https://lh3.googleusercontent.com/p/AF1QipPbK5O92TDEX-5Mp1tyXM9ktDU04IIKMvjvrijf|https://lh3.googleusercontent.com/p/AF1QipO_B9xqjlQNd0Ll0lwKlIY98wXjVcu3xEVt314S|https://lh3.googleusercontent.com/p/AF1QipOeS_R2kUnFfTW_fAdQHKMd_jX0Oy57GKFlFnfa|https://lh3.googleusercontent.com/p/AF1QipMbOGR8c8N9CkS33sa9jQyLUqCAoV8CXyk3Zkmj|https://lh3.googleusercontent.com/p/AF1QipOOV4N7jB4DDNx8iZd0eBjlCyorT0e666ZyHB2B|https://lh3.googleusercontent.com/p/AF1QipPO1M5OD6BZnc3NR01pEvto7Q-3BWR6JI41OKvh|https://lh3.googleusercontent.com/p/AF1QipPE_DL-gtQ8Hq3WfZX0lUXjUHhNER0sFsQS1z_1|https://lh3.googleusercontent.com/p/AF1QipOlnXQUlA4Ogp2d_3q5LQ5GNCPH62-byYa56qed|https://lh3.googleusercontent.com/p/AF1QipMoA0-Cakhn1jiVFO-z55E-T61B064cYCNoX75b,Coin Homme / Spa Massage Tanger,N/A
0531-246200,https://lh3.googleusercontent.com/p/AF1QipMG7RH8nxLIYq0t185-Toioj7S1PqFSOi8HNyaH,http://ezeltanger.com/,"3,5","residence tajmil, 5 Rue Abi Dardae, Tanger 90000",https://lh3.googleusercontent.com/p/AF1QipMG7RH8nxLIYq0t185-Toioj7S1PqFSOi8HNyaH|https://lh3.googleusercontent.com/gps-cs-s/AG0ilSx_2udD8AyJsAn5ZLjGcYx56r6H9Q7FK8v39XCLhi7IalTerivGBt0Cb3MLycPSSrryh_S4R1eUeMq3prdapTLVm1_SW9LQzETgN-MlSUYemJmDhx388wp09l7MBPpj75ruhQI87SlxBMK_|https://lh3.googleusercontent.com/gps-cs-s/AG0ilSwWzEZrsiZu2H-sbKbhT3ns_PzfW8WqnJFKORXiwIP_s9Aa2S5z4nQ_aMlPeRoLubSdTg40sUxZi8Pk7_93jIsn0jO6Ba-cNXVYCjP2c-EbhNqhR9w0qiZVqb1RcTMaAOhZcMj8WRv0kfpa|https://lh3.googleusercontent.com/p/AF1QipOVzooadUyeklxc3RKYD7P8L3ahcYJd1h4uvmyJ|https://lh3.googleusercontent.com/p/AF1QipMtaw0bzzLr-S_8i0KONvoBzquVZSiZ-1GP1p5x|https://lh3.googleusercontent.com/p/AF1QipNg2VOknYqLA8GcQQEGmc67NPxr2MgqT7HmEDBk|https://lh3.googleusercontent.com/p/AF1QipPhLnrqc3WN9d8SRiyo_E6T8Lg1IRfsId_V9PG9|https://lh3.googleusercontent.com/p/AF1QipNec3u5dydNqUO26xHMuAMjdCQH4Bb4AaZsbSKm,SPA & MASSAGE EZEL TANGER,N/A
