phone,image,title,location,website,rating,images,description
0669-572229,https://lh3.googleusercontent.com/p/AF1QipMVGFX973Zw9VjpwgxQ5wkNlb0B-OLMhOAhwC_P,Lady’s Only - Meilleur Centre de Beauté à Tanger - Salon de coiffure 100% Femme مركز خاص بتجميل النساء والعرائس,"Résidence santa Clara, Jibraltar, 8 Rue El Kindi, Tanger 90000",https://book.ladysonly.ma/,"4,8",https://lh3.googleusercontent.com/p/AF1QipMVGFX973Zw9VjpwgxQ5wkNlb0B-OLMhOAhwC_P|https://lh3.googleusercontent.com/p/AF1QipMx7bNTrEYZnxoO4rfD9wZWttnM9tjLTm2EtXUt|https://lh3.googleusercontent.com/p/AF1QipPi0I1sGA2thNW_ZaBANzvHVpYeE466Hbc77T2M|https://lh3.googleusercontent.com/p/AF1QipMUaNv3O0SVi7zcpTcj13YSF_HKlu7ivSVgy-3g|https://lh3.googleusercontent.com/gps-cs-s/AG0ilSyinLkWotxdk5FiDsf55ulhd1eki5kidm6IzDzF2XR7aAxCJ2O5Yt0TWQ8bcyEGg0aiN-zm3vofq2Do49SLBzrRNgVwMHoN2MIHmAF52MrIGqTOCpibx8NK5mPfyYkNcyPVe7KR7CnfwXck|https://lh3.googleusercontent.com/p/AF1QipMytTQU2Des_P6Qo_85ZU1htqNmK1HsgLCtnzs3|https://lh3.googleusercontent.com/gps-cs-s/AG0ilSxb0jA3h03oxi8sA7tuXeH9oK7U8fCM3JIcDID1yVxGV4IxY46JY6x56A7Snr8wvne0sAtHwFTNc8eUgdbFbrKPdGqz0MSW2w5MLxdxEeks35AQZxKyJc7zcmx2mOS6T8qYz1c|https://lh3.googleusercontent.com/p/AF1QipPuCN9NzHoF_2dcX5--mntAc5ZPgQsGSLTnEvon|https://lh3.googleusercontent.com/p/AF1QipMpuv7VDtZmVZXHkJM-SbqX3vSx0TZcpSxYqN-O|https://lh3.googleusercontent.com/p/AF1QipMlzcqHFg5xgt3qluMe7vJf_G2S3RY_8KUHMzFu|https://lh3.googleusercontent.com/gps-cs-s/AG0ilSzK7clVWC52X92cLresjVU0dfUDloYzz4U_Yod3HQ5PhPDYC0uxtFRBP1Z35Z4Uqz3QrAT1sK7uYMEIHCc4uvQdVlSshU1VEqXKN4uG0rp-Os_8POf8cZB3tKJj9Psai7PbDcQEF0RZ3XhN|https://lh3.googleusercontent.com/gps-cs-s/AG0ilSySrMNsV9UvVi2lkFFgKLpfLRe-hcO9CCFQz-Yw3AX9Wq4dQNKDyMpQJdeVOlGAQwxEzwt8idsf1oSdVP2RHxGdYOnu_0orEsjPeAKC5RpRkOK_phpKlEs_TcYx1gAoadoGCCe7yA|https://lh3.googleusercontent.com/gps-cs-s/AG0ilSy3R2s9jA6Qpb7IiSFeg4Avfzc6o3b8p0VmuI39T5Y3IpzRohn0Y7YcNs9xFaeRxI8eyGtuxgcn1UOgbJ1GX3WT8-m7qSoA31bHMNK0O2K10q2O2jEAAF9JHOt7WRDDx1wsXMgRzGvRe5Pb|https://lh3.googleusercontent.com/p/AF1QipMYqUIZdOyMFUqmlc_jU3NteyG-BIdglR_TRfMt|https://lh3.googleusercontent.com/p/AF1QipOLWtQr1Ve5Fp08TYqy9mwvJW5-WIX1mgkZXkex|https://lh3.googleusercontent.com/gps-cs-s/AG0ilSzv32YGwSv_wDj51hdrVodeY8zKcDuZ1yQaLvuYswVmXR_SMZiduAP8ErnVzDNgdb97-nSoC_HiekubLES7oqUOGkYOQ0Ivp8Z5Q4rmbhD1HVctiMjD9iQIdEEOgZe2Myu8O4aSbZ2Yhco|https://lh3.googleusercontent.com/gps-cs-s/AG0ilSz4RQvb2u6KErxWUnFSdrccb_L0Dj6QESncTNRez3Nn5bF6VyBIitkiKilwQiefTEBg4LpEwXxEeVqE6LxxLE4-_yXlzW3eM-4U19fdPP7HNI-8A_OU1xeceaM-nMZPpBNILJAe|https://lh3.googleusercontent.com/p/AF1QipMqlYfnKfhA-0KokLvXr3nZl5l6hIqASuJZ1YYk|https://lh3.googleusercontent.com/p/AF1QipMYJzpNJzSb7hv7YTroXP83lypWDDewoCHmwV8l|https://lh3.googleusercontent.com/p/AF1QipNcDshQDqnklqciNCH7igy7U2mpYhAo016qOfSR,S'identifie comme géré par une femme
0690-321216,https://lh3.googleusercontent.com/p/AF1QipPKQBD_9f_HVkYtpEXgxER-zujAWw1SwJyQJ21b,Elegance Coiffure femmes Tanger,"n 68, 68 Rue omar alhas, Rue Amr Ibn Al Ass, Tanger 90000",https://elegance.chezsimo.com/,"4,5",https://lh3.googleusercontent.com/p/AF1QipPKQBD_9f_HVkYtpEXgxER-zujAWw1SwJyQJ21b|https://lh3.googleusercontent.com/p/AF1QipMCqQX1jcYr7ePxBu78IqzCUD5qUOsCOcTEIPsq|https://lh3.googleusercontent.com/p/AF1QipMN1ErIaP6fmv6LdAtPELDSFf69HNWa4PIB42T9|https://lh3.googleusercontent.com/p/AF1QipPSoA99eLEkdSxVe3ksf8FqcLP5h_xTxqsecXqQ|https://lh3.googleusercontent.com/p/AF1QipNeHV4yFrsrjycZbnHwuhBNn6eR60aWmXPMZZJf|https://lh3.googleusercontent.com/p/AF1QipPgwjUmLDM44dmHTPz6HFHRJcJtYu9lbhkdu70F|https://lh3.googleusercontent.com/p/AF1QipNNUNWKfZvDakFD6TPHRtMOw-8KXF-9kag9Hzfi|https://lh3.googleusercontent.com/p/AF1QipNs5hbhQ4I_H0hq2WtcmFSjvxjRnYk7kPeGgYDL|https://lh3.googleusercontent.com/p/AF1QipMgIKfwFXmY4HAdZwcg5MrmN28aIFOWui4nxf5J|https://lh3.googleusercontent.com/p/AF1QipNb6fYfuCIV9HNKSbDefzN5mSo571Mu0pPtxT4W|https://lh3.googleusercontent.com/p/AF1QipPh7UwSc8ozL9OWYWRIxw9Lj04MYl6PcLiYwOYH|https://lh3.googleusercontent.com/p/AF1QipPUD8FUqRx-VBpiaqjh8iSW8cPmiXDxQys-tnuE|https://lh3.googleusercontent.com/p/AF1QipOuZATmLImyhzOruQVf4bL56oSh1EwdHiYJsgLG|https://lh3.googleusercontent.com/p/AF1QipOwiCDJaKUIguPv5wmVQmfv1Wg9orBMfnFo0cAa|https://lh3.googleusercontent.com/p/AF1QipNW72pTcvFWbJNO-8yYgdpvFrfAUYwyJtmz7VX0|https://lh3.googleusercontent.com/gps-cs-s/AG0ilSwU6anC3NtnCFA21Y7-a0tZtED_u1eqAIpbY8Bieb8JUiJQ7qANmZa3vPg4pR1ph5vMrBeyWsJe3sF11WVspKUPW6tmoKSdEPkPS3lUUPxcIdCbsaDsASOegaJpZyidut0rdZ76SkXwUrND|https://lh3.googleusercontent.com/p/AF1QipPRKQ9jeXsEUz_oBIMDTKlIdnSswCsyHGgPxGED|https://lh3.googleusercontent.com/p/AF1QipNZeSTNUEJkHwzPTpPVu4eCqMsHDUYWjyNm3EBm|https://lh3.googleusercontent.com/p/AF1QipPSZkLfqbMxfDahWipJMKNJ3M-AxFWqIfEnNpDe|https://lh3.googleusercontent.com/p/AF1QipNP2xnIUbIQ82zLfA2-4mFdA2AY9h1OP4CUBpXM,N/A
0620-003374,N/A,Star One Beauty,"M 2, LOT RIAD, 51 Rue ACH EL ATTAOUI, Tanger 90000",N/A,N/A,,S'identifie comme géré par une femme
0663-533325,https://lh3.googleusercontent.com/p/AF1QipPUgmixp1t1qeYPOU3DUbWjmmieUnErPoSocnXo,"Salon Selen Beauty – Beauté & Bien-être pour Femmes : Coiffure, Esthétique & Ongles","1er étage N 54, Immeuble venezula, Tanger 90000",https://www.instagram.com/salonselenbeauty/,"4,8",https://lh3.googleusercontent.com/p/AF1QipPUgmixp1t1qeYPOU3DUbWjmmieUnErPoSocnXo|https://lh3.googleusercontent.com/p/AF1QipNgDwjxCEcS4jNNfpc3l2Hkh1vTuRTyKOUy7VQR|https://lh3.googleusercontent.com/p/AF1QipM2Skx2FFRrBxE7kgwf8AxWhe1YYAqdvD_q315L|https://lh3.googleusercontent.com/p/AF1QipM6kEyR3fgG60IODJucb58OehiibzmcusayPcjz|https://lh3.googleusercontent.com/p/AF1QipOxB3XkbI-ySJVHTsLSpewQmoZgpbQkjGtlUYxT|https://lh3.googleusercontent.com/p/AF1QipP0Cena4vsQPmy70Rskf3ZvPFaEDSh5LKasz1JJ|https://lh3.googleusercontent.com/p/AF1QipM3SWOETB29JZKOA6Ba_7ZMygHTejkhbshrbmuV|https://lh3.googleusercontent.com/p/AF1QipM0GVoc-JV__N1BwC-C84TuLyN-xEN2mPTzMR1V|https://lh3.googleusercontent.com/p/AF1QipMWw3i7n8vPWi_5ImraL_DpN8lZnJmM5aMCBHQj|https://lh3.googleusercontent.com/p/AF1QipNj14IuCBhcVdKuXmdNoGwe3GyI4G7s51QjvDiV|https://lh3.googleusercontent.com/p/AF1QipNG8m-16JW4Ic3_LjLbmRDZbfKtQOfFTSojgpjG|https://lh3.googleusercontent.com/p/AF1QipM6gQRrINW3e0KzjGmZlm8iUPBiommKWWuRigf_|https://lh3.googleusercontent.com/p/AF1QipPOSRIHUGZ6OfKTEveJ8wWMHkue6WNf-OBznX40|https://lh3.googleusercontent.com/gps-cs-s/AG0ilSwfKzSCNVhIeVOCmNyTFp0NONxRNuRPw6YR2M6i_35UaKxE0rC_RN2caNIcut8Qf4WkO6Ve9V9D4nlQSmD9_EHbFD8rNRTnghhaLLsboQLuEbHYcMbdvfojHn5G_0gmf68lML35NQ|https://lh3.googleusercontent.com/p/AF1QipPdKiQb6FsNh7KPL_3OSKRL3_BuGOTr7NHah-kF|https://lh3.googleusercontent.com/p/AF1QipOoFAVGGc1antBSAGP70XeSklya5KfQhRvxIF7i|https://lh3.googleusercontent.com/p/AF1QipPM4Rv2LLk-SUtekwR31_-WMJiXJPgcsOF_QhcM|https://lh3.googleusercontent.com/p/AF1QipP4s-C1lSsseG9odl0i0hLMk9ncXhWnm07sND7p|https://lh3.googleusercontent.com/p/AF1QipOXKvYeVumi2lbKyKN9OgkY6dxmyOZqzkc0Vqpr|https://lh3.googleusercontent.com/p/AF1QipPi0DeHfGkrNXgLx82LMl_-1po6pYvJM_g1XuVU,S'identifie comme géré par une femme
0661-211413,https://lh3.googleusercontent.com/p/AF1QipOXLZTGXmnocDC0pnXjV8HiIH2Jd0jEuhGYL9-m,Expert Barber Shop Tanger - Salon Coiffure - خبير الحلاقة,"à l'intérieur de Mall, Socco Alto, Av. Banafsaj, Rte California, Tanger 90040",http://www.barbershoptanger.ma/,"4,8",https://lh3.googleusercontent.com/p/AF1QipOXLZTGXmnocDC0pnXjV8HiIH2Jd0jEuhGYL9-m|https://lh3.googleusercontent.com/p/AF1QipOcq1H7QxVSP0NX-BybumGkv107V-N8ddajov5G|https://lh3.googleusercontent.com/p/AF1QipM7ii6KeIYwQr1Mah1CJU2ws88MiocjCDVvRnJt|https://lh3.googleusercontent.com/gps-cs-s/AG0ilSywr_keM9sUO8bZUd-yDT2Vst_4Zz2k-ZRIR2wQ8JVGwZg-3OE5yCWOiC22jhCNYDRkGRD9t9iXQYCRN6q0iSpGoIsKm4ya80GaP4fnfMRwFTfBVOGs8NF7cGWHx_ro7sde88yOWg|https://lh3.googleusercontent.com/gps-cs-s/AG0ilSwe1cYEKUjJpZ-6H2yHpvPZ5pammANJ9_vPgc-wXb-QtU8cwXTp3fT1dXod9i0i3N-oXxxSNf5R748ephpuSouzNgxBq8qaiZJR995S8bjY1j3eKnc234VAaL3TFqhVCIXCCJVL4x7b1wWW|https://lh3.googleusercontent.com/p/AF1QipNrxXgZEneYsPKn9nS7fEJH0AgvkYQ9c7nhAG0X|https://lh3.googleusercontent.com/p/AF1QipPQ8IFUhAAbhB_pi5QdOkP9G6-h1eOBuatzy9eK|https://lh3.googleusercontent.com/gps-cs-s/AG0ilSwmD_YtNeB3V9r9UeHa9fqvamcP_uchNaHWmQ_9mMW9og3GNZYq0pgngc-h2Vhl-xTtvrkdNYmhVuXR-T-MTeB2KWoVFtexGTXTUDBgGncN1XSkPJ4UBRXYmNn10c7JTfPaqSZhvQ|https://lh3.googleusercontent.com/p/AF1QipNcU2o6vLgOJUAfqSLDC2ObV1Iz5FpwsI-SBATx|https://lh3.googleusercontent.com/p/AF1QipPLBPxJRrnkcTbzEbSWV7td-ngUD41noNAdjSIs|https://lh3.googleusercontent.com/gps-cs-s/AG0ilSxU7p0Dok1nWacomMKkJbNd0diwAFq9nJ52LKqdEviTTlHBauTLer7faivPVBfrmEvFl-aAf2JHzW-LZNkcSPtCRjh2BByrHDALyUugV64t3PA3Bq4OOpGwlSL1x45fhyjlms96|https://lh3.googleusercontent.com/gps-cs-s/AG0ilSxQ1G8XNlIB9t_34tKCSM4llCx9DXXAQp753bUVnF-D9de_NGZwbBnbDz_IE9zhYrlajMPdVf4gFva0TjIc6K32O7-gH5kkyzBImTbLHQ0FO2DXK2n5WsDUNz44W-nMY39xWb82xw|https://lh3.googleusercontent.com/p/AF1QipMMU8BOGp6iP79YNBbPV5Ba8INV6elmkef7Snok|https://lh3.googleusercontent.com/p/AF1QipM4nGuWNPNwA_OLEaLmvSZOUSZ7a_poKUjhHMXB|https://lh3.googleusercontent.com/gps-cs-s/AG0ilSyZ1Wn-4G6Kh4wtuOOrn3PstGJ_s3c4CP4aTdVbmzAI0PfI_qCzbw9MnBykttqT7KEC6y6MQl1VkpHI8Qbf8lihHgt_6NxgFT9VGT5wnagnKhI41Ji56nfHfrm5H39J2eKlLJDHvA|https://lh3.googleusercontent.com/p/AF1QipOHfdlCeTZ02pls1nss_vZZQORMPjYVXCuiBLW3|https://lh3.googleusercontent.com/gps-cs-s/AG0ilSwMKkyW_7cF43ATGXetg4h3G0W08k-27jTs7rUnModmEdX-dKAf3QURvVRsNhRfG9nz51K1zrmTYFgMNwagjLMbRYHxfVF9EdubMRJbgKaCUYfdSkXIpRiaF4st0XzDi5IRb8g|https://lh3.googleusercontent.com/p/AF1QipNp97-2m49t7-osQTaJcvaZEqxrnFN9bIJY3Mcg|https://lh3.googleusercontent.com/p/AF1QipMLid6165X8i4YifEARx2Tti2gCacUnYZxfwdvN|https://lh3.googleusercontent.com/p/AF1QipPd8ypzgT5oMvWUDaIU5ogWsPhcJR-tmp_bXQnt,N/A
0679-217095,https://lh3.googleusercontent.com/gps-cs-s/AG0ilSzikvY7NELEYkarMtRTqJ0CUly3siCKpoFuNBFkCusIk3GIHSQ1ICA7_MycVt_br_rnXAkY5afIRM4REnrx_pnfT2Oy60U3SSb907MRA2p9b7mEj-oJ-2SncSdr8hHgM0BICVMU,Salon Coiffure Amine,"1er etage Centre commercial vienna bd mexique, Tanger 90000",N/A,"4,5",https://lh3.googleusercontent.com/gps-cs-s/AG0ilSzikvY7NELEYkarMtRTqJ0CUly3siCKpoFuNBFkCusIk3GIHSQ1ICA7_MycVt_br_rnXAkY5afIRM4REnrx_pnfT2Oy60U3SSb907MRA2p9b7mEj-oJ-2SncSdr8hHgM0BICVMU|https://lh3.googleusercontent.com/gps-cs-s/AG0ilSx6AkrXZbvTBM9kscwD22LUIyPfP8dNIqtDkgC_K5sUo7vjU3Vy29mVcp-PxW-mJk02yTGo4HEzEm8kx4BwpyuwwC4ATY4ZTuZ6lyZ14U7VHA67ilvqJrckmEj8FEGcKG61fbNpJA|https://lh3.googleusercontent.com/gps-cs-s/AG0ilSx1xK2NClJVxVXtprT9JjiSuF2GRepRQ69G88gxXLz8I1hWrK7NcIoMrM6oMDx5cMfu8-lSuNyM0BdGfHzPx-sjk34v0O89JLwV6vdO4GsEkKW91kHQ9-CEeVr82aFrJHuSQhjv|https://lh3.googleusercontent.com/gps-cs-s/AG0ilSxHcSs7sT_02Ruaf_gKIfZfRd3xXwCLewvzASQq1f3UIrdVjjUX14hlCL5veEcLzf_YJlCOqUW3HOhf9cTBJQQlkLopH5NbKjSXd0ycz0w88aGaZBGOmv0sdb8urOnL5gam9iFA|https://lh3.googleusercontent.com/gps-cs-s/AG0ilSyBgSQClgbbQvUD5u1v79C5HDR6e3nHK0Jj7PHIf8PrjxS7VsxrWT-qrhlAX9v4DYrsV5yy0GCEUZJXVUJC-MVi5B1IE2Kk5vm0rvhv_PbFDC4WZw6WopXmkVH19ACxcamvPend|https://lh3.googleusercontent.com/gps-cs-s/AG0ilSyqkATj-FbyPYCLGxGiOXkx3vPFyV72bLsR0V8HWR_W__UHaMmN4_z1nXDDZgXwpr7zWqYaHJFHdDwhZutesK2ZTfe0QG-8iF10nkxZ4dZKzvpO54ZSN2NEs-TIveHVDkwC8qGh|https://lh3.googleusercontent.com/gps-cs-s/AG0ilSwGygpAeiZBQ7BE9n3CdWZK_UL9jfQpuQK1q70xSJ-Ps0rhW1ooTcPdHvbnNnZh2MLrfRT0NtfwvoNamFoyFxDd5Ip2v5NE7zn9njjJzXoH0XkzTCO50XK19AJM--w7JMAEghXZ|https://lh3.googleusercontent.com/gps-cs-s/AG0ilSyDsXCZ-3SdQ376j8uOZ1-pO1dUxkH9khbvn58Go_hBiefzGL1jvU1yJcEFrgMRVxEYicL105nbDRlO0jxg_jOPQWboGOQtELygIzwjFpjC-j4A8Bt9ijpVQs5ZPwEafDRThjDN|https://lh3.googleusercontent.com/gps-cs-s/AG0ilSyu8krpIia7OlXnDJMeHDeEcdQLaF0rnxhIzdSsrLOMvikdmG8a1Hb72E8ytMjKgSmYdMK4DanTvBNKZvENO6Z0jLJF3J_AwCkBeiM8v9JiUBffD9VUzxffbcVNpSwoDMRjo-lJ|https://lh3.googleusercontent.com/gps-cs-s/AG0ilSxX5YcT1JUuQXKcqNpM-LGprdDes2FBAZKzCsUufnSD5Lv84kc0vGRw-NJU2Euh6uvpw-5uZzzw2mkcjZBUI57Hgl7E8Ng1YLl-7MzKt1Lu50Git8fGv75KKeszLMhC3bFBcUrnww|https://lh3.googleusercontent.com/gps-cs-s/AG0ilSw86XMGRtqhXA3-wXPw-kkXJeQW2viPCyrfq5DP9dmLmXkWt2_nhQ5PXY2qSJu6bdAjlpsPi7_o5QRlUqM6cz8r7W7BzXmTGd2lSDWYVYboZ6h6FOfnOD_C3DXeb4QH3l8hnoKHsA|https://lh3.googleusercontent.com/gps-cs-s/AG0ilSyaPbOKlCKcStMbyLN4JR93lZDz0jrB3ulm_gU7SOecvQDUuRDfNU2AQn6ys-YuI-UDKIwrtzYcROV0QvC5kimQAj6RWe4x5BujH3S94WTi7GNknIzw_wwHS6b4JPclNkAgVJYB,"Services
salon-coiffure-massage-tanger.business.site"
0664-454829,https://lh3.googleusercontent.com/p/AF1QipNgfs-r290qWZ8Ux1BXS8xJFwouREwbcnLfUmLe,Glamour Beauty Salon,"Av. Nigeria, Tanger 90000",https://www.instagram.com/ziana_iman_glamour?igsh=MWE4dm4wczR0Z3lmeA==,"4,6",https://lh3.googleusercontent.com/p/AF1QipNgfs-r290qWZ8Ux1BXS8xJFwouREwbcnLfUmLe|https://lh3.googleusercontent.com/p/AF1QipMEzBN6lnStk881isZUzYXw9-r3rRT9P59GMBes|https://lh3.googleusercontent.com/p/AF1QipMo79KUSWwkqiAWRnxmNquLgdL4AuIeT4x94qNf|https://lh3.googleusercontent.com/p/AF1QipMYSEBQ5u-htlnUmgHO9kJYFPLmn_zpdxs-FI79|https://lh3.googleusercontent.com/p/AF1QipNEYi1MBRcyumsk4JhUxE-BFeqGT7RjzXmyo-KY|https://lh3.googleusercontent.com/p/AF1QipNuzHPEPDM9o1ryu2PzQ9RHbV1p4ADA4TPb5GN9|https://lh3.googleusercontent.com/p/AF1QipNKRy6Ztv4EViQYesqukpWO-q-QTbWrqYoAnTkb|https://lh3.googleusercontent.com/p/AF1QipMrwvS5AYZLgy5-U_b5pcYffvnrXU4xD1hwzUZn|https://lh3.googleusercontent.com/p/AF1QipMFIklA2xTWBRTA7kydGFsdevcXS95RmFAqc5Hm|https://lh3.googleusercontent.com/p/AF1QipN_Tu644cHHhDzt7oaihxlYMNJPgyM8hMK0NjLT|https://lh3.googleusercontent.com/p/AF1QipPBWneMSMiwfF396s3wfrMH-UjCt6j6H5YaLYuv|https://lh3.googleusercontent.com/p/AF1QipPTXAvC9J1AmkrfjgTYIfL-yl4VFeA_mbGfyEtA|https://lh3.googleusercontent.com/p/AF1QipMHILfmaUgaETkXLiCXrO8nLXqNdDZ1D1ntkeCN|https://lh3.googleusercontent.com/p/AF1QipOr7qrjmwai2JFpDG0qHzl42lwhebi3E4PaOQPa,N/A
0665-724263,https://lh3.googleusercontent.com/p/AF1QipPF34YNOVDpLE154m5B0EJ-2jA3qOTfb9Yl3_Ym,Salon Golden Beauty,"2° étage N° 9، Edifice Ibnou Sina، 6، 10 Rue Moussa Ibn Noussair, Tangier 90000",https://www.facebook.com/nassifhind,"4,9",https://lh3.googleusercontent.com/p/AF1QipPF34YNOVDpLE154m5B0EJ-2jA3qOTfb9Yl3_Ym|https://lh3.googleusercontent.com/p/AF1QipMqTb7vyxEKoxEA7wIbfMYiKnJRNEB0riDWPXkx|https://lh3.googleusercontent.com/p/AF1QipNvwwJ-U9nT5oWyzF3ftCwtLuUwaAdIaUNVwcPN|https://lh3.googleusercontent.com/p/AF1QipOKmpWDEWQy8A_D98M897tk-LiClgjURr0SgGu-|https://lh3.googleusercontent.com/p/AF1QipPMbTQ4v8PafQJDBMhcejruRc952TWVejfnPNQQ|https://lh3.googleusercontent.com/p/AF1QipPxdepTa-hHGerdsFNOmVesXt8BSLQ2eWKhjGCF|https://lh3.googleusercontent.com/p/AF1QipM41CKBFHTExBebSv0ptTniHKM4aYviFZaUC4zL|https://lh3.googleusercontent.com/p/AF1QipPOzur0loQBQJRskfvbLZyEwTeBRz858BuUpFyO|https://lh3.googleusercontent.com/p/AF1QipMUKaR15uEiiTU4Kzf-iq3Yp7M_ON3CDih3Okd2|https://lh3.googleusercontent.com/p/AF1QipM6ozhscGv9d6UAr1pBD9L3J-n25A5OEFW-T0es|https://lh3.googleusercontent.com/p/AF1QipPrc7ZOiREogNBQhFRsXs_0TXtfd68nvtknwDFu|https://lh3.googleusercontent.com/p/AF1QipNPpM79PHZLXpzenHSefvcr4gm-jUyLImAxLDpT|https://lh3.googleusercontent.com/p/AF1QipM1l40UBLEQRbieVcXDd9k4_iJ5uVyI1yd01b8X|https://lh3.googleusercontent.com/p/AF1QipPr556pNJ_ow-9GsOP6Mu1MRoJRJgXTFr74xUNl|https://lh3.googleusercontent.com/p/AF1QipMyePDDEkCz3Kj6hmKWHRsATjZGA9bvC2E9xBP2|https://lh3.googleusercontent.com/gps-cs-s/AG0ilSw0DwFt54YyfcyqFCA_RFv2GGsBdtGZ0lzvakp9uB4J7iqpC8t2AY6jK9KHwH6kTmx3fDrpmGciO_Ybexl2XT-99niQNuK17mFvl3Jm8pv8_ZU5-WNMqZE77sPTF7-bNML5uNmnY0XGDJpq|https://lh3.googleusercontent.com/p/AF1QipMlbZ_WWlpgGc2ymWL7PvyX8ZXG5fT2XVsdsEk1|https://lh3.googleusercontent.com/gps-cs-s/AG0ilSy2RIv2iP1eepdlhjBG5prdZi1uX3p6bWTnkDqWOKTZmzZrRYXaYtD30OENjX1eSkUg0VinvLGrl-N0vPfvAjh0R-4rm2NYv45ixkz7S9-SqzTLEV-0rLaBP4ou3yTTqDtEe9tUDw|https://lh3.googleusercontent.com/p/AF1QipMri3RtpIHGDDALklidEYzOx7dZcRqXb6fs3urs|https://lh3.googleusercontent.com/p/AF1QipN1g8hRtFAnrmzf8vT7G7JK7bjQl6mUqJEabHa6,S'identifie comme géré par une femme
0663-818549,https://lh3.googleusercontent.com/p/AF1QipP9DSll9g7l8R9X6L7KvMtw0ulrxLw6pgcj3w7x,"Beauty Place Secret |Tanger | Salon de beauté –onglerie nails – Sahat al madina,wilaya,Tanger","Q5FQ+WW8, Tanger 90060",N/A,"5,0",https://lh3.googleusercontent.com/p/AF1QipP9DSll9g7l8R9X6L7KvMtw0ulrxLw6pgcj3w7x|https://lh3.googleusercontent.com/gps-cs-s/AG0ilSxdlpH_Kw9JUCut_IfNA2XKZbrJ-savO4xs8NDt5fAinmLAC-Kh-nzH16W62qYCj9qgL5P49CTCTILAfoh-e0aVbNxdB_g_zmuBC8ikGPE15gifoTrpAPwJvBWiWJLSmFUoEhtJ_kmmXZZC|https://lh3.googleusercontent.com/p/AF1QipMq2YP9p6058LDHUUbIXA3so_LGBS4V-9joK3CY|https://lh3.googleusercontent.com/p/AF1QipPO-GGUzPDkNZl1bI5oPZukhIzYt1XB7TIJEUZt|https://lh3.googleusercontent.com/gps-cs-s/AG0ilSzPbkI_OK6nsS4H4_EMHOV6FVd4OoWpCSMOZE9B-dMmQvt5OWtV1lYkv_jKQjCyJTMKMU_JGEIgnPaT7DUDfUFu_-TGVsNn3M_Ddk54khz79OXzfyPQ_h9qTZUkEy0B1j3kyYhI-yH9N6Q|https://lh3.googleusercontent.com/gps-cs-s/AG0ilSyWgPuAGDtWAo0rfCznC_I98DGNgyIXOuH3BklMhNwWHZHgWs0MtfMfmC2vzG_5kCJm0dwlr7rmhHP8ytQrd-jkSZgf8tyb5KumTxkcfsQXsfcCl9dgGZGvPzjx6bKJPwlXaBQPxKq1YlQ|https://lh3.googleusercontent.com/p/AF1QipNBJO4CYEJQ5IZyjaGF1_ayvM3t-TdDDG8PV9Ew|https://lh3.googleusercontent.com/p/AF1QipNJ4sKIt-_ByOj-NxygjF8dtaQoZNQBtrHYZIdQ,N/A
0608-609248,https://lh3.googleusercontent.com/p/AF1QipOf3CDqC1vPzfZUs5bpXRaYEJuFDqxdRw4uNhh-,Nidal Beauté & Spa,"Complexe Nakhil, 113, Imm 07 RDC, Tangier 90000",https://www.facebook.com/nidalbeaute,"4,9",https://lh3.googleusercontent.com/p/AF1QipOf3CDqC1vPzfZUs5bpXRaYEJuFDqxdRw4uNhh-|https://lh3.googleusercontent.com/p/AF1QipMV5BSPwV15JhuBHzLQXRhMdudPdTtFuJ9W3Fxt|https://lh3.googleusercontent.com/p/AF1QipN1ICEFY-GnLyBh8HX0tx1XqqwH3nzRbTDjh4qh,N/A
0684-481532,https://lh3.googleusercontent.com/p/AF1QipO90Hylhvx9-eV0jwTMSAVwITK-NiU5jeF2OGgO,Glow studio,"Iris plage, 315 Blvd. Mohamed VI, Tanger 90000",N/A,"4,7",https://lh3.googleusercontent.com/p/AF1QipO90Hylhvx9-eV0jwTMSAVwITK-NiU5jeF2OGgO|https://lh3.googleusercontent.com/gps-cs-s/AG0ilSy3kncLn-vqFr35iSfscxIW6iT1xOOb51Zz6FDuGS5DpDqVMwoS5rIEMFkYtfUr3S2MqGoyo_HmEJcw9u4wIOeE1eHD8caVqmOMlIn7ivkV9i5FTKOsMyCaSRdXe2CEiZiIgJ6D|https://lh3.googleusercontent.com/gps-cs-s/AG0ilSxklEvUdGS2IHRrCRfTfm0E2WHTmnziBFAHYIbpiE9mICUXQax7JYFB-xZdanhjyUXfpWR2f3HNeRkiKJbcL7_FU_k3WzSvvwv2BLuqjPotiUdD84Z6gKTndX81Oe-cBVchocvb|https://lh3.googleusercontent.com/p/AF1QipOC8Jl7dhEWiIqom6MRmoksu3Q4TLiCtNtDl_s7|https://lh3.googleusercontent.com/p/AF1QipPWkCYVivUBtQIUiUyO7zGrBn8BEnLE-1ak7WuR|https://lh3.googleusercontent.com/p/AF1QipNFYQLV2E3hz8kmZoyMy6NuzzhtUkD0ZZOJCfMY|https://lh3.googleusercontent.com/p/AF1QipMw47AgnRezXklns6JOWjnXWGRhv98VWRD_uShk|https://lh3.googleusercontent.com/gps-cs-s/AG0ilSzet97ZRhm9KDqtAuV7htoXJlkx1PXRSZMR1Y1xgFjMxMQ6igSACNsu2o-vbKbZwoF9subLy63k9g-YTemSXlGNUx2V_hWp-7hnInDhoE5KXLsrfST2hOmL5znIHbN4P83odgc|https://lh3.googleusercontent.com/gps-cs-s/AG0ilSwLzYs-F1wuCuITuFXiRVn-D3qr1n0T0uY8XffZwUNIjyKVE64fNEUuRSdHZqzWEv0HQEOtQLhaC3jknILxRmecq4p9-bKIqU5J--ay95rxyRNDS9MaE8_ak71YGIc2dGQ4hs1uLQ|https://lh3.googleusercontent.com/p/AF1QipMqxKer3NUfkhWhVWiTjXpQgx0lUXLtCckOL7lf|https://lh3.googleusercontent.com/gps-cs-s/AG0ilSzLXYCIdKWFG5aCyjPMNl7zKX2aqLeUOrX9jbpl7Z0h9lae-mb6-1ccvUPw-6M6aWvozgal5LuUIBP4eYpKwwCjvFnq5pruIzovzo0-WKxR9VVErFbMtkTQE1za26KU9t_Jlu0|https://lh3.googleusercontent.com/gps-cs-s/AG0ilSzJyuvxS5dvGz5iNFlJZWdV86JIqus8B0ob8bhBq8UqMk4oDe5ujHJH4CflX21lJBI8Byickk6jJGrGjOsgDpNBkLtkmQHUxvvyo62ub8e5EKAgzQKjBpFUpUtqoGuYfJGwMGX-RQ|https://lh3.googleusercontent.com/gps-cs-s/AG0ilSzooALwJxwFWmQk-UYqUXxSPCZ7VQ9CPMUcSseB1gOzbK8CuSRQ6TcpBF5dXYGEmDF_8L4bWNWLbD15uIiPUHdbe8rM4SAGivFu-H0-ajXoc_CwJjo8JD4SUV1de9SUjU615Js|https://lh3.googleusercontent.com/p/AF1QipPxnY090L8lVgTi9on3CyaAsMzN_TyiIYbZej-b|https://lh3.googleusercontent.com/p/AF1QipPhK1FntStsO3E-aUZNkg52YwcxoGDvgWnnE5BE|https://lh3.googleusercontent.com/p/AF1QipOO4oovpBoRCFXORgdPEvk4DKvc-IsRgs-tF3J1,N/A
0656-637048,N/A,N&J Beauty Bar | Soins du cheveux | Tanger,"Rue 4 Avenue Mohamed VI, Tangier 90000",N/A,N/A,,N/A
0531-292437,N/A,Relax Barbershop et Tanger,"Rue Lafayette, Tanger",N/A,N/A,,N/A
0661-607887,https://lh3.googleusercontent.com/gps-cs-s/AG0ilSyOWgx4JcbL1fLwfD5AZeFMF2TCqcwWV-4Zbs8k1tZSFR31Q2cOAxrtMcUfNHMlOZxk7HMJ33lshLxCCOnvBY8UHvSJ5jScXg23MduPJofnnjcOPjIbQBPJtG-G6EyDiqAVc8FgSPbBk49f,Pinky BeautyRoom,"Q58V+W56, Tanger 90060",N/A,"4,7",https://lh3.googleusercontent.com/gps-cs-s/AG0ilSyOWgx4JcbL1fLwfD5AZeFMF2TCqcwWV-4Zbs8k1tZSFR31Q2cOAxrtMcUfNHMlOZxk7HMJ33lshLxCCOnvBY8UHvSJ5jScXg23MduPJofnnjcOPjIbQBPJtG-G6EyDiqAVc8FgSPbBk49f|https://lh3.googleusercontent.com/p/AF1QipOOHvlMpIch8a1gDYyYRIx7Awe4jjQstvvk_xAL|https://lh3.googleusercontent.com/p/AF1QipOlQwEI3gpCWsXU9fhozW8kl5CyTzl2GAfujcIL|https://lh3.googleusercontent.com/p/AF1QipNTM7LksxRt4BqfNkFk0hGANoYgpJpWXbpoMeFs|https://lh3.googleusercontent.com/gps-cs-s/AG0ilSyE4O6nMF0Zp8FdtwwsPVszQJkvdORa2YEKEIOn6t3JT0jVI38mKszdroCXKbzxqr5IWprp5tULT0bRoENkWtewqWdK_hQaR0NopZXzdQyJ4TIontqL2e8jOzCPxcb6R4mos8yS7kcTH6JW|https://lh3.googleusercontent.com/gps-cs-s/AG0ilSwpcV2OSfOC1IgbAzLqh5YTmReA6IrZWYhyWHK3QgMBB55YDW-awxfTrP3Q4wTQu1L9840fd59qL0UD-y5Xvwnk0oLMVcEavm6eW0UPWfejr7yVILhwr9_rXFtfohUzyHcSftAP1nleuvmy|https://lh3.googleusercontent.com/gps-cs-s/AG0ilSyRLMN8YrPrkrJIe2DzKbjO5pWWbW1uAyh1zMum1atK56PuTAIAuiAX6JXpC3N_G0vy6TOrvMFD9dKHm0NMViExhdswPFWYVZdYUg_O0cN_5UL1MJeB28VjLgZxH1LHT9TfqWxRMn_47iRI|https://lh3.googleusercontent.com/p/AF1QipOVuZ0l7P_8KMqdYgwISkHqNstlW0UjQuD7EZtg|https://lh3.googleusercontent.com/p/AF1QipNgzz_fiqckZe6MSvuKtu7KbMU6yK94gBETxd5b|https://lh3.googleusercontent.com/gps-cs-s/AG0ilSzFnvOjbTMcHxw0FbxycXIQP5UPsSd5Ro6KCSqNY8gQW8mVyOqVuz27T8mIaCbRY86LE-qi704YP49UKthBsjAfvN_JBgzdRW46V0Q0Ky-Tx1xKf8gxGi2ke0ISetMAxiVnYDRKJrLR-c4|https://lh3.googleusercontent.com/p/AF1QipNubSZmqaSLH8i0t8xRoj4g70tmXmeXaWwtK_ru|https://lh3.googleusercontent.com/gps-cs-s/AG0ilSzFzXz_7d_HaofvLb32xnUGqpb178nLzOfQAp8t_gJ2aW0TsJCKQ1fuREHNLPoPKgqnWQIdhRdBNQvourPvvaRDja_cjO9cL2xAS52DgErAmQQnSSuwMSaHAgXlA5HYR-DOKrUuBn0WK6B_|https://lh3.googleusercontent.com/gps-cs-s/AG0ilSzze1jDlebshYCpHscdyvfVdPS-DnCm1CfseVqfbIMf6eS39xbSEan5nqlUi4kpqiYZdKj6B-7Ixi3_HzBvZq1dK2EGk02ai2gsBxl6SSjnp6-rFigVJhxo9kWL5wlE4cUZ_6_Vvn66RhwN|https://lh3.googleusercontent.com/gps-cs-s/AG0ilSwfSjhVzXz_PF7aYWtqZh1jQnz1sQ2-nNPXjOsjQcqOgPTrAawgghr3n7LVTlQjnKD4LD4i23ehCW9OWO2XkyRBaVD2U3HXW3ed6Uqw1xj1AyGtWYGldj1aeylLx5hylQC3IFHWhjf1kvCF|https://lh3.googleusercontent.com/p/AF1QipNtEvNofH0JV3XHXQtpoJPE5W6JECW2axTEdYTe|https://lh3.googleusercontent.com/gps-cs-s/AG0ilSwnEK82MTIThgoBaJj_jl7mG1950Wd4TJdW32yWos6RgxtgyFTAUkze8qBNeZUl-1XFnC7ljAnAlCdvSaEEvdo9_XAfTx9jQNJqHaFlvk-bIMkzXsX8TG_uOsPRsxN4uOKDPtsBfA|https://lh3.googleusercontent.com/gps-cs-s/AG0ilSx4hGkizGAWCxeSTvU-xJXt5EdqccVhOB_27KoSylKYY0UswVCbOOkXTntuyLk8ChmYrkqAlZNIKhGR_moOPd9TaXmk9aOPuZs_vQ6Sp31N4-yxLWI3e-vYrOHdiJtjerZ4Ve4haU9XeueW|https://lh3.googleusercontent.com/gps-cs-s/AG0ilSz8shoyEm-9GKLvzKlVX8UcS6KBpOpqqEFW6THj13JfxaZeT3eluICHCrH_lpoFm4oNgKPyLpg2ki_LKXWe1Vw5BSaysbIzUso5uuyU8mPz0P07lZEsqhBAbWucQW309KDrW9oXsDPmNfU6|https://lh3.googleusercontent.com/gps-cs-s/AG0ilSwNMpw29rJgfRMXT5f0LEXzK5wsAOSAZFIJZSk2AG-Ft6VUCsqWI1fFU03HsOuC9qMbpSumGEP6Tg_xIKptnm0wyktL3nGhwJh9MPQ-VRieyuPd4tKDv9ZYa5n-FZz-6WmNJg4MHstS22c|https://lh3.googleusercontent.com/gps-cs-s/AG0ilSyFETFTyQ-zIoS9DkhQ9uLmanDq3YYm90phfix4EVCMg-2Qw669mAXeSf_sLre6of03KwyJlrF7x74_l1bQdI3Mkiw_FUYaT-tdugpr9HgApkZMgfZgdMUWUPNmZ5vkC_1tcPUwf0kZ5XzJ,N/A
0663-325203,https://lh3.googleusercontent.com/gps-cs-s/AG0ilSwuU486gpwmlsKv_dNIjCwe1If32E7rEVPNRswR2_nt1DQz7Qak-qtUHWVmiqScMJXjlHEs7rLpcyJc96OHtcqlT4zYMcPvACfnbeGL7l_29QvMam8tQncaGN2d6nDM3PL_780,Julietta beauty room,"265 MA.2, L.riad Lt, 59 Rue Ach El Attaoui, Tanger 90000",N/A,"4,6",https://lh3.googleusercontent.com/gps-cs-s/AG0ilSwuU486gpwmlsKv_dNIjCwe1If32E7rEVPNRswR2_nt1DQz7Qak-qtUHWVmiqScMJXjlHEs7rLpcyJc96OHtcqlT4zYMcPvACfnbeGL7l_29QvMam8tQncaGN2d6nDM3PL_780|https://lh3.googleusercontent.com/p/AF1QipM4Zu_QTDs7VFxcuK_b8bnnoyVUKu6lsfE_C4gu|https://lh3.googleusercontent.com/gps-cs-s/AG0ilSw5Faw8mU08myL0m4v2lgNhDM6lKRtLwmVw_vyJH1pkoHCs-Z19_saJLqOXLyX_acsnK7eGVC8qhdegNaURQuOX11rqGVDbzY0RhoObEPI24dBbneNJt89WlqJGU0cVnSbdI9PZ|https://lh3.googleusercontent.com/gps-cs-s/AG0ilSxuurdzDc2wk-Rv_3GFHB2KmJgurs3eEgO-K5smjIrbOunSE8qV81atfmtyAE9mymntNKzcj4AWYX2qAUYMQvZ4TUBM5TsWN2O4SVTrsj7isCEbq8Qcu5QTbixDQop8oOM84PtR|https://lh3.googleusercontent.com/gps-cs-s/AG0ilSzBYRTZoKsXtlEs0k1Ge3jhAQfs8IEo9ME67yS2CmdIyIM3QXncBt4hkR62J-yG7m1i06zjvjytvSpLYP3DMH2NJctgh7IzrdpeO6JqaiPLP35YQIoXXTvcrpeT17K6cy4uML06|https://lh3.googleusercontent.com/gps-cs-s/AG0ilSwRGAK4FtAD8jvVQhC3yI6E9egr25cKiHA7SOsRTx_0ITeLBQRK3ATThmwQ9uQb1E4jVfKaUmWUSS8FXxieoUP8teIik437pEMY2ZdguLKBOYG39XO0LtWJF4AdZdktzNe6I4Zi2A|https://lh3.googleusercontent.com/gps-cs-s/AG0ilSztsmjY9j-oJHH4y4PlQqsTpp0Xx47pP8-Goc_OXU6Naq0vFwVgHL76auGtWx07oY2ypmjwcS1e5FRUbU38QBFbuGv8pfSEzIc5BX_LbKTOBlZnJWzhxsMuEm2Wjp2V46PF7nBTPQ|https://lh3.googleusercontent.com/gps-cs-s/AG0ilSyrl6z86FodK14k1cyLuxBDjZMHIi-BPr52GVCxaOyGWz9miHygAzru9_H2iW-XD3htvi_dXvZ6NM-FTxJWpHlli2exFk7bxdwEWei2D8XUhljw1Sgr240bRvxtBaVzitHQFLv0Ow,S'identifie comme géré par une femme
0781-523376,https://lh3.googleusercontent.com/p/AF1QipOFvm0lMG25ypQyJNiZslvGuIsti40apsoc_dQq,Blanco,"Et.RDC Ap.5, 42 Rue Al Mansour Eddahbi, Tanger 90000",N/A,"4,6",https://lh3.googleusercontent.com/p/AF1QipOFvm0lMG25ypQyJNiZslvGuIsti40apsoc_dQq|https://lh3.googleusercontent.com/gps-cs-s/AG0ilSz41raPRTZ-zsWFwGD_xUt6qMHWZA69Dw6gSyaKDmyvxcBQPsnZJHdEwR6VzBuMj6iZezS_mQ28WBpLXcJb_xFklxPjV8LhnT83uh1XiWdVO4Fa3ZVneMxrC6I2xxt4gaLoC3Mu|https://lh3.googleusercontent.com/gps-cs-s/AG0ilSxDyYnC_mnhPh02eQfOX38DpJ-mkzNyjVTwa8_xRn5mD9Pv8M6cZkilM44AbdQo4UHYVuHyLI1oTFdOTvSVeN6MWLZh7VHAu1LWtyUi9oNCHV0J34zpOnf-USlTLj8socnfMHz73A|https://lh3.googleusercontent.com/gps-cs-s/AG0ilSzUwzrPM7uAgpA2Y6BNrHUmznv7_yDuzoBdYkqpMoWAsPIreApabT08yYvVO2LApEjDXke2oMb7qoIwXdmCiT5BIaUj4Zx3FY8mcXREtfX_pEfkSx5VJEzLUD29umMANL1NPy_q|https://lh3.googleusercontent.com/gps-cs-s/AG0ilSw8mAvg3PbRXQ2Jc-uAEvOPi32tPPDhTYeTp6hL2H8MKzkfOASjE6XPi6iE9kyiM8rrDCnyrXJURkwGi89CNV8ilTd-Y1evs7YVQvPUvDVcstYDA5Y62i8PXjXmMQI22D2wTLCL|https://lh3.googleusercontent.com/gps-cs-s/AG0ilSxsuBUw3cJa_fa7LmJvC4L-HKh44_IbUOv22mykSc8iIwROHfknfm_S-T-hEVyhLU3AL8brAk7SzWMGMhBIa7TslO0I2hnMSbop3pBwOVwkRif0PbUd24oe-Q92sB2fZ3l4j6s|https://lh3.googleusercontent.com/gps-cs-s/AG0ilSyD0NzwfFhoMYK59pF-RbclsVApqWZofdpXWgsxB5jMmqZktixM7MMvCByseGeMHjgcOg3xln-SGbyJpQ3y_DdSQlb_DXjfK9tOjG0s5ABOZyqSnjszVEOAjefIj430BZRdFpoU|https://lh3.googleusercontent.com/gps-cs-s/AG0ilSzF_vs7rtYUdnJZM8J63c1Zau5qbUv8xAEhCBNB0VzbohEz4tzajeFPt2wnT3l8-ni8iHI-yVaRqFssschkT1x3M0pqh1rTNWdvL9wJbzF-BQ0BqZioLLwnxQRRYIx4EVl6svCj|https://lh3.googleusercontent.com/p/AF1QipNhO0itOgGJ-bjMKPjsQy6QLgUxkej5ap7MWT9_,N/A
05399-54854,https://lh3.googleusercontent.com/p/AF1QipMERlXpdBRKcXUqA8KSIAIeutW7yRvZ1_ONE2yj,Diamonds Beauty Spa - Hammam Massage Coiffure 100% femme - Tanger,"55 bis Av. Marrakech, Tanger 90060",N/A,"3,9",https://lh3.googleusercontent.com/p/AF1QipMERlXpdBRKcXUqA8KSIAIeutW7yRvZ1_ONE2yj|https://lh3.googleusercontent.com/p/AF1QipPMR4t6GQ1oOmIB9VXY1d-4c4a8ptmIQiyNF7Iq|https://lh3.googleusercontent.com/p/AF1QipMu8yJ2dkw66HUy5YcgzOtZbiJNgJCfpWOnAPwr|https://lh3.googleusercontent.com/p/AF1QipO938q9pnkQxJfCl-29OSw5qUulJCMF8aai1fYd|https://lh3.googleusercontent.com/gps-cs-s/AG0ilSy_C5zNNVSyWxl0vDftzIfnrZTGGvHfOqy3VhcFr1ogBSB2acfyzSHbdgI59SSx7fGebb40xydzM7w7k-chOAgImaEI68EHTTv2IKLf8UkBMkZ_egBcLDj6ZWUnpb4V-jfnmDeG|https://lh3.googleusercontent.com/gps-cs-s/AG0ilSwvmD21w2zWWT-wd7XtU4ofhGcYnST-Adu9Gd0F_vBq9sqbY65WHAt0haoUOTXt_rga9OByLrw0_6x715jKzmmXnputzFUcYQaXhmoUnRMhimjES4Df548XgZzoLp7T2RInsAju4w|https://lh3.googleusercontent.com/p/AF1QipPSjP4FyMXwdqLl85WtK6U19QGweFDPJEprXfNf|https://lh3.googleusercontent.com/gps-cs-s/AG0ilSzuOyo42TZUu5xCdeZ00Yez1G469QqgScyEve7YPDD2P-Ydg_h6hZ7wGCERXgUwkR5SgqztfcGp-zreOgY9-vo40HT0J5NN0P7V5_wDJEnSQ9Ff_EdPNssMxmWBtqV5OBpHC-Zqmw|https://lh3.googleusercontent.com/p/AF1QipOasHjGKRrf_NDxSRwd4lfq3UN4RInWOXCIgOso|https://lh3.googleusercontent.com/p/AF1QipMJotZF2mp0hcy39GI2WZ_BvdGrZy26nq9UADEt|https://lh3.googleusercontent.com/p/AF1QipOYmvcrTh-dcrKVEaIvRSaqiyUhk_pBtFQSr9JO|https://lh3.googleusercontent.com/p/AF1QipO649OkEg7KNffZ07fq1pN2XxkZdOcIsuPhLtB2|https://lh3.googleusercontent.com/p/AF1QipOj7NicIO79Itjzl4O6uRM1HU50DM9YxjMtPyIz|https://lh3.googleusercontent.com/p/AF1QipMzrynyaHbTWbrintBM8CvVAeW2K4mdciuVtVRR|https://lh3.googleusercontent.com/p/AF1QipO9U1Y5vq3o_Pvk7u87QfKkoNEkpj8ZP5pBtVb_,S'identifie comme géré par une femme
08085-44189,https://lh3.googleusercontent.com/p/AF1QipNCNo92PVIt56HXTUHYN40AgGclz6It3RorpVRg,Salon de coiffure Atmosp’Hair Gentelmen’s Tanger,"Unnamed Road, Tanger 90060",N/A,"4,2",https://lh3.googleusercontent.com/p/AF1QipNCNo92PVIt56HXTUHYN40AgGclz6It3RorpVRg|https://lh3.googleusercontent.com/p/AF1QipNMCAjT_JCE5sICt72iYT4AnCrNxmks8PeTpL46|https://lh3.googleusercontent.com/p/AF1QipMUCHGmIBEcfPIdqzmhFkwg0zmM4P3c-WTao31h|https://lh3.googleusercontent.com/p/AF1QipOcXGDPOX0vgWs78nAhg4kGjxic37n3ZSRfK9z7|https://lh3.googleusercontent.com/p/AF1QipPWeSJqxcznUrlyV628Z1Ws_Iv_QwsiWVb4-Fa7|https://lh3.googleusercontent.com/p/AF1QipMBrtQOvWG9TUK3Tz6KaewG9CXnKI1rGC7cLTPL|https://lh3.googleusercontent.com/gps-cs-s/AG0ilSz_agfngPWiQohlJLehSSw7vzDnkMXEbi7GCzuFUY_Oh5l_6OPb4orAkvQANhU1uZVMzH_TlPXNJ2ix4V8xqZYt1GjcHCiGs6Roi6ekMaq9lb9NCAk_Lc6yC0qqA5mhYx7nV1s|https://lh3.googleusercontent.com/gps-cs-s/AG0ilSxrJG7uBomBrKXqG6Pf7tOGVOs57jIGDEa1tsctxYJ73L7DivT6VGBs0yC67ZWvioEriYqOB7PAqmV-mLJwNdyP3o_m8stywaMtoKIbbw1AnUHeRErMa--a6gOBjxlgCOJwVCig|https://lh3.googleusercontent.com/gps-cs-s/AG0ilSxCXXSTYikXZHaptaburGxq2SO3q03GJRfN8dXbZnMqJlUYzVRPxmymBDty2CF2CCyf6onPbG99DdKZ_mfpkrQ0ZBZT3jjiX40Qx8bUZQ2ncs62UPFzbh0Borenz7sfR_KR93qM|https://lh3.googleusercontent.com/p/AF1QipPFTYPozsgmo4E1KD2yJgreBU-_2TK5UGO9Wyby|https://lh3.googleusercontent.com/p/AF1QipO0BBQnOR_ostBNKO4T66Jg6i-V35DTWnynACOg|https://lh3.googleusercontent.com/p/AF1QipNKTJc6OdNAkbcaXln0Q0dnuX33ulB8AGEgYiIW|https://lh3.googleusercontent.com/p/AF1QipPWfyCO-sCau-Y6U9HP1yU_UP1diUnsVjHp6ChN|https://lh3.googleusercontent.com/gps-cs-s/AG0ilSwHRZjJNt_5CuOzf-HQy1xF8jtO49xcxNCQ7QlgAQLSNhsFh9vz0LWKcRGCGIsU9QKKufzSspFnt35mDMS8Y4HUzDtFtSzEMdExjg0xX5Hux2kBAQfNiMsNIzC8DSq6G4IiWCc7Rg|https://lh3.googleusercontent.com/gps-cs-s/AG0ilSwMXH5JAdXNXJ771TIlfVHROQEZmdUZpfSwudIYrIEbH-w1ghw0BVHJ4bVAQ8DwY2ZIQk3yIXsQ9s5vDk_zQboV6ZELAG8aHquieovvaG0YjpZXr4EIr1o2QYaOs-UrMJp_6dYG|https://lh3.googleusercontent.com/p/AF1QipORaM607N6jC7Rgjvn64DCjN3cUXlncYIWG-J8L|https://lh3.googleusercontent.com/gps-cs-s/AG0ilSxgoYlOq7SGMGLrU_g2de0zmfnyuiRnkCMyeCA2NZapArsl7POnWSE0Fb6v7rs6sjyqMLY3CnVAe0h1eisqEnTpeQ_UxHKb8CJnSxMaIfYDRW-QvBsrMsQ5IUZGZQqEuLtzxQj-|https://lh3.googleusercontent.com/p/AF1QipOyyPFyI5A-BvHIfp4fy6RWib-EAAZwwCw0oxVo|https://lh3.googleusercontent.com/p/AF1QipOJyO2CAM808LeQCm2eHu50UsIUioxsY7ZYyMTf|https://lh3.googleusercontent.com/p/AF1QipOrkNNElNlLwsMolS4tqb08xFu0zF0Y0i7ThjNt,N/A
0781-505432,https://lh3.googleusercontent.com/p/AF1QipN2Lp75CqTGefTB85qAX_vqiS0nOpUfBQhCFR8X,Barber Shop Maldives,"n, 63 Rue Sidi Bouabid, Tangier 90000",N/A,"5,0",https://lh3.googleusercontent.com/p/AF1QipN2Lp75CqTGefTB85qAX_vqiS0nOpUfBQhCFR8X|https://lh3.googleusercontent.com/p/AF1QipMOLs5ot72fQgAe5s8BAzsPqYWpW7Ay2N3R-6Ky|https://lh3.googleusercontent.com/p/AF1QipOxr-uZ2v8Ontee3yAkbl48OxTfOaS_udTVZR3R|https://lh3.googleusercontent.com/gps-cs-s/AG0ilSxxk6cMPMOLN05LilssunvFsMUZciDNgwzeY8XgUmOziZe1i1sMFq_Qt3AvRA19EFZnwFw-U5Z7KR1qv3d-X-IsNggXi0FCYO3D4i1ab53JAFEt1u68GFmS1sZRXSHMZI50d4Dc|https://lh3.googleusercontent.com/p/AF1QipMZuIKAuKpv4SB5uX8fPluamNASheJBOzttHJy9|https://lh3.googleusercontent.com/p/AF1QipOBGkNu-jaAl8ZdDGd1NEjrvmw7BEntwM5c2D6V|https://lh3.googleusercontent.com/gps-cs-s/AG0ilSyAX8sAgY-Hg5vDxwy7lroB-fD_bUjzPVSz9pUMjd-zdY6XyrLQX-luszVjjJSZl5YzOliZ9POKWu8HIsaZjRkXikrCm3rXAYv1jsDRU0Q7LUzFM1QdRrcFD7SLSfNhgeIFUcvl|https://lh3.googleusercontent.com/p/AF1QipPWOrzROpQVSxMaK_n3XypNiGJc_x90l47gK6-C|https://lh3.googleusercontent.com/p/AF1QipPxRXeAY65qXDlgKQGO1hg8p44ZZe1Fk9nvEx7D|https://lh3.googleusercontent.com/p/AF1QipPrH8VfiTUjnvo0SxyJDfXgt3prRIzHHiEcoOaW,N/A
0661-211413,https://lh3.googleusercontent.com/p/AF1QipOXLZTGXmnocDC0pnXjV8HiIH2Jd0jEuhGYL9-m,Expert Barber Shop Tanger - Salon Coiffure - خبير الحلاقة,"à l'intérieur de Mall, Socco Alto, Av. Banafsaj, Rte California, Tanger 90040",http://www.barbershoptanger.ma/,"4,8",https://lh3.googleusercontent.com/p/AF1QipOXLZTGXmnocDC0pnXjV8HiIH2Jd0jEuhGYL9-m|https://lh3.googleusercontent.com/p/AF1QipOcq1H7QxVSP0NX-BybumGkv107V-N8ddajov5G|https://lh3.googleusercontent.com/p/AF1QipM7ii6KeIYwQr1Mah1CJU2ws88MiocjCDVvRnJt|https://lh3.googleusercontent.com/gps-cs-s/AG0ilSywr_keM9sUO8bZUd-yDT2Vst_4Zz2k-ZRIR2wQ8JVGwZg-3OE5yCWOiC22jhCNYDRkGRD9t9iXQYCRN6q0iSpGoIsKm4ya80GaP4fnfMRwFTfBVOGs8NF7cGWHx_ro7sde88yOWg|https://lh3.googleusercontent.com/gps-cs-s/AG0ilSwe1cYEKUjJpZ-6H2yHpvPZ5pammANJ9_vPgc-wXb-QtU8cwXTp3fT1dXod9i0i3N-oXxxSNf5R748ephpuSouzNgxBq8qaiZJR995S8bjY1j3eKnc234VAaL3TFqhVCIXCCJVL4x7b1wWW|https://lh3.googleusercontent.com/p/AF1QipNrxXgZEneYsPKn9nS7fEJH0AgvkYQ9c7nhAG0X|https://lh3.googleusercontent.com/p/AF1QipPQ8IFUhAAbhB_pi5QdOkP9G6-h1eOBuatzy9eK|https://lh3.googleusercontent.com/gps-cs-s/AG0ilSwmD_YtNeB3V9r9UeHa9fqvamcP_uchNaHWmQ_9mMW9og3GNZYq0pgngc-h2Vhl-xTtvrkdNYmhVuXR-T-MTeB2KWoVFtexGTXTUDBgGncN1XSkPJ4UBRXYmNn10c7JTfPaqSZhvQ|https://lh3.googleusercontent.com/p/AF1QipNcU2o6vLgOJUAfqSLDC2ObV1Iz5FpwsI-SBATx|https://lh3.googleusercontent.com/p/AF1QipPLBPxJRrnkcTbzEbSWV7td-ngUD41noNAdjSIs|https://lh3.googleusercontent.com/gps-cs-s/AG0ilSxU7p0Dok1nWacomMKkJbNd0diwAFq9nJ52LKqdEviTTlHBauTLer7faivPVBfrmEvFl-aAf2JHzW-LZNkcSPtCRjh2BByrHDALyUugV64t3PA3Bq4OOpGwlSL1x45fhyjlms96|https://lh3.googleusercontent.com/gps-cs-s/AG0ilSxQ1G8XNlIB9t_34tKCSM4llCx9DXXAQp753bUVnF-D9de_NGZwbBnbDz_IE9zhYrlajMPdVf4gFva0TjIc6K32O7-gH5kkyzBImTbLHQ0FO2DXK2n5WsDUNz44W-nMY39xWb82xw|https://lh3.googleusercontent.com/p/AF1QipMMU8BOGp6iP79YNBbPV5Ba8INV6elmkef7Snok|https://lh3.googleusercontent.com/p/AF1QipM4nGuWNPNwA_OLEaLmvSZOUSZ7a_poKUjhHMXB|https://lh3.googleusercontent.com/gps-cs-s/AG0ilSyZ1Wn-4G6Kh4wtuOOrn3PstGJ_s3c4CP4aTdVbmzAI0PfI_qCzbw9MnBykttqT7KEC6y6MQl1VkpHI8Qbf8lihHgt_6NxgFT9VGT5wnagnKhI41Ji56nfHfrm5H39J2eKlLJDHvA|https://lh3.googleusercontent.com/p/AF1QipOHfdlCeTZ02pls1nss_vZZQORMPjYVXCuiBLW3|https://lh3.googleusercontent.com/gps-cs-s/AG0ilSwMKkyW_7cF43ATGXetg4h3G0W08k-27jTs7rUnModmEdX-dKAf3QURvVRsNhRfG9nz51K1zrmTYFgMNwagjLMbRYHxfVF9EdubMRJbgKaCUYfdSkXIpRiaF4st0XzDi5IRb8g|https://lh3.googleusercontent.com/p/AF1QipNp97-2m49t7-osQTaJcvaZEqxrnFN9bIJY3Mcg|https://lh3.googleusercontent.com/p/AF1QipMLid6165X8i4YifEARx2Tti2gCacUnYZxfwdvN|https://lh3.googleusercontent.com/p/AF1QipPd8ypzgT5oMvWUDaIU5ogWsPhcJR-tmp_bXQnt,N/A
0661-211413,https://lh3.googleusercontent.com/p/AF1QipOcq1H7QxVSP0NX-BybumGkv107V-N8ddajov5G,Expert Barber Shop Tanger - Salon Coiffure - خبير الحلاقة,"à l'intérieur de Mall, Socco Alto, Av. Banafsaj, Rte California, Tanger 90040",http://www.barbershoptanger.ma/,"4,8",https://lh3.googleusercontent.com/p/AF1QipOcq1H7QxVSP0NX-BybumGkv107V-N8ddajov5G|https://lh3.googleusercontent.com/p/AF1QipM7ii6KeIYwQr1Mah1CJU2ws88MiocjCDVvRnJt|https://lh3.googleusercontent.com/gps-cs-s/AG0ilSywr_keM9sUO8bZUd-yDT2Vst_4Zz2k-ZRIR2wQ8JVGwZg-3OE5yCWOiC22jhCNYDRkGRD9t9iXQYCRN6q0iSpGoIsKm4ya80GaP4fnfMRwFTfBVOGs8NF7cGWHx_ro7sde88yOWg|https://lh3.googleusercontent.com/gps-cs-s/AG0ilSwe1cYEKUjJpZ-6H2yHpvPZ5pammANJ9_vPgc-wXb-QtU8cwXTp3fT1dXod9i0i3N-oXxxSNf5R748ephpuSouzNgxBq8qaiZJR995S8bjY1j3eKnc234VAaL3TFqhVCIXCCJVL4x7b1wWW|https://lh3.googleusercontent.com/p/AF1QipNrxXgZEneYsPKn9nS7fEJH0AgvkYQ9c7nhAG0X|https://lh3.googleusercontent.com/p/AF1QipPQ8IFUhAAbhB_pi5QdOkP9G6-h1eOBuatzy9eK|https://lh3.googleusercontent.com/gps-cs-s/AG0ilSwmD_YtNeB3V9r9UeHa9fqvamcP_uchNaHWmQ_9mMW9og3GNZYq0pgngc-h2Vhl-xTtvrkdNYmhVuXR-T-MTeB2KWoVFtexGTXTUDBgGncN1XSkPJ4UBRXYmNn10c7JTfPaqSZhvQ|https://lh3.googleusercontent.com/p/AF1QipNcU2o6vLgOJUAfqSLDC2ObV1Iz5FpwsI-SBATx|https://lh3.googleusercontent.com/p/AF1QipPLBPxJRrnkcTbzEbSWV7td-ngUD41noNAdjSIs|https://lh3.googleusercontent.com/gps-cs-s/AG0ilSxU7p0Dok1nWacomMKkJbNd0diwAFq9nJ52LKqdEviTTlHBauTLer7faivPVBfrmEvFl-aAf2JHzW-LZNkcSPtCRjh2BByrHDALyUugV64t3PA3Bq4OOpGwlSL1x45fhyjlms96|https://lh3.googleusercontent.com/gps-cs-s/AG0ilSxQ1G8XNlIB9t_34tKCSM4llCx9DXXAQp753bUVnF-D9de_NGZwbBnbDz_IE9zhYrlajMPdVf4gFva0TjIc6K32O7-gH5kkyzBImTbLHQ0FO2DXK2n5WsDUNz44W-nMY39xWb82xw|https://lh3.googleusercontent.com/p/AF1QipMMU8BOGp6iP79YNBbPV5Ba8INV6elmkef7Snok|https://lh3.googleusercontent.com/p/AF1QipM4nGuWNPNwA_OLEaLmvSZOUSZ7a_poKUjhHMXB|https://lh3.googleusercontent.com/gps-cs-s/AG0ilSyZ1Wn-4G6Kh4wtuOOrn3PstGJ_s3c4CP4aTdVbmzAI0PfI_qCzbw9MnBykttqT7KEC6y6MQl1VkpHI8Qbf8lihHgt_6NxgFT9VGT5wnagnKhI41Ji56nfHfrm5H39J2eKlLJDHvA|https://lh3.googleusercontent.com/p/AF1QipOHfdlCeTZ02pls1nss_vZZQORMPjYVXCuiBLW3|https://lh3.googleusercontent.com/gps-cs-s/AG0ilSwMKkyW_7cF43ATGXetg4h3G0W08k-27jTs7rUnModmEdX-dKAf3QURvVRsNhRfG9nz51K1zrmTYFgMNwagjLMbRYHxfVF9EdubMRJbgKaCUYfdSkXIpRiaF4st0XzDi5IRb8g|https://lh3.googleusercontent.com/p/AF1QipNp97-2m49t7-osQTaJcvaZEqxrnFN9bIJY3Mcg|https://lh3.googleusercontent.com/p/AF1QipMLid6165X8i4YifEARx2Tti2gCacUnYZxfwdvN|https://lh3.googleusercontent.com/p/AF1QipPd8ypzgT5oMvWUDaIU5ogWsPhcJR-tmp_bXQnt|https://lh3.googleusercontent.com/p/AF1QipP0bv8eW3NuWo1n9lHM3kOUlhuYx2EpGPMPlDVa,N/A
0671-133683,https://lh3.googleusercontent.com/gps-cs-s/AG0ilSy0JpoB7-ANh1Vbb4miNsG_NXjbUdbemDXe9HkUP64BSKs3xCojL3n8Z1OAHRN8E-xE7pYYYeIg1VUADKVvulGjm1MVHw1IXsaEFez4o0TcorQTR7jVDGgvja7p9SW1YYoEW46A,Salon balayage,"Mabrouk, 10 Rue Ibn Toumert, Tanger 90000",N/A,"4,8",https://lh3.googleusercontent.com/gps-cs-s/AG0ilSy0JpoB7-ANh1Vbb4miNsG_NXjbUdbemDXe9HkUP64BSKs3xCojL3n8Z1OAHRN8E-xE7pYYYeIg1VUADKVvulGjm1MVHw1IXsaEFez4o0TcorQTR7jVDGgvja7p9SW1YYoEW46A|https://lh3.googleusercontent.com/gps-cs-s/AG0ilSwjS7Whd9N-KJ8X0FDWczcvSeVtbzMfiBY8LOqYGXIUmvLgciZrTo93NaU8YPyc7SqAy77swD8IswfUS3emlEvCo9gi9HddtoifB6k7S1ZE5GA9rgh844iOaQ47ESgv1E7K7Td9pA|https://lh3.googleusercontent.com/gps-cs-s/AG0ilSziYtJjJqAh9HGnmfwypMCZpoqbdLDfcHrAsCoXERrUaJ-I7SKLtWAiL_xDgAzzZW0ysSLaptmwykjFBftxsbBEZITCa4zGAlBD9UqjGBjijtFpAVgZK-59yKsjYkE_wbmIJ0t-|https://lh3.googleusercontent.com/gps-cs-s/AG0ilSzK2vgeoIE06vK1fRp1C2GAiDI3MTs8gMUSp_KZgMid2vrIZYBtfnHDeFNOGQLfjh2BYI9K3vSZD4KG7eVn5qWCDD13C-p2anJX4IW3ZzSXqLvOl1aySDuc4_bgY74hPt2q_po,N/A
0665-858183,https://lh3.googleusercontent.com/gps-cs-s/AG0ilSyKJLGRdPLzQYmdq12-qBMIpl91n_0aK7Xh2cGt-jTIY3qp7fFuvl_H2ORxy9B80fjYeTSz-VMBz2bQRQt8HxuQvAfzPa_KsHO4Db5seQv7vakFU8texR4FqDHB89MVRjg6Mv-x,More Beauty Tanger : Hydrafacial - Microneedling - Lipocavitation - Epilation Laser - Microblading - Amincissement,"14 avenue idriss premier ETAGE 1_NUMERO 17, Tangier 90000",https://www.morebeauty.ma/,"4,6",https://lh3.googleusercontent.com/gps-cs-s/AG0ilSyKJLGRdPLzQYmdq12-qBMIpl91n_0aK7Xh2cGt-jTIY3qp7fFuvl_H2ORxy9B80fjYeTSz-VMBz2bQRQt8HxuQvAfzPa_KsHO4Db5seQv7vakFU8texR4FqDHB89MVRjg6Mv-x|https://lh3.googleusercontent.com/p/AF1QipPuJbzlG9e19aTH93uwNwtg4f-nVWdle8q7lPct|https://lh3.googleusercontent.com/gps-cs-s/AG0ilSwImBzyC5sIpfn-zvmPdrIuqSOK9IBpZxvheJLv6tMz2Fgk-RLImnWtOm56Nsro-6nhwS8PHrjNP8hvv9qju74kRki_Qc_MHsuU87aPqhtRpc78YE-jubKAiKY2ft-4rQrWKyDF|https://lh3.googleusercontent.com/p/AF1QipP5U4RbOy357fa1NTPUhSEzOE5ndnB5BEJW0rIQ|https://lh3.googleusercontent.com/p/AF1QipOOuBuJqpHlziL4H67v9tw0jTniEkwIBaXbOkB2|https://lh3.googleusercontent.com/gps-cs-s/AG0ilSz0gnHrTAjWjoztw9B1vxPs_5iBA7ecEnKd1fFEK52KugfkaCwFJ8zxObEeQyTSwVlX1Gz4sTO5E0KCetgzUzL_KZnTCnrHWAREME8gahadPU5SttXfoLpBuuKRRD3e7MNm603g|https://lh3.googleusercontent.com/gps-cs-s/AG0ilSyPjrG7ukyVGHNjTWxWxLtorEnCaWxr3cDezITZEbScVr7zI7WJWcvGeVKQRnpXwo4CF73PtwAKTNw_pfeAGklD6cwJYtJqGj41oME2cnChDpDzQ9NhQAaLltWcG51QszZ94sNg|https://lh3.googleusercontent.com/p/AF1QipNzBSUZL53HIFtS1Qupo8Wjxvgarb6xnbcDi7g1|https://lh3.googleusercontent.com/p/AF1QipNn6rVzzuJ582klCQHP07BykvSfS7sjqxyoFUTZ|https://lh3.googleusercontent.com/gps-cs-s/AG0ilSy5oPMgJhLDQzGD-mR7gc2DKNt-ZK_fYeg82IsWW19-ph7b-txfXIr9wWz_bu1q27Jr6uP42kFmDBDnBJvpO2J_qOMHR6zPBkI8M2E6yOd7A9SKtXOFjZ54FYk_lJ3CIH9uTxLA|https://lh3.googleusercontent.com/p/AF1QipNKvUB4xlCUVzYdtvzkHcb0nuI-g80uDb-PgBhy|https://lh3.googleusercontent.com/p/AF1QipPZEJA1QOYU0QwrOJ8cr8OIcXEH9aXzA9QpgCpz|https://lh3.googleusercontent.com/p/AF1QipPQRhSspCmwV2tv9a3DcgAEWM22GFum4BhyQU7e|https://lh3.googleusercontent.com/p/AF1QipMjNb7MPNn3bDYMrxomAMR8zA8Aa6CTob8odpac|https://lh3.googleusercontent.com/p/AF1QipM84BfYTZDYmJboEYvkDMplZB3OEk0mTPMFT0oD|https://lh3.googleusercontent.com/gps-cs-s/AG0ilSzaq8SDJ4h526OhnISwYCD1D_FhbE7pvM0hYsfhtTpxUO3FB5Gv3Ah0sxao6EjD3zzEwOBYG_JIe3PsSgCO_1dgRVRwy8x_SqNdQsZTS-M2YaS7ChWbBk7vJpBDMHQGQM2t9pB4|https://lh3.googleusercontent.com/p/AF1QipP_doRQ4QXjL2zoRltDLEXYHtLEnY3jiBDTyTg5|https://lh3.googleusercontent.com/p/AF1QipOR6c70mFJrDBYIswuHIywNjpayyvPuAsGY4ouF|https://lh3.googleusercontent.com/p/AF1QipMti2RxRmIzgDpoWLqy-9ZNqXNxRLxIgXD_4AtZ|https://lh3.googleusercontent.com/p/AF1QipOClmbBi3wpMXYpuBhWtV_rKGrwlgQmOGh2Kq2D,N/A
0661-700132,https://lh3.googleusercontent.com/gps-cs-s/AG0ilSyH1YLDW5up6S_QnR2JjW8bEEyNeZtA10WTh6yGE0Yv2jbUc8otpuanprpdLiaSFlHzN3yAGJMvq8IyVxYt4dhKjNl1JyjQwXEGhhqvBsFv-CrXDeStgBSJKQ0fc8s-5rdRVBa8,Salon Beethoven,"Q5FX+VR6 Nejma, Rue Beethoven, Tanger 90060",N/A,"4,9",https://lh3.googleusercontent.com/gps-cs-s/AG0ilSyH1YLDW5up6S_QnR2JjW8bEEyNeZtA10WTh6yGE0Yv2jbUc8otpuanprpdLiaSFlHzN3yAGJMvq8IyVxYt4dhKjNl1JyjQwXEGhhqvBsFv-CrXDeStgBSJKQ0fc8s-5rdRVBa8|https://lh3.googleusercontent.com/gps-cs-s/AG0ilSy6wh5ex4pHgZadbFwj2st2UfnZ2LvGc1r0YZUXSfKB6i4Xrwb-t6FX7MO454ZYwwgx888SUL-7Ndzrb_CQ8GLYRQyEhVJPQTcGvzG40V2kmbkuhqU0JXXLSF95FCIMLQaKQIU2gg,N/A
0665-959312,https://lh3.googleusercontent.com/gps-cs-s/AG0ilSyqPi-L3T38ViF1zW7AnRqlNSB2orcV6n2AMqPCLrJioY1XkWPm57HWPNXDPllax3qRR64qQeAv2JEHQNPVyYgpiHWkWZElDkBWAPgnordfnP-IKm0rJ6vFlag4SWb24txLLdWYtQ,Studio 31 Tanger,"MALL Entrée, Socco Alto, 2 Av. Banafsaj, Tanger 90040",N/A,"3,6",https://lh3.googleusercontent.com/gps-cs-s/AG0ilSyqPi-L3T38ViF1zW7AnRqlNSB2orcV6n2AMqPCLrJioY1XkWPm57HWPNXDPllax3qRR64qQeAv2JEHQNPVyYgpiHWkWZElDkBWAPgnordfnP-IKm0rJ6vFlag4SWb24txLLdWYtQ|https://lh3.googleusercontent.com/gps-cs-s/AG0ilSwH11t33q3svis231ykMWbF4X4yh_uxEPUYOechGiCdM1xOwlMeHgnS2Re2pXzW8Lo8j8SIuZ9v3tZcsLfY58GDv1EZRNreOWeqEkTVITXrDgN6HkpmI5hrWk7kXwftm9ZlnQwr|https://lh3.googleusercontent.com/gps-cs-s/AG0ilSzbSx1E2xi-pab3TjTOjQ_OrOyp1E6Xdt6ARM8pX9GkqIi-9vRqGvcfu9X_efq-xjzQrLnPBy4hLIWzA4qLYA-7n9cU-DzjtniwYWPnwh9xUOQ5-uCYl4oTvygasxmm1SHMZ6s|https://lh3.googleusercontent.com/gps-cs-s/AG0ilSwaeL8ghCsNX6ur7NTrXJfIkpAvZ1mzg_KUjK4OY7vWQ5VWOww8mLNDmUXQ0MAwtnXRuvRPdbk8oYYVIgs9kk4FkZjmeFm_Qsn27FJX6HItyVYz_8l8JXybCqSICsjwDWMGzpTo|https://lh3.googleusercontent.com/gps-cs-s/AG0ilSzZKTMlYRkZCItTj_NzmFYuTKuKkAnqf6N2Px2KcyiIdnGbPdGl29PEG-vGjL5gJJmW624lLW12shKEAzfjMghjWK3ocqQZwCOIQ2b7P0i3BBh6LDJKHloUXI8UrsR--BiMBVdv|https://lh3.googleusercontent.com/gps-cs-s/AG0ilSylcNfWjkuJephIhtm54xZ3SldrVXelzIOLRNGQ_20_UaCCyh1DSJY0aVleZOtd4UJA21kgFGd4BkwQgLG75ni4pWPFTXRYACj5EGjG2mYUoTjBQCM3Hvf84dg-_td64qvmFdQy|https://lh3.googleusercontent.com/gps-cs-s/AG0ilSxg-CG6GxSLGO08jK1UgjACXQ4Xwa01F5RVL40vT8k4gU0VguKcPPr3Ap4C9POdMgrNlmom3dzW0a6JyqMuQ2sgUNLczVGBbsL8q-9q7km9LE0LIYoNqQvnLO0su-Pxz3n2CTAE|https://lh3.googleusercontent.com/gps-cs-s/AG0ilSxsKsLMnG8VVrHFdvmFMoqITj8CZyBXA32lQPPbiKQ3jZPtNdHitp3L97DtlIagl3RPuhqur63_j88V-axuxZ3TYsyzduH8lQuYyc3gejVvKgQvVZCq_r1tCMn1_YD-3miY3Ewpug,N/A
0601-515575,https://lh3.googleusercontent.com/p/AF1QipP9dZVtKClfiH0u3BQzlh7BYOA0xmYWymtxNmGW,salon wow queen,"Secteur ADDIYAE rue 31, Tanger",N/A,"4,5",https://lh3.googleusercontent.com/p/AF1QipP9dZVtKClfiH0u3BQzlh7BYOA0xmYWymtxNmGW|https://lh3.googleusercontent.com/p/AF1QipNylja2Ba1WXiJnt2CtMA34i69ycucTACK74Vh7|https://lh3.googleusercontent.com/gps-cs-s/AG0ilSwH8TlB8H30JAvQ2KEJspX0WlLPITr3avxMxhR71zLUv9JySaKvmWD44LBKeakAKqMRY8YDp1V9J3py9c0RbKL0s3bbdF9DpfA0WXqENmGw8fd6jnEZiVU43TT2HYyhy7WSiayJ|https://lh3.googleusercontent.com/gps-cs-s/AG0ilSw9MJiAPRlwqJQazVTI6jA89fNR2J1Qfmf2kb9ir7eNzg3SscEVy5HTHFgot3lHFoTahT-JO8iJ60l9y7D01W0Vtl98TJdK5AqwfqyX9Gy8xgz9nwjCMMI2KxzCuQmo9M8uB7yf|https://lh3.googleusercontent.com/p/AF1QipN1KnecjwMsDOe6KxvZ-tOGS-cp-TpZCDV9JtBn|https://lh3.googleusercontent.com/p/AF1QipMlpzXiLaBrafFPQR0HImhxXqaF2iGYqOWYNuaf|https://lh3.googleusercontent.com/p/AF1QipPBDZHVU4pctF2z9VCxDzuEd5mvbugQfem2Z_Xj|https://lh3.googleusercontent.com/p/AF1QipPfT8Hf-0hHRH5spVj_8OTz7Xm9qgpyIn37-zHs|https://lh3.googleusercontent.com/p/AF1QipPJQFSXGPRmG0PfM16Qkmk_Du9C5Zw_PUZ8IGqb|https://lh3.googleusercontent.com/p/AF1QipPr0zG9c7aWbXctyfEpYD3Fk7kE4eO63o6CX2lE|https://lh3.googleusercontent.com/p/AF1QipOqbiClQ1m5Voj03B_S5P_O8nNoul59-RtQZ639|https://lh3.googleusercontent.com/p/AF1QipNZ4D_63KbZzac8diYPwHDC96O9xroDxxCgcncL|https://lh3.googleusercontent.com/p/AF1QipNAOtojFmhanMl7FK2cCIcWTTUDyFvNOYbQVJY0|https://lh3.googleusercontent.com/p/AF1QipPksJTL50221DcuSNgBt6_JgY1fCBB6HWnfOvys|https://lh3.googleusercontent.com/p/AF1QipNUbi7n1puZ6kzbH3bH8BDkkINQtN5Wq0lJKP0P|https://lh3.googleusercontent.com/p/AF1QipPTZ-q4L-sF6Y9SGCtbwBPI2v7dch8L7Kbny5Xk|https://lh3.googleusercontent.com/p/AF1QipMxuo97qi7sxG4euiXe6QeND16Iv4GI8FYwMpcS|https://lh3.googleusercontent.com/p/AF1QipPZvHKF6fn7PUWamY5nbk0o01KOMJpUyzEG40C5|https://lh3.googleusercontent.com/p/AF1QipNEjbl27qstBRqQ0xcidipSQ2c7weM2AITGzYng|https://lh3.googleusercontent.com/p/AF1QipPSkdWyVhQEQxXs7GQSDTFbyOBPy4vIV6qiKbVD,S'identifie comme géré par une femme
0531-089658,https://lh3.googleusercontent.com/gps-cs-s/AG0ilSxcUc7HuYljT9BlWto9p3dirPuAEtN5YfkkNxz5gSYGd1ASCQHF34Fb3UgmZxZ26OoguNNWRTVzE_JhjLM-5TitBRpxYHHnC0xaWvh95JqPTl1KX4lHyq63Y20PEi2CghIX17fgI_0Na__Z,Lil'Expert Paris | Tanger l Expert en lissage et extension de cheveux à Tanger l ongles & nails Tanger,"14 Rue Gibraltar, Tanger 93000",https://instagram.com/lilexpert_purahbeauty_maroc?igshid=ZWQyN2ExYTkwZQ==,"4,4",https://lh3.googleusercontent.com/gps-cs-s/AG0ilSxcUc7HuYljT9BlWto9p3dirPuAEtN5YfkkNxz5gSYGd1ASCQHF34Fb3UgmZxZ26OoguNNWRTVzE_JhjLM-5TitBRpxYHHnC0xaWvh95JqPTl1KX4lHyq63Y20PEi2CghIX17fgI_0Na__Z|https://lh3.googleusercontent.com/p/AF1QipNpO3rV58NhLom361bZ02xo_eUHyKNVep3dz_C4|https://lh3.googleusercontent.com/gps-cs-s/AG0ilSzOGazjs0eNmqLkes0h3-JOajmgOTy6IgQO9dHrYzV3vAFjX4IZ3B72J9Ek8MdvsgW3oNLSf7pXwwRBOFXZzAA3BWrPW-hwhm6F_dAtcNfGVNXDp5-Ae2go5ktTBLLF18Dw_iEcBcvX1ZQ|https://lh3.googleusercontent.com/gps-cs-s/AG0ilSz9AtMLcUNwyj8iidH3mhHucBFY4rhAHLIDqi4bMoD5L7-iul27CuWfm4qUumGNsILAmYsyO3knwN-mg0kobAztoJTLcejRWy4ffZEq3N6Rov3vEgvheP3AtzFik-RzXG-J_g9UsYIXZxO9|https://lh3.googleusercontent.com/p/AF1QipN44BTBKCUaHHTXa35THv1D2NS4YzEZ-TwWOtDW|https://lh3.googleusercontent.com/gps-cs-s/AG0ilSwQAuWNhbaqEq_jBXyK5JRvI80boJlgKNuTVU6U5r_GdmsyvrWyTx0r_ATNyxNuh4zlMWG7bXi-ZHSfQiafXI350mafy_jkJPx5o1leR9jrL5hqISSNIv9R_YGds1QSwzglheBuiQ|https://lh3.googleusercontent.com/gps-cs-s/AG0ilSxaRqhCX4FD3Lxods2amP4V9EH2x8Mc_dq3g6q10WCqerei_Li0HfILL1ym8stHF5KLoix00oL4ZHbdJsXHEzaUh1Ci5Pp-CESqJPa9qdxmo8l8CySufvE0T--SFFb6Dlb_NBIVm1GPtHE6|https://lh3.googleusercontent.com/gps-cs-s/AG0ilSzD1e95QmpfgyfxQCTW7V6Y7gw5f7bwQOjmMv1F6_tZXoN4-Q8YrAqDH6ary5HDBy37Q60eqxtHnLnWFnPWhzb2H6kEj15g6-zPOVdhKlwGtMEfNBIry7aafsY1Wyb3O92phgpr|https://lh3.googleusercontent.com/p/AF1QipP3ssOVO5vIYqx-G1zg-0OKz_gKU8QU9U9GKMlx|https://lh3.googleusercontent.com/gps-cs-s/AG0ilSys3RtqgZaKcuJCPZtkWOPktzjYKJDWCCBzHeHKcfF_XjQdFCc0_AuPVm3M6rngP2LB_IrcD1WYmy65oGPJCQFEYG60qE5E_ml3LpehYbXvKfIH9XqaCizdk6l35aFfa-vv0S03|https://lh3.googleusercontent.com/p/AF1QipMQ06tw75a0K_VbNeCFkpow003FPrxtWYCrPfM8|https://lh3.googleusercontent.com/p/AF1QipP7qNMaQA5SPnu9cwme6xNWNjKP0wP1DgcqEnYQ|https://lh3.googleusercontent.com/p/AF1QipN_obKlprPu4MbtcLR8oo4TDatvCAFHwk37H15Z|https://lh3.googleusercontent.com/p/AF1QipMJSe30aTpRTZZ8EB5PTPOnhxDJC7fitdyRbgXs|https://lh3.googleusercontent.com/p/AF1QipNZ_Djj8qkzPFSLvM4BFpitPp27ldxDRGktzL5X|https://lh3.googleusercontent.com/p/AF1QipMxzufSQ1aGswcxjw3-1UxrizVsUFahUfdqquAU|https://lh3.googleusercontent.com/p/AF1QipNXadTZ_gCGmgTQ9MQ6YZKQlhJgJkwp3BxPOpBh,S'identifie comme géré par une femme
05393-71242,https://lh3.googleusercontent.com/p/AF1QipNPfMVLnNh1YUlDyLydOhIcff_FltE6wPdsZPs,Jacques La Coupe,"Rue Mahatma Gandhi, Tanger",N/A,"4,5",https://lh3.googleusercontent.com/p/AF1QipNPfMVLnNh1YUlDyLydOhIcff_FltE6wPdsZPs|https://lh3.googleusercontent.com/p/AF1QipNngo51PkvbdRBqxse1SnvgFHcUr2gceksq40g|https://lh3.googleusercontent.com/p/AF1QipO9h4a67q9DanNqlp-jZ5VpSSbGgxZLHuOuVLE|https://lh3.googleusercontent.com/gps-cs-s/AG0ilSwewhy6OeeXZGgybQ-AkHgXaQ_ZULqY_i8sMipMOWrPxN-Nb09EFTaUwoelR5OyjxeFqFNohEYZI5JA8caS_mJwCewomMJcC_FrLOgB89lDcv3f-Ey1e-bH4i3Ub8KzWCuqlevBoQ|https://lh3.googleusercontent.com/p/AF1QipMLTYbX6RaAji9NA4JSEqYpFnF_IBxl6nwa2Oo|https://lh3.googleusercontent.com/p/AF1QipMkremZvjGEMNruW28AYjFTPykibuH8IcNbN5M|https://lh3.googleusercontent.com/p/AF1QipNK-U2C3m-Y6NCxwvwrKn4RE3zXupifWBBj4a0|https://lh3.googleusercontent.com/p/AF1QipNU3NfKzHggvKCHsUJD3jxFjMMUcVGYtiqtgLI|https://lh3.googleusercontent.com/gps-cs-s/AG0ilSw7sdunfGyEd_UW8oWg1W10jNGseT4igt5WXVp3Z_lTNQBJldDUtu21bYbJTSMu46kURS6P99VDq5tPwhH3F-xZddlJfmmKP-7Rr2yJ8hbNZadolNcdoomeDkZgZ7K4I4nBmRrnQg|https://lh3.googleusercontent.com/p/AF1QipNdsGvvEDbnyJOgg_uISrgi49v-O8egUeZgivE|https://lh3.googleusercontent.com/p/AF1QipPxYVsTBThp3_a-iLiF0lhxFqXYq_pCJsxGtJ8|https://lh3.googleusercontent.com/p/AF1QipPm80K_8e4RhVukCcxVMH0JxE7i3fiEpM-76G8|https://lh3.googleusercontent.com/gps-cs-s/AG0ilSxsuz8ilhreSAq-sohCG6cJWBcJcLA45CYZWJW77lq6rEc6IU9ccGsmObddAQ7mzVXZlTf6P5DDBoSrbmtPW7PqjpKO5_4knYRpn25vLyxBLHJrL3XSGrD_bIqHMgzKoE--71kqz8IfWt8|https://lh3.googleusercontent.com/gps-cs-s/AG0ilSzXJJdQb6aBvq9UeF8-JULllSGxgAViA1204HTqa7OqeVD6T0kY5C2UaIzCea2gg2GoHwoX7gp1IFRGx1-0VP1OmK01aD5bc9zZia7u3RZInDiI5a5as0L3UyR8cDhOaFGtt9Qzag|https://lh3.googleusercontent.com/p/AF1QipPZIm6XVJrEXYlPcwntLvqmyR7GzNbOhxdR7c0|https://lh3.googleusercontent.com/p/AF1QipMaTbpHo3LPVBO5Qa2G1EQWjPNPwVMI1QSc9pc|https://lh3.googleusercontent.com/p/AF1QipPwco3bd63AwtYZzwDabiL96EheWQKjDMgMb88|https://lh3.googleusercontent.com/gps-cs-s/AG0ilSyvsmPrx3_ewMdNE2v3rWtfpVpLBhrlh72uSjlE8a34qbaGriE31de8iFs3HZ9ejiDoYbnFUWSftRdBkuqFOX9GP9Cn25NXj1T7SZtzxQP8wBjY9kgPV12HZGBBdJxeHjdV2Qb9Jw|https://lh3.googleusercontent.com/p/AF1QipN9HGslngM_6hRfRjoNmOCUiFG2lj3Drzy2tzg|https://lh3.googleusercontent.com/p/AF1QipPOvK1zqW1AozYk3jQctFAHGQ5dyX_shcWz6qw,S'identifie comme géré par une femme
0619-994514,https://lh3.googleusercontent.com/p/AF1QipNnAwpeTaAKiudhlLA5TUX22ynV4XJlnZEgUsHX,Obawbaw,"Rue de Fès, Tanger",https://instagram.com/obawbaw?utm_medium=copy_link,"4,4",https://lh3.googleusercontent.com/p/AF1QipNnAwpeTaAKiudhlLA5TUX22ynV4XJlnZEgUsHX|https://lh3.googleusercontent.com/p/AF1QipPi5iy5gUu1Twm_Myi1o9MwywJM0_MMvABCXOPV|https://lh3.googleusercontent.com/p/AF1QipOPIPjmlsXWhfBAwZQF00_TsL0IsDriXl3N6wnU|https://lh3.googleusercontent.com/p/AF1QipNzmahl2k5Jp_VF5VcCp0euuYdpPq74ftnxK6Rb|https://lh3.googleusercontent.com/p/AF1QipMxU0ELLJmzs4cfSm3Fl36m3CZWS-0If4yFzYCC|https://lh3.googleusercontent.com/p/AF1QipP_0bsb8yQkmKlh5E5Pa70Z3x_ZD7gzy3GaaRIg|https://lh3.googleusercontent.com/p/AF1QipMyQJMSiqPmXcrJTzGp8xdKpn5lnJz5sxHbykOL|https://lh3.googleusercontent.com/p/AF1QipPlkpG0ITReU6w1fQ1jT5jnaNELVvj7EsVV9qa8|https://lh3.googleusercontent.com/p/AF1QipN0mkSoW5c9Mt9g3pAyPdLbB9yClxR_d_R7gjwj|https://lh3.googleusercontent.com/p/AF1QipNU3SZZK6ZBCQrE370dUIG5esfEG4J0JCqefmQm|https://lh3.googleusercontent.com/p/AF1QipPbzvGkZUa7rWKFAlkos96ItT_9LxVCVv_yqFQL|https://lh3.googleusercontent.com/p/AF1QipMJYLaEGssMrhc5pC48hXBi9DgThXur59Ld5Mse|https://lh3.googleusercontent.com/p/AF1QipNZ0mGmXVwFucWHvju8rWeJOnY_Y6dQzR6wgzRQ|https://lh3.googleusercontent.com/p/AF1QipPzgg-1Oe4_igQz34pilGXS_bkRHVexm8y9hgga|https://lh3.googleusercontent.com/p/AF1QipMJvAapH7UxKSvCEjv2txgYqXQ_9hM6qDpo3NSM|https://lh3.googleusercontent.com/p/AF1QipP9KVIWSe2ojOBPREYmGEFc5Z8HTPiiQIQ_7Pwz|https://lh3.googleusercontent.com/p/AF1QipNl_4k15xs1-xCJ0cvd2zn20z9nDnzysleLXuXE|https://lh3.googleusercontent.com/p/AF1QipMcEFUoytB0PuHhGLG3VroKYEtLyhK4vlIsfdJS,N/A
0625-274653,https://lh3.googleusercontent.com/p/AF1QipNoXiqXCfrzVn2jWBJyKCA5g8fGP80xC6YTQqjw,Cavana Beauty Center,N/A,https://sites.google.com/view/cavana-beauty-centre/home,"5,0",https://lh3.googleusercontent.com/p/AF1QipNoXiqXCfrzVn2jWBJyKCA5g8fGP80xC6YTQqjw|https://lh3.googleusercontent.com/p/AF1QipMFnpeGQB6TytIupVLpbZ_CvVrD7IRUD5zI2J5p|https://lh3.googleusercontent.com/p/AF1QipMHegpB3erCN7DHMpevZHVGs1D9qzJxweZvFcNF|https://lh3.googleusercontent.com/p/AF1QipPH1gyc9LX2OcRTqK8YETQgQeDIcYUs1w3C58hV|https://lh3.googleusercontent.com/p/AF1QipO-7qiWnlUVLwx9PMP6xir-u9giHUmLNRkr2-hm|https://lh3.googleusercontent.com/p/AF1QipPfBuhhUDxnjUx0JUBvZjksVZIHhKx5V3-hSfyr|https://lh3.googleusercontent.com/p/AF1QipNQrcR9XmrQV7GxoJH92rbFsVkW4zEwCTDZjDxD|https://lh3.googleusercontent.com/p/AF1QipPF9OWJQcBjWPy8gvsTpwyoM8DCrFPs2HEA816e|https://lh3.googleusercontent.com/p/AF1QipNcg9Cfg1p62TTy4CfvEYswGXYw--RoZOPBnbEd|https://lh3.googleusercontent.com/p/AF1QipOz8zi7olsm7q3o6PhV3NI7VJXXTfHuX9LFlhgE|https://lh3.googleusercontent.com/p/AF1QipPX18TfuFFxDaYq44riTEgbr24cjnBpddY5q8XM|https://lh3.googleusercontent.com/p/AF1QipP_cQNHeRtu-CUyjPaFxFQ_fHDRQbIRplAciuEo|https://lh3.googleusercontent.com/p/AF1QipNMp_BDIzUAx3FJcyG6PqYosuVBC4umIlTVCX9M|https://lh3.googleusercontent.com/p/AF1QipNNdts8_u4LloC4Ig3L1gdM-_hyrXyfamX6jHty|https://lh3.googleusercontent.com/p/AF1QipNlYSOXDk_KFhs9wBy27jpn1Zb95QckSVWoWvmH|https://lh3.googleusercontent.com/p/AF1QipOcwlG_gIfe7ZpP64YOtWVoyGbGp3aECV-BFzu7,N/A
0668-104588,N/A,Donna Bella Beauty,"Q6F2+73V, Rue Sanaa , Quartier Mozart A coté de l'école 3G, Tanger 90060, Tanger 90000",N/A,N/A,,N/A
0661-955799,https://lh3.googleusercontent.com/gps-cs-s/AG0ilSy7JHZl3VuqdI3oUr1rOsPgFR3GQM8xAbqlkiNECgpz8r7WAhIzVay55JWUA2VVHqHGqGTeN7SmBUAZpECwUIz2F1q8iceb4bkQUpQaDGSQt_y7OzWXMlsYOxpv5vnuz-hCWiwI,Salon Tanger nord,"23 Rue Abdellah El Habti, Tanger",N/A,"5,0",https://lh3.googleusercontent.com/gps-cs-s/AG0ilSy7JHZl3VuqdI3oUr1rOsPgFR3GQM8xAbqlkiNECgpz8r7WAhIzVay55JWUA2VVHqHGqGTeN7SmBUAZpECwUIz2F1q8iceb4bkQUpQaDGSQt_y7OzWXMlsYOxpv5vnuz-hCWiwI|https://lh3.googleusercontent.com/gps-cs-s/AG0ilSx7HyPSDX9K_JFsLzFWnyPpwpDqAQE3gvoEKxU1Mb7hu6G_nCmmhkfbeYogY6Cvk7cgineTV6FewunrBLyce1Vyd8dLgtY30GF2hIWCF1xuTEyrLuy3HnVSPqN7iCMie7ZWeY_n|https://lh3.googleusercontent.com/gps-cs-s/AG0ilSzCUTi_HZyx4jqt4-P-WEE-CS83Cs58Sb9Cs0dKmqdt72qZG59HQszHt_m7_NjFmOj-Llqtvz8c0RPK_uuXbI7Y1j27tlR6bV_Dkw_M3r3uDkh0AGRaO5qf8cZniXHuqMS9O4fsVA,N/A
0781-505432,https://lh3.googleusercontent.com/p/AF1QipN2Lp75CqTGefTB85qAX_vqiS0nOpUfBQhCFR8X,Barber Shop Maldives,"n, 63 Rue Sidi Bouabid, Tangier 90000",N/A,"5,0",https://lh3.googleusercontent.com/p/AF1QipN2Lp75CqTGefTB85qAX_vqiS0nOpUfBQhCFR8X|https://lh3.googleusercontent.com/p/AF1QipMOLs5ot72fQgAe5s8BAzsPqYWpW7Ay2N3R-6Ky|https://lh3.googleusercontent.com/p/AF1QipOxr-uZ2v8Ontee3yAkbl48OxTfOaS_udTVZR3R|https://lh3.googleusercontent.com/gps-cs-s/AG0ilSxxk6cMPMOLN05LilssunvFsMUZciDNgwzeY8XgUmOziZe1i1sMFq_Qt3AvRA19EFZnwFw-U5Z7KR1qv3d-X-IsNggXi0FCYO3D4i1ab53JAFEt1u68GFmS1sZRXSHMZI50d4Dc|https://lh3.googleusercontent.com/p/AF1QipMZuIKAuKpv4SB5uX8fPluamNASheJBOzttHJy9|https://lh3.googleusercontent.com/p/AF1QipOBGkNu-jaAl8ZdDGd1NEjrvmw7BEntwM5c2D6V|https://lh3.googleusercontent.com/gps-cs-s/AG0ilSyAX8sAgY-Hg5vDxwy7lroB-fD_bUjzPVSz9pUMjd-zdY6XyrLQX-luszVjjJSZl5YzOliZ9POKWu8HIsaZjRkXikrCm3rXAYv1jsDRU0Q7LUzFM1QdRrcFD7SLSfNhgeIFUcvl|https://lh3.googleusercontent.com/p/AF1QipPWOrzROpQVSxMaK_n3XypNiGJc_x90l47gK6-C|https://lh3.googleusercontent.com/p/AF1QipPxRXeAY65qXDlgKQGO1hg8p44ZZe1Fk9nvEx7D|https://lh3.googleusercontent.com/p/AF1QipPrH8VfiTUjnvo0SxyJDfXgt3prRIzHHiEcoOaW,N/A
0615-101648,https://lh3.googleusercontent.com/p/AF1QipPco3T1HWrGVKrtBW-Ji5SvqPjJbLarai7LT5FK,Salon Najma,"Résidence La Madrague، N°6 Avenue Mohamed V, Tangier 90000",https://instagram.com/salon.najma,"4,1",https://lh3.googleusercontent.com/p/AF1QipPco3T1HWrGVKrtBW-Ji5SvqPjJbLarai7LT5FK|https://lh3.googleusercontent.com/gps-cs-s/AG0ilSxWT1Z51AgiXp_f03C0f5BIrauwybhUQCEkWiWulauOTbEh1GB-G1HsfgjR5gu2Gzwf-PD7uVl_K4LCkJiihGAV6AwlnwPw6r2Rc9tmlFVT7P987bywtYytwsYsCXZRFi8vnXIj|https://lh3.googleusercontent.com/p/AF1QipNpy-ppeWEd_4hBsKlo8pInEfXvJJhBn_iTnZCW|https://lh3.googleusercontent.com/gps-cs-s/AG0ilSw1-9paOgVDKVL5TUVDsRQK1RBzm-RWm-sPH6UPtBhwRIgyYXZ2hbBpN3xpt3CCINKg3eRzFB1TLCb_GwSPCPCrMNcU7Lgh2yCZMlrV0pBGU2TYNGgtMDSgWfsOqITMSzbpF4S09AgtLcM|https://lh3.googleusercontent.com/gps-cs-s/AG0ilSxHKbpcyJ_pQuz2np2xiuoXHarQ5IrZoUSpV4qgJC5HRggO5L74WMx4MVf6F6LVYTDspPmKNuj814DAvtxWvwtTKQvhYBKZ3NOLDkLyEkf_7ecRpcHnrfVdFIyZ7IOMY3vkzH_rtA|https://lh3.googleusercontent.com/p/AF1QipO7X-xgOyqCxovcY9BsrSE5zcjoqT7U4McHMtCg|https://lh3.googleusercontent.com/p/AF1QipMwjKo1BNDUK3CyapObWnCkVZYIHb9iu3y_2B72|https://lh3.googleusercontent.com/p/AF1QipMBU41yqMKAll67sg0MPJXyJVrtUVO3SIrwR_7L|https://lh3.googleusercontent.com/gps-cs-s/AG0ilSwiP6egv3H8RXOgszq95rl2sZAP5_O316ORcMBKdfqD5aW7VXvwGO9CujB85fcallGpGuLmISt8OWmg1SWeBRUTTE8NOWzt47cGqraEvn8GCFyRYvTo0C1QD8K6tqucWlMCfqQ,S'identifie comme géré par une femme
05394-18925,https://lh3.googleusercontent.com/p/AF1QipMgvNjbePdEhXJihSZKplvACDbN_uvikeqOtiEt,Golden Hair Coiffure,"Av. Omar Ibn Al Khattab, Tanger 90060",N/A,"4,7",https://lh3.googleusercontent.com/p/AF1QipMgvNjbePdEhXJihSZKplvACDbN_uvikeqOtiEt|https://lh3.googleusercontent.com/gps-cs-s/AG0ilSxdS-o8SmWMez9ImbltMhaHOJ6UX5nPYeqzeKLfb-gZjnsjT6IZO-I-XIgwoLRY4MujP1jdmalNZlPY-iI7NP5i7X4x3Oc66eEiacS4kNafGqqUNa-6W4b9V82HuD9TsY69NHve|https://lh3.googleusercontent.com/gps-cs-s/AG0ilSwi2tX76Xs4Ei1Y5n3S8LWrTpQS72Vr67YODFIYMyJmf1BGSvuxuOl2k9HUpJejH1-YbWiRDHQSncXua5JDtbGNWKgx6bfLBMFLAFoc6GJ7ItUDrjd8IoYW1i4c_SZldiJeaMjk4Q|https://lh3.googleusercontent.com/gps-cs-s/AG0ilSw03e9paSZ92oppFTkJgxswdLvzZpDFRS_oRPQk52VMjx3rNz37Y-DjWBVQc4VxyIsQe0hmausiAZeEf86qY38HHXv9foRHnPbw2w21qtFLQJJ9zp7fUnhrYPmhYQ53YLWQucL3|https://lh3.googleusercontent.com/gps-cs-s/AG0ilSzbHbTojzy87cWbxMP0trNtUMS-_bHUGZSjUVjzESu8fjZ0oUW82QyzgMgG4GW7x7fLZ3aIYP51-vVLe9u2GNQ8NpW94937B32S1JsFmUpxw5LJiVMuQBUefe9fiPkGHBX2S-G5Ag|https://lh3.googleusercontent.com/gps-cs-s/AG0ilSxhc7ChJ99ng9JcBZLQTWTn7FQzJieS4-EyaloX2tiooHBGXswLpgUA8CeZxw6GWXtOwtl6_s5WoE_BDb_9ENcHj0CiRlPzh4coxFdBru-qwGKz5W1pmCc8uZxIAZqtMoy1pvd90w|https://lh3.googleusercontent.com/gps-cs-s/AG0ilSzMF_YGYYRXER5OmqGTYpRqM2FCF9jPVTvrogIPfNaP2yS0gUtbDr40hwoCvNipZ8lCKfTfsjt6lnwfzP_7yHMmPxkiWWDTxKHdkcCr3BiPlkiGpaYwjGdw8HJdT2JCDIoomz9u|https://lh3.googleusercontent.com/p/AF1QipMT2cptuio40BuUn_TCCo3tb902R5arB94b3v4V|https://lh3.googleusercontent.com/p/AF1QipMOrmlvZfjiNZtYwLsQ3C_m-JNcad_K87VnPUjH,N/A
08086-67020,https://lh3.googleusercontent.com/gps-cs-s/AG0ilSzTOCoYXZblJtgNWZxoAVhslM6Ni5eLLDpoNQKzfKsa7vCJxzQho7ktS8kn0i4stC6Fy8IM5JxSKzRwWYHNqJ2EkWkxOcp9Wi2T1aAdU1DSgKW2Hcr9rGWiddczA5QqaUiHBe8,Suite de Reine-SPA,"derrière Auto motors sport, quartier branes Rue Ach el Attaoui LOT 190, Tanger 90090",N/A,"4,8",https://lh3.googleusercontent.com/gps-cs-s/AG0ilSzTOCoYXZblJtgNWZxoAVhslM6Ni5eLLDpoNQKzfKsa7vCJxzQho7ktS8kn0i4stC6Fy8IM5JxSKzRwWYHNqJ2EkWkxOcp9Wi2T1aAdU1DSgKW2Hcr9rGWiddczA5QqaUiHBe8|https://lh3.googleusercontent.com/gps-cs-s/AG0ilSxJM88VGz4VZ2ECrPMIg2-NFscjVcZXQ_J-hNm6WVmd54eRVKjFK8T0TzmmmXohOY00oE-zqh8KpwQJIR2PnQe4fAi66gNvq7gsY66BW4KbH-qJn8NyCpicj0JEdtWD_PFU6vagXqaP-gjS|https://lh3.googleusercontent.com/gps-cs-s/AG0ilSxEQK8hHN34bbaD-1b90JTC_1dJXHCA6qhfFe3mlc1G8StFPl9Gj_wexjltqBWv40se0LT1ccwy_whPWM6dSI67z1KqfYBMwofKSeYyjNuGR3a6v6fXXCR6-e2k2OkFs2YvZ3LTHA|https://lh3.googleusercontent.com/gps-cs-s/AG0ilSzZLGNhUS4b7E6GVjKXu9YtmPI_eVSI5Hd4C8OWbZ09Cl5E3QI6fLQJbGQu6WdIyY1E0Bgr8OyEhH6QIGW-HrnEG1h8tovoTJtPRmMXgoQa_CWQszZ622ycv8q4ipF6cbyn8ej-lhgGH5E3|https://lh3.googleusercontent.com/gps-cs-s/AG0ilSxRXuOff55aGB_Op9unk9hSqlhjlTYglYuqF46ks4pum8FNcZWOIXbpNZ7DCXaOWvM1b6QZ3rSuNmzykVzrf35qG3DuQ5wKCxE0gnbamGf3hV-A5rtoeQrF6HhgnY77M8g8qJYC04orrVao|https://lh3.googleusercontent.com/gps-cs-s/AG0ilSxAdxjLpHe7XvrGVMSK1deQQD9PZyeY3_sszIZmuUPz8SN5DB8bVmlDNvOM68398LyHfjb7A7hdlMnAeVlnfr6WVnSQsBaUw1-UB1Zw_Mys9fZlPnGixXZXJI_693GYtEVNVwUGrTnr7J73|https://lh3.googleusercontent.com/gps-cs-s/AG0ilSy8Iu3nTTY2u_89kjrkQhaZOL0y7hiVHm28ulfj11mKdvp_SEVWKp2tAn2Uur3_3WQ7-UaSXA2Pz3BevReJ5AvvHIzffdqEP_9YMSq7x4R7Pu3l3unRrBL6Sr2hRK64RqQuBld0x2V_RnQ|https://lh3.googleusercontent.com/gps-cs-s/AG0ilSwvz6KxR-xWxpDS60DhAF0WTFCFBJilw1qbsUyhQ9oQCPaAedo8wSKjkz5EuDkXTaQmMJ-Z1P5gp2Kw8S6dJD4jqv9uzyJ-aKJZ9sH0DpibXvEozWAa7oUueuZWPQUcSV9tzewIZ71XlDlW,N/A
05393-43634,https://lh3.googleusercontent.com/gps-cs-s/AG0ilSwuDzlyyU1YBu7gQMeSR4QxvoU5-JZEczSuPATuPDSILHrFdlnZ7Kd64V7zdbTHvB--XjtaS4r438Y0ydVC3TSoPsWVOdYONjyQVvNV5N1pj_yxwm2V-cToKkHfgF8QrHTR4jou,Jet Set Lounge & SPA,"La plage, Résidence Al AMAL, Rue la Sena, Tangier 90000",N/A,"4,7",https://lh3.googleusercontent.com/gps-cs-s/AG0ilSwuDzlyyU1YBu7gQMeSR4QxvoU5-JZEczSuPATuPDSILHrFdlnZ7Kd64V7zdbTHvB--XjtaS4r438Y0ydVC3TSoPsWVOdYONjyQVvNV5N1pj_yxwm2V-cToKkHfgF8QrHTR4jou|https://lh3.googleusercontent.com/gps-cs-s/AG0ilSxQoWgJnUCWIiBVQsS1Neml-3fAbrqouopEK5AlqvJsBrAi6u24D2aGorkhf8QDt1S1y5Bh4rSqvUFtZun6lWsHzkpgAoqecM2LbMByRB4dH-hSL72IOX9brCCfDfMAbU71BCgVg-qR8y0f|https://lh3.googleusercontent.com/gps-cs-s/AG0ilSzZ-IBwjsX1Hl2OL_oaR1LlWh6uuTnwXOushYW4NsZfQq05Hy_RissQGm1rQL00O307ZAf0jEKCAnBJ0Zzczk7QpgMqcEV0NKtJRXZk8TdLNpwTxDRlc-dkKY4TrsilH8fpbaBZqGACYphg|https://lh3.googleusercontent.com/gps-cs-s/AG0ilSzzRabIdle8Ccb_GQ9pprbVXLN0G1t_vf4qRJNAT1IX-wT8ZJKUeJTXL1spbTnnF-cZuSnDFKcxO0pDogfovlnFQB-d8uzQKIyB5249we3JCvwCSg8Gnn9gxENxEX4Y4fY9kgcmaaVsA26F|https://lh3.googleusercontent.com/gps-cs-s/AG0ilSyWiHECBKzI1mhYuAflA-avHjPTr7XN_fRJUz3MOz9YyesfhGwQfYq9UPY4MWrwTpMm44pDLEzlFES75l2HK55pZfOYaa-5E40iPVr75FgpXMcyX04j_VsXqaONAjkRPCx_CJ9arg|https://lh3.googleusercontent.com/gps-cs-s/AG0ilSzQo1iu-OQ69ETsLuDPEymgenixsZZ9TebkR0EBY8oiKD7_NVXvtDII9EzvLvIgo2dvSnVnTsa5AijgG_TWOgVaEpUwKZeA-UhFuwdEZ5Uiu-3K4pPbkL8t2rr8H6kVOmlTG1jy|https://lh3.googleusercontent.com/gps-cs-s/AG0ilSwqwmx8msedpSltGb3h93fq2HFjdnpkgD9ZkAWibtaxKK1YAVT-eMWchZULdSovzzv0-3HgnCPXT0H7ipcD5ND3nNmsiN2iqhLWUr-b55oOiK3jp95d_06H2wsXnFsXGXgEjAUJTg|https://lh3.googleusercontent.com/gps-cs-s/AG0ilSwlM7mzjFeydmL19h9nYMjVIkMKzzw0aJWmhamHOGjIMVjw7iy4BT5-7Qkxsj_Ht9YP-s3WhtXn8zOULWgNiEgbm4QOGOhshTzorcp8IGXWcEK6ULCvuf8pdITnpvAhaGtxjSJTmQ,N/A
0661-798468,https://lh3.googleusercontent.com/p/AF1QipPzSnEUM3NzbYG1ANjeo9y-bJCvE02G0dzQcY9m,Salon Imane Jazouli,"Bmce 1, Tanger",N/A,"5,0",https://lh3.googleusercontent.com/p/AF1QipPzSnEUM3NzbYG1ANjeo9y-bJCvE02G0dzQcY9m|https://lh3.googleusercontent.com/p/AF1QipOItSSMhrLE45PrqGailVoh9zcOTZBFYVc83lpN|https://lh3.googleusercontent.com/p/AF1QipNQoU35QL93BgUNAt5EpLQLDoRxo1D2GewOw0Ml|https://lh3.googleusercontent.com/p/AF1QipMNw-cDhqv69ERO-TKBhtpMzwHLUszwYeKoE4FS,N/A
0671-606981,https://lh3.googleusercontent.com/p/AF1QipPXL4NTm9RuExDY0JXTchyf3hMV8eB8Wmbv4N03,9amar Beauty | Soins esthétiques | Salon de beauté femmes à Tanger | مركز العناية بالبشرة,"35°46'14.1""N 5°49'38.0""W, Tangier 90000",https://9amar.beauty/,"4,8",https://lh3.googleusercontent.com/p/AF1QipPXL4NTm9RuExDY0JXTchyf3hMV8eB8Wmbv4N03|https://lh3.googleusercontent.com/p/AF1QipO612OLl5i_-lb6nIn_cx9-8GnT7RDwrS1zvzG_|https://lh3.googleusercontent.com/p/AF1QipMiewqICnvYHKgpzB9LJTtgMvkwpfNGcBY4ruIx|https://lh3.googleusercontent.com/p/AF1QipNoUvOxVEBg8mnuPFpQ3b_RhH1IQTN6zTLFLdiJ|https://lh3.googleusercontent.com/p/AF1QipM5sJmbFBepipc-iyNywP_J9AJ_t6aa-ddchwbk|https://lh3.googleusercontent.com/p/AF1QipNbUhrZdbG4nsZ9mz-qS2qKXUBvPRjfgST6Y7Ju|https://lh3.googleusercontent.com/p/AF1QipMqt6AdU-UFUJ213TLuUlibJ-gIAYllv_h-kpSm|https://lh3.googleusercontent.com/p/AF1QipOni5IAbjf2MpyeVydrViG8DIKmlHQ_STTSkRdG,N/A
0665-979145,N/A,PROPELO Coiffure Esthétique Barber shop,"Avenue, Tanger 50000",N/A,N/A,,N/A
0661-211413,https://lh3.googleusercontent.com/p/AF1QipOXLZTGXmnocDC0pnXjV8HiIH2Jd0jEuhGYL9-m,Expert Barber Shop Tanger - Salon Coiffure - خبير الحلاقة,"à l'intérieur de Mall, Socco Alto, Av. Banafsaj, Rte California, Tanger 90040",http://www.barbershoptanger.ma/,"4,8",https://lh3.googleusercontent.com/p/AF1QipOXLZTGXmnocDC0pnXjV8HiIH2Jd0jEuhGYL9-m|https://lh3.googleusercontent.com/p/AF1QipOcq1H7QxVSP0NX-BybumGkv107V-N8ddajov5G|https://lh3.googleusercontent.com/p/AF1QipM7ii6KeIYwQr1Mah1CJU2ws88MiocjCDVvRnJt|https://lh3.googleusercontent.com/gps-cs-s/AG0ilSywr_keM9sUO8bZUd-yDT2Vst_4Zz2k-ZRIR2wQ8JVGwZg-3OE5yCWOiC22jhCNYDRkGRD9t9iXQYCRN6q0iSpGoIsKm4ya80GaP4fnfMRwFTfBVOGs8NF7cGWHx_ro7sde88yOWg|https://lh3.googleusercontent.com/gps-cs-s/AG0ilSwe1cYEKUjJpZ-6H2yHpvPZ5pammANJ9_vPgc-wXb-QtU8cwXTp3fT1dXod9i0i3N-oXxxSNf5R748ephpuSouzNgxBq8qaiZJR995S8bjY1j3eKnc234VAaL3TFqhVCIXCCJVL4x7b1wWW|https://lh3.googleusercontent.com/p/AF1QipNrxXgZEneYsPKn9nS7fEJH0AgvkYQ9c7nhAG0X|https://lh3.googleusercontent.com/p/AF1QipPQ8IFUhAAbhB_pi5QdOkP9G6-h1eOBuatzy9eK|https://lh3.googleusercontent.com/gps-cs-s/AG0ilSwmD_YtNeB3V9r9UeHa9fqvamcP_uchNaHWmQ_9mMW9og3GNZYq0pgngc-h2Vhl-xTtvrkdNYmhVuXR-T-MTeB2KWoVFtexGTXTUDBgGncN1XSkPJ4UBRXYmNn10c7JTfPaqSZhvQ|https://lh3.googleusercontent.com/p/AF1QipNcU2o6vLgOJUAfqSLDC2ObV1Iz5FpwsI-SBATx|https://lh3.googleusercontent.com/p/AF1QipPLBPxJRrnkcTbzEbSWV7td-ngUD41noNAdjSIs|https://lh3.googleusercontent.com/gps-cs-s/AG0ilSxU7p0Dok1nWacomMKkJbNd0diwAFq9nJ52LKqdEviTTlHBauTLer7faivPVBfrmEvFl-aAf2JHzW-LZNkcSPtCRjh2BByrHDALyUugV64t3PA3Bq4OOpGwlSL1x45fhyjlms96|https://lh3.googleusercontent.com/gps-cs-s/AG0ilSxQ1G8XNlIB9t_34tKCSM4llCx9DXXAQp753bUVnF-D9de_NGZwbBnbDz_IE9zhYrlajMPdVf4gFva0TjIc6K32O7-gH5kkyzBImTbLHQ0FO2DXK2n5WsDUNz44W-nMY39xWb82xw|https://lh3.googleusercontent.com/p/AF1QipMMU8BOGp6iP79YNBbPV5Ba8INV6elmkef7Snok|https://lh3.googleusercontent.com/p/AF1QipM4nGuWNPNwA_OLEaLmvSZOUSZ7a_poKUjhHMXB|https://lh3.googleusercontent.com/gps-cs-s/AG0ilSyZ1Wn-4G6Kh4wtuOOrn3PstGJ_s3c4CP4aTdVbmzAI0PfI_qCzbw9MnBykttqT7KEC6y6MQl1VkpHI8Qbf8lihHgt_6NxgFT9VGT5wnagnKhI41Ji56nfHfrm5H39J2eKlLJDHvA|https://lh3.googleusercontent.com/p/AF1QipOHfdlCeTZ02pls1nss_vZZQORMPjYVXCuiBLW3|https://lh3.googleusercontent.com/gps-cs-s/AG0ilSwMKkyW_7cF43ATGXetg4h3G0W08k-27jTs7rUnModmEdX-dKAf3QURvVRsNhRfG9nz51K1zrmTYFgMNwagjLMbRYHxfVF9EdubMRJbgKaCUYfdSkXIpRiaF4st0XzDi5IRb8g|https://lh3.googleusercontent.com/p/AF1QipNp97-2m49t7-osQTaJcvaZEqxrnFN9bIJY3Mcg|https://lh3.googleusercontent.com/p/AF1QipMLid6165X8i4YifEARx2Tti2gCacUnYZxfwdvN|https://lh3.googleusercontent.com/p/AF1QipPd8ypzgT5oMvWUDaIU5ogWsPhcJR-tmp_bXQnt,N/A
05394-20042,N/A,She Beauty Salon & More,"Desserte Qur Golf, Tanger",N/A,N/A,,N/A
0661-937379,https://lh3.googleusercontent.com/p/AF1QipM3H4PmGasvM0ZPxLvRRpAQ5nsxgWswQiK1Nliy,Barbershop Coffee,"Place des nations, résidence Attajmile, R.D.C Numéro 2A, Tanger",https://www.facebook.com/103181991539209/,"4,3",https://lh3.googleusercontent.com/p/AF1QipM3H4PmGasvM0ZPxLvRRpAQ5nsxgWswQiK1Nliy|https://lh3.googleusercontent.com/p/AF1QipNq8Ls_BpVClCesRDe-KRl3KojMHdrgtU9P7Po0|https://lh3.googleusercontent.com/p/AF1QipNE-AI35PDzIy21wBvjWPcq_KfdvtJy2J4z155y|https://lh3.googleusercontent.com/p/AF1QipOcCNWQSFzf09DCGBZWsOq5tWlUsytoz9qhWjYv|https://lh3.googleusercontent.com/p/AF1QipOyZ_xPM7e-fQwlMfxhtQNyCqW0tE9YjCa11MF1|https://lh3.googleusercontent.com/p/AF1QipMPAvr5wt3bBtBkEieYaKvi7cMx0RZS5wjnYpsO|https://lh3.googleusercontent.com/p/AF1QipMUedG1TW8mixRzqiK6QIlvgztmONCF7vNAbQNV|https://lh3.googleusercontent.com/p/AF1QipMGPMSxM-GKlhYV-LQlpiFLdiVgebTzf3xhUR4n|https://lh3.googleusercontent.com/gps-cs-s/AG0ilSyVpwVRlX9jnJwSqMCZtotJGf3LocH1zwPBG0Ymg0Eoe0wEjoOtdQTHtYCgyXo_idP2EBszJBnZUXicEsIbqL3fKfKmpsFSLXO6DhppbnLsI6K1JATQoQVe9oSDH9eG6M-Ac77piQ|https://lh3.googleusercontent.com/p/AF1QipM09nG6HLOJGVWTsntvQa7HczluhZQTnmGsNyXy|https://lh3.googleusercontent.com/p/AF1QipMb1o5kHB-NKNfGctakEMnS0A7k130MmS2bI508|https://lh3.googleusercontent.com/p/AF1QipPGgdpnMvGVOe2_PazUhEmQTQJAqanp8ihGMGon,N/A
08085-21615,https://lh3.googleusercontent.com/gps-cs-s/AG0ilSwk9fo9weqoFHedEXKDF5U1Mj04_xfQdZVwZsDGBTe2mPYuR0Jtp-53-0iM7nhwH5N2one1Cd55Gn15agBF1XKEk_RV-uKj4CYoj_2Wl_SoJ823ZG83GW855lMmI56j4EEhrdrbGuWv9IQ,Ambar Beauty Salon,"14 rue yaman, Tanger 90000",N/A,"4,3",https://lh3.googleusercontent.com/gps-cs-s/AG0ilSwk9fo9weqoFHedEXKDF5U1Mj04_xfQdZVwZsDGBTe2mPYuR0Jtp-53-0iM7nhwH5N2one1Cd55Gn15agBF1XKEk_RV-uKj4CYoj_2Wl_SoJ823ZG83GW855lMmI56j4EEhrdrbGuWv9IQ|https://lh3.googleusercontent.com/p/AF1QipNOUMmuy0llyXXjXvfAtTRoFaYRlhiu7l_qro3E|https://lh3.googleusercontent.com/gps-cs-s/AG0ilSzk4ul877uNLCMYxsK7_sHnGR1KQas9i36Y-VWqWD4tZqkVidnks7-v5eTRLDksYXGaadMt2xlCSUb6tDNelBulM6vdk4vIIYJfHhNWmOA9oF9HD-CU_U9WCRCcJ5inFmIqbZyT|https://lh3.googleusercontent.com/gps-cs-s/AG0ilSxqcCbgfzMavGpO6QisduzGau3ArfjfFDTZZum6224fT9nwgd0JZzdQWOMMZJQsuYVay77GtbvVy2rrKxzhdl3cyUmowHtYuUzA-RPvk6_IDGJz-Tu29eAczV3fM3Yyn8vy0rPV|https://lh3.googleusercontent.com/gps-cs-s/AG0ilSyx2y2EqPzgTweMDcq0tT_9_YGR-e8sghDsuim4swP0bo59HPOpJ1Dv-RovvTLHJc1sMf-3kdVLIWslUL35OJcbYde0w-z5CmxCGFo0MOJSpHtEB6H23_V935qV9AHna1uT7tNPYSfNsUIl|https://lh3.googleusercontent.com/gps-cs-s/AG0ilSyfQJERtXBodRfMc8e4ekpZ9wH69AT5gVgdUTyLe-XA6M4D99JuDjIEHaF-Yj7TF4nyh-c-pnnV2g-pptNNuQzEqUVpQlStPhad7n1rav55MnZhlkuoLVW6HJtQx9vKIlzoB-lxHA|https://lh3.googleusercontent.com/gps-cs-s/AG0ilSwouUji7fUKV5AcMVJXdcINMqhhAcetMQAQkqJVuHx0tAKwYr20rV7gALLR3wYF6YDCbB6uHJEgPyeRhzaCHHLJz7TomTbg2n89KzTQbOxPwJ6k9kG6OtFblanJow-6qZxiMWFakPsBEOUf,N/A
0703-720763,https://lh3.googleusercontent.com/gps-cs-s/AG0ilSy2-CsSP2KsbyW16380rVtZCL8rUi0tU3XXN330QR4Ah0PPedP03w_G1m0WD83us4EquUViUQzpmdlIZfulQLGFo3Dj03ucJFHFxhJF-InKsRnOgNz1O9wNuOeNJu20K5dh2c66BUHGq92Z,.,"direction du golf, Rond point Mesnana. 1ere ruelle, Tanger 90000",N/A,"3,4",https://lh3.googleusercontent.com/gps-cs-s/AG0ilSy2-CsSP2KsbyW16380rVtZCL8rUi0tU3XXN330QR4Ah0PPedP03w_G1m0WD83us4EquUViUQzpmdlIZfulQLGFo3Dj03ucJFHFxhJF-InKsRnOgNz1O9wNuOeNJu20K5dh2c66BUHGq92Z|https://lh3.googleusercontent.com/gps-cs-s/AG0ilSzLM8kPb2pDQpXAh06vYghp6BfBN7h17i1fQrh32eRipvSR0n6U5KJgcncPwf3Cz3CZZhZUTck1KH-P9KcJ-VYZHnFyzF-AQ0xbB-mqyQ8GG5iLeua46aCFuMH5jIUu8-CDMyJVnQ|https://lh3.googleusercontent.com/gps-cs-s/AG0ilSw5p1Xi_iiqJmIfPa9HGTrlDfNPA_GOlVbqGvx1tdddj-X3pw0SBPwj6MClrWfra-bXSlB5quh2AZJUBFT6nbEAW-Un8S2LXcqvTfG5VEutJWUUf8_LDTfdQzLJeJAwpdzG6khYBKkXpEk|https://lh3.googleusercontent.com/gps-cs-s/AG0ilSzXuhMYojyjghkbNMyaKDImNtKd1yjchbrgJ31c00T3iYQLBklEgX4smwrHh5eKpDKO2JKgySxl3ABDCxs_QFESuaBuEUv7mBUqg0qtyL4-b2lMaFOGrusXGRwfIxk_QxlIRJ64|https://lh3.googleusercontent.com/gps-cs-s/AG0ilSw33yCNly8beZ1JIRMA-z_793yNomEZnYeB64gwNLy9mT4QnJ0415EsPq-f8FzqNDTzkqQH2yoMLj1VBzHzsVoGCNpuN7UDuRYSI56p8abj7M4Ai5-TMVS4fE3ZFUgeM5AdMLk|https://lh3.googleusercontent.com/gps-cs-s/AG0ilSyGc_gBoXJ665FGte4nWmg4SUyhAZmZyXSJOASYgZqhytQj8Y6gqXhSJkXYUEp8oCsSpvQmKZgdqkb12wG0FlJ70X6c55Qqul7NQ3NBP1313pzthfFiD3Xm3FmKKl-jeKQOlY280A|https://lh3.googleusercontent.com/gps-cs-s/AG0ilSz0MhSwEQnRzZCmkbvoCMy9YiCZXXhCWMENoR4J9CycWrPcqcCW50HhVMzBG26cv9QUe31IcIdzmVCEI7F2vCpPBW0kBPNIBqur3vMLuWyYLX3_0O9ZwznLUfvGYJYvnFPU8Te7|https://lh3.googleusercontent.com/gps-cs-s/AG0ilSzWocuUmPimgFT8uvAGSWFDrkD_3-gMtFx6SADvvwxKEEhSmKVOqHnQZcTFHszKHgQXVKzGPQMpKJQHyREVzROjt7ANWFaig1QrInZ4Ak-eFznn8Ahzsgh8TtJWqIZxWOrPa1r8Jg,N/A
0666-513327,https://lh3.googleusercontent.com/p/AF1QipNDSnq6rQIALjnaqxojVs4oWpqw7E1q01szC9bL,Lady Spa,"Residence Salma, Rue de Russie, N1, Tangier 90000",N/A,"4,6",https://lh3.googleusercontent.com/p/AF1QipNDSnq6rQIALjnaqxojVs4oWpqw7E1q01szC9bL|https://lh3.googleusercontent.com/p/AF1QipMi_av67jkEyx0X3nkDFMsAnFTtvwdMmvFdxVT1|https://lh3.googleusercontent.com/gps-cs-s/AG0ilSyjV5HDZSTzD0pnx2fOvXgmboYjvGtDHGwfv2LgtpOEZa8YmZrxi7D5tdjhl2WMesL1-YvYc2X3sIQcZJZJ8uYCzY-KHLUamHLc1eSDG4KR_ImSYT7vgmUoxUNIPCwWluo_ezV1FpgZshjd|https://lh3.googleusercontent.com/p/AF1QipPGrKA3IwVi_XsCoTmSNqK99Jr-16p69QI4YEkP|https://lh3.googleusercontent.com/gps-cs-s/AG0ilSyBWRT0dJjdKaKjd4CJkbOgncWdkUIFzSUj9gDjn1LnPxn81PZQd-zh63c1JfJ1hXFiXQUU3sLzJBZyIZb9JSOLxg5JFN7jztFoxVbrKe2re9brnTNEVTdmrd-BJHvw2KgMtj4g2I9rMdGv|https://lh3.googleusercontent.com/gps-cs-s/AG0ilSywAPWHgwUVSuJCkm9F_JaLt0_BI3IqGmMcfHdjUgI_Tjkd-niCqMwUu91u4R2OcC24jyr7jZuS7jeuTA4Xq0S3YgSeU1zF20Non2GkEq0OZcxfxYD9gbFd5MGLgJWRWxhnFa94Kw|https://lh3.googleusercontent.com/gps-cs-s/AG0ilSxZYzMPRFsEJSWa4ZqwASFZHv1dtSNum2E1df8jLogKnV5DnBqnlGC4zxcagmoyB2ilhd6dT0aDXsd3iPoriLv44G8I_olMMTEc3aWA9ujb5vbtzdzuyTslj8m9qbjAuCLI__pUkLIkBR0N,S'identifie comme géré par une femme
0670-706207,https://lh3.googleusercontent.com/p/AF1QipPI-6OittgcIxgrLDMqyN3MHNPauUM1FkVAlB7Z,Beauty wow,"87 Drissia, en face de la pharmacie la santé, Av. Tariq Ibn Ziad, Tanger 90070",https://instagram.com/stories/beauty.wow_/2898873302127965033?utm_source=ig_story_item_share&igshid=YmMyMTA2M2Y=,"4,1",https://lh3.googleusercontent.com/p/AF1QipPI-6OittgcIxgrLDMqyN3MHNPauUM1FkVAlB7Z|https://lh3.googleusercontent.com/p/AF1QipNsKUBQ78bFycbOa2XlR6MiesyjtLDtULF37Try|https://lh3.googleusercontent.com/p/AF1QipNWZ2vCfM93Q06yDpNXa1v-kqZBl4VFmprIGEQa|https://lh3.googleusercontent.com/p/AF1QipPYR40ncvmdhKuo67e-tt9K41Q9C4mOo1PE0knc|https://lh3.googleusercontent.com/gps-cs-s/AG0ilSzOITP52USAvCw67eHMGNrRwNmzbO_Ur-gVqnHojdNxFXmDC6FgKchGCxEmteO0oeszm5HVZKZCRGVPINnzQrfODSXZtiqMf-JtaO3QeaIQvUCzxe1PFA6zs7BfSjXeZd_wdmbTSFUyMJEv|https://lh3.googleusercontent.com/gps-cs-s/AG0ilSxY9DSdeKLiM0h-O3YPNKe0Kl3IJ0N0tSmF0bq5jzf4akXDiK-aKfJ_kEN2VyxaSVbF0xqYz3gkTdeVH0Y0cKhKoAqdo9nyr1aTXz-watFzpJT-8KQ4MUGiH-4HKdhSQjsg3bsI5m_Yul8|https://lh3.googleusercontent.com/p/AF1QipPWxqiVoTD5hQNxErzcRlb7VCBldMJ8H6vFj-mw|https://lh3.googleusercontent.com/p/AF1QipPGR4dTegh7VegZ5oNiOoQXfETqt5aoFS_FEvmn|https://lh3.googleusercontent.com/p/AF1QipO7olBe1MRpfZQb2tR-UYod0Xp_lvof4svXmb6i,N/A
0654-903098,https://lh3.googleusercontent.com/gps-cs-s/AG0ilSwRQiM45ll0yRU6z_jCRMcPY2-_20BnFtIRJB8I33J9xXXnm-31UXOlz8bJQUMkS8t4kovlbhYYRe5K7JLZG1xLOg5ZvzqLTyhJeIDrwLdTxHx0I8HfdkglyGzhdel-pyqp5ZcyNw,Salon beauty house. Tanger,"Q55X+MPV, شارع, Tanger 90060",N/A,N/A,https://lh3.googleusercontent.com/gps-cs-s/AG0ilSwRQiM45ll0yRU6z_jCRMcPY2-_20BnFtIRJB8I33J9xXXnm-31UXOlz8bJQUMkS8t4kovlbhYYRe5K7JLZG1xLOg5ZvzqLTyhJeIDrwLdTxHx0I8HfdkglyGzhdel-pyqp5ZcyNw|https://lh3.googleusercontent.com/gps-cs-s/AG0ilSzsBfz59k15rKQ829UwwIx439dqaV9e37L5gC6FuAK8JVmHz6wDoLADldcZ2AtVfTRj83mMG6ku5GGtcrpFrkdclcnUazWi2ay3YJgrhXNGn9quJbZ33Mz9IKWwC-_Nj-3Qzok6|https://lh3.googleusercontent.com/gps-cs-s/AG0ilSzxMiKq-ux3OuTfDCnem4Ve06xT294tRzgVk278Df1bLls_xoAtqN8IHUrMkO-vvu86lqxvv4s4vOJeZgjb3EtyUBTYP8a2GsBicH0M_V8iWYz96hBqH-v7Jt95i29FPgqNZMd2|https://lh3.googleusercontent.com/gps-cs-s/AG0ilSwaO8i3ZoqDRD8KgUHkiA_mONuSjRND8B7s-gohR6YME0zKqY59IfYeQuoUwexI6Ea7XQ_4WfRYrX4EE0Z6bgDmFHS5LCfsgkC-pKpvhDu_G4WgKh8aFarnwJKc8Y-J9F7BOT5j|https://lh3.googleusercontent.com/gps-cs-s/AG0ilSzBUrlnC6XAerjw7QUg8DqrIw30vpO3d7MUGYqIC6EzANVVyCdzeMpmlDq1nUwXVUFryA4GFEC86JGfgYdRVohaENu8VRAdwrNT-p1RLLpg-n94ZZ_kJ3lE2y5qy_8k-3JanMG4|https://lh3.googleusercontent.com/gps-cs-s/AG0ilSwL6KeGtb0vLtPsg1cnGKmIREpug_PgDhyMH-HJu2yqEOng9v1POrS9OSg_3MLDu3Z51L5RGFdQEn8LRnz8RhXE4RGGA21yGV3g9pQ1Mar8KAJLZGZzigdLvSchhA6omulFU_xZ|https://lh3.googleusercontent.com/gps-cs-s/AG0ilSyP_RXOe9AE6hLnYcX10EVghttghsufPGa-5rHutNmx3jEsggjhuLxLyzmy8cO4RmNX5-OecuDnQiZwCtRc0gh_faySBWjjspYmkOYiACWZCupkGGnVdiA2QU3ivsFl5n4cyws|https://lh3.googleusercontent.com/gps-cs-s/AG0ilSyEe63aKd6KkBDOnGLf5DfFwfpmwi87_DYidCe1bVwqky4obNKzpHtcqLcG34x_AyUx8ESUb4OliWDgQLLJHpvAoUrxfaQnk3xY53NGu-UtIRGW7MLZ5IbEfjVzMAUSGxCPawa10A|https://lh3.googleusercontent.com/gps-cs-s/AG0ilSwKqenKvPkeQpiXSQVuMZcOHHKaP3-qvxbS5lzn-BgA3x377dD63uSp0BJwjLzqbHgnEbkHRW0Jk4OnTTePup6hu0WUnoJAJ2xqfIFSOmkUoGEs12OiCoDt8vZlDMBs4Zwxhfsb|https://lh3.googleusercontent.com/gps-cs-s/AG0ilSyeuh9GvtFrKwbABYG0-xgwkzpUiHGEfX59P-4WxL_qL-XMeblG00p_x709Hf89FEivf6-LVQO79JhuPKcVsWD7qB2Nh_iQvHn0MNnJTVxvzTZ8R18DxQewReksLr3mKGzO1aMPrg,N/A
0619-628323,https://lh3.googleusercontent.com/p/AF1QipOTfiJUs7IBHlNGJ8n2cdqUbkafosEgRPRqtUfA,Salon Mari Beauty Tanger,"152 Av. Ibn Batouta, Tanger 90060",N/A,"5,0",https://lh3.googleusercontent.com/p/AF1QipOTfiJUs7IBHlNGJ8n2cdqUbkafosEgRPRqtUfA|https://lh3.googleusercontent.com/gps-cs-s/AG0ilSyRi-khKLr1dHvQ4OH7ESMkTxizeyAUHXWthc9_Mxhus9QD9wRhVbrUd6Gv8hdWfZpMNsK-3BV7luXJjtO4XofL4L7mD-R19f02t60ElSAABgBNq3D1YaGCT2EDxNCtG5y0qYeYbQ|https://lh3.googleusercontent.com/gps-cs-s/AG0ilSxI32IF3ZI7SxbIB2bkW3XIcKAlhigVETME3D4nYWeAiBaGqTPpoRpHYWnqfcqDWSURnu8HR_muYeIVVQiK9Y76WAq8sN5EVQesvF5JuvcFDmDQxML1svyWELYpBotuTGMMw5V3WA|https://lh3.googleusercontent.com/gps-cs-s/AG0ilSztaH4ZU22E7surWqw3acIPC0PKoO9ENISi-fPrlOMwIp0lM6tD80cm5VFWW5EvZ9qTxI9wjQVsiufJXg1JEsgsfPgD-jbck_tBo8gBpijuVfcNe9bqmFjh23q4qXflTLnBi-TV3A,N/A
