location,website,image,description,rating,images,title,phone
"14/16 rue kaab bno zohair résidence les roses/ Astoria. Champs de course vn fes Just derrière l, Av. des Forces Armées Royales, Fès",http://www.yubacynspa.com/,https://lh3.googleusercontent.com/p/AF1QipMoQSHSFCirqPI9Ia33kO0ezQV_XnjLikVa6KRH,S'identifie comme géré par une femme,"4,7",https://lh3.googleusercontent.com/p/AF1QipMoQSHSFCirqPI9Ia33kO0ezQV_XnjLikVa6KRH|https://lh3.googleusercontent.com/gps-cs-s/AG0ilSwpoOYWxKhBkvekDP8Ql3qRKPjwSXY4m0iqozkOMVkS2pXabmZxVfW-_gPqhAdwiyoqt0DW_vPyhWfFlf94LMFmUSbw0YPDmTbHgySQqFHLAksTGbbqtHDuWCzwCZQXXTj6hkM|https://lh3.googleusercontent.com/p/AF1QipO4VVSwSgN6GgmlMhQGMb2lm5MfGNoMAYzGLLvO|https://lh3.googleusercontent.com/p/AF1QipMbFN27VOeqbLo8n2FH9Czd9c0p61XmeJm_zdnh|https://lh3.googleusercontent.com/p/AF1QipOGIoTpUftS85zdcezuJtT7oi-Wgqyxv2FIxpW7|https://lh3.googleusercontent.com/p/AF1QipM-SYHPkjNvWY3P7hfxCJsybzaVRnfuzT_Ouvjo|https://lh3.googleusercontent.com/p/AF1QipPk6oLF9EXDIm5eTa6rkgHtBzFRtv-_ZPtUWL1o|https://lh3.googleusercontent.com/gps-cs-s/AG0ilSx8Gx9GZ42_P6yLbUBO_638fhFwXEohs8trYCqpQ9omVG9m51EPIgRAOLq9n-2ULn4MGTEWHJblfFfmHwafuH5qjPfXNF_7k_o876qhJ-dQjCre2CmxfMhcSmtvGX4h8JlnT_wT-Q|https://lh3.googleusercontent.com/p/AF1QipPgW6VIZ8HBHMvR40N30iDtPAM_lDC-ZYxVHGgh|https://lh3.googleusercontent.com/gps-cs-s/AG0ilSx5wS9ZB4TxpC4IOsa3sAxL0zuZSrg0QzUajRZiHOOzby0d9Qzh29lrd0bpk5HpP8fDv5IRKn6hSiwdjPHFqZBUSNPZC4o8CI6wDUx51lMC_FAyXVlS3PYnRqUNWU84B1GTFIh2|https://lh3.googleusercontent.com/p/AF1QipPnJZZSEOBOqjDhgI2Riq-ez2Vq2ntqXddQ1rTq|https://lh3.googleusercontent.com/gps-cs-s/AG0ilSzGWMan-ub9P7rmv1Up__1qnZ2Ferze5_dRocTmf-M227esGVwgaFcsUDg0VSn5HQsO177zMdWhD4cRM44vboYKS7TGlnBT96D1yhjO40RSzkc2qV4WuyQceAbs5tQ6Gb9hzG67|https://lh3.googleusercontent.com/p/AF1QipONiHmutO1h3s5rjyYoMySytLnpI8OpY9DvEZ-i|https://lh3.googleusercontent.com/gps-cs-s/AG0ilSzgwXho4cDtFxXEcwOUV2m5VQQ2sYrg-MKCEmXGyziVsFGJXUGpfxkrrmVxkuDA-CuF9d2YTinl8ekyq3_ixd_DQkibqtyNh-z3kj7UhMzKTVqDrbCW9ze_IWUq2Z2B1Rk4ZqqfaAVBn4Y7|https://lh3.googleusercontent.com/gps-cs-s/AG0ilSwJKyZ1sIzDG1XC1QfnRe2xOXhIM17miRI2sM4Gw94g0g_hRGtFYy4e3brTpPITnjtkKS870HTYbB5IMQJRPfn6M5RKDxPY5UPJ8SHZLJqzWQ9CH5t9hZgLFwSlNdl7iIffrOWdKQ|https://lh3.googleusercontent.com/p/AF1QipN4ncZd6L5vZXQcrt_4tMvJ10FXRJ2y1-p47uX2|https://lh3.googleusercontent.com/p/AF1QipPNacp7OmJssUXZpF-gcFyBMew99pL6ZZJbWnO1|https://lh3.googleusercontent.com/p/AF1QipPMDSHAWcyaW64twb2_22b1LZWQI-ROY3h26Tdx|https://lh3.googleusercontent.com/gps-cs-s/AG0ilSwot-XA8WDYkNG02SJFF0j1zH65e6_Nzqnit5V1C5k1-0mNM1Btt7i4ei5w9e87c9MSeIapeg-WgqZI5EqmzzllTIhrBzBEXD_I1gmduUJykLXixLoVbhH0yCT6XcwJzHp1ctA|https://lh3.googleusercontent.com/gps-cs-s/AG0ilSzXKju03Kq0CIdWCw0nGSq0nSaUE1mWvn1XmHzxhoTmU5sCPZIqH6VolRfIYRzhhvwo_BonCXMz9lAwKsYB_PYbI3qCiczywHaz7IRReM1S8ZSx9DmU0-PM6zUyCyMq2OOtjCo,Yuba Cyn Spa Hammam et Massages,05359-43505
"N°46 Serrajin Bab Boujloud 30120, Old, Fes",https://www.facebook.com/hammam.mernissi/,https://lh3.googleusercontent.com/p/AF1QipNLq6Mzso1Bt-GP16O9C6I9r0lu2DTAVW3d-8bM,N/A,"4,4",https://lh3.googleusercontent.com/p/AF1QipNLq6Mzso1Bt-GP16O9C6I9r0lu2DTAVW3d-8bM|https://lh3.googleusercontent.com/gps-cs-s/AG0ilSwc8QNBkS6abnemdLSfNp9uGY_QIjfvo4Vwk2sEaSRmw_ktZSQ_KHBnkdVLrRxZz4jH-fic9vE5i38NWrylGo_iWU5iXuGX-dsxWwnoXzj1xSgu0vYt4h4MziYDMPnphDgcns8|https://lh3.googleusercontent.com/gps-cs-s/AG0ilSxTBGqre1J__2QIyUoCWuL8EdWR6Z8HnLXJ8F5OY9aDqeS8iy1UyXrBv_jG7E3weSRvAKo1SZGsqXlJbPYkOFeUFUABfWnIAk4eOPXc90J50NWYCB4OsYfozg2ZpJHMvgjtxJF4|https://lh3.googleusercontent.com/gps-cs-s/AG0ilSyTlGdGAOcrM8zIp8ilWB5ZYxwmJJbhEfNsyfK0zTlzkDHZJIlCRS9rdiSRiO29pBpbaypz11omKut6ejW4kls_TI_XQPsjDKb9pSk3npwll_SHVy2KMlJ4ITg5Tfp9FcwoozPHdQ|https://lh3.googleusercontent.com/gps-cs-s/AG0ilSztyxjhfXEVxiBg3mxC351mStGFd4t4ZmL9dlmgXhWcfGbA61FYya-nNmu5UXBRtceGWB4FocMwbOybu5bgFCPLTUipnNdZ9APBxngWDTPrNQIK7swQ1FNwrTtJTIPmMj1X5B8|https://lh3.googleusercontent.com/gps-cs-s/AG0ilSw57gFhG16jm9fIU8PDJpd75zKEGMfs3tBtXFWnRopTJ2CurZ7l93YcZVjO0dIFb2co5HBoiAj-WHbHt0EtBhLqL0O9i3PXqfCJ2NDpMXJ6yo0qm3mGHVKS_0wz7SCk9a14HMk|https://lh3.googleusercontent.com/gps-cs-s/AG0ilSwlbFMzWVxy2KnEFPkxTfh5UNbxROEMnQEkyp4fqvSXPTnzpveevyviImL_np7M-hu6gY3QBqu61RBINQ-T4GiSvVELIYsPpsffguyIxIk78Xq4jxxvYPxspP447yLOQDVOlipbuQ|https://lh3.googleusercontent.com/gps-cs-s/AG0ilSzHEv2-t29AV656-ZRNufR6YvBAbcrEBgP4MdZEzlFssmttS2l_tPhV-K_-7ei-DhLh2mRdyd-iBRQZhBI2wjstMK8pga5rQ4zaaf0-5WDjzwTOxELXFhDxXO0_JYgZHnIpzxNB|https://lh3.googleusercontent.com/gps-cs-s/AG0ilSxQrw54pggsp-J_5GoQV8fkNroQbaT2Iby5dl5NU56sECuhJOXC1bpp3HdgbNwYlygRZ5VqPU5L-6LTxAxjaOeEG48Fuo-TMaNLXlcUY_GQ_N9rtARKNNvkPjlimsYyI0fBVU4u|https://lh3.googleusercontent.com/gps-cs-s/AG0ilSyo-HVjX8IllUWZmCWTAT-DkBMdVmyKJEzcIcEWoZwIHdMUBnAffPFgJfg0u41ztQUqYNMyfiBJVen-zeSd4EJT5NYu-JZvy6KGkDZUJvPZIAxUprkWYDDl1sEYwUu_4TA8alinQg|https://lh3.googleusercontent.com/gps-cs-s/AG0ilSzIhZqkhYlZqtZLk_PqHDqVSDBZfMkhViXykiCeErQIkXV53NJiqLs-hC_u9PWpzfI7RvwPICSnOrfSoRLPP09AxGZpfXGD2piR96rjm57x2RqLoRLlAIRBbS00H4AIwlrm4HYm|https://lh3.googleusercontent.com/gps-cs-s/AG0ilSxTRWVUOEVwU4VrJ2lglmnfaWa0rjwmJzrBnXAlfoW72CY5r8ZX_qiMpe7V4B_6eYP10ATvLaZxbOi14rGffFw0BZQh74veQ5Nh8W3bw0iQG5j6kVVeoBmAk-FQt8NwWHK-Lm2_Cg|https://lh3.googleusercontent.com/gps-cs-s/AG0ilSzeuQybLLemx4nFtqh5MMZQ6eBOG7EICfeut0qONtkUHJXbRU9gn2oqlUiUijzrWicVJ-I8hxvDjBEXqcAaJ9eag8JkRKBWfmDqG9LWaj0U93qMaOLoB5LMrhjcjJeIX8dYzKvE|https://lh3.googleusercontent.com/gps-cs-s/AG0ilSw6EafnhVtZXZ-G_fKoITh6Of0S5dUnegCU3cn6UAnueepWIySCGkQW95Y_qn3Yo_ogKw8C8l-3G8QYEDNt2_rpAL8eOeMeyhTb3m0aiVoe6rTkF7iA3G3dcNMq27JPbj_1rv7S|https://lh3.googleusercontent.com/gps-cs-s/AG0ilSwPmozlZtkhXMIFrdsWmJ0JaM5yXNRxVydNMXhe1Y0ykTlLaGoldZ7GBklm3A05E685pGaL6voQkC--wJvrCBfB9YmCrkIugiIYO1stC3dGi4pLscICIoEc7MbRxo_WF8P6cZ8|https://lh3.googleusercontent.com/gps-cs-s/AG0ilSzNiEhdLLudWnE1Mf6tF3v1HptvMzcvH958BJVN0tdz6NeNYvdvkI2oG_F3y9sjy3jpoqg5afvLcRCliPnFbv5fVCyRjjVKzCg1rghEiBeu3uCNcLTYPzBuy_JhB8EiPVm1dmMV|https://lh3.googleusercontent.com/gps-cs-s/AG0ilSzItRf0AAHgFYUdLNyu6nKWrL0u3kuL4w3alnAvTQ1XcwmBmUFa97BB-J0xCkqlEX7GxhJgtw5QAhOqaK6cj50-6oGZAlxOVuVflmFKBwmEn4Z82mYH7mhfDusuoAEOSugto5a-|https://lh3.googleusercontent.com/gps-cs-s/AG0ilSz8XvaEjENOyGfYoR4sowQmcNb-6WRuYIkPjvmsqtb_rvmAmJJUeJA7f-AWwBy43VPuuakwpUbi5fD5iHtLtUjeMV9ld_OZn-tdbzfSncjbgm7uHo7YUpyKGlAlPSvOyVrKn_eABg|https://lh3.googleusercontent.com/gps-cs-s/AG0ilSzhbWXS34Khw0Q4D9Arg6PSjX_jdp_-lYzUYQalvaSj_YZAxIXphyPwDT_DDmYp84ac2biePuyogXW1hjEI-ogVrWmDyBW8L4_VhHGwXI6YqySKCUggl0qGNSegI2FIl2nZYH4tXA|https://lh3.googleusercontent.com/gps-cs-s/AG0ilSwgyiCVQpKtgwfbtznMu08Ove_Up8Goth6nWHeUPID4kYYwUVvYkkXiJfl0M8jUlvfO8rsn3jOdYmyoV7wSurz8t6UQIaTOqklFYO4tygKmwrptLDQCeo5f6wSZuAiQjJySDFzC,Hammam Mernissi & Spa,0624-301030
"288 Bd de Fes, Casablanca",N/A,https://lh3.googleusercontent.com/gps-cs-s/AG0ilSzXrcjzw-bhyX9VXeA0z-SDl7rpzjwRdddqP4gble8kK8AEzqJWRXeMONvLik2Ysgt2CYkQXUfnO2INksxcOp_gTODJjYISG7XgPV-IJGfsCx6afRoNgmHS5o7Uz0fPoSZUF_lA,N/A,"3,4",https://lh3.googleusercontent.com/gps-cs-s/AG0ilSzXrcjzw-bhyX9VXeA0z-SDl7rpzjwRdddqP4gble8kK8AEzqJWRXeMONvLik2Ysgt2CYkQXUfnO2INksxcOp_gTODJjYISG7XgPV-IJGfsCx6afRoNgmHS5o7Uz0fPoSZUF_lA|https://lh3.googleusercontent.com/gps-cs-s/AG0ilSyN0jo0Eb_xBCUOyKV6i2rZFfNqmzKjhZjDzq8xvvadXy2L3nFRJcZc_J0xx3Pu7D4MLP-QAeOG60LZDTORtGJVq6LrkGIv4PqbSxVnZ2Nws_26FLk7ZJt0UMKNFkTUtL_Dl8k_|https://lh3.googleusercontent.com/gps-cs-s/AG0ilSye5gVnAWBwmI1dawOyf6a_y99A7v8jf7eebpH4xDVI0hqdyc7zq5OtNAh3vMCRMUfy7PCOHAgGqcyQYNNwRgZfZWz6iebyr9hqNYNlwal1CC-HDvAbXfzbA9A9ChcJNtHTz6NN|https://lh3.googleusercontent.com/gps-cs-s/AG0ilSwhtRW37lFcampZdCSHR-uJDmyFmE8wY5QuYDs5fKJpTjtaIBVVogxkg7a3YGSMhvPwptX2WtPCV_TELOYZl6Geoz43eDhJ-v-UArPttVsgICkyHN8hCPqR7v3A2uZsQLznQr9Y|https://lh3.googleusercontent.com/gps-cs-s/AG0ilSwB-7MXSY2g3Phy7JieRSbx4jOYK-GGV3ZCFoORZLejJUfNTcAVPvgse-oMWnxiI76fShExqPIdmZ9S_NOKBbEvyD8dC_12nljlsEc1sfBDqhN9dyYko6aH5no_JO0BIxW28oc7kA|https://lh3.googleusercontent.com/gps-cs-s/AG0ilSwJQOMVIfgbwyLid9fz5MlftWswEh2IXcC2gcfMinATD7aKAFiBxwzkPbmM1RT2hZncM6O3rKuGH2HHptroeorSBIwjJpIObog528prRZTHB24buI9ocsxydUNDVS7-khvpgXCw|https://lh3.googleusercontent.com/gps-cs-s/AG0ilSxbx9AidGlDZI9NkypSdK4VR97_s02o3BOhOKhbvzTpw0W6uKhJ38BJ-pf6m0XEnqpsOekKtJKVbISegy1T-GjjRLfr6hBJ9iHktlunbsQ3DNdsdAoWvRcPg9Zjd66Ovt1fyTo6|https://lh3.googleusercontent.com/gps-cs-s/AG0ilSy4-JG2l_jazQvab_QDk_FgsjVkzL4u34HT1wcOR8NPf3XfHxf3vnJ3_bDjlpJTs16HsLMq0l10iwASPVCpb7iJ2zeEHsNrjCWBYpDcV-wSobvp41p3WOHw1A2xn8EZ5H5LyISt|https://lh3.googleusercontent.com/gps-cs-s/AG0ilSzEzibIgtG8L3217rHppvdC0L7K8RAbIxtWThoyMJPLcgEhzUKR4MuaHY0YuthIXKN7FcXjJQUtW3RrMaRgZjkHih_lDDES9yUXXeGGe8jJgvXGw58tyRe1I4cOJOGEQ88KLdES,Hammam Californie,05228-75054
"3 derb Bechara, Rue Talaa Sghira, Fes 30000",http://www.riad-laaroussa.com/,https://lh3.googleusercontent.com/gps-cs-s/AG0ilSzkaUZjJI4ZJo8ahbdvHvweB783YKemh8LeMgWSdpBu18taOaTRWstHGurRWBTtj1QJ2Iodp1uUmt5F58zH8TIc6TEJYUMxqOA4G6VMQRapNYQl7dj4TwXlZMd2axZmyzcpec5j,N/A,"4,7",https://lh3.googleusercontent.com/gps-cs-s/AG0ilSzkaUZjJI4ZJo8ahbdvHvweB783YKemh8LeMgWSdpBu18taOaTRWstHGurRWBTtj1QJ2Iodp1uUmt5F58zH8TIc6TEJYUMxqOA4G6VMQRapNYQl7dj4TwXlZMd2axZmyzcpec5j|https://lh3.googleusercontent.com/gps-cs-s/AG0ilSxApQjCjBa2_ZPteSTvBkzZFnSXHBwcMtaqBn7NETWBcIfcE7zGdggw5viG8SEwxEE5XPe_yLdcMqnMKpBYFVCwYmugWM6AwA83c5OHP4nek5dTziMQuI8tVTU4NX3H_EtL78MZ|https://lh3.googleusercontent.com/gps-cs-s/AG0ilSxK8gMkiut0349A34kKMVt6WsstJXo4um2HNQBqjwgr7zjxa-D_pZXhKQLsQrta0NJI2omHqVQX2BXXOCWV0mjG1rMn80GFAl66Ezq8NmQlWJpGbnrHHq35GaUYimkkBzPHhY1-cw|https://lh3.googleusercontent.com/p/AF1QipMyc_LYtb1vgnUxqrvff3uq-Faq4aYvFuG9gmA|https://lh3.googleusercontent.com/gps-cs-s/AG0ilSwtBitJpGZ1-50cjZIjVz6nUgfc5aMJdaSghP52ohR6u4HRiFZ_QE8rt24COnAKTTlUvmHF9Tz2UEv_HdApsG03WPDBrtfEwnZ7Y_5zXONjaOjHX9MPJP4xJqTcyP9Kt17KPJmj|https://lh3.googleusercontent.com/gps-cs-s/AG0ilSzTmRySGCznXqfWrj2yis97RZDtCAH_qvkrOZmSzvIEfvBk2H6PkO3Fa1fWtESXIDb2j4ZUpZw12kEJ5I_8UuH4WUYqe03AfpLhqMZLyOrYFPvQKjxLqbLPwbxz-tii5hMcQEjA|https://lh3.googleusercontent.com/gps-cs-s/AG0ilSwvApY7bdnWnaPsmmAdyj4DnnGm7qrMzbNLbXKOGUtZKvaUplmu9XVuhLiN5c9oWaWCZS6fmnk9W5YKpb0CU4EorWsU69Ytcp3fMA94pTHZzB8pN1l52msT-HZQZlVjG7jsfBY|https://lh3.googleusercontent.com/gps-cs-s/AG0ilSzN7pISDFhqMtyTgDLpksYpAPDteuu2UFHBXAaV3BsCm_tzXdgukR_rsvKHnfcVwZo37wmDjOaOjsU9z1JN7mYm6Uq_pVdZ7kbgK6InmAD62aToBlE8JxP_AG27Es5tNv5wLPx-|https://lh3.googleusercontent.com/gps-cs-s/AG0ilSypUWwHRk1WZ882in9ThEhKrZRtbnblb0aQigtueiUMSjht7H-VByZfcaLIfBXq_fTwyX_jGobF1nuAA4mBD4pgnv798QRwju6hPP_nrisghcoDQWHCaxWc2ZcAxkbiuquMvGjoiQ|https://lh3.googleusercontent.com/gps-cs-s/AG0ilSwowqWImixdjPBigb0zLh2s3TgS-EwFx6shxwQv5jaJOXWNHOvBQkHxfU_JjhlIpbNbVoxiwk2OZ9K_23FIs87PVNPNcN2faP8012WqZr2npgAOeslHlXjYzYiXwHo9X2ysRoJpwg|https://lh3.googleusercontent.com/gps-cs-s/AG0ilSx3n4NAoIMz5bGMzEZp4cn2yrhRBWaG5aMmZrKIWndwCgwPhUlxr2UOKT7-pzI2C93ac4zE6v_G2Jv2qREXUFlw-MVROb2IvuhlKPm0PgCPZqRhDA_e4Pvyc9U_nX3K-OGhUis|https://lh3.googleusercontent.com/gps-cs-s/AG0ilSx4SeR4U-22E1LTYXQIgOKvPfBKIrOV30HfuW0brj-_0p0y-2f8P3ryO9VlBZhMrOncTeOMgXJohpc57AaGsJ5yPsmH9srozqCfSL7Xfxy6Dt-ACeNo6lviQ9nwH6-qgdN5Qpa78g|https://lh3.googleusercontent.com/gps-cs-s/AG0ilSzUB_MXQEbwHxHiLZyBbNWbvyKlQX0g_twizStPZPv4OQF0PldfDMqtEpTCaoeTa4SRrXSzmR7h-npdDi1cPR4QnC5PZGbzTQeE-rm7xzQgrNrsOEs0tW-JKMhcOaqNYX-qxAsp6A|https://lh3.googleusercontent.com/gps-cs-s/AG0ilSyNIpg-9ma5-i8IazWf9ZWrySUTYvE_ljmRBa7sxdMXPAi3kW-OODiOxvRVBL8FpSubgNpwAN9fTldD4u_L-mMzaN8TSPoWEVzPz04RFkDycV2xJZvhqVPVCcwygWIYfvpYH3V44Q|https://lh3.googleusercontent.com/gps-cs-s/AG0ilSw0SwWZNQ_A5Yn05Are7tTLqRHjN_i9vNq6L43aYgSKm4r7xaMhTaVP_8bivycwfG6HOxgIwNQVaK88JC5LJZW4ZCcJpZE62nNMQNltkF6sUf3Ppv3ab6l4VYT6BL8oCdP0qEdLhm6LQ0TD|https://lh3.googleusercontent.com/gps-cs-s/AG0ilSyyXt5LyAMcfF7ip7xgNsZ0Wz7ql3r_jwQ94MzqgSA2AyqcStxPuu6hybvqiVABN172ayckEm5w4OoUaXS_uTL_DvqXW9UhWMCrHOPvmWUQ10ka1YwqNszIZm6L3ZDT-JO_8yoHhQ|https://lh3.googleusercontent.com/gps-cs-s/AG0ilSy4_oyaI8pAc5C_VoLxZyXtveOLq8RtpGiynrpa6A3d2hG3uv34UgblEYiOTrCQTW2RK74qkrouIQVzGTEkl4DHv41D2Svmgz6R4GJKRAT7LHjDjZDjNoHgrk0_JzSaIkEekuagprzvRUfX|https://lh3.googleusercontent.com/gps-cs-s/AG0ilSwaXOHb5DgcyVJkVGJ70IESjG3yaVcf9Dnxg03xm2fptDUAkLkJKXLcvEMwJT0QxjQel2SIbZQ4RDkJP8lFMqimQs38JAkuWn6hoK83HGEmQNm5zR5X8nWW2aKA10j32RFLeU_i|https://lh3.googleusercontent.com/gps-cs-s/AG0ilSwMUh-n2dhzRyf9v3JownWQUB1AO_yVUVQD1k6ei-FsfYVbgYTIWNUn4LmF94MxykhrMNM9pqFjVzHcFsNihat9LhKRF8Ci9DEXgH0vWNede2AqvGt59_sBTYuG7YusbU4LjrQh|https://lh3.googleusercontent.com/p/AF1QipPPiy68txXLnwaMZKVDp_DtLT3DaspyEzfLbKs,Spa Laaroussa,0674-187639
"N, RCE Senhaji V, 6 Rue Ahmed Loukili, Fès 30000",N/A,N/A,N/A,N/A,,Etoile Spa,05356-25548
"3X67+466, Fès",N/A,https://lh3.googleusercontent.com/gps-cs-s/AG0ilSwWWarITyCoTB0p8X47yEINtW2bj6Ckp1pOrFWKbEkOXePb9rfMqeGqjMbhvVLS17RFyAq2HO3EuXKFOT_IDEkQ6LloOQN45q6oX5fpJsguPm_27R5d7qddpfdIXd0zZNMpcbEViw,N/A,"3,7",https://lh3.googleusercontent.com/gps-cs-s/AG0ilSwWWarITyCoTB0p8X47yEINtW2bj6Ckp1pOrFWKbEkOXePb9rfMqeGqjMbhvVLS17RFyAq2HO3EuXKFOT_IDEkQ6LloOQN45q6oX5fpJsguPm_27R5d7qddpfdIXd0zZNMpcbEViw|https://lh3.googleusercontent.com/gps-cs-s/AG0ilSzpzM_t62KHV8uF9hff7Xqy1dQxS0AVZij8skv0QRyhvrOAA27xcy_ojWivOnsdpesZszW4ZaBKe6SUE38EzLAb9Yr1ldGkSubs3WMsL4KN_IwSe1TdjWCZZVu6lrMBXpURZ0To|https://lh3.googleusercontent.com/gps-cs-s/AG0ilSwUoQ0653NiIDlXD6al44pKNt8-Xwo87yoFgKmv1b4upObt0XT1xf1uQSs7OFlyfQV7jH8N1k2nwhErlCU-DDUJzdQrIgJvRU6_ch0JQ5eBw8meXIAFESKl1bJmLlQ_CKPua_L_|https://lh3.googleusercontent.com/gps-cs-s/AG0ilSyuhMkzn4RBSybHnLxFDMMdnmP8D_l5Ed5xgZxhO6mAozsLKcMtvPae2eZ1Ra_zJtxjVxZ3Zzok7vUOBRJv1NcodQO1vu23ir31aO_8wWrSEuRiOw9BkSVwYbI-XsZrFTIvOBUl|https://lh3.googleusercontent.com/gps-cs-s/AG0ilSz6vRvcG667MBfJ-H83Vctr7nNmCmNqEJOX4fd8KFwmy0XcY8-V7i_WbTdDCJNZmmVr8V7-fpOK1JRN6k-SmPwwz1T6wS_yWoHAbw5ITks4zXdN5gxxNMD3jcUWpZGq2pwW2g4|https://lh3.googleusercontent.com/gps-cs-s/AG0ilSx_9qazrNRBS0iGKJyuEwLKzLbVy54SQp_Aj3a4vm827D19387mVltrLzjlA03GHFo2Ypj4BKCXwHVfu-MYyOxSoCc_ElmugffzdKM17378OeSkeDoDfJnCkJjniVcpVrlb3p-C|https://lh3.googleusercontent.com/gps-cs-s/AG0ilSyEh06y4L9f8C3RLpFpE7LiZ8hK7GtXEma-cmwHbFl-lrQ7go0RjY4BdittIbYbT72-mXqqVzF4OkqDBTXhAm8wB9TmHDOScHtInfNOdmhCrum0LRocOVEhJDg5padcDRX8sPHalQ|https://lh3.googleusercontent.com/gps-cs-s/AG0ilSw-4pcMusqvvxM9MIeQl8pHTvzXxyce3CUP_mQuW7724-sz2gdq8RPDg-mGQn_OMvf1ryO0SjirDekFYWMj6DgRSfofK04mhwSBnPDa6a455yOmvaQYurq7RkEq8Tc-eKWr_DNEtQ|https://lh3.googleusercontent.com/gps-cs-s/AG0ilSykFSLsc44lUqcQqxT-dnOvntiLWddBqXt7FZA_nXjTGW8rpVj0_4qt2VnZB7g-qk7Y0iTdAKdHUVF9W_TfJ2QQtPPuVnTTVBivNOPxvI7fNg0dmgJDdXy5BI-oV2I3rpjpJLRT|https://lh3.googleusercontent.com/gps-cs-s/AG0ilSyKwnEQQ9yMHbxQNHWiosSC0S2-Fe6ebi0jsnwxEWOeHM8fDD9QmwfbpXcOjOsGBFn-lDjOh_-Ex_qXFtD5AXeVeKeBzaVQiWoyGg6IU950QHH-2zegi-g0FTFT3KmwmSLYAq7K|https://lh3.googleusercontent.com/gps-cs-s/AG0ilSxEW9HTc2NU2rVWT76m69YHjw2Q3h3-jZ9zxAMj_Gdwu3RB5mxeBxpWKDeuy8nVx1LwJKzZqMD8GpmlhUvj2IO_nj6yF1XHxyPcpaIy8p2Jt8YXrnOLG0gCqy6AIhTzhi3GfWk|https://lh3.googleusercontent.com/gps-cs-s/AG0ilSy7fDkotvTtcJ_7POUX1PPDn8WzS6FSUsNeLBJTeLlHGCxRSZ_jlR-fWZgiX6CMDafm5KFduhb8EPL6YGQp2WwhLc5RwHZ2Q2eK_FaMyNVlEw2MO962lfN9kz0vfcYhYbzVuZPVjg|https://lh3.googleusercontent.com/gps-cs-s/AG0ilSyvWZxUCUVmnH2oJYwaqyX57VUSGdgyTrgX02nTT7ULqnVUQbNpusmpyA7CGafa0zMgV9tY2Tu39avrJCPLGPYm-zozGy3U7ivUw6I-i6JAKkzj8UYMDu0gJkni0o7406woMKZx|https://lh3.googleusercontent.com/gps-cs-s/AG0ilSyUxDbFUKsZ3gdqdNFiaDoHZL9tm3aE7TFIZRwhfVKrxxPZa_klUPCZ6nf-4IHtTb5YZRgQVJEUKRC89HGoDIL0cUknYjWX-to5Z0Mm2xRk6L7b7vf5Ceg8yRrTdVqIRTiyFekVig|https://lh3.googleusercontent.com/gps-cs-s/AG0ilSweV9F31kfoUwb363JFdy0Yu4rg61AFGmo1tj9TfqyXisK1lt1yxi0x85_odXuAHi7YulwgwP4b2h3i0pr35SGHUY6vIQ9rI4Nwk4IPNhbIvopcIRsxwryIzTTIXgFJ2bAkgWZM,Hamam Tammas Istanbul,0642-716036
"2XFW+JGP, Rue Essarou, Fès 30050",N/A,https://lh3.googleusercontent.com/gps-cs-s/AG0ilSyCBYzq_q_D8XUkTnyqBRsUcqWl84B7LYURX9JMEwn2oOBSDQnEr3hMN2nUhwtI4HDQ_E5ZvBD4jTbZQbwWAp1ZsZ68PARLcmTUpFHYkvlUbcYwVvxUJHigx2WK-tSy7r9ypi15Ww,N/A,"4,0",https://lh3.googleusercontent.com/gps-cs-s/AG0ilSyCBYzq_q_D8XUkTnyqBRsUcqWl84B7LYURX9JMEwn2oOBSDQnEr3hMN2nUhwtI4HDQ_E5ZvBD4jTbZQbwWAp1ZsZ68PARLcmTUpFHYkvlUbcYwVvxUJHigx2WK-tSy7r9ypi15Ww|https://lh3.googleusercontent.com/gps-cs-s/AG0ilSzzT0gCxpNC0OBr-WzTtREuLKt3wxgui0Ra_8TdFUqk4xRuRQMFrGe00aIxq1XyuvXwIuVo-fkkPZ5f2ZqUoS4OdicPn7hX0ycopgn2uiIWl8EVKS7wURanUmtH-E8D_GhYzYXq|https://lh3.googleusercontent.com/gps-cs-s/AG0ilSy5ajTF0oftg9DGfvXvNaj6lUNQ1YtnyszMkBtXRTtURKBOH6HvCNvFwCM1tu9h9G_fPVNLL6e46RemgYBzaDmXYxi63JJK2BppsZOpYihjd_WTYZ7U9rnud8YbC8Xb_EotTSIdXA|https://lh3.googleusercontent.com/gps-cs-s/AG0ilSz5HOHGsMLfyhO5xCFN8BWNI-xao88FI-KA8BCElcG4Pkfh0KIPJtY9MedGr0oR6iZ8m1R4UXtn_PtCDtEqawMo6VSVv7Aq6Ue7bt2QHIKejfGNU72r2e9K0j917LNhHNeltRU|https://lh3.googleusercontent.com/gps-cs-s/AG0ilSx4V-cfYYZfC1Ai8bQHXjt9WLNDCEi_PESC2tW6R_YuGu2zwFL1zprIpdUeyrnpzeG-zJUP2XE8WjE1Tb1Gfpq6rzen5kw7KquGE-JqRyUBF-mDb3cUseGmwcr2ZEyh8fGZer8T|https://lh3.googleusercontent.com/gps-cs-s/AG0ilSyIIo8LUv6i1rZwGj1NvMUV_YdhabPl9bzKVW895d2a1_vD-Jih9LyeEJA5x-qjNJX1L5pMXXMPdGZld-paLj2hUHVUWQqFV-l7L6McZWiahWcLWcMVp8tGpmZyC77Gj3bgUucrwQ|https://lh3.googleusercontent.com/gps-cs-s/AG0ilSxv8GEhpd5T7tdP6YkdJKN72QiYxK4xtcG0vRPnm6_fbfD3-snC1WB0H8um9sGBKWjkmpoNTCgeELWEZk83d0OXsHr2T-yi9uw-l_BrPfO8U1MALiBKxBe8GEyfpXQSlVMK7rNFL1xMHqA|https://lh3.googleusercontent.com/gps-cs-s/AG0ilSwCoP6khYVrPe4nvm45BXp78fLNITi067c0qZI5Ffq-N_PJFY5jISqiY_27nX5rlSwgLFVUg9B9PnHr_gDm9rrDAL3lcdHWVbzhJ2Mhy8bplxyYeH0gMt1Ikw42cXgXRkrZTy7UMurC2OI,Hammam AL MADINA,N/A
"20 Rue Kattanine, Fes 30200",N/A,https://lh3.googleusercontent.com/gps-cs-s/AG0ilSyQ2P7DxI7QkqqIk2YNmTYqEAgaxSg88845thiGsEB004LHnxpoBNoIp5W1ApOgUwq7OzjHB0MzmY6TA8KdBiVEtBID0ZPySAVFwCD_QxHhGjtxx7lepzcv3z8-hM58pAsu0kBb,N/A,"3,8",https://lh3.googleusercontent.com/gps-cs-s/AG0ilSyQ2P7DxI7QkqqIk2YNmTYqEAgaxSg88845thiGsEB004LHnxpoBNoIp5W1ApOgUwq7OzjHB0MzmY6TA8KdBiVEtBID0ZPySAVFwCD_QxHhGjtxx7lepzcv3z8-hM58pAsu0kBb|https://lh3.googleusercontent.com/gps-cs-s/AG0ilSyNnk54-WAtIYqaHwgq0U3XcfVH8NNfgmjeoOtN6rdIkmNd-d_LF_r3TnKrR-RpmsOIbH8GY8BnHbKs32TkE7MU7rj_O05iy24Dp5-13-F_iq_wb3ieOE-UUWgwil43LxJzzWpw|https://lh3.googleusercontent.com/gps-cs-s/AG0ilSzna9CXjBPQk7HQs8TGeKJ8Ft9uHdCOjYoxwAGlz8hLfyUvlQXIn6tS2DounJOq-PFjhhLfYxt41onPuj6QYxd-KtamuLhhabvBmNMSs6sPwFMAeoH4OMlqEQo2HDj9Cx5CHA8ywA|https://lh3.googleusercontent.com/gps-cs-s/AG0ilSxLJBOMlh-Ujm7MS5CBwZYb8aPBIb4pEaZApGs5q7U0mnLNGC-gSzdamkjTY28Rl3L-QItWmeQRbivbrVUQEbgh8tRCeUJky6wDgYP3Po3Um0xuxgB8aPMHbAssg4u4ew_Xkm78|https://lh3.googleusercontent.com/gps-cs-s/AG0ilSw1ouMR8lTVKrqImKY0jrl9eV19dn3ONhSEDbt-U4icSTkxrzCV-tEX_VwIDtSDtkNX2SAFAwiSH46HiBWYL0f9JRLcZm9fQ6AvlwguuGFs5YHhabH9nE2W56KGK7r7iGA7vUZ8|https://lh3.googleusercontent.com/gps-cs-s/AG0ilSxU2ZWebZ-3inFeIGCvuUseM7n2Y09aygAunPoBdp204rkPX1EPgwEH596Zz_5w0iXTW1Ih2xj3P5GxFnp-uqXg7Q4PRD-I4oe5_a-SZe0hqEO9rztwsAPEVgqXVDedoDh-SkH8|https://lh3.googleusercontent.com/gps-cs-s/AG0ilSwickQECQTNqBbEi5_D4DmtuMEuijpvXieHDUtNd88AVBLkCvTZVj1TPaoE2lEVtpAdGnfXqgxWxW5UdQJSaARF00GbiwYJbnesut6uPuHYzqQWinKVnhB7lhgHdJGHCyRwt4Q|https://lh3.googleusercontent.com/gps-cs-s/AG0ilSxtvVQL6l6-vHEvwapXrPARYk617dEtmQp2ZkdcHop_NY1LlYtnRWAAHxBQYSjEh53LJvrQe_YxS2zNW9Q2yTGxFUgkBXS_fdUu46rJiD4N6Vb1R_dVuAksREWGYcyax5tTeKne|https://lh3.googleusercontent.com/gps-cs-s/AG0ilSzsj2Aj_ivRC6VkvNSWk_yG1dt78_tjC2kXTsvTjlF1HT-Kd7VxvHUHazsHEL7L1BQ1FSspAJkLPbJGUCBQl7Lw3EdJcr50ZxXsNsxix56vcNZAP5ntjdjWH9bPyLhn4p0zO1I|https://lh3.googleusercontent.com/p/AF1QipOBG07Ph1o5fFzbH8uDqEDWWqNY1qQhGEYx3KAz|https://lh3.googleusercontent.com/gps-cs-s/AG0ilSyWzUSnGi0JWj-s_l5MpjKhLsZXE4CKQ6GYSh_2VYNdo-l4EHFUeRMubz3AOZr1_HorFE0ii2eNi_fvAgcHCeeqqo-lxTiuw4-uly4Ki9WpYlky92OneHZJ_nuQS-FCHZWINVDDwMvBCM08|https://lh3.googleusercontent.com/p/AF1QipNnTs6mM6yWP1br2VIUbRnGiLTQjHj0uR0mmKQ9|https://lh3.googleusercontent.com/gps-cs-s/AG0ilSy0FtLIDd4RQLN4j4p79kYTdtuy4KvMCfSUrYNY0DgyjCV2qSdr4sb6KyCVNVzthXJc48gMqsdkKdBJWZqJquqNEoLZ0Hu3EwjRcSALIjjbfE7l23UIUzNVE9qSuoVVbBbEfWppX_5H0Mzy|https://lh3.googleusercontent.com/gps-cs-s/AG0ilSw7o5MHMZC7f1-8kgSgZfDIZW4jjbvhtoY6DYksAvrpZkboHF_UAD03OPtpAI_S51okKwR907K8Vz-jpNvBFYbHyrsyN-5-vbQ9Gl5hIwCej3VFZzQDdO4EzXnGXkrRZVq6tcB9|https://lh3.googleusercontent.com/gps-cs-s/AG0ilSzOJiVLdoZMqHrA3636f2tg6GfilXM2_PJWbYp-0tAny2AvdhuF3lAbNzzSrDfCtsQLWbanjO3s_v6DBXwPSSdh_xmOGNmksYC68-LgFnW4qsGL0ZtXkOsDVfV9QzfECTNLjuUTLA|https://lh3.googleusercontent.com/gps-cs-s/AG0ilSy2Pj59V53Qk-wwWgptKnQCW3mbtgmWyebBqqO2WuxdP7iUfAsEOG8orGnOScKGhtYgUroP-ptVFEx-VF93DuLVOOmR1ZqQtEKPo49rXQ_XOh5QrpNQ6yVuL6dWp1FG_fQBw-JivQ|https://lh3.googleusercontent.com/gps-cs-s/AG0ilSxlxZvN3fO7tRce7acn1ozC0tKknn7EKViyfp0_i2h1miLIfosB9y9WqrJgShc_Hu1eF4eHzsP4V-sMVWqHclQLXT_gHDdRjb0P-sA2Y0DgZHUjHcRTcHnm73s1HWbLbQ_nF7YbYgjGPnQW|https://lh3.googleusercontent.com/gps-cs-s/AG0ilSxYxVsoC2FviLPhuDJV89D99NCUPt2VTuXxjrdC5XmLzPoJjuFAg2tRatoPnxMf3Ks85NjCS-Tv2Ios1v2J8sKixi9XIHmWCmFe6m4TDmo4yPunExv411iXBYvfxPK26h1iTMct|https://lh3.googleusercontent.com/p/AF1QipPCiqsCC8WSgSw4ljJixnkazI1HrKiQbqTR1zMq|https://lh3.googleusercontent.com/gps-cs-s/AG0ilSxZUfAnbdPwVC1RsCrOmErU1UrY1GgQgJyWqhUrLFVNn5E3xNp_bRVV-Ync2nST1F0oiknCOgmbPEp3--kIoSpT9RE6byDD8fU4pfpOFHO_uZtj_i5iN5g7eAppu6GlRna_-0VZ,Hammam Ben Abbad حمام بنعباد,05356-35744
"21 Derb Ourbia، Makhfiya, Fes 30000",https://karawanriad.com/fr/spa-hammam-leelah,https://lh3.googleusercontent.com/p/AF1QipOKalXjMPQB4_u7avRIasOhLh0qvtijaBYkk7Lj,N/A,"4,8",https://lh3.googleusercontent.com/p/AF1QipOKalXjMPQB4_u7avRIasOhLh0qvtijaBYkk7Lj|https://lh3.googleusercontent.com/gps-cs-s/AG0ilSwYSOgv4q8EnoW9gSHscrl3leYj-k5rYzniwW9njdbcmsY8o1jY-laCnv54-jtl-n9JjjRJhCTg6i0mOEDk1BRkG-hRpyc-plggywwACjplg0XL5ARXDvy-gr7bMPCzpW3jUNDZuA|https://lh3.googleusercontent.com/p/AF1QipOrxyOR6jfYThm8bqnVEzY6xs6xzbLN89hW8f5T|https://lh3.googleusercontent.com/gps-cs-s/AG0ilSySh-yLjYEiT2DJhUjhPei6KBNyBxmYlUxPmH-s1FHE-cg8-WL2KvVlHAPgtMIVP39BDdT5aHb1gSdjfL4Tz-ag81m4lTopqqCqpa_CLyZpVB7s52t-zfEOGcRbEzdCFB62vYGc|https://lh3.googleusercontent.com/gps-cs-s/AG0ilSy_-l_OGnymXUhL9xymKOORsvmZ12kJAbdojSr4HwAdfu4GfLe1gZEDxDTQn9Z2E40edvAnj4yRv2T9aXfAk0xvF_pJ-LsUIK6pLSl1z1sTcR8g1y1bBGSWh7I8NWeSEUrtU2c_XA|https://lh3.googleusercontent.com/gps-cs-s/AG0ilSx2A8HUuYS0-98g2JTZNsqLj77YkYvobNyYdf8nZC-7DCPAA-IE7K5LKpKwbZ27YAQ1D28mc4q9Lwy-f8vhEuc07jb-gTw7mSVoKs8snw2LHakP402T1fyY3Ktee35zAPyAPY0U|https://lh3.googleusercontent.com/gps-cs-s/AG0ilSxh6GVQ7CHBZVGahPzi8Ya_Ys8cA-wdpMm-3AZvxg66Beunieoh7U4uETVA1G35pNrT7myYBLf-JRUmrmBpogcMui6NZROishV9ALlPeuxDkOQ5-BPK79wxiOhMMi5SYhNP1Y5r|https://lh3.googleusercontent.com/gps-cs-s/AG0ilSzrUR8D8mQ5oMQpZlSxQnAAhb9BdiKX2I1dK74xkwWXiu1GW4t1EPErELjGZNW3HZ26CyPXfid51NW1NLwLD5DeS-gjVYd4rBox_fgvYKcHAPU01M5_39a_RBCx444wOlf73ne9bWLOo1FR,Leelah Spa & Hamman,05356-37878
"12 Derb El Miter, Fès 30000",http://www.palaisamani.com/wellbeing,https://lh3.googleusercontent.com/gps-cs-s/AG0ilSzCbWMPjeGVVmoEtCpVDIjU-kDHFig7gTWUPoFlmVAYcjmbhWywpSyxUcJVBIA_1-yetrzLVENmRiUp_LuP41i04tE4fmb66ZBILwJvZ-Ka69kQE3HjYJUaJHNjJ6tIpb47naA,N/A,"4,6",https://lh3.googleusercontent.com/gps-cs-s/AG0ilSzCbWMPjeGVVmoEtCpVDIjU-kDHFig7gTWUPoFlmVAYcjmbhWywpSyxUcJVBIA_1-yetrzLVENmRiUp_LuP41i04tE4fmb66ZBILwJvZ-Ka69kQE3HjYJUaJHNjJ6tIpb47naA|https://lh3.googleusercontent.com/gps-cs-s/AG0ilSzpf7d-NWPRzrRrHc4WGUjKv-C80ERrd_G_YhUoChGZtbo2jSL0zrF9zY53hT-kxroKBqoOyqh-aZ-fA4HSTorxuEfHgu_CP-5xvX-FiGJc7c8YgzD6PXK81aQKMbew_dzy_aYs|https://lh3.googleusercontent.com/gps-cs-s/AG0ilSwgYcknzvxpLLpWyg-1F3MRup6t2pJlO9eI0AvSFDLfF-3ddvQmazOwdasXUfaILzkSI3YwTBGeYmU3rzT7-zsLi7e2Iuc179Y3tfpVzShuu0PqYxYKfFr7yx0thXyTDGqakT6M|https://lh3.googleusercontent.com/p/AF1QipNQcooCIkZ-AD0CR-dsOX2eT4nDXLBdBIMnVPIQ|https://lh3.googleusercontent.com/gps-cs-s/AG0ilSzZEMzFP8KXYAXLgJPIX_agA0O4ITfH1oOp4gfAmyED2yqJea5blv9JMZGb9og3JChrt7SfTY1LVJL14rVRU3OKnSyiOX3sQTgdp2zm5kR-IAqDVc0k1v709lkpS1BrLb9RNFHhQw|https://lh3.googleusercontent.com/gps-cs-s/AG0ilSyJ8ZN0Qz0GW3_-5t7U2wt78iZdiP3of2ZjQTem3cFMzENs13oiihyVaYwZdlKJAyOzJIarvpr3-ZyA1vbHK_fLbQ3TugCKgq0WPbdjFXcmLpmmjSNyvKJmwMhngKFvRahpgy0|https://lh3.googleusercontent.com/gps-cs-s/AG0ilSxt2wKwDU6r31TUKXeRpXKjwFpU8BN41ysMnBFyUgLKocpp5xwA_nWA0Me-bnW0GzmZ5oWVOVKxWH6Oz6fQwTIrgIxohs15NbR1uoy8F701CuYd0wnWnwD8lqAgKjhs2jbCDQOu|https://lh3.googleusercontent.com/gps-cs-s/AG0ilSwUyE-65K1M5kNX9PfWr7LZgdjRtiJQcjzuAO7HEidSPPQnIE8zUp8xROMlUPpLDZvdKz75gKqsd5UPcFCGTMR5Dajg6n2GqyxvEpHcHiRGdJ2ElBvxjCoElgyWdBjTBoTWmkck|https://lh3.googleusercontent.com/p/AF1QipNYlxJUUSm0mhlrZYfzMVaVDJN0GdPyaNznmp4P|https://lh3.googleusercontent.com/gps-cs-s/AG0ilSwER_H6cJghx_5zWzH2BRxVFke6YLJj1ZB-glMsdArT-fzhDqtM_tXYIdkzCeU3iOIQ5YYmY0fx_7BUZHYklBKi9eV5p1ayZ3HuN2FMoPpjQeBcFj77Qof_LJmDcOi9q0HG1mY|https://lh3.googleusercontent.com/gps-cs-s/AG0ilSzZU7juJOBAtnhP0MCka0kC1rmrHM191yddiWgPwRKdi_IjcKRJIDDBSw8Afa7ttdjeRDVy_RPsyjlB5FppORy4QHOs-D2rbCZTsJkJCUn0Ok-W-zKXxqvHg4cV_Wn_PYu4GzDcZw|https://lh3.googleusercontent.com/gps-cs-s/AG0ilSwTukJGgrbDATqenbvi62RRRel34b47E-ds9UApFf2vG-9luzLd_ALWEK_EhjYJuDBP_l6SJ34B2PMNiXrblq8ZsUBkVKt-tb808QQ_WFboGP5udkOszseJo7U1F-_ONaB8XE5d|https://lh3.googleusercontent.com/p/AF1QipO6mVX46dteKxT7lN-q7VvvNbM0t19Dol55nUqx|https://lh3.googleusercontent.com/gps-cs-s/AG0ilSzuJjc1nyeSrdg3HCHycNbWwXLOUveZrNl8YZb4X25rM2Ca4YPJe9GDXOCJtOAchMaJnHHHBZSmqYrSVBfr53dU_PsfDQFiOCsVh8wOYoo1Zv8wwLUlY8HboBW8Xx_stfR2TWgN|https://lh3.googleusercontent.com/p/AF1QipM6Jmu0dLKBi1U71iQFYtMn5pxUabaudwzza_x3,Les Bains Amani,05356-33209
"Lots Sofia, 2X3X+PQ9 Résidence Sami II, Route d'Imouzzer, Fès",N/A,https://lh3.googleusercontent.com/gps-cs-s/AG0ilSynKrbPtL4bAeH4s2kNUBiJALzA1j1y7LNQL9AJ9gT0XGSbC6FFnlifXmfvxULRDXPE5cu3k6vCjVbYl6dEbrjx5AnPVjgTgi6Ie_VnqMqDFfFdeAtfksQxPM2E5J_i7NsZjEXm,S'identifie comme géré par une femme,"4,6",https://lh3.googleusercontent.com/gps-cs-s/AG0ilSynKrbPtL4bAeH4s2kNUBiJALzA1j1y7LNQL9AJ9gT0XGSbC6FFnlifXmfvxULRDXPE5cu3k6vCjVbYl6dEbrjx5AnPVjgTgi6Ie_VnqMqDFfFdeAtfksQxPM2E5J_i7NsZjEXm|https://lh3.googleusercontent.com/gps-cs-s/AG0ilSxe6Wql6BMMf3BEDacVVkZU_dRnGLb8Z8o_E7ayogxpsIXjwNC0P1udguc1C65IsMqxJFshUfxvesIwcJjOxWnjDbHFJalZjzjfnQt6uQCJ6Hc4-EzdFCUzD3q47b9skx_MSw|https://lh3.googleusercontent.com/gps-cs-s/AG0ilSw9uAFqgM_DFsRwIAz4BaBBNFG68JO9ISWobB4xFnMw7BOm4hNNiE0t18recR74NvSBkdWkqiVuIZz0vgLqPaF42eHlFkcwA7nWYj5WLF1osHXuR2NLgKdkzGltw537um-MnciJ|https://lh3.googleusercontent.com/gps-cs-s/AG0ilSz5zGuw-xFdQMoInAu_RaBr_dc-vBk21_MLRDB3-kkYsh1IuWV8fqZOOvJsI6E-Iz1uM1482gBktaDOaFQJpPfYQ5stL33qTSsn3MU6qNDQJrkt5QxsrQZ0jJm-NDMuN3rEKms|https://lh3.googleusercontent.com/gps-cs-s/AG0ilSxbM332q-LlgYNRl31L7jqDwtaVGw_3SOfMApdhSfUqb0LVLw4wLsJWiD_2JrLMxNBEV9rWGxC1gmmYDIERdzfEr9AXe54oU9Qz9pmb23FZCxNFlWzIKPUPljX6H7NExJn-0roH|https://lh3.googleusercontent.com/gps-cs-s/AG0ilSzbF0dss3AEmRQvNaTKWv8WI5Iij0X0jeN8TyQ_BtuNTZxef7Wf4Jt79XlMTr2IAOzZHhEDb58hSI3kXhFVzFv2IHfixhmn561UXxUZQeRkUAMc8Vd1Cyrs2mqD7R_x8KUm-1e-yA|https://lh3.googleusercontent.com/gps-cs-s/AG0ilSyEWCUC5BLgBebANxK9MjYIYEvBJduik3NwxYXezq4dqnQdo9RQccL7KaBO2n6sWwNyvzh_UiwvaIEPdJdU4_GAHWZQKX4MzrYIvXY-vpcjgC5F4C6vxgIh5XpPba0nIe8XXSU2|https://lh3.googleusercontent.com/gps-cs-s/AG0ilSyz6S3w72TJoDuzUDlB84WKKK4-AYLcsk6c2WcwDttSiEhBrjtnYMjDnsQlb4uVLtZ5cYNkY9aDirxR0a5MmH4VJjFE3XRILKy8RXYPaPzxlctkrhykbjPWX83Y-FUKH4YBEJUawg|https://lh3.googleusercontent.com/gps-cs-s/AG0ilSwPp3EzHLw6tLHEITi5_8poiCfudCRsxQz32B3SLZSwRGm7g-nkCnCxmo7CstZkZGmX9xwZNIa2OZN-uaJ7hQ0cttejP9rdLNNBzW02I5BvfESO1XVf0R40KR8gksj4UwaA6GvBWA|https://lh3.googleusercontent.com/gps-cs-s/AG0ilSyvgr7uYFe5xOcQlpmj35EyRFHwtMewteYjPjRAMnKiwIlbDXvIsEiykgeXfEBOpkTMtzI2m-ism9OiXZwhmt9ccVvS_USAQLEijevxvjeR9hpc4JyhjAkV1gw9HQI9ciYcnKF7|https://lh3.googleusercontent.com/gps-cs-s/AG0ilSzu--T7wLXAtu39tVuZAXe6i4eZ-dzx-FN13eDQxMUvYuslf17iXMp0oxBPgVGVneyOlZzXd8wjGevK8PdTevUaZ7QUZZJ9geITX_Rq9Zf3QEJc2Db_hXLSfJa70a5Dv-tNIN75|https://lh3.googleusercontent.com/gps-cs-s/AG0ilSxt0gxCIfABkuz9225W9Qp-AmExnmmCM5Cuah7eaGOnfoTuVNg2BVrcQZRMrgNx4AXXSOHKTrYLbWk3MjpS7E9r8-voV8x-CkIvBusI7AwkGsMkWB2Ac0TGc3qFdhBHUQPqdrJ4|https://lh3.googleusercontent.com/gps-cs-s/AG0ilSxV7C4G7zJ6tSUd8WnPlEwEoD9Si6nCHXXhoibh3QQRX2wGZYr45Fi_Hmhj8SrZ2zOE1jA7NPxQlB-CzdWVTsv2WfiHRbacR8X4H7FboM2kdyDzGex40kDpkT9u_dgGzaVH64U|https://lh3.googleusercontent.com/gps-cs-s/AG0ilSy4lQoJm6_p-GQrbGuFJfBMjc5AFs-grIc6EjA_-9TCq1MUhsDnHqL30Xr_M9BYUBn6pNva-prv9XsiSq4kozQ3kQ1T2S8gHN0Zv9hcuoq5Ymn6KGOgfsF500SPn26uhG70DlGdARKWPpya|https://lh3.googleusercontent.com/gps-cs-s/AG0ilSwY2e4xIMpk2ZAv6Bk3mUr_Dh_8eQ0X0Hbz7vnbYCGDCN23jJggMhmJBk_Ip9LWDbwWissTv10To2K8LrP7ix0nIqBNRCinq55L93nXt6HL-QW3IxpTJyflh7KpptaTqMweNUIjjQ|https://lh3.googleusercontent.com/gps-cs-s/AG0ilSwmtFEl8pPunCxc6XABkaeoulGv4KTEgsVSeXBjh8ViuplqVnHe60xr-_Idky4bVeG3TGrF_e2fY0nJdGbB5L6y_I7e2xPniRH0B5YDUtxYYPQ6KnaIf_9lwWzOVdYAsbUyRwSPdw|https://lh3.googleusercontent.com/gps-cs-s/AG0ilSxd4LX2Owd9K45rsXB-9_bXVyc8KWpsqurM3rMOsZpPQYrTV3cePYEVc1Spi6U4_crCW-w50YSCdSkAgwXiaD9NKXZMyvrtmXe6LSN09SIMNgJCTkDvirF27eV74x15TGDjwo1s|https://lh3.googleusercontent.com/gps-cs-s/AG0ilSytrvrXIyez8gkNjFI0hRzpFFGlYuLnO8352ORzOb2OV4C6bO8d-3bJQrsqLxOJO2UakkOpJ2pXqzBF_d_aY8qgL-rlXMYZaiNxVEoCgCzyIjJKmRJY8lCl5A1e3NMlahCVww2R|https://lh3.googleusercontent.com/gps-cs-s/AG0ilSwH362QMzEizd875Rrgvv1uLjwtg-mTBYLEPqHIN6rmjKjnwzxoLDIOzWvh0eHQRGsprK8gDa8Rp5NgIkqEQcXrXr3W9n_Bt4bNNk2m2QbM2R7ZV0NWe0umlrq_ZNl5uZTuZorIuMVI_2qp|https://lh3.googleusercontent.com/gps-cs-s/AG0ilSwb1QRHd56edtE1QpgoVMMk35uTjieaj7yKHPfThOe0iVbzZcYGLcGWwTAvzqJFqtidOOS56koJxE4ENoqcaShOdPyVzcG8PsmgA6ADT4YTXrMcP2pBb807ILbDOUQ8YDksbYKg,La Finesse Spa Fes,05356-11967
"2XFM+9MR, Av. Mohammed Bahnini, Fès 30050",http://www.nausikaa.ma/,https://lh3.googleusercontent.com/p/AF1QipPz4Uqtop3BoYFP7coHcrx-y3sebU_rN-MipPQd,N/A,"3,8",https://lh3.googleusercontent.com/p/AF1QipPz4Uqtop3BoYFP7coHcrx-y3sebU_rN-MipPQd|https://lh3.googleusercontent.com/p/AF1QipMTDZvLT-CsQfjtABWCpFO1qTpIBOtYFuYcwdk_|https://lh3.googleusercontent.com/p/AF1QipOeL2lIQ1O2laqChTrsiMWMHg-huzKPEj3OmmAb|https://lh3.googleusercontent.com/p/AF1QipM0tDx-VxHwObcFhggaNpa6xdM9y8ibYKEVYP2q|https://lh3.googleusercontent.com/p/AF1QipPzlxk7DLEXgbRnTKG8Hg2B1cZZ0CfPjwB8FjsB|https://lh3.googleusercontent.com/p/AF1QipPA_qTkpSzxWW8NK_Qmd5du9WoOZY6gve24Xg_5|https://lh3.googleusercontent.com/gps-cs-s/AG0ilSwqs9rsVW55VMK4FB9yrYBZE7IocyzzoNiK9xPol8IaXJa9Bqrer-Qxf0kz04Inzh-5Ju4wJ9ooWzkSuFSop_mg3XyUNPZMeaJJkCf98qRVpXeyFn4-3x-SOyYxB-gsYCcjpTgzVQ|https://lh3.googleusercontent.com/p/AF1QipMAX6hySyt3-oIp9ObjHShEHeTqujLdvbNYV4YW|https://lh3.googleusercontent.com/p/AF1QipNBZwHmT_0aE8cUD0bqNCLBp7gL79znRjeDbgFF|https://lh3.googleusercontent.com/p/AF1QipNdv1IPTPKgaeHgi_mlsBo8yg_LI8-W2EGTi1av|https://lh3.googleusercontent.com/p/AF1QipOFfM7NfDH1q5m2PiTxp8n-1TO29jTbAoPWWbnh|https://lh3.googleusercontent.com/p/AF1QipOXVEnO-Xd9OwwaPFYBIVF-7prXaOdLOJzlQu34|https://lh3.googleusercontent.com/p/AF1QipPazMZKD-LPTEs-z4K-xupgkTZOM6B9B35rR_wr|https://lh3.googleusercontent.com/p/AF1QipPCw5N0yhcYAikVFXt0BwAHc9XONL4KzgPA63iJ|https://lh3.googleusercontent.com/p/AF1QipN8M4NTgoKT_OGkRKFx0MumuBvWDuomRL6b1jao|https://lh3.googleusercontent.com/p/AF1QipM0owbfptJrCHrR0s1uXX4Gy_J1SS7A-FuArlNI|https://lh3.googleusercontent.com/p/AF1QipPRQvnUAwRXsYI9JWOD1aK6f83Wwa3ANM7hgwZj|https://lh3.googleusercontent.com/gps-cs-s/AG0ilSwl7zuDFh3XRVwLHFrGFEzFOb1e-q4W9TIPC2Jz6_heHro-yfKVwgcFvUmxl_PNqpH1yOO-xMCft-slKzGE0fGIM1HZ9GoQt9JdQUwLiukwJGym8OUHxFmo509V7G4kzUQKV360ig|https://lh3.googleusercontent.com/gps-cs-s/AG0ilSw3xQKDPGXviIbaWSyBBMEAmaKkfOTOyXcdLV0jmPz7ecSx68a6DzGKFrDLf6WMjCjz38E0FQ-r3zbsazJxYI76KAj1gN7YV3HpcFz8FAM_g1ERGKMDnsvoxvD6BhR-IdhyHmRwBg|https://lh3.googleusercontent.com/p/AF1QipMVLFd5Vssa670G4MHP9lkyzuRPMKK7zcumHJJP,Nausikaa,05356-10006
"65 arset chamiyine bourajjoue makhfiya, Fès 30110",https://www.riadfescolors.com/index.php/spa/,https://lh3.googleusercontent.com/p/AF1QipON5ZTRUT7A4tovWqGnRyFExMsr4lHNnYGuP4aU,N/A,"4,6",https://lh3.googleusercontent.com/p/AF1QipON5ZTRUT7A4tovWqGnRyFExMsr4lHNnYGuP4aU|https://lh3.googleusercontent.com/p/AF1QipPl01JIwDOfucxtrOoJoIJmilpfoDDeZj6HTyAs|https://lh3.googleusercontent.com/p/AF1QipOVIkz6xRPqv6_G0YAkrfl2UZg3BHnoB66hKHEV|https://lh3.googleusercontent.com/p/AF1QipOro5aWUIhKnmkngoNpggDFH93UnP-wYlePHMjM|https://lh3.googleusercontent.com/p/AF1QipMLTO-xl2DkOS5mHhfiktGFWLIbJ9YOHWdeyOdH|https://lh3.googleusercontent.com/p/AF1QipPWs2fu3HFZUlJZspG5SiLIWjI4pQdEpNjvGZK1|https://lh3.googleusercontent.com/p/AF1QipM34PB4kAfZwaCd8eJUtX0U6MCKxt61KfXfC_mt|https://lh3.googleusercontent.com/p/AF1QipOqVGyGGdPa6ZbEFs00jyBf8vLFl74r9sxAdJ1N,SPA / Well being - Fes Colors,0677-443320
"2X2M+MH7 F LOT BAB SALAM, Ain chkf, Fès 30000",N/A,https://lh3.googleusercontent.com/gps-cs-s/AG0ilSxY0-KXenJyZlO9z-GhoKi6VyViNMVxoknF44jYn-iEo474JsTdLI9dUb1T6UYwCAkHZ3nZ8imKQYGF6C5vMEWvAi-x2b95xE3G1A57Dz0cxMRUOFXCIPgJvrK2dsyGOlYpzwk,N/A,"4,1",https://lh3.googleusercontent.com/gps-cs-s/AG0ilSxY0-KXenJyZlO9z-GhoKi6VyViNMVxoknF44jYn-iEo474JsTdLI9dUb1T6UYwCAkHZ3nZ8imKQYGF6C5vMEWvAi-x2b95xE3G1A57Dz0cxMRUOFXCIPgJvrK2dsyGOlYpzwk|https://lh3.googleusercontent.com/gps-cs-s/AG0ilSw4VeIoVyBK6Q9N12dUW6DskIguy8jMY8PphInZxWQBe_jh3xEaWLXoIqrulT7scpGgFqH_2bucvG3H2a13a_CG5lei9rsEHs8sAW_mZAGgNhVy22ad7zln8Je3-apNEk-B8U6HOQ|https://lh3.googleusercontent.com/gps-cs-s/AG0ilSxks-j5EXcoNUoM8Ui0TtFm-EYF9x-g8K_uV9rXrqz9c4YPG8wQeBR6hV9HPzuQquYIupI3xqsyjHkw8Xy37vLqfQPEApi3YtQQy53sqJcS48a6Gqq98helBi9D8_RNSP9v8tdt|https://lh3.googleusercontent.com/gps-cs-s/AG0ilSzcUe-KOBWj6YDyKt9FSiVBHlcSM7WIpS1UPkmpQfbJW4qR78MnsISBCj1rSwBNERtfCbbxF6LN7_lH9vZ_0SR-KHVsnctwdc2BEyqfiSfZp9GmfwRsqnJ_ZSApruDcN0LU6Ja-X3PbO5Vc|https://lh3.googleusercontent.com/gps-cs-s/AG0ilSz7GJi7tI51z0IQIYJWY6pgTjHuStA9mH1UbUhyCn5kUJOUbR0Sy_zMVyNc7VTPz6-nfxscJvXiPaGEKY3Jv6Mr3jgLhryZh9Hy_06ClfTLj5pgW0i0nHr-NtqvevyCWvZHm9bXLQ|https://lh3.googleusercontent.com/gps-cs-s/AG0ilSzDRgxRwcikOVtwGGjBb5FVYbca_sG5umzqXifB2UDEg1eGDA1Rv5gNK16AXUZ-4GgC295sULUl9G9FqwgtWS-lu710izJCIPl_NWYzMrsTMv7mTiMyHNIJc3IfPbUPUm54E3Yn0g|https://lh3.googleusercontent.com/gps-cs-s/AG0ilSxj5nWCSocwEXwZ7gP0n06PIx67DH7ELyZvQNUDfoSSQ7xJmuiB7DPIfc5uLPszKl6936Zk83gMFQIHdan8MoeDo1sAGTDMazKUZg2tF2WBgJ6wZ1tE40O3mVq8UBdXF-X1kNP0tQ|https://lh3.googleusercontent.com/gps-cs-s/AG0ilSxgNVEh_I3iQs4QjxQxAPrTKR5Am7L07W-1RL6De4Fge20zY0mKzMsM9uAoDtQ4SYRwyISTwm22L7AeInHynenRrVRHBgXtlfKMKk62RGG6ALS2vXGOUbp41WWFGSTGf_w_zFxO|https://lh3.googleusercontent.com/gps-cs-s/AG0ilSwO5eS75ZAOGh2cQ4MnF4kIvsCUBuNxZvlsSKD8bi4_KdjtUW4hyhLyTIaGIVmY2vLP6R2aerFrvfe_EbJvWm1cO5TKUI4KHRAC4WCBbnuDdm-ji7em9jXnP_DmZf7s4H1qB7kl|https://lh3.googleusercontent.com/gps-cs-s/AG0ilSw3jKPVK1O28yFNfAWBzXdb-voroFhDmz70NlTFS8JTQBePZsLlTFpsVyapzBEdEXudhvlNLZ9sTgvJiRDSoYLTs3T4edxBQJGqmbNlKYoHoe-8YHqxvBlKHKzqfpr8KRuGdnur|https://lh3.googleusercontent.com/gps-cs-s/AG0ilSzhAvuBf0oJ0gakB-cOAbhTIyQqS0DKbrew-u9NXc5gD1oNM3cycnqanTz382ds29diZieXL0df0sTD5KcedRLWDJL5ge7tHIzMzeHrABKI1b7f1Oy5DCa0Ao-RJf3El7QvOvs|https://lh3.googleusercontent.com/gps-cs-s/AG0ilSxu5ED-NpUORME1xgz_dWDFKGKfuyEsIVLf2VHzCsE_9N98OsXJ7AxxMGyPhLGgyinDTtcN79gevD1Z_h1ibeeHVlvv0YYiLtRE1fO86I0sBphi9crl18PEvVeFyawPJP9OQf8Q|https://lh3.googleusercontent.com/gps-cs-s/AG0ilSzzpbpzrTEzidSClBtutzPhm-sYRzLrQpAtpnqd05TocjtNXptha5tLqHM7xHL4gLvPz3IwInWvBLpJlgSTyUFHdPhMS-HK8BL_Cwyvr9PHXCI0gXaXNhYTLTLb877za6LOvqk|https://lh3.googleusercontent.com/gps-cs-s/AG0ilSz-K3WXPl-vc3n6n-BZRUawHrqZBbqfevzH9-O6YQ8IpKoG_aLuv4gPOy0SJC7-1QMOz72w6CCUcjMXUMXD07bqivhxGlavCnzQmShXtSkVnCDKhJooVhKlJuyiRAuIqjLEwouR|https://lh3.googleusercontent.com/gps-cs-s/AG0ilSzpHDxntn-I1_dIVKPhXnUgcfjRU-XMNy5BkKxtK-2gzigTXNQozOlEZB0daofyIKOnKi_epL6pdRQoC4uMyVJJXfoxPiS_73fX73B5YDMwRypfn8fEYrRDl6_63da8dPCzeF8|https://lh3.googleusercontent.com/gps-cs-s/AG0ilSxkxjBydUDBY-N1M75_F0G3E2eAwmWZ_1IPw9pLRm51yql-185Ktuuha8cz1WWd_bps4EjZ8SvHNyU9KfLfKFdF9xT88UfDz-IZPAneoLx_MW8xr_z_MxeCNVBELMZgUHRpdpvA|https://lh3.googleusercontent.com/gps-cs-s/AG0ilSy3X-03nv6rzMa3nwMFOf3AtKU6fH7AyK_z3xTkOCkl4u2IOC7umegzB5tW0l2gWUQdjMFQOS19jVbnlVRPYpiJ0iC7hAB3xrBK4HmusxULOoNbwpxKnOy7IR2SCvXhXIZQ1-61NQ|https://lh3.googleusercontent.com/gps-cs-s/AG0ilSzi8ghVy7hLfp9eqBwclRcXwnI0KeIh1SsKaObMdTKZdDneFer7Xb9aGwV-TuJtHwSXT1o6IySajHQ3bvLYjqgW960s1m0WSpZUcP6_uh01lzN1Pat60fq0lVgw0H3tssUi_ztAhQ|https://lh3.googleusercontent.com/gps-cs-s/AG0ilSxATjLwfURrqIpG3IDMucI6Cv8p5RTfTgP8iOGtQ_SJ7mJEAx3dN0GmtfRJWCKaM_AlF1UYkw0Boh_AIpwOlAU4LQ7hjvzvc1vE_5IokalhKf5tIBpIS2rqcc5nQRRXW3QtFJ00tA|https://lh3.googleusercontent.com/gps-cs-s/AG0ilSx72SmaPNWaBRBd7XeDjqllMK-hcH-ZMWUx_zaV6LMZ0CSR6in6PICNsBK0163-WBTSnmDDD1j_OkrbtxDsEVbXFEdG1ioAkZHzhl68AOjPyRm1uQV7LenWyq-cCE4RnOw8dIEeiQ,Infinity spa,05359-64680
"3 Rue Allal Loudiyi, Fès 30050",N/A,https://lh3.googleusercontent.com/p/AF1QipNAcePGAq0h_yieT3FLTXq-HFUAOfvukCv6zUDR,N/A,"3,4",https://lh3.googleusercontent.com/p/AF1QipNAcePGAq0h_yieT3FLTXq-HFUAOfvukCv6zUDR|https://lh3.googleusercontent.com/p/AF1QipOZttSqxlfCRnN8uSAOeK2VsUuOQ5_eTVDRQDhl|https://lh3.googleusercontent.com/p/AF1QipOgd-FUoKVt3HvHTDXnK6v2tQgOa0KXZ4bjnDF4|https://lh3.googleusercontent.com/p/AF1QipMmg1GBD7Wx3oq8oLmR1bkgKpeK-t8NGVgr9Lkk|https://lh3.googleusercontent.com/p/AF1QipNB2BptvQIHJVozwCi-9X9u-PXh3iiY_NtjAT-S|https://lh3.googleusercontent.com/gps-cs-s/AG0ilSwsjU8aHhLCzBDAP_V5kMK5qY5GDH45bYhQzFvb7wP74RyxVZ6r1r9Xw4L1zPvRHDfKAmsmexdKmQ_e37Sq4f6vEEoO8AuCvpNqATrJS8qP6DXEztAM9HbUp1dpuIdOMdj0NNqvfw|https://lh3.googleusercontent.com/p/AF1QipNtOu3raw1PCAGI8161ANqC4gl-Y1jCwOtPehwo|https://lh3.googleusercontent.com/p/AF1QipPwd6WxBf7AtIcFJAjHg6Hp0o8Xic0k47pgejq_|https://lh3.googleusercontent.com/p/AF1QipPLVzF4gTzCVcTIKLgtNzyJpY6u1Lmjk_s5CcTY|https://lh3.googleusercontent.com/p/AF1QipMEh3wXyW35NqPbvqq43XOAeJYlkzGPU7-TQE62|https://lh3.googleusercontent.com/p/AF1QipOgWGSh-Raxuo8xaUBnq0Rrb7MCjmWp6VDgBn12|https://lh3.googleusercontent.com/p/AF1QipNfGRdwvtncjBIJcr0UGdLyJRyBftW0jskacrKP|https://lh3.googleusercontent.com/p/AF1QipPz-R_LRgcs3QfPNwsvacyQnsRxD-JBS7l5R_xn|https://lh3.googleusercontent.com/p/AF1QipPiFEKzoIoF3a33YOtWR7pC73OYX4BMVcQyDPHv,Calme Garace Spa,05359-32850
"155 Rue Ezzanbak, Casablanca 20250",https://hammamistanbul.com/,https://lh3.googleusercontent.com/p/AF1QipNxd5K7v6K6ZIb_iPFuQBadWhEagUDXcwA4v0nI,N/A,"3,8",https://lh3.googleusercontent.com/p/AF1QipNxd5K7v6K6ZIb_iPFuQBadWhEagUDXcwA4v0nI|https://lh3.googleusercontent.com/p/AF1QipP2PxBIL-Y1Ux0re1tJZBLP4PsNyw2QVue0cL_O|https://lh3.googleusercontent.com/p/AF1QipMITvpjPVaoGVxUpaFQ87LzROZHSEN7mYyc0QKO|https://lh3.googleusercontent.com/p/AF1QipOPhrVWHGCfojY9ABGUzrIEY1X_VFFHEofArmUX|https://lh3.googleusercontent.com/gps-cs-s/AG0ilSxzXaKgPkMXkRxSJdid6Bn1AWbBBbUsC-ZgdP9ouuFRERlms-6_IgLwZqqy5Vt-lJOMO5QwCFYs9WutBNSjIR_B_skmv0w3b61_l9owFM5M0S0BsZQ_dLNAB4bN-aOxR-HxsOsvkg|https://lh3.googleusercontent.com/gps-cs-s/AG0ilSy4mXWvkRb9speuFsz03NowxTHYra5lmchDBXrDcsVm7NN7NqfIxuw-gooFmZaXec3wuKg-0HfTPO-26dS1a_9R4h7YssftuVkhctHMTvFQHG8x1PXgauknN8ZnTQKID-9CoyhoDA|https://lh3.googleusercontent.com/gps-cs-s/AG0ilSyRMb_26XljontUnPi6qCQ9B2xDVN39GG9XohuTmLvAPpGD7T9Aa0IMv_jpkjvD-5dBgEbvnEC0FMTs4va539-W_dhfUGxVdcioHe7PtgMZ_3AUeg5YSGXGV7QwGOc1-ktZSWCL|https://lh3.googleusercontent.com/gps-cs-s/AG0ilSwJVwpz9P_fd-o0IuBi3d-6WR4ojkWh4MRPSdzT7AU_aDek45RDEGqQmHkJMXDd1dhhgRUtmaPUSs9RpQ_tcLhiZLqVwl5on2QoyfrsOw9H64UYbeOBwGiav0VyS_kA5IKTaRiL|https://lh3.googleusercontent.com/gps-cs-s/AG0ilSx25gSJnQed45EnZRSx4O-FiUqvMQ7igrwnKJWsWJGWpEV_ggLd70Ngf9ZLuE_MtZpU_Uf2IG6sv5ioCxIq4bjXrutVHAa3WR05Q5JraX5wqy7VJNvElopYf2fdOITqW7GVNrWusA|https://lh3.googleusercontent.com/gps-cs-s/AG0ilSwe3IPOcUu40jcB-cyZqokp1GnGAeQThLhhBOcMrBkOlQfIGX4G0W-PDkkb7WOw2sVksXBcFIrTUYsu1X226SJvvkk0_eZ7yqlRmM8xFeht0G-2kvHgt2UcX4KfDVMvxM6swMewGw|https://lh3.googleusercontent.com/gps-cs-s/AG0ilSzg7ulLEBz9_DN2NB3u6gzmFwM8zZcniDF6VJyzpni4MUu3JN4NxMIq9h5-F2Hzbnwx0sso-Xza1Kp5B8BjPYiEKEiX2RGqZepSxnpq3yhM4TEZxKlbQo1B5PfXDkRY-7VmD_Xt|https://lh3.googleusercontent.com/gps-cs-s/AG0ilSxAn0SMksIUOoQI1ROtUJ_hi0IYiHUwUqFSMi--MXQXQfpSHoppJYy0fvsXH2V4ZFhdVPJXx77FU6hYXAPfe3Pb2wNQd3203BxgLriV23cG2ZI85matwvJjbCFrPBqFHFmbS3U|https://lh3.googleusercontent.com/gps-cs-s/AG0ilSzmuUX6_h-Xgr76PKOPEryPc1_3SsJrRrdm9c68k7yOVpZgd8r_rqO_Tj6P6njgcA3tMVT9XBjB9loN7bYJNytO1-cFXHAiBtq4c73lUdps_Yw52joODU9wwmCXDpo5ZPmndz1d|https://lh3.googleusercontent.com/p/AF1QipNqpUr8ArFBc41Raxy5n7senyr7tulIlKH71lyk|https://lh3.googleusercontent.com/p/AF1QipOi2kK5IFtf-Ex0xryyd-v7ZehoGQxGSWz_eAz1,Istanbul Hammam & Spa,0661-142319
"22F7+6FR, Rue Laayoun, Fès 30050",N/A,https://lh3.googleusercontent.com/gps-cs-s/AG0ilSxTgYtkTNc0MJbcxA0Ifb2V-akjmLueq5VRlvzSp_AKCMcLYcki9mWPwdwc3iCboXxIneLZoq-nXWFn3TjM3Dtnblj-Ulz5wucZUIbwlajUe64K3l_coaCM5QUN4JpgEnUBtjo3FA,N/A,"3,4",https://lh3.googleusercontent.com/gps-cs-s/AG0ilSxTgYtkTNc0MJbcxA0Ifb2V-akjmLueq5VRlvzSp_AKCMcLYcki9mWPwdwc3iCboXxIneLZoq-nXWFn3TjM3Dtnblj-Ulz5wucZUIbwlajUe64K3l_coaCM5QUN4JpgEnUBtjo3FA|https://lh3.googleusercontent.com/gps-cs-s/AG0ilSzUxomuxjpAy0lUJb1rrC3DNCltR1zhyK7hriBGEPW2IQqyeEifiWDZc_HXw5D8PeWvFIOSw8SsiyuMI1cVnUE0iu92XbN1PxvUIgh2p_ybk48qk7z7XyWVEYavgJTwzlxt9mo|https://lh3.googleusercontent.com/gps-cs-s/AG0ilSzF8QPlLL6Byjzl_O-v4S4eBfu1dVL1LK7gNcHEb7blifK6KTPlULtI3RwDDjnd9x1SnKkUfMyRpAeSWt88SqCjlKzk9XdWHf6xddaRgvrdkHmh25sjMrtySqeD85qcxXKQL0Nk,Hammam Annakhla,N/A
"115 Rue Abdellah Guennoun, Fès 35142 Rue Abdellah Guennoun, Fès 35142",N/A,https://lh3.googleusercontent.com/gps-cs-s/AG0ilSzMsSrkPdaOe8DhZjDhBcOtcc9PdZXPBndVK0FS1IweYGtQOzffLYbHmiBKXxTIMqKiIrwi-zZ5dgq0rfN27y2cBNobXNBliqMgclHCUF6G38mw2-LozlM79-1MK74QSpYE6EL5,N/A,"4,2",https://lh3.googleusercontent.com/gps-cs-s/AG0ilSzMsSrkPdaOe8DhZjDhBcOtcc9PdZXPBndVK0FS1IweYGtQOzffLYbHmiBKXxTIMqKiIrwi-zZ5dgq0rfN27y2cBNobXNBliqMgclHCUF6G38mw2-LozlM79-1MK74QSpYE6EL5|https://lh3.googleusercontent.com/gps-cs-s/AG0ilSwg0M3fhROG8YT9b1fk5IUnc8mctMWGJ6bZkY7MV6_Rzkt73tcksmk_uE8-TmedxYFWmcZkEY7pybFNuHloWCQDAvrGan9L-JGD4KtYAOOPZLu_P9R9tcyAQP73s8BLmhcsqYANKzRIlUg|https://lh3.googleusercontent.com/gps-cs-s/AG0ilSyM6aYAfEBIsYy4pOGGSXPEuJCoA6zhurKDlGzQBLyPG3n-wR_rnXe1bOmxrW8Xxp_aZ2xtqL3v1LQNYnns9wvrTK_WoK-vWPDpJIh5piW5M6f6b4Z5ra4nudLFklCkN1AuqEd42Qxcerg|https://lh3.googleusercontent.com/gps-cs-s/AG0ilSx9aoVzRJqELqWRUz3xrI04IMDONSqBgBtjUNqDmG7u9lnL9MV87rdwlL-lZYgjAzIfVlbVuf7XgF2xz3-X8YiaoK4PsLqNLRfO31HbsXUtvhzwOSQ45uE5sOVQDDVK2Oz3VeorXw|https://lh3.googleusercontent.com/gps-cs-s/AG0ilSwaOmjNA-bMx5iIlrupusr11Pxsl0MGMZgtDdfrR288-NX-BCEzBwc5VjOs6OuUcucAwwbFVMv5EMC9f1Zcf80O39HwZ-H7UhFkBxDPVFAjGh63rycLeUhEj5YxAgxU3l5MzCdt,Hammam Tarik,N/A
N/A,N/A,https://lh3.googleusercontent.com/gps-cs-s/AG0ilSxyx6mJxIhvNdV1ULi0RLvuXMAIkjxzrZueuEj4oPYBBwlBvW3o3exfQ5Ma0DzngOrixSXKLm2dPgXga_9HiXbmGJNNmedQQqFNv8HAg16lc6ITgSwYkiJEd79vM-cFBnuBGL0iQMnv6RnD,N/A,"3,9",https://lh3.googleusercontent.com/gps-cs-s/AG0ilSxyx6mJxIhvNdV1ULi0RLvuXMAIkjxzrZueuEj4oPYBBwlBvW3o3exfQ5Ma0DzngOrixSXKLm2dPgXga_9HiXbmGJNNmedQQqFNv8HAg16lc6ITgSwYkiJEd79vM-cFBnuBGL0iQMnv6RnD|https://lh3.googleusercontent.com/gps-cs-s/AG0ilSyoI9vrAIWmhegXOS0SGK7iEOtD0dE66mhWo2XhirPPkc7xVsjs1dRb6eNnyqdUDEHuQqfqhZCLvEsOzAsz7hKR3kQ9KsQX5SqfaRcbCmuQqmpZWolbGsSyUDvoAc0b1xyxm8I|https://lh3.googleusercontent.com/gps-cs-s/AG0ilSxfB9uYMkqc6DT2IE3V5htCLGAuJy7PUt-qfDPIFpGNF4nsL8zeH7BODtvsl7oz-PJPufpjEHo7jw3Zc0pec5w3RVvKxdl4aQOCyufl4AWEbXXWR7WxxvQl0TlX9qPEGeCONzD_MdKFAwcQ,Alandaous Hammam,N/A
"2XPV+646, Rue Lalla Nezha, Fes 30050",https://fr-fr.facebook.com/beautyparkfez2017/,https://lh3.googleusercontent.com/gps-cs-s/AG0ilSzrrC46IuZ4wDcTTtsDDxQ-3-EcIXelrYk5ER6JbelvRoqR0-M-hsXLISDVi8DLe51LqjN3Qr-R1SngLJZZMpnQJu01UacPXy0wmz4bQEtFJYxeQXTqAywJd-qhVYZTb2gn1efX,N/A,"4,7",https://lh3.googleusercontent.com/gps-cs-s/AG0ilSzrrC46IuZ4wDcTTtsDDxQ-3-EcIXelrYk5ER6JbelvRoqR0-M-hsXLISDVi8DLe51LqjN3Qr-R1SngLJZZMpnQJu01UacPXy0wmz4bQEtFJYxeQXTqAywJd-qhVYZTb2gn1efX|https://lh3.googleusercontent.com/gps-cs-s/AG0ilSxvnX8wS71n6_Yl-3ffEjnKdChnNcmg-Z0Cuxk_T3MOeJjqw2DtMHFoF1rDfo5ecuoynd70DG6l_57iC0NkKa3uJhqNwEGvSqsLI4J030xvEd-cfsGonuDCxMYBD_ngdL10PpFu|https://lh3.googleusercontent.com/gps-cs-s/AG0ilSwSVN3Qla0OTdB9d6d-Y7TTRVDM9MOWqcECNJoYqhQqeQs3J5_fpUFdmStnshbcfjtyxkBVL3eHcHcYHLXOC9Mwpz1aK--feGyjLNxgb1zlju7R-UlME8xeKypV-bS6QTJ4ceGp|https://lh3.googleusercontent.com/gps-cs-s/AG0ilSzwEZQvb3eWlS6SPPb8idrFEaVPvW-ME_69R6xyiwSXtYWM__tEPSl0F15Gyzs1NAFBsIvJdBuBD3LMGYw3rOsEe9LJeB_oMDGyaddn--W55ZedgBm6LEZZqCzPW_FZEgUJltjl9w|https://lh3.googleusercontent.com/gps-cs-s/AG0ilSw-SEs9gH7tfZIbpWVqXpyFuVEzVNvY5h5y0uLOQvi6rG4fxuTcANcC33zF4DechnalRQC0K5GZYR6Wrk6wfdWkh0pMtucsa81qy33E3LvaT4w1ZbsV4SvIHFgF0QVQ4wZndxap_psxB6w2|https://lh3.googleusercontent.com/gps-cs-s/AG0ilSypGiwT7yo0CPXNr3cHFFwWewfZndUHK3Z2EQn3ufgjyCv2EXcytxDwK2_UWsexvF9mfqat3PDVy6redEnMg_vwsbnC3YaWsyr_teYZXNBw9mc08QLOXRmCaniWKKkS89gCTkeTw2HHiHdr|https://lh3.googleusercontent.com/gps-cs-s/AG0ilSwR4sEp9EPBajupc-3t20fOHicJ7iqqGbKRp5yYFnfedpfTnjq4xSRw456zEKo0q8Lg5N4M6H5iqspqKsACe97cTB8jw_jOXxOZerdbgPFCkPUtRySKUIs5ISqJotHG7tLnaae7EQSLHUdD|https://lh3.googleusercontent.com/gps-cs-s/AG0ilSxDy5b3o6XcLw9MzqjYcfGitCpF80bY-FaiZ91231Ry8Mq2buT5bBtmHpgkz0eh72XftT-ss8KcZU7dy804ayb5IMxGkuE0-tTc4y7dpDDdT1WAKbHQPUWsEa50uyyL4BsIB61h0A,Beauty Park Fez,05356-52787
"Unnamed Road, 30050",N/A,https://lh3.googleusercontent.com/gps-cs-s/AG0ilSxvPZ1W3MUpK8NSpgjZlxdt6bYODKqqdsO4BsHTJHmL7c33avqilf1kw-jT98acsCtPU84nEBxivjo6fQg2HiefMeBlbsQ9yv-i4eNca3HA8w-IrZA4M-2OfH3pPvgD_HS4r31a-A,N/A,"3,9",https://lh3.googleusercontent.com/gps-cs-s/AG0ilSxvPZ1W3MUpK8NSpgjZlxdt6bYODKqqdsO4BsHTJHmL7c33avqilf1kw-jT98acsCtPU84nEBxivjo6fQg2HiefMeBlbsQ9yv-i4eNca3HA8w-IrZA4M-2OfH3pPvgD_HS4r31a-A|https://lh3.googleusercontent.com/gps-cs-s/AG0ilSzQwjAy_HUJMahN9sP0BE3AZQYz7CIr8i-c_HpEYyjqc7LPVTxpY48nk-cT99YZlFZcYqlWfhepemAbR_7bkKqv58_iqruKJHvE36sR9uOhI0lK51WBMcaO2-3V_KB9fYi1JqME,Hammam Hay Anas,N/A
"lotiss. Bel Air, imm. 1, 1st Fl. N° 4, Champs Cours, Avenue Al Joulane, Fes 30050",N/A,https://lh3.googleusercontent.com/p/AF1QipOPhrVWHGCfojY9ABGUzrIEY1X_VFFHEofArmUX,N/A,"3,2",https://lh3.googleusercontent.com/p/AF1QipOPhrVWHGCfojY9ABGUzrIEY1X_VFFHEofArmUX,Inas Spa,0628-996554
"21 LOTISSEMENT SEIF, BENSOUDA, DERRIERE ATAKADAO, Fes 30000",N/A,https://lh3.googleusercontent.com/p/AF1QipPKNaXltZSRi9foVr60TR6UWUO86M9Zm0NI8VMy,N/A,"4,2",https://lh3.googleusercontent.com/p/AF1QipPKNaXltZSRi9foVr60TR6UWUO86M9Zm0NI8VMy|https://lh3.googleusercontent.com/gps-cs-s/AG0ilSywIXI6GGw00HstopaAGnRC52B9kJRLTCu9moZ0UFJEW75Qmr4Ty960yyYBvpOIuZuXj4BfwB-axMEQkNV47pfK0-ZIgC4GR82W1Nh7241KcY2b6kunBN-il11uDQfa9ZpNDo45|https://lh3.googleusercontent.com/gps-cs-s/AG0ilSzAqgwYbTWJ8CyJ_Lf1LdyEoaOMYzOQtkNm8GrHZ_5Ajwz4iZMbIAxmPGITfPwmfJhYUk7WRffT6ZIWOdyFEJhcJPq07oW2OUsgyIxgILu04j_3BbEgpSocipwcb67936hnLGEhtQ|https://lh3.googleusercontent.com/gps-cs-s/AG0ilSy4abwPvWtca2xfm3Jas2hcFPgKOLirIAAGwOw1HKV0Z4LzkK9A8QHvVgPGPto09M8z_uQTXrr2nLbF0eQ-m24ZKc6CSVouUsx0oYIN6r_vUyTx0O10-W1347CVU4KXfufZoT7N9g|https://lh3.googleusercontent.com/gps-cs-s/AG0ilSyPBHx5BiQouMUmYJ3hoGI-iF7KM63WOtS3BOfuLOlGojrAcCplhtXmOE4QJDxAk7jsj2H05zmPtsePuSU_mLR8N3LRBxFSbQPn96JhRC5_5fw-9gksYtkxxwrrA4Uuo7JkkaI,HAMMAM ARRAJAE,05357-21201
"225W+Q66, Fès",N/A,https://lh3.googleusercontent.com/gps-cs-s/AG0ilSzKmusv860O_x3ueN5Uiua-qOsVlWiUymEOo3m61QMvZGnVUbtBM66fsfC1SiS2zf2Y35jEaB6bm_G2tMg2RzTZQhynXYA4XcHSNHpLNd8CGsHusTj2Ur4CS3YqN4KbZV4S4Jk,N/A,"3,6",https://lh3.googleusercontent.com/gps-cs-s/AG0ilSzKmusv860O_x3ueN5Uiua-qOsVlWiUymEOo3m61QMvZGnVUbtBM66fsfC1SiS2zf2Y35jEaB6bm_G2tMg2RzTZQhynXYA4XcHSNHpLNd8CGsHusTj2Ur4CS3YqN4KbZV4S4Jk|https://lh3.googleusercontent.com/gps-cs-s/AG0ilSxPJ7RyxfAanYXj3Nu7WXbuLYysOwnWYs6bDfGalMwlBT4CDz-FGfsLhLkJrBbgqTWI9QOaA7UlHV5KseT-sEprnKxI5-9hVZ3UYipBP9YNLXVKXAzVPjIOfKsZcl9WhGM96KTwcw,Hammam EL Mrabet,N/A
"Bab Lghoul, Dhar El Mehraz, Hotel Sahrai, Fes 30 000, Fes 30000",https://hotelsahrai.com/en/spa-and-wellness.html,https://lh3.googleusercontent.com/gps-cs-s/AG0ilSwFKboocnaQTmeF59hRjm7PQk2-8BcBt1SulQ5rHtLszUXcQce37bab4zaNT67wzTkgh-iJHRU23mBKQSmDWB5mFDTYvVqREq4pPsiYD4-iPt0UhF49gCFPenYN51s_Er9fjQ5U,N/A,"4,7",https://lh3.googleusercontent.com/gps-cs-s/AG0ilSwFKboocnaQTmeF59hRjm7PQk2-8BcBt1SulQ5rHtLszUXcQce37bab4zaNT67wzTkgh-iJHRU23mBKQSmDWB5mFDTYvVqREq4pPsiYD4-iPt0UhF49gCFPenYN51s_Er9fjQ5U|https://lh3.googleusercontent.com/p/AF1QipNttTgCk96_s9YytA2kQlu2Q-OoIvxrqqg18Alt|https://lh3.googleusercontent.com/p/AF1QipOcwE3ocItik9xq6gELbkQRRggDCI6tytU3NDLl|https://lh3.googleusercontent.com/gps-cs-s/AG0ilSz9AESNijBnFCKCaDR6itLj70Dr4aXMlsA6EnjlhJdMs5RQ6F6O8KV2lCOUJ40y8LKPhYP2USPoRWT3a9ORWqLFDUjz-8et0HPbUfMSzFP3ATgncX1hezeQvXLcpVoBog4Mdn73|https://lh3.googleusercontent.com/p/AF1QipN7XkjeyWhs-sWdrHDAAvfc7KiofwSXqA1avg6w|https://lh3.googleusercontent.com/p/AF1QipO05k-wyvLQkYWNMGzuZ-EXE8G1_cTtoC8TSK4z|https://lh3.googleusercontent.com/p/AF1QipP79Sc4LHb0e5kVxv1i8wOCPYK846NmaubmULBJ|https://lh3.googleusercontent.com/p/AF1QipPeAXqCLpbTsfjjhaME6zoGc-6OvwjrHxIl4l3t|https://lh3.googleusercontent.com/p/AF1QipOzl2TJkCbDfj3ln99XqLpFkeBORmBPfi_XROJM|https://lh3.googleusercontent.com/p/AF1QipMsFLIuVWnydUKzG8Ni6R0O8BiCmXWoI_DYgYag|https://lh3.googleusercontent.com/p/AF1QipNaj78A9zZRKip4I0oyUm49yNmKp6DpxLV9bVic|https://lh3.googleusercontent.com/p/AF1QipMZAikavHdVI3NGnG3GFTr1XA9izjgedN6oBadB|https://lh3.googleusercontent.com/p/AF1QipOUJvHJVizreglo08s3Kgc_St6M9teB6PBGWmp-,Spa by Sahrai,05359-40332
"Boulevard Ben Mohammed El Alaoui N°12, Derb Debbagh Bourjouaa, Fès 30120",https://riadfesmaya.com/,https://lh3.googleusercontent.com/p/AF1QipPsPi8QBZI3quzhfzpnKjvxKaGuRS1fXKOk_twz,N/A,"4,4",https://lh3.googleusercontent.com/p/AF1QipPsPi8QBZI3quzhfzpnKjvxKaGuRS1fXKOk_twz|https://lh3.googleusercontent.com/gps-cs-s/AG0ilSzW4EFEpkY21woIZPaxNbXlg1TXYsfBEtAWKDVblp5f2LsnCr8ANcrqgWbNGK4t3_mdGxTEoF5tN3Twjj1TirxuQY6iFz_UuUfLlSZ7EZJPDgWF4RRiW0N-3PWnwA9nhiXKrm9lvg|https://lh3.googleusercontent.com/gps-cs-s/AG0ilSydoMs7TRRhA978zG4PdQpj8sQXomHxOfkKyfsYAnOuiMoufQTm8KAiRjU8571VUGUYpd3V2t4Y0dXRs8Lbl6wgDm4mNE_Me0I8wuzcOeJAlC5j8c08qPMgdkcE3A8kf3Vd897Fp3XcHsmV|https://lh3.googleusercontent.com/gps-proxy/ALd4DhGxYlaISGZbuDhpSMZTfwLsWMq3TevRY8tOJjnXiKJAf5zmd3g0Hb82VU34GlQtOofnnLA0t7cO7rleFVSCJByhsHPohGPErNKV5aU-ZP3dEVdxWcQecGc908Izc47sRe0vGXsY_GOHQw8okrVOT2L-jd0GSpKlL4rLfTLNjvdSZ1Z37CGRtTpfNw|https://lh3.googleusercontent.com/gps-cs-s/AG0ilSx5DbMMhiFWKHhxEQxDSi0MaF-8ZygtgW7n5GJd1M_Ums0cGgtozimPbLcwgKf7P1WNfDuSZILk65tn7PSsKHc35iIS7aZ8hJtykx3KIj1NHFSdO3c7MyY-iik47fXEABK-rfHOsg|https://lh3.googleusercontent.com/gps-cs-s/AG0ilSyKJY3Pcb5aI_esrgs2dzYvl2tnVCebf08t2elv3iAGTLOOHbg9STx2HB7gJfihw14z7Kkiq4yRwP4gHGhrERrdBtrBc5yrc7LEkdj322k4l86wCTeQZhTx_PpXpJOyl2htqwP8|https://lh3.googleusercontent.com/gps-cs-s/AG0ilSy51qxxJXubZkYO-u7VjJ4MFYoA2cZghec4032BmzHvpnfwttsXR0WX1My7yWfD5LBpWiGM54Fb1Y1CGI4CoXIOASalDIaMdQbeTKMcCq7XYGc6BVYIWLeLKXlT0Og_DgjIkLbWjA|https://lh3.googleusercontent.com/gps-proxy/ALd4DhF7BAlGXIge4Jfc5tgGqXU_EqBfmPfKFt6OMGjhwZdx7I4nRHLytLDTvQ5EFvdXSwpfu3gy6A2BetNFCJoHWafQKgiFXBv7rnaA4Xp4-CWzgVzm-FxldVnde7Rs40Ifio6x7mj-GOjfs_hpuwur9x0UBhC6uJXnEVS5C99nkDaYdgGgmiYiYF_P|https://lh3.googleusercontent.com/gps-cs-s/AG0ilSwHv-GuRi96UWR3gx0fXRWJ5QiGSKLxRht6uS0mjSq7QWEGa4WsySKElsEqkn9_E1QMPx8_VZ2EQOCjKPnA-s4CUTPFNCHRMRxrAqcx3Gv2-9DMWtiRBiiuvZhGv9sEhA17J-Cd|https://lh3.googleusercontent.com/gps-cs-s/AG0ilSyWmJ2W_4uWy6NzjbwUdC5i87eayHoxriSFqvcpoRjOGh3d0lc8GlXzB2986Them-brROZRB7FEzZ6glspg1Ibs_pqvQqC_xGZeWqv6KjZzc-H2GWnhCHIaogl2bi3fqfQ5hUKbvUVGH9Z-|https://lh3.googleusercontent.com/gps-proxy/ALd4DhELrFxTB0LY5tRNShkJkgN3JKyikDb9QpexURGsVkOSNYlKN-NPabWXNH9qnMb-DHV5PwZ1_vNqmSkLRw7ZFHi4d7u9gtISwBBrXI-w01Ki4jpdORJfWQ834aOP3ncl5Nw3ozuquPSpvYhIciUE7jog_znDpj6BzMZ29ilGHkG9cWpSMUwlPsw|https://lh3.googleusercontent.com/gps-proxy/ALd4DhHmK691WgC0rH9dyMUEbzlF_39FMR2hNOKXtagU0UWuNWzHtz0ROKENMTiO3vSefI1K7yzdPHj0-9LWrSB4Qjscx5rCd4fbjZcUeCIOlEDampy0RhgMse1zth9w8-BGyk36QGuZmMex52_EvMbybUkjHEuVlRvr5AQgw1HVnpsjQa9oYKVZcaHP|https://lh3.googleusercontent.com/gps-cs-s/AG0ilSyadcqGt9pt2Yc0GXQjKZgjFrz19NI1o-Y5yNi2kESf0-YoygrUzlpg9-eP9DReZfILNukmXeUUaYgLOz-yG8B2gYcCcP8JHywAywsYUrimEbFSFHJ7qc7Lp15JfKT_O-h0_4g|https://lh3.googleusercontent.com/gps-cs-s/AG0ilSxL8jl9lLM2FWKb6H7_Lz3_9EYp1V6ZlAj0Pulwc0s3jX7l2u5zApjM26ktWHlfOVgSGk1gSSOeW823ZFxH6P8VCLg_L4gLCgp3P88HigimWtxeBK2c5K9Ha52gzy480YY4Il1-gpnsB04|https://lh3.googleusercontent.com/gps-cs-s/AG0ilSwY4EqGdGWo_mI-5vFOQaHzBeRU4qYGzL2_Bv2R6X-9UNSYA2NNrJULLO_1UblH-F3SQCPKDwfWBMooCQxGdRQ3YvjU2sLbAXdzSo1lGqBr_V9AuNTlFroMFWQ0ABOOsAYn9sYzN3Xm6qs|https://lh3.googleusercontent.com/gps-cs-s/AG0ilSx-2Wto_C_R73w9cxLIWd-9RviHXmIO173CbKrw5cZFy4oPCSa95sXeiuIvMcXRIsaL5OQu9mRP1TqoHToy_15KhWp3-Nti9f1NEc9MzMxHhx0q-v3pc4HkJ3W73BO6Bk5Wb9TZ|https://lh3.googleusercontent.com/gps-cs-s/AG0ilSx0dioZk6E0vRe23TPiO5JK1Mv4zJIZPC7CVu481l0A5NfuOd_cx5NkZ14BkTCjOq6_3-QTND381CNQLkbGUe8BDHMUG7KTgk5Vt_zGRhM07tVIgbCRG8uYQc_d3zAjeR5bYCDjMg|https://lh3.googleusercontent.com/gps-cs-s/AG0ilSyjvxxRbhpdmzS9gCVpzoNdCBhdBTfSZCfOX1WE32A6WhNZgSUtL4mpJO80Kgy3qvRGDxzI0uYFKlFf3c-YFCOBzCiTeUVi6rqI8TIDxdeCgkDlw59rLKEb61zHFPN6kFfkfyZ3|https://lh3.googleusercontent.com/gps-cs-s/AG0ilSwFZUmhmbZXyTvdpovgeVSgNgxbc4tyWE_CpAlN9_JkVCzCZ6YpihzCRFguqnFtYNOwAv0OW7ehwisdYx1MdLdhg14MLOD26QRlX50PAarIkO79M00ENW9ZPcXTm7Tru56go_J5|https://lh3.googleusercontent.com/gps-cs-s/AG0ilSzL0chECzA9zuD9x-WNpMtNxjxBnlxxrj80GdZ_6wZMqL7A2TVCY2V3bj3LsnZqIs7vt-DXHR0tKIRy85_9-cFCqr-uAG5LyOXUGzDOo0FvVCTXZnl8bE6J5zdyGi02rT76pbY,Riad Fes Maya Suie & Spa,05357-62317
"Rue Mohammed Diouri, Fes 30000",N/A,https://lh3.googleusercontent.com/p/AF1QipP506p4cikFTW00gX4w-JuF7WXQom9B6pkb823-,N/A,"3,9",https://lh3.googleusercontent.com/p/AF1QipP506p4cikFTW00gX4w-JuF7WXQom9B6pkb823-|https://lh3.googleusercontent.com/p/AF1QipMxO7UK2-BnXPC7EE1G_Qe8aAWGe2t-RkGKLIEV|https://lh3.googleusercontent.com/gps-cs-s/AG0ilSyqoCGxf5LlRUmMRK5KBcdQQL1MJ8dgm6nfsVIp5BJcWn6yws2Xim1nRFbb7g-QpuHAuzWCcUuPJRg0xHe2-Q2Edm5MFQ-IoOBKmR0cZNwvPilzDdiNV4_QrMVYJxY6YpCxkEMY|https://lh3.googleusercontent.com/gps-cs-s/AG0ilSz-qhXlp6Ol9_KRnhMBwtyvTNA-pomcmWAp6Hmr6JKM3UNpjDuGnSK-TtLQ7SFWNO-EzPJhjD5-deefhrkee-LFlOCyP0doFvPHnX0VFHKrMZWak4Zs8PX4yuxNprfBXoXKq9B8|https://lh3.googleusercontent.com/gps-cs-s/AG0ilSwa0UVLK4P3woveehuz9tczJVR-E9wx-NvgmdqQo4yMVfow3-XDqkS1V0os6xdRGVcB4ISOqItgaUoM5VZedDk93z2rAKHZGWfHwrrXzobz39KKPxNMzf7jtxlyFW7p_QYC6XDG0g|https://lh3.googleusercontent.com/p/AF1QipP4xcfs1NS5ZMNGG1eoTdGyu7iMxBegtXBtxYRz|https://lh3.googleusercontent.com/p/AF1QipN38EMBKpVU8_crVIgvx2DAyRyWAM4TvRgwEE5x|https://lh3.googleusercontent.com/p/AF1QipNpIKrtTrFae3spjvG0m6hnX6HhtopcSa1wE46P|https://lh3.googleusercontent.com/p/AF1QipMFLuptWe9rk1f0sWxRWImWsWYuy4luMy7417EN|https://lh3.googleusercontent.com/p/AF1QipOepoGxctZhZRWt_WcfUvkozqEt6UJritT-OreB|https://lh3.googleusercontent.com/p/AF1QipO6gG34-28fZwcitRE2EcDXCjm0A5iZqh0OsGA9|https://lh3.googleusercontent.com/p/AF1QipPuweaQh2-0TXQApckwhR1hKaeCIRsMVWkAistf|https://lh3.googleusercontent.com/p/AF1QipN-JOcW-dpAjAEFMNXaLTtpOd2b5DjoTPUZiqsk|https://lh3.googleusercontent.com/p/AF1QipNiN7jNkfvbC-vN20FU9h_-UxOH-UOaUvAfZ8TM|https://lh3.googleusercontent.com/p/AF1QipOE1VNY4nxgf9S6aAqw85EMGA9a9E9ui_5Nj1TC|https://lh3.googleusercontent.com/p/AF1QipPyLRiW7_9J4lP45UEd5M7g0QSI84U7xzOVvjcv|https://lh3.googleusercontent.com/p/AF1QipNYu9CxaAA6sjnDxIPmxBvc-Q3uZzXZ_IcAjAz2|https://lh3.googleusercontent.com/p/AF1QipMsSAsetpS3buVDuFBHFjFrYKbxBcnjbVTLj0bk|https://lh3.googleusercontent.com/p/AF1QipMbZyXDFe_VabrBphlQCZQr0XejBF4-1omDr4v_|https://lh3.googleusercontent.com/p/AF1QipNkv8wSmR074fauArJ2mhktBTTYk20gFOG_Du4j,Cesar SPA,05389-07908
"Imel centre N°23,Haddaoui2 rue 33 Ain Chok 5366 - Casablanca, Bd de Fes, Casablanca",N/A,https://lh3.googleusercontent.com/p/AF1QipOPhrVWHGCfojY9ABGUzrIEY1X_VFFHEofArmUX,N/A,"4,2",https://lh3.googleusercontent.com/p/AF1QipOPhrVWHGCfojY9ABGUzrIEY1X_VFFHEofArmUX,centre imel,05225-25706
"5 Derb Zerbtana, Fès 30100",https://riadfes.spa/,https://lh3.googleusercontent.com/p/AF1QipNTBl9vhoxkTGjIJetbfJhZCnBBI3r--1rmbtSM,N/A,"5,0",https://lh3.googleusercontent.com/p/AF1QipNTBl9vhoxkTGjIJetbfJhZCnBBI3r--1rmbtSM|https://lh3.googleusercontent.com/p/AF1QipP8TrZ6AhUI3j5JLLuD5SxURonV3e2r1KyShFXZ|https://lh3.googleusercontent.com/p/AF1QipP6iDPM9jPeduNGHUDS67dlp-Oh70j0-JwSMxVt|https://lh3.googleusercontent.com/p/AF1QipPikskJya6lVofuWAQiOF_cVG2tvsJ6iUsykdcz|https://lh3.googleusercontent.com/p/AF1QipPghUoiGXcoSBxqcRqjzM_Ufplaj38Bx8c1UGNY|https://lh3.googleusercontent.com/p/AF1QipPNjAsZzIcpMuimJjNITFDfz89_Zhu7-LfUzo1p|https://lh3.googleusercontent.com/gps-cs-s/AG0ilSy4pB67Qjp1_Y0u4-Q-UXHWLY09Zx7zCGRvYfOIu1kvZEVxxtoiPZyeWI2LYROzDSv10i0j-J0OeFtp_OLz8WNnMcdd0LZ1WdIJRrWC_pPbcC0G4al-qiR76el-Vl22i2kYFPivEdY8Nio_|https://lh3.googleusercontent.com/gps-cs-s/AG0ilSwX16O5Xztqz65LFRyzgIOwaOfLcWj8lHPMJd6wteyn22dQL41TuX_PsCFXuqfhbAnHddRGzdQuSYCC3TUfFzqjaXQsByByYLdADZH4J5BVdJZjKDL-gW35mP0ngUfZwzV2eyRkxyuTGvBc,Spa Riad Fès - Relais & Châteaux,05357-41206
"2XHV+23F, Fès 30050",N/A,https://lh3.googleusercontent.com/p/AF1QipOPhrVWHGCfojY9ABGUzrIEY1X_VFFHEofArmUX,N/A,"4,0",https://lh3.googleusercontent.com/p/AF1QipOPhrVWHGCfojY9ABGUzrIEY1X_VFFHEofArmUX,Hammam saada chez tadlaoui,N/A
"H97C+FCR, Bd Ghandi, Casablanca 20250",N/A,https://lh3.googleusercontent.com/gps-cs-s/AG0ilSzgzFRPs45HyvXqQXVOYU7WHQN9CFuLGo309GLGOugQ7FAovLOW1YBdSanD8YszccliuuxjU1Q5lUsA94WMxYgBRtnPs1utBF1Iqu5aCsPZsMpnhzYZABKaZcEO_3K45_78eAiR,N/A,"3,9",https://lh3.googleusercontent.com/gps-cs-s/AG0ilSzgzFRPs45HyvXqQXVOYU7WHQN9CFuLGo309GLGOugQ7FAovLOW1YBdSanD8YszccliuuxjU1Q5lUsA94WMxYgBRtnPs1utBF1Iqu5aCsPZsMpnhzYZABKaZcEO_3K45_78eAiR|https://lh3.googleusercontent.com/gps-cs-s/AG0ilSxTxgY1i43gphWmOd_AXAKGZ_RVD6w5t_mhJ458yMqgHX_FzHn96SdyzmirUr5iBPFUuGBqIFzZ3RhAB5ATxwZyQO_LRfIXr7Tgs_hw51EvuFG1ixHwT0PxAN90P8tGZ7ozzZpY|https://lh3.googleusercontent.com/gps-cs-s/AG0ilSxw3X-R4jTtmV-ktNGcxeVu47lqk_jodfyMRchIjkiBXUdYbOENNTl8KCDMdoucuUHzuCSSvJSx0otpl7D0PKW6eiQpjKlj0t6bK0_J3b25gbALPE2k9-EhuH10HIQ4Lvn18e0yLA|https://lh3.googleusercontent.com/gps-cs-s/AG0ilSzXSwIzPuJnboCUnAwGSC-YHoXPqxtneppFtASCZcgtO12bqIO9kAcef_NzHzy2_pHIknGJicDdHz0Fl0dAauN2O-Fyh6FHu_B6R5l_74apQy_F33570b4nrt6KEydntlrHTZU|https://lh3.googleusercontent.com/gps-cs-s/AG0ilSxZnsxBi5kNJWLJC9w3wS0dTXWM_hcdcKV7-tu0uM02w9BOGw_kVTkM_Uzfho6rW6_0wH8qzqH1ob2L8QswKP-CQ5IlZ1OJIbZgthErwygBMAusHUbrQewAcyZxS3u5M5ASogU|https://lh3.googleusercontent.com/gps-cs-s/AG0ilSwbiZXtv3tQT3ygDrK7ZH_bGnUS9v4zWMxE7rHqh1LdahWgPTeQNOn6fGg9P2FBsxg9IRiaTvATIY-9KTdcn0DYscSQAxMY0QaJQ60DgcufhL3xrb0q_tUhpTkHsFdGcYA9OYQx|https://lh3.googleusercontent.com/gps-cs-s/AG0ilSz6sSzvx1M8qwyRzphIHlMvw3Qq_eGtD_h9m_IuV5Sl2hAPQ1qZB899V-d7c3t2_32RWrcZxIypO3LKoZGBC7w6KYcrsWHXGsDyrIQKZN7Ft22z4-bOSJkdAcrp5eux_gliv6xD|https://lh3.googleusercontent.com/gps-cs-s/AG0ilSyM_xJo-uO11SlkXP_q_jcPva3cgN10WycUESApyLhE6TNKZe3br8WILjr7qbRsgJf5DEYi2Dp6T3oM--IZ0LqzVDdBHI4_SPz7kjeOwvCRsXGm0WcA6ljZ302LRtxlgZU5PVt1YQ|https://lh3.googleusercontent.com/gps-cs-s/AG0ilSwCjvrumzaHEerz6bx1vU7A1VSnAT9LUJ6vAAy_36ZdSzZQ3jmQA_Vi3tYq5TlwU8O1-flXd8oXug3pA_TOk-5n1KBfeg-baGQUSVe-sLP3GDpKDrVkyvdqfI87nmPrrk6Asug8lsCVCbaJ|https://lh3.googleusercontent.com/gps-cs-s/AG0ilSyKFuf6q0INcjIWoxdciZvTUlAOo9_a6nzCSVXYhMuMiQj6LEt525BNCB4s24X6JIFcYMKFy_IyGYJkpRoCe5silebdFPVhW_5zj_LEKQ9jiJfxDO0_Ig6lnDAYNmai4jkqYA_7|https://lh3.googleusercontent.com/gps-cs-s/AG0ilSxgzcz5AiAdXeAaUjtLdtW_vfG8BIH4SY4dt7pBzR6SAlQJo6UVUtBfqCTxlLMrVS7bYjO9nf4NTTZjU3gch_OjC9Ij73gMw_Qm3ybaSUyoGl2Oa5CrBF3dMvxn5gFqYSETnJ0|https://lh3.googleusercontent.com/gps-cs-s/AG0ilSwHKJwk7bwJMkPGTYEYIlirOTpVIJd4DI2Y8l5jiQMCvc0Z7TnNpi8OUi8nTvipsRSMmvezoX66tqy1xRmO5XqFjfzsOiwz_plD9MIDZ4fAz_YcRS8OeJpppO0E37J_eS4_tfnOLA|https://lh3.googleusercontent.com/gps-cs-s/AG0ilSwKO8rg8rmlNF-cN9zpGsm0NT2pzuwA1gxCwn_hLWOXED88M1Cw-JjP9Tbo0GWsHPFwbEB35GJEGAigQZaLZAdY-pbZMcNxPaQwNMq8EtgXhAd1RPK4-H2S9qPIJDdQRxOwl8UZ|https://lh3.googleusercontent.com/gps-cs-s/AG0ilSwag6H6-UNnq7kFcq6_RWbrt7Vzys2Jgonwzz4khv1VG_gBUBemcyJX4QExascxkfBzr9X9U_2RNrlV8FKKPCvp_YEojdGD4ajEzw8Bb-mJHcKGw3fc-X9d4j7QVBH2HcjpQSs|https://lh3.googleusercontent.com/gps-cs-s/AG0ilSzvX2gXVlKm_M0tvjw6kyzRlfRar5JKFIbj1SHUvLX41940B7F6Igu86aKkE0Z-DblbxqlgSDFBUbWI8V2JQKFoq30iiennc74dbyAui33g3ce-Ec_yzuNJ3uHTQrlTEnpkw65y|https://lh3.googleusercontent.com/gps-cs-s/AG0ilSz2NLdCftZYcQrS4L4vTMU0TTlOdjXqSrl8GwREnpqQf5qfCfCzJRM5xrRICzhY2nzu7VlF5mJiIJJNl89fwb7FtQjfoH7lk20fCF74akiIr2LhWTLQHz3Ll4uppyqHwMXoJ-0|https://lh3.googleusercontent.com/gps-cs-s/AG0ilSxNBnaXojhXhs0c68gl_YNDyAY0cTn4YEXRiVUOOmJ9fh2IcARetgoxfCTLQGLVMiE3W3Vk3qXHstYBVl1KSqPOJ-gHxsBF79QY0TZYkEszgOr7ptyVIim7j6Vagd9lICHQ60G_|https://lh3.googleusercontent.com/gps-cs-s/AG0ilSxE1VeZEd24bieVuuuZOjAPslhnSg-J1h0ALXg7TresCw_BAXxs03gY9SYzfsEDckMXZ3NAzJ54SZ2V67qE37lfn4dITKvtgcqV-nT_3O01B4e_YPlxU64QsGfvKR4WP4QNzDtU|https://lh3.googleusercontent.com/gps-cs-s/AG0ilSxphw6vlk21KQQqkFVHU8D-ckhM-I3-OyXxbWenn_8Z34LA8B6aYcqXMMhoN8qCYPu4g2881h_Uk0OX3uyJAY62I9A6fchlVNPzJx34Y44LZTtpbiRoK-IhCfWUy9zetNTYnX4n6gy6H4Sy|https://lh3.googleusercontent.com/gps-cs-s/AG0ilSzLHrFGJBGQLQfva_3UvFEDIWXP61n17LMOj2Ba0Q-uMnTwy9i5PAYDOVYYWFCqb9PIKiQ6-K9EcJ59nnQGmqmD1pj2NpQ8oPdRsTtTT2mxS9WI-MJItqkesXlzSJlXKx3cFvhX,Hammam Le Pacha,05227-74241
"BAB ZIAT, Fes 30000",http://www.palaisfaraj.com/,https://lh3.googleusercontent.com/p/AF1QipOQXSw0ez1_pOq-8csAhcOv7CjnMQTgek1_VamI,"Heure d'arrivée : 15:00
Heure de départ : 12:00","4,3",https://lh3.googleusercontent.com/p/AF1QipOQXSw0ez1_pOq-8csAhcOv7CjnMQTgek1_VamI|https://lh3.googleusercontent.com/p/AF1QipNHQP2WqZ0N_72pdz4Idg85jQi_DoQz8FySznXv|https://lh3.googleusercontent.com/p/AF1QipNoi2jE1rSi2-X-rHc8LXLStXdsCh1-OOqwQQMV|https://lh3.googleusercontent.com/gps-cs-s/AG0ilSwC9mXNigwrI-qC7vAp8Bqkx-318f7fzBmfbhKpsXcLfme2BN6CrLTZEKsEvJgvMT4Ei7tC7mNzzjNTRRvxXYxwUHJhebBJWwzd3nxjUGBQKIRLjxbc4DOxvN2PYcKHU97zmQuY|https://lh3.googleusercontent.com/p/AF1QipPXSt8jqjHEsAIAMxbzOipJm-Shq1B-EBOYC-TW|https://lh3.googleusercontent.com/p/AF1QipNVdEqfJGYLczi0yfOgXKxrvL87KdMl_VEn3ZXX|https://lh3.googleusercontent.com/gps-proxy/ALd4DhGZZIqrA6EVe-yExGAGSvIKAdMsCyxy8jVeTy2RLmIFXS1zGqLzcYunB92Tu4_b1A-IcQalZE8z0w6etQ51RJxqunIvjA_7No0SqjFnInY5ZuScmwA5LOwNrEJ6qKNXMvC3YTz5-J5U5m05gdPjQWflt23ziV4H-g0ya7chooRBL4Gr1CoZmqQ|https://lh3.googleusercontent.com/p/AF1QipN3xpfHbOkFmdRLae9ud_FlD6LgXNvmN9vnN1Qs|https://lh3.googleusercontent.com/p/AF1QipNiveDP-LXmUt98jO2DwWZFGUXKlPW6llY3hU3e|https://lh3.googleusercontent.com/p/AF1QipNWheuSB_KQ3ms5y42soDu3ZEQhG89FNzAqZlui|https://lh3.googleusercontent.com/gps-proxy/ALd4DhE8J3dt2JLJympqTyJx38KTBeOgALvypwlXnbplt7HtBFCxuWpZmJKgtKevAruIZGJHv9Wpe6RpiM9aDQN145pxN6bj2DOBTm7N9XLa0FnNwk7plCUc3jMEBEfhcXbkQJ4VWDGUb8gTl3qDdwHhRhKYOIlu_lapfZrWAj5haGYTi33RaAdqs86K|https://lh3.googleusercontent.com/gps-cs-s/AG0ilSxJH3jPCk2FrAnjXNTJBuSC4VPLqAlw20YE0pXkgXbSd3F0j0P5KQP3yNGMpNQ5MCf9R3Q14KQgUUfzdl--udibpYjSZCWEbwyj1MLb0UzYkVZRGZARHpx64c1TiGC6AeTCPShd|https://lh3.googleusercontent.com/p/AF1QipMk49ZEw02_4pMfRLFodZFzajoIJjiiFi6_L7Fo|https://lh3.googleusercontent.com/gps-cs-s/AG0ilSxrhGqBIK7tpAosjdYk9n3y_nPctnJ-hnqeTMQlf3EGihyvb4yeAoBNHdIsvznDfniY7b3jjP_Lz_I8hZMYilN0fc5LP8tl6Qhv5atmPG_d_7kZXv95SRdc1tnkwMPKpqvpxjluwSh42OpU|https://lh3.googleusercontent.com/gps-cs-s/AG0ilSx6Vl3k9xWZkQChu4RFJR26w_BDTnva6BQxMsJoPmrych6qs1kG9_LDBidpaBIZDSJRncUzaWQkHAVhRYzfYRs7V_LdJe-s3l0DP1gKVW0lBKQG91ukbA_3FNv7cREt1R1DCrwR|https://lh3.googleusercontent.com/gps-cs-s/AG0ilSy-YvJ-q9_iciMy_TEjLTprb-98MFJeO9vEi3mbWGP6UWlaQ_marcVqQVa45-qcXObgGa2FwcGdZgpfWNrg0ESKyO8d-5-V7w35mOoWTwnmDaeu9J3JS8egM2XY0wTiMEzxYvg|https://lh3.googleusercontent.com/gps-cs-s/AG0ilSywNUdHRXgsxmv163oQ0fVu46no7eeOoW2uoD1pnoIJoS0NDKfMbZetA8xGBVnrS6HLZTkS0jATU__QXCXwZpVh7fJYpIMbReEGT9-pLRpnK-tX49f63_Cwn8rF9BwIkCZiX74W_w|https://lh3.googleusercontent.com/p/AF1QipOfW572u3uRWA4SGIeRIziAx0QVxUU6GmeJsI12|https://lh3.googleusercontent.com/gps-proxy/ALd4DhF2IAgB-7aAze07HBX3M56gMl31yrk_y4ESuE_V37iMdEZbcHoQNRWGhZXkt94GnQY0jDQgqmr1ggV33mpx07v2jgYqdhSlHD84FzWp1tBRMclqnHV-pKkjBDYl-Fl25kRWukBHoxYNKA2sFQMFO4eZPbY6-pYn7pvM6DTvARhkAy4NL_TzXBI5VQ|https://lh3.googleusercontent.com/p/AF1QipMpDnh8KgwlEVKOBHt1r_AjxkwgtSxmZfmiRYa0,Palais Faraj,05356-35356
"228Q+V8V, Av. de la Mer Méditerrannée, Fès",N/A,https://lh3.googleusercontent.com/gps-cs-s/AG0ilSyNssNiYTHX7oJlPvGsOygrFdInO5fyP0eOSboGNsLzz-dUQisIxToITKoGPNNuRhRUPPoA2TT5paGDZ_RPqzZNUXfzGPQDS9HDvNjhFPoLa22wJx_UkL609KzhtMNLl9tVBhk,N/A,N/A,https://lh3.googleusercontent.com/gps-cs-s/AG0ilSyNssNiYTHX7oJlPvGsOygrFdInO5fyP0eOSboGNsLzz-dUQisIxToITKoGPNNuRhRUPPoA2TT5paGDZ_RPqzZNUXfzGPQDS9HDvNjhFPoLa22wJx_UkL609KzhtMNLl9tVBhk,Hammam Riad,N/A
"327C+RGF, Rue Talaa Kebira, Fes",N/A,N/A,N/A,"5,0",,Hammam Kantrat Bourouss,N/A
"41 Derb Bel Mouaz، Parking Ein Zliten, Rue Talaa Kebira, 30000",http://palaisshazam.com/,https://lh3.googleusercontent.com/p/AF1QipPkYaP6i9SzLd_arPTAlb9Hm3b_rapjM49G3fxg,N/A,"4,5",https://lh3.googleusercontent.com/p/AF1QipPkYaP6i9SzLd_arPTAlb9Hm3b_rapjM49G3fxg|https://lh3.googleusercontent.com/p/AF1QipNrv7Zh4F-oAi1DtzUIy8FAwYIOPETT1uxJg0-L|https://lh3.googleusercontent.com/p/AF1QipMdexaKdif9NRV7tSlFWVnFou8a2FplXBeHslr1|https://lh3.googleusercontent.com/gps-cs-s/AG0ilSyD8PRT-CS6YOzXGOufJg7BYCgiRPGEfoSnU94QinsBlJgrJSWaIPgmQivFXpTdO-XuRXs2r20BH4ax5yMEjuugDWe0ZTqdaw2WByGK99bOmNi7FkYCFohVIcplxQNPbiuV0763|https://lh3.googleusercontent.com/p/AF1QipPzevsakKiVP9nFf_yC6WZ60FwSOVoVFqsfpHDM|https://lh3.googleusercontent.com/p/AF1QipNrWtlbghCpU9KExFgOpCKo7hdCxKmuO6LARzuY|https://lh3.googleusercontent.com/p/AF1QipPA5bvMXbuRvWi_kDXbKQDXXP4H5TNV0Aek0hqv|https://lh3.googleusercontent.com/p/AF1QipPkcp1sy6tjW-cwpJLAqlYQmnF6SE66MPWPdbEG|https://lh3.googleusercontent.com/p/AF1QipOC8QB54ii6iH1XhutG9yphAooT492JhkPnc-gg|https://lh3.googleusercontent.com/gps-cs-s/AG0ilSxl6Kr-nyywHivH4okoaKpiAi3qMFdSh-_vdfJjxYT_R5mnIkYsVIjFbP2brm6lg7ASGGTwwkXwwTTlg7GAuGxZJA2d8V-0PYxNCoZHC4Q7WM00cocrVTpDiI9lu5JOQwAeYJP_2w|https://lh3.googleusercontent.com/p/AF1QipMf-1vpMZDCSA0pU1FcBJRdMdkpG8DWAPaGURKI|https://lh3.googleusercontent.com/gps-cs-s/AG0ilSxg27-rBub9faZ-HPuPa1mVNf6wrncXBJI46LPvzWEwH820CObMNWUU-ixXmFQYv5rIZa9BXPN-RUalC2WnKZ0isig8kgQ9Ag7ylpxIbIJ1fh8lsSCiHbrqQtCbT4wFXgRpHWr1|https://lh3.googleusercontent.com/p/AF1QipMu6CWAvf1PrpmebZjkRuB1FyW6xCkYMQebyVzB|https://lh3.googleusercontent.com/gps-proxy/ALd4DhGFsNkY1uu5pyYiOBBFyLlk65RognhWIqUJmOYGQ9ghb61bLfo6ACWZSqjk_XiFGoeGyqSG9VFMrEeq3U4oDwDUHUdnBeAjTunHJydzX1EpzAlrWY8sWK8MCmZ9QqB-ZFB7hT5I791BmGfyxOfa2hFV-K3F0MqWQFoR9KMIEctCg_Dtvd8GpUAK|https://lh3.googleusercontent.com/gps-cs-s/AG0ilSwgQlgJFX4DkyOkkKrfrn51bTp_GSnduozqwRsiahP3pgtx-Cs_YDaxuRF00U46HcPdJJpTn5dhD3OH3cNmVd7GttCVtXrxe00240vkjl-75e4IK5QLJmKCn_8GryMhTtUjU0ynZQ|https://lh3.googleusercontent.com/gps-cs-s/AG0ilSwaYF6RYJ4iTCC1IxEAH42dEV0ycGqc2YYNpVUfYLDA2-bvopED1S1EIzxNIoWx7ei75B5ux0IQmlBQXTudJHumdyoxPdOuuWHseRwc06qihtnGula-LZ1IQBUwCHN87rQQZnuA|https://lh3.googleusercontent.com/gps-cs-s/AG0ilSxTxF7QBLIt8-NFx77PpjLl5LeGmEWH8WGZoXiVRjBVvDMczs3G_lFN_TBQKOJmLj0lGEU5yD7Ir7ZGNNyqQyZYmdVuRj2XkK5UecwATbtXYrJ7M0tcUIVWdIeZUBAPteuqC2Mkq2YAhV3J|https://lh3.googleusercontent.com/gps-proxy/ALd4DhFjR0zo5jgSdAyXUCUh9VAWaBAXXnaR6oO-SlUnF5EYQoyts0sb36ZtEDQUGi3Gb1z1RNaS1MWJeKSNKbb3Mn3q61gnHPE9u-wUpop_vn48HQ3GREkOGU7G89ZWcGgqqqxTGyUJeRfX-zVgUisTgrV6m7-0iHaK1GNRgF9p0Udsj-vfzhIFsdsu|https://lh3.googleusercontent.com/gps-cs-s/AG0ilSyv_m7FvKIO9K8yyGuIZHLWWRg6Drb2pyOQXxzSUjKpdahMqSFQe9qpZ2-ZZADFaZlbuzmORz_UxjICxWM7UXyIinNJvlOqFkWKt8zUX6CQ6N2JJZ5R_JyhIeroOdC7-xjU7a94dtkv1FnH|https://lh3.googleusercontent.com/gps-cs-s/AG0ilSzrrjMBLl9zDU54KE9GA1OYYQLz5BLuVy235CN9hssy3LzyHGC5EQKW8xVQdjioXi3PiclMC4e7yiBn_vVRaYYBjsts3NUpSky0YFk16vEJYTJe7fEBX7QtXaI13dTH0KxqYVwE,Palais Shazam & SPA,N/A
N/A,N/A,https://lh3.googleusercontent.com/gps-cs-s/AG0ilSwsHDE9TcvDu9KpEpaOCkS-Po258OOmlq0VtxHBwWwGndgiX-KGfYn91HgA7fFsMd9GFhbcO1Wrb1KxN-UxvokrW1Y-5H-J9Z8FJiU4up4WAGn0PMabzXfRXAYnOXj751bp5GP5,N/A,"4,5",https://lh3.googleusercontent.com/gps-cs-s/AG0ilSwsHDE9TcvDu9KpEpaOCkS-Po258OOmlq0VtxHBwWwGndgiX-KGfYn91HgA7fFsMd9GFhbcO1Wrb1KxN-UxvokrW1Y-5H-J9Z8FJiU4up4WAGn0PMabzXfRXAYnOXj751bp5GP5|https://lh3.googleusercontent.com/gps-cs-s/AG0ilSzzgWus20Ig8FtyGYm4J95pKdZNEjagdlBKnzaCe3Egr0fUfFMykLttXF13oVjWGdK02hcKvytOhhAHzhHVK3TrUnnQCnYmEfUIxWNBmODtIci9B4YXuDKH-bsrCMk8GVzqQRoh|https://lh3.googleusercontent.com/gps-cs-s/AG0ilSxmwbWTkLd-2U8LwSYGj3Htpg90t-Il48cUDSVSPsU3QTbRRtszC501PJRXPbQ64-ko3PacS8G6flnobByE21bgeSQS-S8_oySiQhBWjyxUnRcP2ND9BrznLN_oo9aZQX7Outw|https://lh3.googleusercontent.com/gps-cs-s/AG0ilSyfXfuLe3FwNJ_8-t0YaBeaAl0EgzJ7kVUkkC1YHqbm9Ajh561GM7nwZn8_0jAul2FmUr6TF_O2Sq9UqVRGOyeX5xjYyqrWSo36044n5F1mpFp7R4pHliplwRoKGGrBeqQ-A4Gd-w|https://lh3.googleusercontent.com/gps-cs-s/AG0ilSyEaide3NfDg3zLX_jyVJw5c4XqFv3qFiPqSuejHYplcaEgnqC7Pry3IMMdJ-W62guIfVza4aVnZNuZ8q5bNs2O_n8HAaOnRofHSMPK16iZ0MyWHj8YpW3hCKnPA__W4ILD71ZBaw,Hammam chaymae,0661-559691
"12 Derb El Miter, Fès 30000",http://www.palaisamani.com/,https://lh3.googleusercontent.com/p/AF1QipPCCYPIQ1jZGkwe9X-gziVj2YnteKpfltofaclQ,"Heure d'arrivée : 14:00
Heure de départ : 12:00","4,7",https://lh3.googleusercontent.com/p/AF1QipPCCYPIQ1jZGkwe9X-gziVj2YnteKpfltofaclQ|https://lh3.googleusercontent.com/gps-cs-s/AG0ilSwWn0wMSwjxtJVCfVyYuOHKGVdHRxSCVwwHrZ4a9wwwVVAC9cCQcdnqbGPIrHn8pSCA6-an1a7ZfcdSYlt3Ilit4OLjhNOwjA_ISQotY2v-h1mpTg1NXDBp3uxJjSYhHHbOTxeN|https://lh3.googleusercontent.com/p/AF1QipPoE-NfLXY5bmd6gA4TMDCwtR_aV72JqlCM8vDu|https://lh3.googleusercontent.com/p/AF1QipPgOpEsRXu4QQfcAluDtXv0A7iuw0sodrgmuOlO|https://lh3.googleusercontent.com/gps-proxy/ALd4DhG1S5QpOOSeGGn24XR-r-ocYYit4gSA8SBO4R-4-029B9DxILFFuaPUzbbZ-5QxhUzDwaENEFNocvycN73Rbssfu96AGj3ZTSuSrt1D_eQaVPELjvtzEITQZj_CQml0UFdehBd-PCBA5kgBaU1Ow2q7p9Hmv_vtR1K_9LTSbrmtuILXS9iAcuXD|https://lh3.googleusercontent.com/p/AF1QipOkpMhdnhfAIAwKKlkikzQn3slpVJR3YPzNVSsh|https://lh3.googleusercontent.com/gps-proxy/ALd4DhFbXUt6Fttud_0uIwenWjxWzBRF5fYGGbBgi7ZbYmvVNIefgzUfUERnU4XqhBBm51qeX7LPqidKswLPr-rxJZ7tYJ5_5SI1lfssL0oNL-RsR7i9YOTR84fktivm79VM2m-PbBT1yMFu5QeiMDQtWo7ucBPvmquxRh2L9CYWP37VyjE68bd53NKw|https://lh3.googleusercontent.com/p/AF1QipPOIY_2RALE0hbLb7WX72qsrq8hT4_Y4KJRrYFT|https://lh3.googleusercontent.com/gps-cs-s/AG0ilSwPTOgEJVDbqqnptKc50VixjSgEQQZM74aLXBHIj2SFjGHfFlVaRDHYhLCxoISQYo_lyH0ZGeeVcLvLoBKJbgHG1pL5Gf9vqPuK-d1V0aX1zTmC8DQ7p2OhYvIlhtmDCjLIRWvKjw|https://lh3.googleusercontent.com/p/AF1QipO6-yRaadmojr0NQrNle6Rfo6W1pgLVWH1_R2xL|https://lh3.googleusercontent.com/p/AF1QipMF0zBrD8vPtWmyZxFtrW6GSg0Nf6jRiHgzsGZf|https://lh3.googleusercontent.com/gps-proxy/ALd4DhEZ1m06VEo8bmynEE3iPVuAwdn9wHxNw9LqkcHOsjTnbcAn92rOiwpm-7GD-CbrKZ_xw9YnNJ__CRBsTm_OodO9U1LPmw7QlgnBeUV_HitSwK8WXMSA5Q-8jG6o9X-yBkrOWxo0To6Gwg_d2FbYSivHYy8KkHnYvJISNLik_5kwk525Vqe6hILT|https://lh3.googleusercontent.com/gps-proxy/ALd4DhHllii6UhvKYhgylfiEN_XdG_rLRwAu1_q2bEBcT4J-D0GKhYeTXtbFjY9cxkYvYCzM-JDSAQl8vzQCw4ADPHC4ASBFEQ6Tbsu7tBXDQo5_gpDZg5hW3ThLVS2NjuqZxL4wTO5lPvndoeMh1ys5cpvlZsjXpDF6r3Y739eb9MxeGtn39YmwioG3|https://lh3.googleusercontent.com/p/AF1QipO0cVCJEvqwSr6XnmAcKnaVaFXCMaADUnj52bLc|https://lh3.googleusercontent.com/gps-proxy/ALd4DhEmBmFJD3mjhea4oMWFy0FySTEIZ0q0BHmqzD4Tpfl3offqIQfTMdNwFuiwVyqoxixNcqUt4vNC0GQEAYYfjVqfCWRvfjAI3d51MuGpNvj1XLnJwTMzfCpdNnCQ7A3Ln7DXz-tv_9TxqIz0qnEvgHrTcEUkRD1khGW2fsDnQGdgfdT5CkZyqfoe|https://lh3.googleusercontent.com/gps-proxy/ALd4DhHxI066edArTHYaePaqg-ITvdt86oTRIg1QnlwGl1D9wID03FFUCy74y9wksxgBxvArGM8zzKpukldNZlMseR7wcAlc10Qq83V0M3fZVGbT31FUAptgKMK2v-aFYoB1Ysfi2B9_57Lj8MBAk6vszhNIEUI9y4tsli3ZfXtLLkhVoahXomoZ-OmKDw|https://lh3.googleusercontent.com/gps-proxy/ALd4DhFUy2FYCFYTqit1GE1rxeu731slX_fz-lNQJbnKx7ZAc39oULDyHf1VhpmMLTV0Kyp768G9LGJwL2hR8ZDz83TjSWagXxp2p9Djo9VCExOx-7IpljZUahDhrSXRJozXbGvjRFe51TzJA6lS6PCnajXzosOLOpeLIBuHC8kH5IAzKjnWuyd7|https://lh3.googleusercontent.com/gps-proxy/ALd4DhEaZsAF-UMjKikR9c-aOmk9kQUc3BB7AZ1tEE1vncazFedaooDJDAV1xy_7AwkT4tOk9q8TXb1txgOzpyk7bmLwjth9NtYnaezFW8MLXrA_B_UaMyKPpUDH3mlz4QM2JM6E2fDZQZ7i8ddCvEPfN9nlvbOfYdK5kqGGrzRV__qre4_MhsOuRQ26|https://lh3.googleusercontent.com/gps-proxy/ALd4DhHsLqVGENHHP2d0agmefE_0-NrGf5LRoQyCBtT30xYpGwkgxtenTiw1MBLhXn3fcAKjJTfGUzPpAl0kOxcogojhyqP9IHsMMN8BMpae33ILT3WZxYHwvfop1HdWGOM1MUJ_Mvk1wub_PG98PUHUo2zRlAPLqNbxf_PHBqFD2A8OTulX8Uf5NVDq|https://lh3.googleusercontent.com/gps-proxy/ALd4DhGWmkw76VfHIWzFkAnWQRa5Bo9rXiEBnT_b-WvXwsadCovRHQjsweeCVXh-wTG93Vwu0xRMWdwu8CR-8360uaj8qh6YJzPX6EjRnC2IhHm0cztlY0cHkjffqZqkx_EMGIdqbqYygMbd05857B-jB7CcinWOUvx2_3EnAWyqSm-Sa4SaLu6JtS1K-A,Palais AMANI,05356-33209
"H98Q+JWJ، RUE A ESC A ETG RD DERB EL MITER CASABLANCA, Casablanca 20550",N/A,https://lh3.googleusercontent.com/gps-cs-s/AG0ilSyNssNiYTHX7oJlPvGsOygrFdInO5fyP0eOSboGNsLzz-dUQisIxToITKoGPNNuRhRUPPoA2TT5paGDZ_RPqzZNUXfzGPQDS9HDvNjhFPoLa22wJx_UkL609KzhtMNLl9tVBhk,N/A,"4,1",https://lh3.googleusercontent.com/gps-cs-s/AG0ilSyNssNiYTHX7oJlPvGsOygrFdInO5fyP0eOSboGNsLzz-dUQisIxToITKoGPNNuRhRUPPoA2TT5paGDZ_RPqzZNUXfzGPQDS9HDvNjhFPoLa22wJx_UkL609KzhtMNLl9tVBhk,hammam-annajah,0661-119733
"6 CHERKAOUI AKIBT SBAA F, FES 30000",https://loudaya.xtadia.com/,https://lh3.googleusercontent.com/gps-cs-s/AG0ilSxTHsK1CxOoHlcGHa-IHU7I9dpx2BSW8qa4JWlMyXMeRfuHt_gEw6ulJGt1zybqREgbk_5KMLuI6euQtLsSF22C72lQzo3rYzMQ1hkdVjiizJge1s2H28Q6eFaHQDSawntbEq4S,N/A,"4,9",https://lh3.googleusercontent.com/gps-cs-s/AG0ilSxTHsK1CxOoHlcGHa-IHU7I9dpx2BSW8qa4JWlMyXMeRfuHt_gEw6ulJGt1zybqREgbk_5KMLuI6euQtLsSF22C72lQzo3rYzMQ1hkdVjiizJge1s2H28Q6eFaHQDSawntbEq4S|https://lh3.googleusercontent.com/gps-cs-s/AG0ilSzZvdaEU5CTexcrZfZto0IADO0iiFwyiPZDgMNhItbQM4I--OjM1Y0NeBJ8Gf_bVCHAvfsX7dAU4lsle9OauzyKcvt8vPc3N8tcKDcgwPXaxo-XAlh7IT6UJev62Z8FzNKv4bfC|https://lh3.googleusercontent.com/gps-cs-s/AG0ilSxejjxx-Vk0yB3FNFGrWhrp3ZIX0WI61HfY-q2lT8KZ22q_G_iSPCuuH7WKotBE4UnzJLJp4rfdH9rcOMAypCmLn7dCJlQBNHYLyfaLqPVcSgWtXOOtBBPiZOF40uiZtPWpRXUN|https://lh3.googleusercontent.com/gps-cs-s/AG0ilSytifoi9BaxH6P9O_W717emGYObkNXkssbpvDj1bFidDJy_tlmhdCueaX9GR3WD5SoF60pS5FZzMNcGfXF-HfzlJyN8n2FjHdaciK47rA16ipKL7ixtbXqDcjR-Yue6v5-QLuDerw|https://lh3.googleusercontent.com/gps-cs-s/AG0ilSwv4a5cBh4GYVPK4yQ7NpwrD2s8QnHkBFWz0eIHjzK2gvhdepyxOkJDTpc-if8GE-vpXwfrMRjEbhaUHxPpfWexaefrldYA4BUHqZzcnJ98SeyaZXQZ3SrPHiFAKh3Hw-M9fQk|https://lh3.googleusercontent.com/gps-cs-s/AG0ilSwH0fAT_2eUPg3tZOMdxOjT5cDqrLvxG4YlvJqnivLAVV9rUbSA0opV-sg2u4gGxmbW1m-KV7gPOV3bWVktx396XvVGcTwu9-l_09j3MFmxA16W99DNydXAHIpzZsIfuSST5eilCw|https://lh3.googleusercontent.com/gps-cs-s/AG0ilSxG2I6RD22iE2E1UWqDTZSsnnFmB7zIYFkwrpKEqyltZBk_RC0GeZOJpGmPZRSP98j4EoYHjQGaI6Jn6sdmuGbUmlEzHVgPQDW_GA_w8Yv58_WjFLX1g3GZbCLt5_Buc0ywtNW5|https://lh3.googleusercontent.com/gps-cs-s/AG0ilSzfVUGoGZQHGFEwEleQUcTmEmo5TQnqcMqhHGORjot79DHhAri9hFDbernaxVCYsTzXhyYOBGZKxQWcKz3Jzt_4kiYtE1VDFJ7S3K0uAKz6-Hc3pTSlj7eqQihPr0z8VbgYGsWBuq9XxScS|https://lh3.googleusercontent.com/gps-cs-s/AG0ilSw2Qp8Sgx4YRMCs8FpxfDDy7f-JHO9zDi2EXnPPy5yiurozClYd5qDzw5F2oG5i4TS4fNhsubT2TItRW-BP8ucCwZjOA0wF5LufsKIa3yAxJkBJ5oHfTdLfRbAxElTVLEroT_GO|https://lh3.googleusercontent.com/gps-cs-s/AG0ilSzX7c7NtxwMBpS-aiYtzLrLwiAHM-nzPg_3WpnRSYHZM7Pl467xw6p7V5eBvM85M0qQjNifsmcpf68NQW-HCx_GScdLnNPTxDWfz7HK04gqlSFowkXkgJ30tNVLBHXrXwsKgpkp|https://lh3.googleusercontent.com/gps-cs-s/AG0ilSznQ_SOwOYsv3CKnj3UcTXHortHQrnSCQfH062Cjga0XX1CDeyiCJrvg8Vug_f5PHT56tYHt9OO-RAGvBtFL4sGwSMomBoJAjXheVN9nNz3Ouly3Jw6lu4qshD38m35x-qLoJ3n5Q|https://lh3.googleusercontent.com/gps-cs-s/AG0ilSzVDEfeObeiDyv4e6-Pvcomtfdn4Via16Jsq-iqdd9oOw4lVIWUl-4C0bNEMCgMYp8pE88mUiunn4tPsmDUbrMada_YgryV3kxdZTKN8Iq6fGSy6vi5cMhoLKz9UrRu9waj0-U|https://lh3.googleusercontent.com/gps-cs-s/AG0ilSz5NugLh09LsdC9ZoX8dNGNRpCOrp0clCl8za2jKPEb_Xxv2O_rwj4x487NAzwm5Y6oEwqn1yTPoLBMjBr_GBqjx_k_oDxZ3-tYh6E6q25SfbMoiYsoDfd5KQj8tQ6s4bXkJcFjBXzlxffV|https://lh3.googleusercontent.com/gps-cs-s/AG0ilSwG1KdBNAYQVWdj_8RHZZ_Y14G3sYUCY3y9ieXqtMY7_WdDAMQwQdt8egaHunRkQ2zupu5D-cMcRijiUG37Ih31nrTA3Ojjn8p1Yy0eoWQh7dJSuNVB2ZHdkvV1bu1p1Y80XK3miw|https://lh3.googleusercontent.com/gps-cs-s/AG0ilSxH36_jWe0iKFkkOy-1TifYr0jVXbaxdET5ZQCLoi1aFJoQTkmGVpt37O4L1VQIgAu_Rav2nUkpOjJ0iv9NiLth9VemipbykphMVSfXT377EIvenw3Bcrlw7JC9R4JuwCGAnBkWjf7aaY4F|https://lh3.googleusercontent.com/gps-cs-s/AG0ilSxpz_QREHoRM0t_FinM97sb4KfEPGuh0q4i6N4UbRWv4H_bi-lccKjdBdgoHJUah3RvBoqeKt9YiZYXe-6194jXHPIdJsE1qQBdXwxwReUa37JgDEh9BXOs0AwaLftDy9pUQhaG|https://lh3.googleusercontent.com/gps-cs-s/AG0ilSyOjJRi0373Y3z6LA9cUblPDINqp0qwJJ4GPvyJP2MumK5N7DkzjE8rk8z_me9SfUb6O2V2nPzLjjcAVS-GgR3W8MLCA1bLyTWLq5kUIOt0GDh-ajf8v-plU54ouE1iFBI9a7R-vJt3w_H-|https://lh3.googleusercontent.com/gps-cs-s/AG0ilSyIK4C4eovvTf7k9Ze7K5BSynpbICN91RLqygDpk06zT2NMXzoe1Fb3pCAe_C8QSna2AoAFKAcqPxmt1blvW15mIqoYLB0AG0D6gu2MUB99iHIGF1JkDMc_trf87dRGB2QrAIenuQ|https://lh3.googleusercontent.com/gps-cs-s/AG0ilSzQ-xxt_33ySVZuu0CVknWFhqPQYshsDHJc7KPUpRXTSGv0TImQrr3NY5CMbftIFRZSC0nTsaUKwwW2zT_JW9bZ6EquornDF-gTLGo5FppnW9T29mufXeLySqW3SgOs6es6wWw|https://lh3.googleusercontent.com/gps-cs-s/AG0ilSwcOOEdHUYU-HnOKGEFelpSMz3M3y6NDixfZFL1ehTx87r7TbhCS_VKQMW70A5KrWFfs1HLOy9BEo_HWRqA7S9OuW0wpZNv7Xn27yhdmveMwrxD9SjqRIYo_AnCuXralGaLpeM,RIAD LOUDAYA AND SPA,0699-243246
"2XFM+MJ6, Fès 30050",N/A,https://lh3.googleusercontent.com/gps-cs-s/AG0ilSxLFNVCxEY3uRZOutu0qZ2w9PVtuS5FIkAPEa-V_CyLIbmfJLvRfFQO0TVNaCNwRaFOJm_UwobMNddFLlX9LVzJilJPn-oSNASGBteAjTgtkCX8gmYysdTacI5XumYpOZGLLbsB4w,N/A,"4,3",https://lh3.googleusercontent.com/gps-cs-s/AG0ilSxLFNVCxEY3uRZOutu0qZ2w9PVtuS5FIkAPEa-V_CyLIbmfJLvRfFQO0TVNaCNwRaFOJm_UwobMNddFLlX9LVzJilJPn-oSNASGBteAjTgtkCX8gmYysdTacI5XumYpOZGLLbsB4w|https://lh3.googleusercontent.com/gps-cs-s/AG0ilSxqUSxXutWzVg6b05ydn7U13X4Qgt9TrTCbzCEDBiM96KKIvJzOVJ_zjacmH_WkgxQ18_bJGbrIn8ItuFBGVqLDKPPdRe7ms8Y3rpT_Vs5cISiagxPokKAPtYumhWfU4GDJ6da8|https://lh3.googleusercontent.com/gps-cs-s/AG0ilSwdGU0ucnfnMk-loDAEhmw1fZNebJCWA3Ewwe1M6bLW3Fw6FGVYCxIZQp-Te8MOEzgJOrUrUKjgbDfGapl3goMU7O6obxL5WKAd0N273vAoOlUEdtje5GmZaQxu0jl4yU8yuLvA|https://lh3.googleusercontent.com/gps-cs-s/AG0ilSwWMrl5gV2lNHsfRXTYvKcx1m_uX10hOLy1plo8GG40cHM3o0Pa0iykxZ56CfDQIGOVn0GZ1eUoctCUnzeWmJx58wonVdBhU3R-UR9wrPojDh_XLmz3WnwEuYqJtMOJQjGKw1ReRw|https://lh3.googleusercontent.com/gps-cs-s/AG0ilSwv3TPMkCz_zEsVcEA3ba8OPYvBWE_W__nhRUvvmSWtbC4TNWuyB8ANSolPcyJbZ_cwrYi0KJhqbwQcuqJ-Dhu6KX6ugo-yzWDwnOwVpS7FJSBo7XEnt559cxJOrAbhohDz3oCfAg|https://lh3.googleusercontent.com/gps-cs-s/AG0ilSz2StanTkvQ0p8izQ9Mtw8_tScjv_bI8UfZ8OdGcdbchNuKulX6gEmeSPUolqIveZ9FSj_FX4iXmEmcH9B59GmSgJpFb6PMzzJqhqdbjufQ3X-g8z-F_Ws4ouiiZ_yWEXaCKdUBXA|https://lh3.googleusercontent.com/gps-cs-s/AG0ilSyLfNEl4egCaDOI3oE_pq7OGe5r_iFZkDPwbyf5CQWxDad23OsSMDsRDJ7ELyNpIedpkdXHcnv4QjIgI1pEQXTRrs25WfSN_EQ86MXnT6oMCKJKkJ7I2yUqW2kPcYuefV29OYAQ|https://lh3.googleusercontent.com/gps-cs-s/AG0ilSxC-yCUxLOvHkxE4XSqCz5kxfI9xk5QuuDQMoyNwFEVfeatMHlSqxjTXhYzN4FQKUVmd5KGYRf5AA6XvF1M5KtFWzcc9F2_n-WkzMbws41Be7m_rFckWVb7PU-JeokjBDRqmRRc,Hammam Anas,N/A
"2XFM+MJ6, Fès 30050",N/A,https://lh3.googleusercontent.com/gps-cs-s/AG0ilSxqUSxXutWzVg6b05ydn7U13X4Qgt9TrTCbzCEDBiM96KKIvJzOVJ_zjacmH_WkgxQ18_bJGbrIn8ItuFBGVqLDKPPdRe7ms8Y3rpT_Vs5cISiagxPokKAPtYumhWfU4GDJ6da8,N/A,"4,3",https://lh3.googleusercontent.com/gps-cs-s/AG0ilSxqUSxXutWzVg6b05ydn7U13X4Qgt9TrTCbzCEDBiM96KKIvJzOVJ_zjacmH_WkgxQ18_bJGbrIn8ItuFBGVqLDKPPdRe7ms8Y3rpT_Vs5cISiagxPokKAPtYumhWfU4GDJ6da8|https://lh3.googleusercontent.com/gps-cs-s/AG0ilSwdGU0ucnfnMk-loDAEhmw1fZNebJCWA3Ewwe1M6bLW3Fw6FGVYCxIZQp-Te8MOEzgJOrUrUKjgbDfGapl3goMU7O6obxL5WKAd0N273vAoOlUEdtje5GmZaQxu0jl4yU8yuLvA|https://lh3.googleusercontent.com/gps-cs-s/AG0ilSwWMrl5gV2lNHsfRXTYvKcx1m_uX10hOLy1plo8GG40cHM3o0Pa0iykxZ56CfDQIGOVn0GZ1eUoctCUnzeWmJx58wonVdBhU3R-UR9wrPojDh_XLmz3WnwEuYqJtMOJQjGKw1ReRw|https://lh3.googleusercontent.com/gps-cs-s/AG0ilSwv3TPMkCz_zEsVcEA3ba8OPYvBWE_W__nhRUvvmSWtbC4TNWuyB8ANSolPcyJbZ_cwrYi0KJhqbwQcuqJ-Dhu6KX6ugo-yzWDwnOwVpS7FJSBo7XEnt559cxJOrAbhohDz3oCfAg|https://lh3.googleusercontent.com/gps-cs-s/AG0ilSz2StanTkvQ0p8izQ9Mtw8_tScjv_bI8UfZ8OdGcdbchNuKulX6gEmeSPUolqIveZ9FSj_FX4iXmEmcH9B59GmSgJpFb6PMzzJqhqdbjufQ3X-g8z-F_Ws4ouiiZ_yWEXaCKdUBXA|https://lh3.googleusercontent.com/gps-cs-s/AG0ilSyLfNEl4egCaDOI3oE_pq7OGe5r_iFZkDPwbyf5CQWxDad23OsSMDsRDJ7ELyNpIedpkdXHcnv4QjIgI1pEQXTRrs25WfSN_EQ86MXnT6oMCKJKkJ7I2yUqW2kPcYuefV29OYAQ|https://lh3.googleusercontent.com/gps-cs-s/AG0ilSxC-yCUxLOvHkxE4XSqCz5kxfI9xk5QuuDQMoyNwFEVfeatMHlSqxjTXhYzN4FQKUVmd5KGYRf5AA6XvF1M5KtFWzcc9F2_n-WkzMbws41Be7m_rFckWVb7PU-JeokjBDRqmRRc,Hammam Anas,N/A
"Rue Assilah, Moulins Idrissia, Bureau Andalouse,4 ème étage, Fès 30050",N/A,N/A,N/A,N/A,,MEDICAL Spa,05357-32801
"2W6P+R7, Fes",N/A,https://lh3.googleusercontent.com/gps-cs-s/AG0ilSyNssNiYTHX7oJlPvGsOygrFdInO5fyP0eOSboGNsLzz-dUQisIxToITKoGPNNuRhRUPPoA2TT5paGDZ_RPqzZNUXfzGPQDS9HDvNjhFPoLa22wJx_UkL609KzhtMNLl9tVBhk,N/A,N/A,https://lh3.googleusercontent.com/gps-cs-s/AG0ilSyNssNiYTHX7oJlPvGsOygrFdInO5fyP0eOSboGNsLzz-dUQisIxToITKoGPNNuRhRUPPoA2TT5paGDZ_RPqzZNUXfzGPQDS9HDvNjhFPoLa22wJx_UkL609KzhtMNLl9tVBhk,Hamam zitouna,N/A
"11 Rue Ibnou Nafiss, Casablanca 20100",N/A,https://lh3.googleusercontent.com/gps-cs-s/AG0ilSwX5UmuHFDb53vIe5ki6mCyBnIqio-DxTEI0UrRYUS_sZ96PyG5DelMDYy8mTpRxDGlgdRXK-OK__f6Upcn52MG_d6BiI8bE2kqClg6hSPW1Cpi5e3Nq4uPKUkOZhbR1c0X5yU,N/A,"5,0",https://lh3.googleusercontent.com/gps-cs-s/AG0ilSwX5UmuHFDb53vIe5ki6mCyBnIqio-DxTEI0UrRYUS_sZ96PyG5DelMDYy8mTpRxDGlgdRXK-OK__f6Upcn52MG_d6BiI8bE2kqClg6hSPW1Cpi5e3Nq4uPKUkOZhbR1c0X5yU,Zaki,0601-867946
"15 Rue Attirmidi, Casablanca 20370",https://www.facebook.com/Hammam-Turc-Sultan-%D8%AD%D9%85%D8%A7%D9%85-%D8%AA%D8%B1%D9%83%D9%8A-%D8%B3%D9%84%D8%B7%D8%A7%D9%86-122209735016800/,https://lh3.googleusercontent.com/p/AF1QipNLEHMvn9RFeTwZ0MWuwRJ9yujwj6lhHNBTy0JI,N/A,"3,7",https://lh3.googleusercontent.com/p/AF1QipNLEHMvn9RFeTwZ0MWuwRJ9yujwj6lhHNBTy0JI|https://lh3.googleusercontent.com/gps-cs-s/AG0ilSwy7wwJfOZeturFkMxLqmKp74Kj-dXZNehapiJRoWROURa-TxADh66nnca5PzimvlG5AKautGAMSym9fz5hF1QuKd1BYp6na9FGYC8YULr7tW2noBOcW5TQCHjEAdNZ548_qOE|https://lh3.googleusercontent.com/gps-cs-s/AG0ilSz-QrYyLbtLY4YjvVYZfLQklnHuaQ64Qc__13wDDLZLC-JBSiM64aVKk-pqkNYZ5IEXlZD7726wSaXBMQm-iOqseR5vrdnfKL-11EqaWAohkFsSiRLmT8NtF8rP6q0ypAu3dzjs|https://lh3.googleusercontent.com/gps-cs-s/AG0ilSzSwzcXvrNZgxOcJ2UTmDoMcMCZeXGkd7KINv-2zE7KSFeCcNek7zOhirmWiwAdS29dlhkfgwNR7m5CWAxBkxHBf3t10i7cKQmn3JNa-Nxw6SaMlQLVaXPaZH2IWyyoDefNNT03|https://lh3.googleusercontent.com/gps-cs-s/AG0ilSzQW1IQYX3po30d-80MlBmlBwttoecLo1gAfGuSfWBgYdsd6BO39ADbFLRdS7kDppBOtT5baV4No6YQaY_HlckubhE62AR04t8xO7kUdIlDjbaXY92qoXcJ2YWV3jtob6fvWPgEow|https://lh3.googleusercontent.com/gps-cs-s/AG0ilSw52O9ojwpG8LX9lvXvtOHnmF1O98kuj7TzjwIj1OET0yvDZ9we_WmEkov1T_cOa5Zk7Sw6vr7D8xWEXcqJ_0k7KCSVzhT_gjbYr_bEh2AdAtcQ_LrEwi4Z1neyfRw0rG4CZSB1VA|https://lh3.googleusercontent.com/gps-cs-s/AG0ilSxbhPhNkB2y8mH9eeVmiGNE9OK40RYgazarN-9k_tsE3atKKi1-JGYovPqFcgPY4UYAyaFVmcoVGbmvLM_11xbKiIo1HL5W-chW53oe_S45NEdBByO3F2cId778sarTMkrUT8FR|https://lh3.googleusercontent.com/gps-cs-s/AG0ilSzRl2WhZ-rC1mPpgsthXb1hrKbtTjYyE9SvwzZ5RumudyA2qDJn3aJDfCxXMFOz2a3MJm08MtajeK_oDmLmiqPFsncMNbopKIkti835cL_qGI8Ek8hgwj7sAFtHujTCkWi9j6_J,Hammam Turc Sultan,05229-82479
"2X9F+JGM, Rue 13, Fès",N/A,N/A,N/A,"4,0",,Hammam lalla Soukiana,N/A
"11 Derb Sqallia Douh, Fes 30000",https://riadtahra.com/,https://lh3.googleusercontent.com/p/AF1QipOM_ze2ulERy67nneoc7c5NUgTlcw3OGlt5uVtu,"Heure d'arrivée : 14:00
Heure de départ : 12:00","4,4",https://lh3.googleusercontent.com/p/AF1QipOM_ze2ulERy67nneoc7c5NUgTlcw3OGlt5uVtu|https://lh3.googleusercontent.com/gps-cs-s/AG0ilSw30seyC1DbEzvhe7xMIkv3RSPZV_mfXyC2Fk19AHy5p6hapgxyNmrM7QvsIMAQez9I-Fl5mnviyfpb_aZ7O6F8GixYiM2G97_8SFf2if3pCIcSyBKWkU1WuIaBjWGP|https://lh3.googleusercontent.com/gps-cs-s/AG0ilSxmm2HLGEb4rmv_oF_RYDUZrTT3wQYpHYzihd_KHLRFFj6aFOY8thYDfa3QNI7SGexIDcN0yfkB0HJIsoN5nn4BkqmDuGJAnQ7bOmUnL5zmnUgCzb2oQDVqedSjuj8_Y1RH18NK|https://lh3.googleusercontent.com/p/AF1QipMbEnOH6maV5gOyH3LAezHjAFcnAHh-vIhUtTOI|https://lh3.googleusercontent.com/gps-proxy/ALd4DhHKPi4mJlZHbpTwOuEZPAqUvBFV2HR3kFJw5ooUurRZEV7z0HuMPZDGTyaWqwKlPJWMV6BRJxpZtOqxJtorZeiHhA9pexn-FIco1R60JSWgdIeWGOmA8Q-J_jBusbo8h0Vvegl9LmYFUVd7IqqpNgxyBN_UlWJ5pmS5JiVVPMsetONc-Ubssw1b|https://lh3.googleusercontent.com/p/AF1QipP8Fwbk01l_pr37Enp1OyZXqYMOLrPmVyp6pgBV|https://lh3.googleusercontent.com/gps-cs-s/AG0ilSxLg6J9WTmTy-7kISDfewDJaq1gmtsigd1tQ6OZGKwQcQ-uAe0Ch2wA45TScT3csJ67aLQerpbGTgMMPd6kJV8OW27DROG7MaXk8gHobUnwxfcNq9Qnwy7_dKOJkazFVLouPwQ9|https://lh3.googleusercontent.com/gps-cs-s/AG0ilSxJIyd8lTz8s4cfr47eJ1IErH2BoaHs2P0YYe1owUrhTJX2uBd4DIl2sQ97BWnrCcHcF1TXjmfIe5nQeLpskuZijgKpLnKZx80fpdvQYVo8J0qpPmEBt8dpIu1lB__VWbquMmilng|https://lh3.googleusercontent.com/gps-cs-s/AG0ilSxH3TbCArRU39yJF2TCIewt2Mlr3TJnatgWHzY4O2mpm5ilcO8sLdAWitPr4ySclZ91Fl4tLU03GBAd0ZwUBuyuOT92TTVxu7OVF4l7in4SzHYVcplFxeKyfM1khkZSA7cqcPYr|https://lh3.googleusercontent.com/gps-cs-s/AG0ilSyRAODdRaH5fo9ynVTpxlGjKkDaTjZRUio7PTOCq07MQlbiYccvFm6B2vjG9ii45p1Oqf-yOADrI9KctR2dxwNRJkgZMFz0nMIGS-2LJh7NjH6jD5PbWwYi_YS0JUL9MrmTFkEK|https://lh3.googleusercontent.com/gps-proxy/ALd4DhEI6iWpnbbfy3bkOC4TEHRJhXVQpIWSlgk3BNY6q5VGDUJdLx0chGR4a4INia3i9FI2QZbTmMx3xiz7EWI_HQZpfFV-3p-8xqBBAD1MORMmWxDG2envOd3xjda9sxflH4Qgj-iFOUe2xffevS7okB-PWmkwb1kiCONTgdoxEherwAIabWEuEoz1Uw|https://lh3.googleusercontent.com/gps-cs-s/AG0ilSwVQvaO34V9gtCXfQsy1nSZ1cbp9MFCNVagI6PIodZj6RYWV78fY-BHsSYq_46MSpAidYXdSllz1kfFLnjKUHAiE0ckXsPhFIw1TqEA2dNH8Hd07rUDgzHZqQpxR2hfbxGZHYxwaA|https://lh3.googleusercontent.com/p/AF1QipPn-H1Oq6BQQVDeAEKa-b-kqiZfnwBkEC4r2CVu|https://lh3.googleusercontent.com/p/AF1QipNWHlqiFBWgv_TFk7plgJ4MjBQUh3xwXv1-tgIj|https://lh3.googleusercontent.com/gps-proxy/ALd4DhEFP76aRDyWXjH0w9f8EJaObeDbnAL7iBsHI6iQgaHGTt_SkfcTICXnmAD1Emeq2ze_E8JwYSB_0hiNBPWqXRB9OCK_XgfQQy2XBIhmOXYZxLExYsB4sXbkY0MXdakzjCMI8BNN6oojolgX-vSevbKqpInaJv02SmefedO-t3CxYvI3JuxxDrebtQ|https://lh3.googleusercontent.com/gps-cs-s/AG0ilSytl2bUl6apM3qe1G6rq7edOauY4QDZQOn2yqCn-0HfXrFnyEQFEMK8Cse_MLp8F1wKsSTZR0DhIJReZBFD77KvbeFAzYKd_2ImQCItQB1Bolif_q-UDEoAyoOdDKrZTP9aOqLO|https://lh3.googleusercontent.com/gps-cs-s/AG0ilSxp19IxpbxEcE5d2yTJVTvVzwmqqitSrE3WCYKtdBTZKmkK2myelzFwu28UT8IKTCYNu9HogEC44fReI5zrKb1171kTh4JzeQPW1WGwb-5SRhrsBf4pujR8zxZ_zZLyk8NfaO9MoA|https://lh3.googleusercontent.com/gps-cs-s/AG0ilSwv5xwSirsd2Amv0vZNrzSkR3IIotJdigHv3vep0qq0nCiF2cqLmjNaemwBqKXjUfM2JUsPhof4lV2nWz_qHZ6VD34JP_FX3LF2vcD3AVHoJ5jL2z9Q-O1ygOEJV42ZMU2y9BQGBA|https://lh3.googleusercontent.com/gps-proxy/ALd4DhGqZKGNPLrzt66yl82bNbam5FX_36tbcm4ePhjUFJPJkAEvbpky9mLBayykbj8f7vBmhGn6prMV6rckIy_xn4wG0VhhQdo1tXnJjP4qnxUhw30S-4p66Dv04qKXPBlyRHUKbKp7sy3oxZxK5ZgQByeCJw8mGlc4UuoTN7PJYV2GnDMM2I6-hzIm|https://lh3.googleusercontent.com/gps-proxy/ALd4DhHRce60E5cJpX1FB-Lgax1shGykaxPMVKOiKq1aUWNc3QZGu55MD4YO9gVUmsnLtPfzkz63oO9KBAyAuaBJdZ-ZFSVKGIMF3cEONdJ0eZV0oOrK2CKW-yy8a94ramBNU9eNJakk-NEM_DSqESst9Pq1kz1Nr0V3ZvcRL5ohZdAPPbF3I4mX8VCMNg,Riad Tahra & Spa,05356-38425
"bel Air Champ de course, Espace Bureau panorama bureau, N3, Fès 30050",N/A,https://lh3.googleusercontent.com/p/AF1QipPVtx7g6EIummhbncruFxv1HceS2MAGyqObxcAz,S'identifie comme géré par une femme,"1,0",https://lh3.googleusercontent.com/p/AF1QipPVtx7g6EIummhbncruFxv1HceS2MAGyqObxcAz|https://lh3.googleusercontent.com/p/AF1QipNUJNMMoXNrPj_LEfQTHao2Z068Ml09MmdSR5Uo|https://lh3.googleusercontent.com/p/AF1QipP-ibOakGJOhHXFVFtd7_IZVMmn78U6p5tc-1FD,FES THAÏ SPA,N/A
"2XJW+R7R, Fès 30050",N/A,https://lh3.googleusercontent.com/gps-cs-s/AG0ilSxvra82_kKAqVTYOm-Ohh6MkMOU4k9Cwe5lPX94HkzLYw2zmLAVvNif6anykq8O5mPHSbtplOu8PlD8KOhvmh3YTo-72G7KtWsczxyuRZ1rvg9UWQ3qesQadI_b_lJ0ttcqS-F4pJn_NWmW,N/A,"3,4",https://lh3.googleusercontent.com/gps-cs-s/AG0ilSxvra82_kKAqVTYOm-Ohh6MkMOU4k9Cwe5lPX94HkzLYw2zmLAVvNif6anykq8O5mPHSbtplOu8PlD8KOhvmh3YTo-72G7KtWsczxyuRZ1rvg9UWQ3qesQadI_b_lJ0ttcqS-F4pJn_NWmW|https://lh3.googleusercontent.com/gps-cs-s/AG0ilSz9217Su2OEvzDQsJS0sSbUuW3If27TksI7w8k0GJZt3f9E5t31nU-5wFgamI9Zjfe13i-3Bg0-Z_4wJBJ4XaHIC-wUFDPySkJKkUs4wnoZPWXIPhezpU8ALHm5TjuhPRthwHg|https://lh3.googleusercontent.com/gps-cs-s/AG0ilSyuChWJMWu4mwxVrREXZw7Z_06FK4ZfnyufttCOi1S_nToFMHlzjSMaCqaEfvIjAgdPAs6wnMBlpQhMSrJk18678KtamxMUcMj_ppKBXgy2TQ4hH57AzuJMHlONRtP-8EvJ73GO|https://lh3.googleusercontent.com/gps-cs-s/AG0ilSwlE6fLRRzxm0u0LHf_-qCiMYZnK0hYD1dFCM2xhSRCZx4WGeu5xHIULsVdKhzaq079lGggL7a36QnpRSr-ZpwcG7iZGqf5dznMkGrc9pFxwSD6tWWLXnB_-R0lH-NeWNcIlTqf|https://lh3.googleusercontent.com/gps-cs-s/AG0ilSxC-aW3Af2zTL69KRK_coSaM4pBjQr65GWkMmknI2bX-Iy6nJhbVhN0XWrWN_j6MNz9qp4t1rHA8FoYPmjzd1Z0mNw62f6xZrgNKHgdzLy_A-wPzV_TtmZctomCmX6RWhn3qK8J|https://lh3.googleusercontent.com/gps-cs-s/AG0ilSwRBOGuUVaVwaCE93SFYbR8__x__wpT9u8-S6yOswjVlJHR7IfyeGbx1aR37o0PcD3talQOi_IwsNCiyIVEaoll1Y6pPK95fwNFPA5Xgv8WCCztafy-Zwq5XhTttQQIBjEU7IY|https://lh3.googleusercontent.com/gps-cs-s/AG0ilSzCj7uJG9jmWLy-lbCGiJPNDSHri-hhoMjDIoU6_1loinicvP_Xj19LilxxeNJ70Eq6SxK_bU0LJ13ZBecFqaFwLAsFEsLAfk8VMOeguVp_TqWHlwyZiWqde-KfTL0inHxxO_ug|https://lh3.googleusercontent.com/gps-cs-s/AG0ilSzTsX-rurlq2PANHvwQ9GVHbh6NVTbxMwJkcYXYLu54YzUJDaW6VfCmfEJQVTAnOKaNb3l3Ehy7UsqVboDEJVEgXlmeY58IpJVa9q9zhdZj6uDAWxRKkz7gH-4nwA1k5VMfqW1X|https://lh3.googleusercontent.com/gps-cs-s/AG0ilSxT1frh7xM_AiSBj8vHNSw87VH6aRs_-C1Q4UaMUDL4f-gYLSYhdUIK7IPOBTpfjihnm3R_TbpOcfog1J06pwLf8vSbfbb6gY0uB1YI_LTnHQC95LU2eKtu2YOk_jSn1sIx8Kk9,NARCISSE SPA,0622-372237
"327F+VQC, Fes",N/A,https://lh3.googleusercontent.com/p/AF1QipNLEHMvn9RFeTwZ0MWuwRJ9yujwj6lhHNBTy0JI,N/A,"3,7",https://lh3.googleusercontent.com/p/AF1QipNLEHMvn9RFeTwZ0MWuwRJ9yujwj6lhHNBTy0JI,Hammam Moulay Idriss حمام مولاي ادريس,N/A
