website,location,phone,image,title,images,description,rating
https://www.instagram.com/barbershopmeknescity/?hl=fr,"3, Résidence Al Ghofrane, Mag N 1 avenue des forces armées royale, Meknes 50000",0622-105939,https://lh3.googleusercontent.com/p/AF1QipNyGUOp29KWTlYMiQE_GEzGdvDnRyy-J5o_06Tv,BarberShop Meknes City - Hamria,https://lh3.googleusercontent.com/p/AF1QipNyGUOp29KWTlYMiQE_GEzGdvDnRyy-J5o_06Tv|https://lh3.googleusercontent.com/p/AF1QipPWlFTi87s2dhfmjJbIe0ZhiO4FWKrudnHN0XZq|https://lh3.googleusercontent.com/gps-cs-s/AG0ilSygm_enmUBKK_BwGbdLOe3Nfu2WiZIyZ9sp-knntVcAc-FNr7pDR-xPGHvzNn-u3_g5avGtjHuuUgzHHjFTj5yf03cs6UqG3WQk6yT8bZLN7jd3IV8fAuLccR70ytNl-RBcHxPpf_UZdwj0|https://lh3.googleusercontent.com/p/AF1QipONXZEVPALBQRajPJNJkriwhPFewqZ6u0MAq7IG|https://lh3.googleusercontent.com/p/AF1QipOJt2oGtNdNfzGpf4JYiQ-YbEqUN58KsRbT6czt|https://lh3.googleusercontent.com/p/AF1QipNjXzWLxqcGuBcEBvhKlGj_BRME4ukaMGmDj-CC|https://lh3.googleusercontent.com/p/AF1QipOErStMi6jTg5IvwXY-_77QvX9lgC2IaLogqJX9|https://lh3.googleusercontent.com/p/AF1QipPXZ-JEGbkIleDmHLT9FV0XALxjqq3uLJC1UjH6|https://lh3.googleusercontent.com/p/AF1QipM4SuzOPMXZ5Hzh45PtLqKLxZRZ-CvGGz_qo9L3|https://lh3.googleusercontent.com/p/AF1QipOk1TnPPNYxvxeynNn8k6vIdDGXaGU_BzkkIOIX|https://lh3.googleusercontent.com/p/AF1QipO6KNnXV8kErZ7bYyJKc5riuk7l0H9TD4VwkZvs|https://lh3.googleusercontent.com/p/AF1QipPQfrzC7iV-KFKMBl3P849weJRSGOXLmAzWiXSq|https://lh3.googleusercontent.com/p/AF1QipOV7dEkzlipZ9d3DW5mfiEYU0qME8P7qVG0_hoa|https://lh3.googleusercontent.com/p/AF1QipNFWv7642MEGRSVvKIdA271ibVJnCnrorWP3BpT|https://lh3.googleusercontent.com/p/AF1QipOUyTyAzIVsfLdKPeRHTA7GulqSZEAOqQ4mtVBJ|https://lh3.googleusercontent.com/p/AF1QipO3Almv-rSmD-nOc3cAjdTxtsnmyRVft35jjhbM|https://lh3.googleusercontent.com/p/AF1QipOlqi_G3XmIR51-ceo48D2NwB9SF3JDKSo2K_Xo|https://lh3.googleusercontent.com/p/AF1QipNLxxArMiomyxdP6SqEHkTJsyFdZjgZMZtGOQbG|https://lh3.googleusercontent.com/p/AF1QipM0obPf6EfHJ-ijqtsjAsJneyQepeM7Xk_rT9vl|https://lh3.googleusercontent.com/gps-cs-s/AG0ilSxa7e60EHkv9fkkcHFOi8pmNhxWR7t9E3zn406k7JUwWeguWRH-MeUXNtpBX1YkhHyfUQzVphK6AacaBVF1BSzkmRPZ4_g0xVmZTUb_mODdDWwpfkVdWVcuqaBpN-G9YkzIpZUuSQ,N/A,"4,6"
N/A,"Résidence ismailia En face, Webhelp, imm 22 Rue Sebou، Meknès 50000",0674-030535,https://lh3.googleusercontent.com/gps-cs-s/AG0ilSxSwS4sRDZmH4jqJgR5iSgo7mrl9X-xjvUC5VmlrQRm-bYQK-EhYF-q5UEHq0br9Ob-mQGg-8txOAmvRNAYE-Vbj8Bc4zTKVgt_nauIGwXgLxj6jWOGTXWkLSjt6fWEHZBTfaiN,JOKER BARBERSHOP,https://lh3.googleusercontent.com/gps-cs-s/AG0ilSxSwS4sRDZmH4jqJgR5iSgo7mrl9X-xjvUC5VmlrQRm-bYQK-EhYF-q5UEHq0br9Ob-mQGg-8txOAmvRNAYE-Vbj8Bc4zTKVgt_nauIGwXgLxj6jWOGTXWkLSjt6fWEHZBTfaiN|https://lh3.googleusercontent.com/gps-cs-s/AG0ilSxkm5tps5tuy1QOByKh7_oH-EAQXUiHlxWb3lwJdYN0Cft43Z1sCpOuRIpwj6M35pB-gbKA8M9YnJyJD5k8Ce6cgjRWY0phlXuttQglxBbWIO0L84Jmha2lz3rs1gFuHfy60FfY|https://lh3.googleusercontent.com/gps-cs-s/AG0ilSz_iouNhhTwdofwiV4ZMqm_fH1tioyxTr93ll-y3OtpsX4b2gvaaHSMGNDLTtF32X3cgG3uWEwAlDpUAEEBYpP9IkvVvBLda8v8WC14YBakjCR613rhVqnypBRuq3xVv7GJSkd9LA|https://lh3.googleusercontent.com/gps-cs-s/AG0ilSzs40iG7mc1mXQE2OZ5HvVP_3f4p-AZVMKgJ7_tSdY6ewblRUnfGprPrDxvSkio9L4d-8GDZYQN6-qXTrel1oBFSJCv9cMZR-eQcbM0n1sQYJ3d1t0W-Bf7VCizYTDAnn6UpoM|https://lh3.googleusercontent.com/gps-cs-s/AG0ilSwQDG4cXjaSHewNhjs-zjfJezMdcTcTV3Rq2JJW4M65q2iE0WbvflfkEAnijylipER98-t_imvQY4OYeorSbEulnzvQ-7bLhrFzXEVU8ma_V_S69l2VUe8HXUCWVxSQuAs-sQ8l|https://lh3.googleusercontent.com/gps-cs-s/AG0ilSxUWlT2FoAbFMBsX01zMMaAHYfFvThy1y4fPGm5l06jq8KXx4X7txcwlFvkMxzqMP2FiwFqRnRO5Sh2L97BvMRlCu5dq5oVHRnM1h6dq5QUpFa6V0voVXz35AukhhZfQETbTPslKA|https://lh3.googleusercontent.com/gps-cs-s/AG0ilSwtC_4zrGKlou04oYl6G1SdIDy7XTYBw32p3hdzDNnXtX_sdrUxLnneIbZSLNAkoJ9rXZS_Y5C3GxRfZO2G8df4lnS3wmwteED5d9QyOa7HyxuPo9HabIkPDGI5vcOhFVrOr1g|https://lh3.googleusercontent.com/gps-cs-s/AG0ilSyT8Uo3aFzvy4dWL9IEQxiWGX7wRJRbFHnUTuAhmShQqy6uTtvnZNc6IUjD_ZgvNMV5sp8jqxYc699mh9qUFDrPm_TPigf70Xc6xjfp9Y5MsQSdaRBYvBlFlUYoRJjFlMv8Nyhw|https://lh3.googleusercontent.com/gps-cs-s/AG0ilSxzroreJDxL7jqsEvdIV-z4VCTV24R34At61nBroi1Fv6riZoKTu1HrqRDbC0mQDateVqyZGhI3XVtfksU6rKRHS_1gE9KRZ2VH_8xoK1_2qEoE6PgPe-KEZui9wxpdJteGt19eSw|https://lh3.googleusercontent.com/gps-cs-s/AG0ilSxd9jN542s-7q9V6u9CoeCJjstXdIPlBfDmyRYadhnV6psDuZBlNjv5AgI_CRZs0Oj5FyzrB037RJcsPTF4DiIFpLhzzbSJjmuoPruyywvHRaoeddORx5El7UxKb-rHTsfLcRfTCQ|https://lh3.googleusercontent.com/gps-cs-s/AG0ilSzJLoQb4tvfCLCUpZMZIk0shf_v6f-4IGwCrQ7ZGXPFothOCwIVgzic6MMxb85kdowcyxdjdznejqYkfiR_l2kCKyR_8LOX0u-QHVknK9I8wM4je3XxCIoPOs_MGqbxAaoh586ckw|https://lh3.googleusercontent.com/gps-cs-s/AG0ilSxxw6m3X5_1qN6__ISznQlPsKA1LjgFcRaAdmEsXG0jLZjhhjdj8dXNfDf-mEYY1wGe2Pp08LJdvRxmNDnpIaAA_s4Uv8cVGvCVhCcuHn_XeUoB0b4FIz8OgPZILrfYa21Kijn3|https://lh3.googleusercontent.com/gps-cs-s/AG0ilSxtwpBnE7EjU1uvF-S08shuNwlBx283n4If5DxHn926ILCGFintLcA1sy1vQyoHhqPSUAQrsnOnaBYMJVSIKaBNmyHusYhebQz4OXOgK96XOomqAv4QHPpNLF0VHO1NbS9ITwFp4Q,N/A,"4,9"
https://www.instagram.com/pirate_barber_shop?igsh=MXFka2E1azJ4N2xmbw==,"N, 85 Av. des F.A.R, Meknès",0619-050803,https://lh3.googleusercontent.com/gps-cs-s/AG0ilSxCx8fCelZDvPpPS64Y6tCj6egzyDnA0aPYu0adqpQKVvrkibsyV09Ro89tXdwIfKeTkrdCa3dpUvzi3wOmgn3bn-3ykl_lxMTAD0sSOxXyEs1IMs-3w7aosjdpxwJgxwzyRBLBgO_W_6Aj,Pirate barbershop,https://lh3.googleusercontent.com/gps-cs-s/AG0ilSxCx8fCelZDvPpPS64Y6tCj6egzyDnA0aPYu0adqpQKVvrkibsyV09Ro89tXdwIfKeTkrdCa3dpUvzi3wOmgn3bn-3ykl_lxMTAD0sSOxXyEs1IMs-3w7aosjdpxwJgxwzyRBLBgO_W_6Aj|https://lh3.googleusercontent.com/gps-cs-s/AG0ilSzLSNjAY675rVER-A_DxNrceg3q18xxmt8xom6IacOtKRGJ2z1yTx4LQDXGSzNHh_hgxA01Hq6JLkM3nZ9dSh6nURhiz_AomTTLNcqvv9PQmvS0uZL8zCav1cpyAhZVJ8cW2IYTRWxXVG34|https://lh3.googleusercontent.com/gps-cs-s/AG0ilSxrWMy6fslnv20BpgN1AmuiYkboDq2etc9CgnYc8c5ztikCK_DygbRsViEPZylJqbA0-uMPRTsttm6auRdWOjeBDgecsvOVN63b14c125VN7d178G-FZJFYIZt0XZJ15QHJ8MwXi5OzKLw|https://lh3.googleusercontent.com/gps-cs-s/AG0ilSy15YMIj1MgNV8pF_UJaadbLPS6Dz89Dn8Kh_c6SBkgOaFuOzs3d3F4_PVF-XmtzMSBo2iDLZvPSjxwg8nHYX1cc9j7xbsgMChUFEKZolUGhUw_UeiACMcMrWNNXO03Re3yEkYLvg|https://lh3.googleusercontent.com/gps-cs-s/AG0ilSw3kyEzLK4KBIH_oGyWA9HyhBx-hCd-Wgz54_lNpzj1prQd_FZOYzbi9cAN2htvIZJ2KwU_VeZnSiUW0MlNKmPZMSipauxsotc4B9z5_K9ESqbYMLJj4IdEbhBJXnJc1n8ID6LrfxSYQeo|https://lh3.googleusercontent.com/gps-cs-s/AG0ilSzzf2qHShHFLco7jQne2rSiX-moZ2ERIdYjDEtu5uTt6_PCJrKjzs3TAC0cSWZEnfOWXZMyeNaEFmYjwTwkNY8VKgEfbbe9Bwhmzo49eAbJQKCgin9oC0vc02jcKauHVCOjfu9YYDs8UA0|https://lh3.googleusercontent.com/gps-cs-s/AG0ilSz66R6e0SHJjPyWGNVwd0DQLMLLBS6kTqgF9Z0mKU13qesSfQJej721-W51ZD3DcqnKbh6dzZPq0GPHMZqFASey9NLFNOyARX1w3WJ6S1i4GGUGL8Ucmr-36i99qUdkZHnVZ7TUNrR16To|https://lh3.googleusercontent.com/gps-cs-s/AG0ilSyXY7FOq9bHbLNdgNULDtqWxFvL_bX6yhiL_l9jZtFCU8DLuy5ietBMM1S1z5lm32Jy6xzsI3nWsHvsVnDGNfXp4_Qm4NoJLZLVYbh96cn94CHUF3W6mmhUI4IDDwo-LoxCZnTxqPOjIxdH|https://lh3.googleusercontent.com/gps-cs-s/AG0ilSx5tBhdzE-Jqxai0KRAEwzHHfKwYMMl5uoUdcyHWnUMBNXLHaDBwaggKO2AJGwBmCC8D1p65dr56ZvHeP0POL3BJULqfFa0Sw6gkKgbYX6O-Ukag2D87R0laoR5eg0eK-E3tqPSBXEQ_wqG|https://lh3.googleusercontent.com/gps-cs-s/AG0ilSzX8DtI2O8KpA-PTLmpoCug7Ue-rdDiAxwRN1V__GAD1IY84YZ6DvSQyaBIE5R3kAjzrgpiyyOnM_6YF03ueDfqtoP8wfKt-OH9JzfcK4BIQNb3X0xWlvY0fSKVsIqH3rsmIPgEkeO_xxPE,N/A,"5,0"
N/A,"VFW4+3QC, Meknes",0600-769689,N/A,The Barber Shop HK,,N/A,N/A
N/A,"6, Meknès 50000",0669-604734,https://lh3.googleusercontent.com/gps-cs-s/AG0ilSysY8bgbp6ethx-Eo_PpOvhj-jaw_mT-S3MgBEdsPEEwj9gNWKjR9TqQBiVylKVw5EnyOjSBXn0TNNh7CN6Hil_NqakxLc2S7Ao8V-n8SgLOxr-iAjolAYhyr2GnFTyOlWwMXVh,BARBER KING,https://lh3.googleusercontent.com/gps-cs-s/AG0ilSysY8bgbp6ethx-Eo_PpOvhj-jaw_mT-S3MgBEdsPEEwj9gNWKjR9TqQBiVylKVw5EnyOjSBXn0TNNh7CN6Hil_NqakxLc2S7Ao8V-n8SgLOxr-iAjolAYhyr2GnFTyOlWwMXVh|https://lh3.googleusercontent.com/p/AF1QipMl8zSohiACw8q4HC3MqbXfORApR7ovbrVwjcD3|https://lh3.googleusercontent.com/gps-cs-s/AG0ilSzGZ_7aVQg9iLV_CMzB5XjceEnW_rJnotVEMLBbDSBBipJy7fsLarAXEBUqhyEjK_b-HZK3jJwNN8Yef6LjXALM39YzBA3IWuJMHTcOwMQaEGtdIUZhNE-NUIkPNEi4-q944WG1|https://lh3.googleusercontent.com/gps-cs-s/AG0ilSz2tIK26rP8ulh3ch-ONrLMqvEBj5G-HtUIoEgjrQki1UXjKSBzPQe4wWOc-LJlkU99oeqe8nufI3cCobeeb1dtqWY3-lN4RHCMHrA_n1uOeLZwqj9Tc1nege7bkeCTTycZOMI|https://lh3.googleusercontent.com/gps-cs-s/AG0ilSwA9i46cbqG2Rt8mgwvgIEN_yRv2S7vDD37DBxSsxIM8O8ims1M4hs8dx78yR8DAoScKg7G85BvVmtrMkk9TXaZoE8Isbg3v4IT6KS9l7c3Xg4ESIzxLl1qAUetAUvUcv5ZFnT4QQ|https://lh3.googleusercontent.com/gps-cs-s/AG0ilSy63s-hbcOCCZdhk5NmciB8P2zUWwF6gbovVEfKNCwTto3bwU9sJhqvDFbYD3aC7Owc9_-ABicryNcf1iqMB8-0zYNRP5Y78N2k6d8-TQb0PcrhdSXpGh4bVjaHlyhra_2we_xHLQ|https://lh3.googleusercontent.com/gps-cs-s/AG0ilSymqkiX3xhV8GWeC6_nbg2HtlIQm05VCg6afGGRCN2X0h8i_wBpFT2Fwlg2ooMCFDmK1eKb2iwY_FkJb7pvebV3k6TwttzcLx2FVGQvvL5-iF94mxbchBzq6Qt3Cvio5wBFsKzS,N/A,"5,0"
https://www.instagram.com/barber_zone_meknescity?igsh=MTl6YWhrYWhzZ3o4bg==,"WF33+6C5، Rue Al Wahhabi'Ali Ben Jilali, Meknes",0614-355554,https://lh3.googleusercontent.com/gps-cs-s/AG0ilSyzzs-aW-vgjtvSIymNJvCSxJTfYFosby_DfCamEljAI4oz1wX-V3CXRDmJyRZAziTkuv3dP_9nQCE_-3C2A0CadLMxnjRgLUcmLHuSukYSWUkBUhc0lwc0cZSpYzPgTt25SvnO8kem1Two,Barber Zone meknes city🇲🇦📍,https://lh3.googleusercontent.com/gps-cs-s/AG0ilSyzzs-aW-vgjtvSIymNJvCSxJTfYFosby_DfCamEljAI4oz1wX-V3CXRDmJyRZAziTkuv3dP_9nQCE_-3C2A0CadLMxnjRgLUcmLHuSukYSWUkBUhc0lwc0cZSpYzPgTt25SvnO8kem1Two|https://lh3.googleusercontent.com/gps-cs-s/AG0ilSzvCSfsJ-zpgkWFVGhN_bt_mZbPvIx8f686Vk_2oNDIugHKJXBMw2INNc2-Ny0-Fy4BMR48L3oMD1J1ZQdtFFQzrq4fIkATu3_hLImmrGSOCdzwrk_zQ9GHeU0C16LM2U7v-wsQSLVz1Eg|https://lh3.googleusercontent.com/gps-cs-s/AG0ilSwwkuV5BEq6OKBkzJqLIbfUZMz1k4dlmNXxxyesH3UaSkDYvuMIHCMPKku328OIgZ_qqXi3wdm3KRA7p1EGAlRhlxkBIjGFHpFetpVYFoRiSUV9rSDDDbv_NWUmJJQsdaAHcaT5_w|https://lh3.googleusercontent.com/gps-cs-s/AG0ilSwYmW_w_Ka2TDag6yVUVZ-1yEkpWNNkBTxLPOzYvl-L6_4QhZs5GRWHAZgGJcIe98-1p65IZGLIxFz_Kd5LpaRhP1ywG67a0Zmr_aUZ_uP-cRCfSTn5aVYme0KMoU3xynn8wKskUvYtkVKS|https://lh3.googleusercontent.com/gps-cs-s/AG0ilSztsEwp7Fs0NwFWKfwtYYP-F1Y4aSa7dyGhLLaG_uNWXvGB0r6DfxZzt8N5rGJcvFXRXbisZoX-6rCP7fRzPFcI38a-dGppFYUZUmkWY8qN4nYAmzs9Wu6vQAYdJ-1sGfKb4y0mWbp0JotB,N/A,"5,0"
N/A,"IM 43 MAG 5 LOTIS HAFIDA, Meknes 50050",0668-413711,https://lh3.googleusercontent.com/gps-cs-s/AG0ilSwV29GmN0mqxszx-VaGhk0euNL5-UhjdSxkRx7sjYXewIeYHDjjPseeDAjN0M_zL5XPTeMOzHnsRu0KAm7a5Ul3p8ph0uXVnyFDEzAquD-EAFAgbwp9uG3wVowi9-v6pToQYGM,Bogssni barber Meknes,https://lh3.googleusercontent.com/gps-cs-s/AG0ilSwV29GmN0mqxszx-VaGhk0euNL5-UhjdSxkRx7sjYXewIeYHDjjPseeDAjN0M_zL5XPTeMOzHnsRu0KAm7a5Ul3p8ph0uXVnyFDEzAquD-EAFAgbwp9uG3wVowi9-v6pToQYGM|https://lh3.googleusercontent.com/gps-cs-s/AG0ilSzcG2y4V16MUURiuAbGFyKCVdjQNGV7IAUpA4Aeotim30pt6q3rYm2tJw8nlgizpphGkSzmoEQw6aDzlPed8BLiRIH7iR0UWUfyABmQfAT_Wohd3nZeQxcMtM5RaTOmgACdOK1NQA|https://lh3.googleusercontent.com/gps-cs-s/AG0ilSwJVtVvVgSjXWowAou9SXCsnfcq93tPz_e2Wg-3vgK59uynP9d5SEpFTnR_v_aAoN53E1FFTBsIEvAbU3iDTNOV97aeirYcjUUdRUWwx6XFkOtnWoQJOtNmZZSOHFTpngg_No4J|https://lh3.googleusercontent.com/gps-cs-s/AG0ilSwp_rXKWJWceH2K_Dqy4soxJrBPSJ3FNMjPg4_eKSQel8QvH9vLHhSmsXyUigKvsDj1lMsJzzbMT1C9AjqsQ9iz_309GSJQRJvPqCjTR64YylXLJOoAgS77HB8A38pIPkKPw-7xuEgufKyy|https://lh3.googleusercontent.com/gps-cs-s/AG0ilSxxj61V1c9iF30JPJcOgdqiNAOZdL4zUouXmszDtZ2BTSWDElJu_78OmqpdkJyVKzFym-_XIZx6nguBUzvYpeoh6e5fUrzIkPyNzwXa_io52HmkCicl0CApfZQESRaTwZWaQfchBS40ulU3|https://lh3.googleusercontent.com/gps-cs-s/AG0ilSzUg2sm1-hffa_5cdDfhuEh8dr7aAvY1vQPL_-p2-2llRZPzkqZXcN3GPHvLgc9zN_nCSl9wAZnujVaOqi8ouk_VAPpN61sdn4ufGwggF-IKoHZ0NeNcFVGNRxgSIIbeYIyVFQH|https://lh3.googleusercontent.com/gps-cs-s/AG0ilSzhusu4yLT6BIiRGXYuf-ANds7DLa-OnIY2slMt8DX2b58kVqZtltIWMuwjk3NOYXXbIVfLw2uZP6qhy4Q2DKSa7WuriS0fN59KAkwPdJjKqB3Ew1RCyMD8Iff6BpG-sP2-MpfBgDMM-lw|https://lh3.googleusercontent.com/p/AF1QipNVQjHS2ZLuOfRYKReeNLHK_xB5edCdrmZEwLBT,N/A,"4,2"
https://www.instagram.com/barber_chtioui?igsh=MWpwMm9jemZ6ZzVnOQ%3D%3D&utm_source=qr,N/A,0657-545051,https://lh3.googleusercontent.com/gps-cs-s/AG0ilSwgo3XDYxJsc0onJCjTxs-eBSAGtJJ-4MwcQm1LxNKP-ak7rHhLujkFZJOjvDDuAnlDhME_F9GmWLjruXv5ohedXFm55Me_ynFm9xG6Ej0LKc0I57bconMAsH2w_oSqnnT6jxgDTDpETWWr,BARBER CHTIOUI,https://lh3.googleusercontent.com/gps-cs-s/AG0ilSwgo3XDYxJsc0onJCjTxs-eBSAGtJJ-4MwcQm1LxNKP-ak7rHhLujkFZJOjvDDuAnlDhME_F9GmWLjruXv5ohedXFm55Me_ynFm9xG6Ej0LKc0I57bconMAsH2w_oSqnnT6jxgDTDpETWWr|https://lh3.googleusercontent.com/gps-cs-s/AG0ilSx_Aml9xBY5DDa59QOnnYApJNXKMLqgl6NImuhxIATnxwtmiWfbgng2GYX6tEonoDBbNwlZuQCKk2pL62Xba9zaK8fvUYa2SyR3ChxDmoHxSzLQZNj_aSuYmvbiJ_uga74eGHWcgO1EvNhl|https://lh3.googleusercontent.com/gps-cs-s/AG0ilSymWvuuGIOEXGqwAmQ_93g0ReqUic4ip29seZieRxHNxaTQJ9GmIImYxBCRzehxqlWBx-PIoa9xNslKhRZirDCNlWQwqbD8v2mGEA0_LwtuDscfHMv7w0YpeuzKahUITujxhiz7qpzsqPV8|https://lh3.googleusercontent.com/gps-cs-s/AG0ilSw3Zmfczlf5BpXzlqJLmr0zw08dTk-6PUFOW541iVb87S233K-YJWRwZXnCspmqCQpwZ9OnuEnXoxrOY9T0AuEzL-cnioYaSwjU7-WwHYiAxAcuZUArZDNUkH7l0Xq1tic8SraeVKPGvayk|https://lh3.googleusercontent.com/gps-cs-s/AG0ilSzR-XIHiOa8jdJ_R9zVw_B_chyPHUCPiJDsoyshw5klrc1OBQr6ZJnHsdVZ3GbmiDJOJp4kPVnQRupTarX_NHvu6iLE_Q9rKQut_wNIXTIiVqZccYbff8Xsfy_muLPm4SWof2tzMfoUOwno|https://lh3.googleusercontent.com/gps-cs-s/AG0ilSyICCXDsg2Mjc9iFy2qIB0AkPblBp4Hzvzgmplzu2GLIpZ2VN2iurG6XWmjvIgT_L_rKW2vD2Dx6hCe6TeCGUUW43gqpJAgAnUWCpcB5q7rgwc3RW_MOsVVylVI13aOHI9GFESdFgOrphr8|https://lh3.googleusercontent.com/gps-cs-s/AG0ilSxYh2UkI931sEtMx2wt65WCKR-C7YWm06hYHT7Jb2v8hnq4ySuSedviv6HlSjywUKu4qbSZPs9lTQgHdQBGWnvu0Q0tagiglszMd8TokNbuaibQI-8YpXLZ1TiX2zKazZJ-wJj9YbvIycY|https://lh3.googleusercontent.com/gps-cs-s/AG0ilSx2AfJZhCbtmN_BbTDnhhUKhwhtEoDO95dfNH5PEYXhD1kvigcp01NXflGjlciC8AW0TLJY87yO6T2VHI7ae_O62ktU4Kid3UfC7_3257wKBk6Qr5lo7kZrEgAQI_1DO803EjXkg1OWZoc|https://lh3.googleusercontent.com/gps-cs-s/AG0ilSzbQFh7pGmhAXApGt7D4eOtr4oVKYORAmpdKkxnIb7jF5bu2YiIKpCkMXQ69g2y3V5pZJdHpITDTf4genQyBjiSxPFcAs39YoY_UsCiCIje3QKYLxt8CzCQRjhhs9QPZZkUO1mwQu3-NHah|https://lh3.googleusercontent.com/gps-cs-s/AG0ilSwLCcHUaEvQbXlvD4kLrat7CtoBbWeWhlH4_l5V0JqEU8MMLjwdWrkQtxlDPuw5dXd3k_1NYMVexGaBwhzd-uYwqHwNY2DD8uy7YwnRPgGFgV4OuJM082IUQaD900-PI6XMDjxSjETO-ZqY|https://lh3.googleusercontent.com/gps-cs-s/AG0ilSyqkj5aZKEP4niWRrtlUSoF717ptzJW-aBqSnUFPrUEBmzbSRLLm50-qXTfesPf4Lm9biNtZbriDtlVGcWYlHQZHj3O_k5UoVMkuIEaePJmpxGe8WH3bLD1PLJhj5mMQLbPb_mw3_15Y3w|https://lh3.googleusercontent.com/gps-cs-s/AG0ilSw4L6UMYoRBF5UiUv_PJvohGAXalz0Rgw9ZdWa82zBFc0nkOi-uJzpFeMui2eRqhCT0CqDg5HADIS2OrFVEM57B9ekjWNJ1J_iut92xK7WgDF7a1LxF27cK8vHeZdw4VwDRDSEk2Dav8YN9|https://lh3.googleusercontent.com/gps-cs-s/AG0ilSz3EdNXWGQr87ABagJgEx12JZu80OzjAaNMmz0X0QH0wD2a7My9K9OW9EJHgPz1FS5805lBx_Xkvoe_XsPzIPqI9-jGmqpgFlXTSPzxSxvrX2gnOBBMJ4Fm7VnbpQBkkAn2JLEAGpL_WQVw,N/A,"5,0"
N/A,"VC8Q+R3Q, Unnamed Road, Meknès",0672-563685,https://lh3.googleusercontent.com/gps-cs-s/AG0ilSwyHEwfrP6xg862d0mkPUpuT0YyMq7wxubHeegpbJU-9qsrtMa05wz3sJ5njhX7duWK331FggZ_WA-CEmPDSvf9xbE5ViOzTNHhfKPonnVSYQfVO-2jEg3aFixVFUW-dfu4gkU,Barber Alilal,https://lh3.googleusercontent.com/gps-cs-s/AG0ilSwyHEwfrP6xg862d0mkPUpuT0YyMq7wxubHeegpbJU-9qsrtMa05wz3sJ5njhX7duWK331FggZ_WA-CEmPDSvf9xbE5ViOzTNHhfKPonnVSYQfVO-2jEg3aFixVFUW-dfu4gkU|https://lh3.googleusercontent.com/gps-cs-s/AG0ilSwofvLOYDx7P86HabIzmFSc6gM03BDKo5basiFnWSt5Pei4RATM_NbH1HQQ7325jtVcN4rwwRE2UR03gd3lwM0PXaV2UG42fKCGG_zdKhEy1sDZvhXaEssUmKxZ-Ad6gORcwcnG|https://lh3.googleusercontent.com/gps-cs-s/AG0ilSzUzqYojaMvbGbW4VDRQPf_E3dyk0kGj7cirKRHAkTPcOuNN_GROqBYZmTUgj46FjaZRmiGs2kDQ5GhL-vVjSAkXBH8-aYt602cFAHrKSkw6W9OW_xISzHyDrqsB39CkhPlmX7z|https://lh3.googleusercontent.com/gps-cs-s/AG0ilSzblImt4AozVgvcHWNxQbI24RhVgEXiIGnbtS2_wm8FoRbFJn5p5AWaqtrFKLJMipJTz3C2jkV6jgH5dvMRiToi8gOn01gT8I6B4MqC6X9vuevvMD6EzjIoEYIW5utmHz_t-jGnEQ|https://lh3.googleusercontent.com/gps-cs-s/AG0ilSw3iD_godfKovtdfhyO1qtfjwmouSOhrjVwzDF2GFoygoBF18O5Ymz4y_RR1MamqPiM2DmAIaGZxvkTtAdBKygfnyhjWETIkYEaL-0xW2LL1e3dvvR5DEcNQtMKyrCdYizMoYiv|https://lh3.googleusercontent.com/gps-cs-s/AG0ilSydSUGkQEhPZDTL_xJ-2eMYUN6boM_oWzLj_tFQCZF8zP9wMJf_nujXvydYUDPcz8f9tM7N2goJ5WS1wkPYXuWvwDnzyofM6sS1nKrztQCp4l_fv30aBEUWXe6c8AxdE3Cf9Ao|https://lh3.googleusercontent.com/gps-cs-s/AG0ilSwcyne5ZOYMsr3XZvhoka2b_bh_RguTRJu6lWz52jI2UllFOdg4aOm8Si-bfn-rO3ESTSyiaIj_1lqxmEvI8JR7MWVQp6FhYF9QyEXLQxY_DLDBt8WeqqtvS_ibxgfTWhHFEPY|https://lh3.googleusercontent.com/gps-cs-s/AG0ilSx8ETD_7QmQbGNUu52ysX4bFnVCGyiD40UyqpbDs-XOV_jF8Ifuk9gOxLIhf3q5E40N69FO6eihq9q67DmNFORdKvBd_Dh4MckNtVU32TnE5K2KBZxjM_pLHdIoNTRhqPYn2xlTeg|https://lh3.googleusercontent.com/gps-cs-s/AG0ilSwH8XYacjwMyhEbn8HrGhBOdSWled4k0PE8VE0ajvqFDEq0mig1aYA1PHmDBKcishtDgrycCFbso33dvueol6yyrB70OhPGhnemoNAMHAokiCpKfgVSu5pK427lxsrXSLWdJf3k|https://lh3.googleusercontent.com/gps-cs-s/AG0ilSzsRdF6jZFrXo3CmfOm3jPAWzUFqxzW7KTxwVCIz2GhIdBqwVSfEMUCMgv3ADui1F9MPn1AZ8dNpBXhi0ocilALqBaqb1GuNk86NuJwqOz3LhXLjgQf--E-Sx07--v_wnM4S2MQ|https://lh3.googleusercontent.com/gps-cs-s/AG0ilSwc3lbAEOsYK8ov0oMOUb4-yWZTxrY2c9VtwwCdVd5rV_VH1PVerA1QULDuxiOd3RIYkqSeq7t2HmLi8sfWCxs2a9KoWBIK-V6PwXp_l5XNmaesi3HuRsRHVhX_VdGoR8WEjBH45uw97Ii8|https://lh3.googleusercontent.com/gps-cs-s/AG0ilSxOlPXPHvpVBtZvfIv3N2zZGIndV7tR-bfg9OeptkxDAXJajiAqhmmR9DwMl7de0-7EDq48dE_R59YImITrafHOM4cdibmrHzfU7HHqBjVgaIhEBOH12pmnkeNKHAdKu0wFWLeI9HQ-xmF6|https://lh3.googleusercontent.com/gps-cs-s/AG0ilSzzyTOu_-zWYLRhEbjAcHaHFq2cy3UoLmluM2HAxx05d8of209pDMGcdhmkzfGMbQUdMC0xrLIzK0h2c4loU5tyUNAaUppzZavPkMOmqlamDRlj2TNXQX9kyuOX0rmcdOSw_CCg3Oz1Thof|https://lh3.googleusercontent.com/gps-cs-s/AG0ilSwi6izPxMdB55xKQR8DAVREbzCKhD4e4T2ZhpHvbxJzBtLGMCWkhC1MlsHyIqAvogYkfvUhTtkobenei1_rUSEU1oB_TyABhRqCHPx0wW8IVtuEJ0QHnM4tpMKeQg2NDazT-Ugknyjw8UA|https://lh3.googleusercontent.com/gps-cs-s/AG0ilSwBD9bZhWhET4GxI19XA-Ao29mXzBTuK6iaSRgsL2UKNWTJzaqsvBzRbMzw3yFMURLZcEHqSZIBJ3_Z1wvgUPhe-Ro_8MB6SBOsBGmi4UcWk7NU8sqpMSU58vicjZd5ZL4U9y8Sb6N3evg|https://lh3.googleusercontent.com/gps-cs-s/AG0ilSwn0cXv6PifCPkPUCtC0Fagl1oR6x78VK1jEp2FvyGxkloyBW5IyfYfZi8JC4Nq8guYmtTsQ5eQ61K1UULumvhL5X2xBpg_sZrxnrH311Y5nhr6ZTpPxXeBlECQcdUhhjJivGBtA2ifWvzu|https://lh3.googleusercontent.com/gps-cs-s/AG0ilSxdigcPxsgjfjhWX8HJjV5ugEjTH2oOtHx2P04dU2AfDZIprY3uCJgu48oJQfmITIOdezrEdELj2dg_ndC3_YgjfVC7UOkIv1Fj3he-osi_tDcqiErLGekPw4DSD-CRydsaR2Wly_Tj5wU|https://lh3.googleusercontent.com/gps-cs-s/AG0ilSyTbpdRDyFH16vwjFRXQQxbeoXU7kuTSC2KedFrBtrCcFclaplKmNtoZg4oxgoLZYmtotwFLKTx5bb1AU5SxGmYk_x-0bzUnqmCmnzH0NzJ8v9O7kJgpNO0a6Jf9_QmZAccvrAZ0uxQzRgP|https://lh3.googleusercontent.com/gps-cs-s/AG0ilSwO_c-Vot1PakMluTal-2fssCSQOOidyxzol53DM6oKb51_FnJ51_KmGbVZdGKUwE2G8Iy7qdcgOM84xFFh6h2RTwIXZbF-Ocfeu5t6Jb7j6798hag9fNlctVs6IajCPn_9HeyGKP08ty5H|https://lh3.googleusercontent.com/gps-cs-s/AG0ilSxj0s8WRQbO6YkwL7EoPxr1TtMSUsn83YYsi0zESHcaQYDkW_eRdsNFCs4H3wDJOlsU91xWXnI641_q7pTXjlnHzk55nfKgHhLbiX8oE-PeOeATG8c6_msG_xx3g1Vt_tUNA5Zw5PORUBUW,N/A,"5,0"
https://www.instagram.com/barber_zahouani/profilecard/?igsh=ZTAwazA3bG14N28x,"VCWC+87H El wifak, Barber Zahouani, Meknès",0660-136271,https://lh3.googleusercontent.com/gps-cs-s/AG0ilSyBkJtnv_5ZWrrZu3u58IRc6ZjCIFCRvB_0zKEf_0ktcZkRlxDX_PU6DnVREuLbg01yr-SW-3vKLTOO5xa3VpIY9n0GyWiGRmz5tdTaZICOycST0G6GOg3iPWHMYumZvCm65Uw5,Barber Zahouani,https://lh3.googleusercontent.com/gps-cs-s/AG0ilSyBkJtnv_5ZWrrZu3u58IRc6ZjCIFCRvB_0zKEf_0ktcZkRlxDX_PU6DnVREuLbg01yr-SW-3vKLTOO5xa3VpIY9n0GyWiGRmz5tdTaZICOycST0G6GOg3iPWHMYumZvCm65Uw5|https://lh3.googleusercontent.com/gps-cs-s/AG0ilSya-zu7SKfCopuj9TJINtHAOHdLowLDN4oR-2edo7Ze_Bszn7ySDqkxgqALG0qrtgzv9w72rrSGgcKqMSDkaAXouo8NzOkqO1UFZBdOM7lDJ-qXiWDnPJ6OQFPpxZBEHcwXnizB|https://lh3.googleusercontent.com/gps-cs-s/AG0ilSy3vQZ87BOj0Llm8agzCN6VRBV48TEB0pfH_UD9fvvfoy8pMR00tWuY9wJp12tdDPK8tFNKEsciadLEQb09qBx1bw6R6xLFRBO0QqeC12VZbuxZp66B1q3TprW6L09jEel606fH,Situé dans : Hammam El Wifak حمام الوفاق,"5,0"
https://www.instagram.com/simolakhdar0/profilecard/?igsh=dGpiZ2ExMWR2ZHk3,"VF68+2X2, Meknès",0698-834212,https://lh3.googleusercontent.com/p/AF1QipNDHnAULduuSOur3K-z9sXxYdtG15dCtcqZAGgR,Green Barber Meknes,https://lh3.googleusercontent.com/p/AF1QipNDHnAULduuSOur3K-z9sXxYdtG15dCtcqZAGgR|https://lh3.googleusercontent.com/gps-cs-s/AG0ilSwHUM9UmLdVK9z59Ag_NYuZOM_SPQzfyrOXBZzt033PyKJaF7l4UTItS9SAJAPNY4sXGj7Eci-kEpYdrwKkyvIBwghS_wl7kGtLYm5hz6rgGY9u_vbddhkzEvEpefPiALJKPvY,N/A,"4,9"
https://www.instagram.com/barber.sharpcutmeknes?igsh=MXcwcjF2OHV0aTN1OQ%3D%3D&utm_source=qr,"WF34+29J, Meknès",0779-716095,https://lh3.googleusercontent.com/p/AF1QipMrndV_oFi8q2RqSP3Vy-YGCERq9EAMeNyNx2x1,BARBER SHARPCUT,https://lh3.googleusercontent.com/p/AF1QipMrndV_oFi8q2RqSP3Vy-YGCERq9EAMeNyNx2x1|https://lh3.googleusercontent.com/gps-cs-s/AG0ilSyh92uTnBEn-UsK_BpNj5kCx07n-pVcH7gvfkJTVUjuIcaviN7BsP5TtyIAidRvZNF0GlTKuLIGQvxyTigcbZwHKwdClp3lG7PX7-kUtE8y-MZdQTI9RwqQi6dMSXEZG2PnlTgHmmy38N1v|https://lh3.googleusercontent.com/p/AF1QipOgDgXNsaDaUfQhua4iqsYvy4LCMTolLdIF_2lb|https://lh3.googleusercontent.com/gps-cs-s/AG0ilSxXiCOmTyzR1Q2VWCXMzfbE9YJK0lsxSh8fJQxtljvopr1N3YJRUtU_VLlodiZtkx-kev8vTqsgZhQCk3CTEvKAD3YgQWyXrzCNRROp2-jzO_Gg6VvZlI3q4rF5QwIJ0EcMUQLfR6kic0q1|https://lh3.googleusercontent.com/gps-cs-s/AG0ilSy3mneompZ7A59WIk6ziYObizjvlBewm8pkUhBzSx_kC1IhVojGX1uEt8vrUBWN4ZtttYUokzpXni1jvyd2rHmFSyeJMmpSWluIDhC_FLLDZ3bgskTUr3MIA-eMTwSAkAnBVPyEbq7WxpIq,N/A,"5,0"
http://prestigebarberlougne.com/,"VF63+VWP, Meknès 50000",0660-209016,N/A,Prestige Barber Lounge,,N/A,N/A
https://www.instagram.com/p/DPpJKEYiK5z/?igsh=ZmN2dThjbGo4YTdu,"Naim 7, Meknès 50000",0631-386922,N/A,Barber charifi alaoui,,N/A,"5,0"
N/A,"Résidence ismailia En face, Webhelp, imm 22 Rue Sebou، Meknès 50000",0674-030535,N/A,JOKER BARBERSHOP,,N/A,"4,9"
https://instagram.com/the_king_barber__meknes?igshid=YmMyMTA2M2Y=,"Juste à côté du café Saraya, ° Riad Al Ismailia, Meknès 50070",0532-071411,https://lh3.googleusercontent.com/p/AF1QipNroGPq58LJJJ0sO7CapcvzqOK8dpt6My_mWGv4,The king barber shop,https://lh3.googleusercontent.com/p/AF1QipNroGPq58LJJJ0sO7CapcvzqOK8dpt6My_mWGv4|https://lh3.googleusercontent.com/p/AF1QipNwWst0tHjYQPRRj2xvH8EpRYhHpezoZuL3uGE-|https://lh3.googleusercontent.com/p/AF1QipNxXLWGQudrENIayVIcmJDmEW_dsV7vu__8oXm8|https://lh3.googleusercontent.com/gps-cs-s/AG0ilSyZKriwl68uB0mNqmBGomymO7EU0Rl-gx_4n2c3ijFSAziorbUogZQPVG9CcDqjhtwN5dhCRX3hLXREb8SoQV_pPAI63MInjv5yMHzhUGRaKHhX9u1NwOSKYl4ZiTkmKUCH6dJX|https://lh3.googleusercontent.com/gps-cs-s/AG0ilSxSDz5BcQlxbvMtx4fUyF_PZaxGuzwTW9AvUDnn1bAkD-cXPRmW_Nv205HVK__4lThVbci7iSTd0wE5JLtHgpGGOFFS_MktEMvJVYL23TgjNRv3-D50bzCiemVPZC37cUNkWjck|https://lh3.googleusercontent.com/gps-cs-s/AG0ilSxcKJcNlRgujIigk1al4e1PvnIMmZWaxOo8utkQIN60tEXW4jGuwMueJh7iEBnZrarcVe6-adgLrn5o1WOmJmT2XY0Fx4b-nwpoXVXTR2e8fRnbV9GxL-6uO6tY8WLNLfoMOYJr|https://lh3.googleusercontent.com/p/AF1QipNryWo0xR_JK3tFkFNwaO2Devtxl7CV5_WJXB_Z|https://lh3.googleusercontent.com/p/AF1QipM7Eq3Z7U6KfzAcmF5YnaFGsFlVLAiGbDWI6ox2,N/A,"5,0"
N/A,"VCQM+WXH, Meknès",0694-025712,https://lh3.googleusercontent.com/gps-cs-s/AG0ilSxK6nxVgHu2LB0KTuVHQO9pPWXZr9Ag2nLw7_of-45A3OzD5pRnnaPN3VRCILrfVMZm2oBJ0WsPH0BPyFATU3w41NsqxLx7bov-oIylQPXU5Krf1W_fgFc9OQt3LhD_TiYRVuhcAHmkBe8z,Barber billy,https://lh3.googleusercontent.com/gps-cs-s/AG0ilSxK6nxVgHu2LB0KTuVHQO9pPWXZr9Ag2nLw7_of-45A3OzD5pRnnaPN3VRCILrfVMZm2oBJ0WsPH0BPyFATU3w41NsqxLx7bov-oIylQPXU5Krf1W_fgFc9OQt3LhD_TiYRVuhcAHmkBe8z|https://lh3.googleusercontent.com/gps-cs-s/AG0ilSyhnqRFNbOUzAM8h0ldrcfdqXeiHbAzMCN60xZ4S_GJaf1GG7SLWrdKmAKBXHyTsp__P2Oq-oP9-CF2YrT_noZ3oVSgoigRcl8x7leSN-2z0vQX3bo3MaWSd19e2WDwgbLoUEgjh-jQVm4|https://lh3.googleusercontent.com/gps-cs-s/AG0ilSzwxgYsmxWBcbFvnFzLqJk9jN5ne4_Pi6MKC8vgo07m44YvOdGIWAJSr9RLueHnbyEDmhPh2FT5nK_1f3LtWpW7SMrufiKfPFrzIFappSj5N9Q2_a_ahWAFjkizKGweKslFYMtTUg9NYJkh|https://lh3.googleusercontent.com/gps-cs-s/AG0ilSxtv3XEJCoDKLb-JADHJnqheVnLJx3vHvJMshDGo4IW45I48k_gJo7q3U7TheaPQ4NcmZYfqai-P-Z03R1y5qioJ5y1rT9j3QgSWjdt8eKzZfpm2nGA54OhGjY6c2FxbHS7sCm39lH0fdM|https://lh3.googleusercontent.com/gps-cs-s/AG0ilSwddKIFvk04FdflrUSuw3tArcJ44zFp9PFv3GncC6JD0-rtnDOe-DW4HGz4QL4aFcLRTPymeSf5s4my-J02HF39pkMQaKATCjOb_DJ-MAvs0R21UNeBsA1qQGsjKBJMLeGA1mfLVWfZzMZZ,N/A,"5,0"
N/A,N/A,0623-029992,https://lh3.googleusercontent.com/gps-cs-s/AG0ilSxO-VqX0n0EHNvu2lVoTIBKtHYNOYjcsVOPn4zuzsdBX9KJ3q90sNwe5--64LqlY66WOdZv3mcXQ8og3iiU7CNFh1f04LlGiPeq37CKbwA3RSg35C3LkJG5BRZJhiW_1hstK6dYRw,Barber salah,https://lh3.googleusercontent.com/gps-cs-s/AG0ilSxO-VqX0n0EHNvu2lVoTIBKtHYNOYjcsVOPn4zuzsdBX9KJ3q90sNwe5--64LqlY66WOdZv3mcXQ8og3iiU7CNFh1f04LlGiPeq37CKbwA3RSg35C3LkJG5BRZJhiW_1hstK6dYRw|https://lh3.googleusercontent.com/gps-cs-s/AG0ilSwHK-fpeaLTYysvFJlvIWfR2qpFXc4UY-glQ0JbIOI_TZ5G9TMtGHTF2tontzKlQ9XQTmicWo8IFMCuIG7ZmtpdV2j6VhIroCuXStNHuPNTzQZ-14N2ReNliFf9_OnFA7WdV09-d57iSaAM|https://lh3.googleusercontent.com/gps-cs-s/AG0ilSyXK86g2RjKRWSy4JOen7yGFCIOMWOO_JMtbylYSLfmz2ugWo0Av6WSsRZqtJzY5woIrPldQmLHUAIeYolRIzF632XDMqjPLNMKRIh0DQHeng119Y056ys2cFtRzn4sen7Bsw9XowetU2OA|https://lh3.googleusercontent.com/gps-cs-s/AG0ilSzPxH53qBxfyq4v-lcdMNYKfS2Lm9z3BHW8EU38hq9SI2jfcHF1jmrWJDJOu-LZORuWZQFimXuXSTjkzvSSBPGYs27Qtobh25spQCJJj8MijtHDg3eHYWiFnMpR0-AzBpuC4801iw|https://lh3.googleusercontent.com/gps-cs-s/AG0ilSyGWUaurKXrcTeUrzzQgmMC4kkZOnq1Lh-_eoEP3IEc3eXa1tujdQJ1yZzlsJDJmZLo_LHdR7fxDJypjHiviQc4bV1-FPN3VwOI5ma2fGz_wd2S0rtWTzZHKma4ShXWyfXg8uFR|https://lh3.googleusercontent.com/gps-cs-s/AG0ilSwxu-rZj9Y9qZZjNcBwkG0mFHzoNllYVa-UC-D5wqVWumPwdRAcwq_OLOj87E62hv6lSR3_c5bCpLxkXjC1CLICvTbbmNvXqn-P7bHJfFiOYNq83DVarK4IhiVIfhA4aSNrwub5,N/A,"4,9"
N/A,N/A,0693-258987,https://lh3.googleusercontent.com/gps-cs-s/AG0ilSz0XL-d-207O6vcDk7SCDP1KaTbXtOXnm3HEnY2W7n2NgZQeft0hY9IYyb6mfVX4LT8qjXHcZiQvmUgWyrsTZg94_2GV1uTMqQj8PTNWunB1wuhlUenVkn0SX3TsruXIN2aipNTaw,versace barber,https://lh3.googleusercontent.com/gps-cs-s/AG0ilSz0XL-d-207O6vcDk7SCDP1KaTbXtOXnm3HEnY2W7n2NgZQeft0hY9IYyb6mfVX4LT8qjXHcZiQvmUgWyrsTZg94_2GV1uTMqQj8PTNWunB1wuhlUenVkn0SX3TsruXIN2aipNTaw|https://lh3.googleusercontent.com/gps-cs-s/AG0ilSyDpLBmljK62NJbjjmknaB5IRyNjHMPsAW08xdUcPSl5lua3x01TpL9Mbm_NrgLS9JCtlrq08TD2LqCbcx41fZdxNahAHlwZQUPeb3gMyg1rvUiHVSV0HqdNY8uUpPhb36yAyzO|https://lh3.googleusercontent.com/gps-cs-s/AG0ilSw1UWdgfv2YwbEupeea4cUWosTQkrpD13XTcTWvFAw9ypccN5EhRrK7Knq5Kfu8r1qSQLkLakJGTcERAUlLE-vtwr1Ege8BUcHJiv_tq2696JFk1xUN6DpWqa7ad3-4j8g3ldE|https://lh3.googleusercontent.com/gps-cs-s/AG0ilSz6n6_LOTT_r8E7MS6Wdkd8UJtcBfL4Ed7WOgg2aw4bTg2ytJsoCLQJ7ShCD_OJh-J1HHyVEjFUCdpO9XrZ3aycBOqFqZRRjiiKXCbTsD0klIXvHANlWJMR2ypF4r3_N2RakPwf|https://lh3.googleusercontent.com/gps-cs-s/AG0ilSxrt4aTZdOHH0ENxDujMkdVhgjd_uIezvoLmyOzdgazRTW-q83G1XSI_sd0qNW_62y141-3mFB_ayDA_6HW3PXlU_zCUgAPs9-tPmiqqPECRujrZtyZ1HWG0USNfos8IVVuozBM|https://lh3.googleusercontent.com/gps-cs-s/AG0ilSwRWIK9dRUAi8UfnQUAIRJqUBMSGdjNSwtipAhbtnFkW9Ko79JwhPRj9Uqw59rVTzo4uxKb_fAayA5c2o7vFGThTdkbwPrkJF9a4xMzZ6Np30sN263FonJC374VHEZyN1CmMgzi|https://lh3.googleusercontent.com/gps-cs-s/AG0ilSwyt-yikF1ASW9qt-r963qpl4-QomVSjNH4-cbQUYpaCQx9E-JfxHTWGXrVOdv8W_IR4fBi_ANQBG6xBTd2NFfYDGlsMyJGO06s9WsXmU_Tu0UPJ_3IY6qva9qVCLafjt8wJwU,N/A,"4,7"
N/A,"VC5C+P4H, Meknès",0771-320053,https://lh3.googleusercontent.com/gps-cs-s/AG0ilSxzn_iYOJESz4h1v0aeRoFCQpL5hPcWDH18YpNgR-quvcD4KfbkYSc5iGZ5feHlxKVRhe9MkbLK13ypeOfxdNVEA2HJLSFRWRSQ7FkQewl1cJLg276C5u5GrUonY27HGMS5q6q2XkIPK2nP,Barber Shop Tamide,https://lh3.googleusercontent.com/gps-cs-s/AG0ilSxzn_iYOJESz4h1v0aeRoFCQpL5hPcWDH18YpNgR-quvcD4KfbkYSc5iGZ5feHlxKVRhe9MkbLK13ypeOfxdNVEA2HJLSFRWRSQ7FkQewl1cJLg276C5u5GrUonY27HGMS5q6q2XkIPK2nP|https://lh3.googleusercontent.com/gps-cs-s/AG0ilSyBN0DEpunvUmDzhTGAAXJYAEBC8z-b31734siFYfr2ycy50WNnc0QvKE_q8NKKry0kxqJxBRihI-pepT4AAYCGRqjPQ0iQT5VkpTiOWkZn90_gQklB4t1bolIYbe6zccqt0SUOyhLszUTY|https://lh3.googleusercontent.com/gps-cs-s/AG0ilSxQtcvpIixgpoCZ-uJ3gOy6w0lIA5HoiOuj7ede3MVDbGAYx1MVoL8ogoZF1tdHCKMYuNHvj0_LuX97y34ljMH4a6ZV5W9nJCNShqy2Zkb8XkbrKxhruUvPFpxzSPcTAN2BZGEmB6ppu5rX|https://lh3.googleusercontent.com/gps-cs-s/AG0ilSyF_5efHoWCW9-SeHQGag_mmyshx60bva2O8Ip8UAXLvE-gyGPCbAFtnXp0whqifsAqC60er-sWFwmq1qicGOpIjPMeNdNCyojXTkzQC1HVwvGk-vqpOk7T-SdbcsYjzB__qulv2O80Nrs,N/A,"4,3"
https://www.facebook.com/114374803672002/posts/480746653701480/,"Rue 41, Meknes",0669-857681,N/A,BarberShop Family,,N/A,N/A
N/A,"شارع المصلى, طريق سويقة, Meknes 50000",0609-585314,https://lh3.googleusercontent.com/gps-cs-s/AG0ilSzwp2NtI71PGdAU54kzJ7gvmOym-vLQyGOKK_elXpkSYe9zHrBZfiqAVmICjytstvHLgg-0-TlMxMbRYH7gFlfECu9mj0u0al4iSgp45ro80HW9J6Qa9A9G0tsuO6rsHn7QInrsQ4kpWGBF,Barber Ferkesni,https://lh3.googleusercontent.com/gps-cs-s/AG0ilSzwp2NtI71PGdAU54kzJ7gvmOym-vLQyGOKK_elXpkSYe9zHrBZfiqAVmICjytstvHLgg-0-TlMxMbRYH7gFlfECu9mj0u0al4iSgp45ro80HW9J6Qa9A9G0tsuO6rsHn7QInrsQ4kpWGBF|https://lh3.googleusercontent.com/gps-cs-s/AG0ilSzZANmaie92VOuj3-jHnpB8hOpqDPLa_AvweIk37-1WQqOjobMCvhELV9F1iVnVqTpFEsdu5OP5rQsO0vi6_Y2C5oER0jRHkdXW-wuIS5ppL_BIAzZ0dzZTS3s3gs44OFmXkJGqGZL-WQjx|https://lh3.googleusercontent.com/gps-cs-s/AG0ilSwvd8Uv12klIVo65BnOf1vusJqqK5QMahn_GaUsXhQ2i2XQsyeY4sIAy6BdJKry5lSGLUrt3rwZZDSHlNr5G78Z9cXtDsjrpxM5M0MCRa76OG6eeXG6eocjpLIcJyqC8tKguDugLvaE_Qc|https://lh3.googleusercontent.com/p/AF1QipMJGVkEOpQYLgZjPFyZ_2OkoF9TFQdbM-x8ytYe|https://lh3.googleusercontent.com/gps-cs-s/AG0ilSzq4qk-hEDAWIIkmv9QNles8P07Ex1quvRtg9bYyIe_YU9SQeBJxhLNJMeLPGFcca46L_Tg4iuk9hdAXUhcUM4aWnN9OPNrcTRzHXgndUvqptxNilHHJ6Y15xGipmOsndF5E0QsWJoXyj0|https://lh3.googleusercontent.com/p/AF1QipN5imTMO9QQnIC50Jxev32Byx5CCUSIDPHJVH2-,N/A,"5,0"
N/A,"VC9J+CQ7, Meknes",0694-469996,N/A,IBRA BARBER,,N/A,N/A
N/A,"VC6F+5J4, Meknes",0638-866997,https://lh3.googleusercontent.com/gps-cs-s/AG0ilSzixWRdYJwKEpvT8NUnq4w7CFBvPapdQCQ4bI5uj01BEXRgFB_2OD0YhhiPApd2bNI7nMNnSYJ5KHzahfc2I6LsbyyaiEBqiBj2aU4RvW2Y2FhSYfb8TfTKE0tKgXoufqf8mut7Y9le7_mw,BARBER KING,https://lh3.googleusercontent.com/gps-cs-s/AG0ilSzixWRdYJwKEpvT8NUnq4w7CFBvPapdQCQ4bI5uj01BEXRgFB_2OD0YhhiPApd2bNI7nMNnSYJ5KHzahfc2I6LsbyyaiEBqiBj2aU4RvW2Y2FhSYfb8TfTKE0tKgXoufqf8mut7Y9le7_mw,N/A,"5,0"
N/A,"VC69+3PP, Unnamed Road, Meknes",0675-518245,https://lh3.googleusercontent.com/gps-cs-s/AG0ilSwJ8pzQUCSCCnMkwJkzRZG6MY27ljDzJQ-Moyn3QPS5UruFhICX8JiWt8w_Nxf2RAeigm8vl2DfIQmIT-nId7bN7AibayW9y31ed3aZM9OZVZc5wWcISEuZJre1qdTZaDwsdO18oQ,AZFA MEN BARBER LIFE,https://lh3.googleusercontent.com/gps-cs-s/AG0ilSwJ8pzQUCSCCnMkwJkzRZG6MY27ljDzJQ-Moyn3QPS5UruFhICX8JiWt8w_Nxf2RAeigm8vl2DfIQmIT-nId7bN7AibayW9y31ed3aZM9OZVZc5wWcISEuZJre1qdTZaDwsdO18oQ|https://lh3.googleusercontent.com/gps-cs-s/AG0ilSz_oAHEHDwGek-yKHQl9pSBPauxvYwYrF7IE-5OHfrm1ddkhbntzyNYvVYdmiZ04MU4_pirJajksP6kX0S7xbgnjiEjq4ztOyUPMcJU-NGUBDBL-WT4KkZK4cF-EcHLa_Q-APTOgQ,N/A,"4,5"
N/A,"jnane, 304, Meknes 50050",0675-574802,N/A,Al akhawayn Barber shop,,N/A,"4,7"
N/A,"VC5Q+X9J, Meknes",0669-604734,https://lh3.googleusercontent.com/gps-cs-s/AG0ilSzKBamz-ltwURgOnrECit8eKNb7896K0PjBZDpqGXBiaGXfOEgvFkYYRFrGc6cKjx4z7QiI0dH7gxkjNdI3s5oHRPtcj8xFOQzM7PWq9BsnbFHGYSeZsiLJc2jLHCkNLpifqGIIQg,Coiffeury_badr,https://lh3.googleusercontent.com/gps-cs-s/AG0ilSzKBamz-ltwURgOnrECit8eKNb7896K0PjBZDpqGXBiaGXfOEgvFkYYRFrGc6cKjx4z7QiI0dH7gxkjNdI3s5oHRPtcj8xFOQzM7PWq9BsnbFHGYSeZsiLJc2jLHCkNLpifqGIIQg|https://lh3.googleusercontent.com/gps-cs-s/AG0ilSw5A_EBYVhTgkHvV5Vrmz-vFiNVsN-GOdNFjx8sOnS31OzvM41azATQ6HsEbnb8hXbAFdlbCg1V3bs01MIKqmXkwvIWLgyFJe_dygyi5y1qz5NMMMd5to4BIdc_khO6vXrwxUhE|https://lh3.googleusercontent.com/gps-cs-s/AG0ilSyQVySsyqkHZ1nI7sztJ6BIM5Psk4p_svRJKTaXKi-XTdHWPZSk_RobOZKr8CkNF8MhtJYOXipUUVgLGXY63gYboLTuZZruVYHHWpjNJNmUWIvV8QM26ozR20C-BDmTvdDjcEdr|https://lh3.googleusercontent.com/gps-cs-s/AG0ilSyDNszw_iKKJjweVlOrGAfzdykyfXmrXI6GUxwlhuxSNFLCE-9KBSZvlbguvCoyNMmDrssm5IicIRV8dOc0jcw2f5OVErhNe8sIOSBJMWK_lXWQuPHIvUYaiePSMj-sAQJj5cKZ|https://lh3.googleusercontent.com/gps-cs-s/AG0ilSyYRFf_g3Gk6p4E23V2vG9V2QGi-LTZHX1dmb8QWEllrk8vXojk5h7E3T_EqIr95xkdv_i-SGLCEIULp6jwkDsAwiL937Ee3zS5PZfa9ORM0OZB3eKa3lkRcsCKFoMvK6O46BVa|https://lh3.googleusercontent.com/gps-cs-s/AG0ilSw2Vbvl8Neb7zITOj2R4ArjD6UZRAF-oNGjU6jPjMbwHHqVJUNXuUbNX5RejK5Ke8W0Fiqek_Wyqz0naP6jwPF1jn7kbFpGOVjYKs6hBAx1_PEhDPvX0lv9uY8_A9WbbqEAhro|https://lh3.googleusercontent.com/gps-cs-s/AG0ilSxeVmmWNCbUHCYyfpEPiit7PHS_gevAxw5UmhIsdyh9sjQTWvFna3CtWtiYKNasOklGyx7d5DMOnLRvscLBnYj1fv-Qm9nwP_GlVkpth0QVI5-VnfSwOzqltEspj7YacdA1pqg57g|https://lh3.googleusercontent.com/gps-cs-s/AG0ilSxvgCBuTw4ELa-DKPRa9pMUNBMapHqBZ6rvzMXv8ERQIRteHsuxnRjCdmlvs9ph6GrTBt3QZAuRhavswyrrsLHgs_-H85AaKoV-ZQiWzdF-a8DRO_PNJHNnE6lekgJecoah6xuR|https://lh3.googleusercontent.com/gps-cs-s/AG0ilSzxIBiq5sQ8HWu1YcDE1O9h5BnWFdOVkS6T715SXPPvKEY9Bs_zaMiyo51wkwieK_m00XMhfTLkGzFca0cdbcb4o93dfUS1dIfUyzL4x8tiBB66OjcO8cNdHiVvcYALp4YS4ZmVtg|https://lh3.googleusercontent.com/gps-cs-s/AG0ilSyMjS16tzLciVcXRjud8OuX6gye0n1-etEdtuPhCfvJN2smfPArshyDj_FzDzmKsAZFJMWV7laVvWNHRU70mewLoMmU9Jji_Rd0-tVgo-asvHorL9H8tz0f0J6w2D1a-OwPDtPn|https://lh3.googleusercontent.com/gps-cs-s/AG0ilSwwXQ7GAWqyKzMYPrwpNgHHWpDPFF8br_FV5gSuBa4UeUmmJqTYfiKWdcCqvKm3NLCh9qC1UyhP4yNzPLEWPjL9KNv6ehRezYE_B8JSlTjkDXdKQXV5IqUqAFAM4ysMsWzsToogQg,N/A,"5,0"
N/A,"n°37, Lot zine abidine angle res mohammadia 1 mag, Meknes",0660-601718,https://lh3.googleusercontent.com/p/AF1QipMTTIMAQFpWMBYIZ3kn6Fd0xlbRT_sp23uw7Ap1,Barber Top,https://lh3.googleusercontent.com/p/AF1QipMTTIMAQFpWMBYIZ3kn6Fd0xlbRT_sp23uw7Ap1|https://lh3.googleusercontent.com/gps-cs-s/AG0ilSy4pP-v-n3FXlIlsx6b1C6iQU24yyPbnu_QZkouwIbt84Pr1wU26Vr5i5X0dI_mw6tKtIhPsIX9XZktvVQi8derOu6j6RxMOsNuiHw90isSHfY4iyTeVubnnJg7CgMYFuaRRs9z|https://lh3.googleusercontent.com/gps-cs-s/AG0ilSxPKwTBSWTASt17TR7eoIvvfp4W9U2mF5tidZe-BBYEqkCEfn6wFaLRhxHGUpDNEwfgzFAoh8FS-N93oUxzTFaZPlR2Q8cd4Jb1gkYbU38YkxTYAhqJczozuFhsw25dHT3JKdUQ|https://lh3.googleusercontent.com/gps-cs-s/AG0ilSwDK9T5uUt5ha5b0Z4oz2SXqHHAA4QW5YFINGNhL_xbzti4IDWlT3No1wo6CZDfylXSaNC1P23Z3PybwmwOMSb8uhyK0CatehEc00zRo3HMbwBw_cJf64XzwXjdTpaWLYOO4IO8|https://lh3.googleusercontent.com/gps-cs-s/AG0ilSxgxoL9TiFG8dkF_TRP64bEF-CWFGZRWsnvIZWYlpA2o7fnzAD5uLDKCXgi6chRHW5GxErV5y_winGFpOwphVBLgDYMDiMx0KEibMhVoGuhPHomxpOiWDZBTZ867QG62ZcxtnMakg|https://lh3.googleusercontent.com/p/AF1QipOYCmpapF69QmJzUh4weLVMgDY8OoHNlM6H58HQ|https://lh3.googleusercontent.com/gps-cs-s/AG0ilSzzdRIeosirrnY6pQ1C7ausAeznk6SIrr_CQW6rPsXyefIDYS6xxdlsahYFJXlz6UxCt9IaXJnJaEwemjGx1A5olQDD6dFRMs21JB5sVPGBsytgFJn56qvnqLaiOrnXKoMuEBS3|https://lh3.googleusercontent.com/gps-cs-s/AG0ilSx5ETRpwops2IbqubKUNxMAWnIYPtX6oFo2x6RlohdmUoInPPyJxrtCvyJIidGSwPCsqD01wVPke4oNYg9PSp_HkHxJFBs2a7wd96M83HPESnODDNQvs11ZCM3VPwtIYuDARVcKQg|https://lh3.googleusercontent.com/gps-cs-s/AG0ilSzhVtsnlWJAY_BNbaFs8P72QemVeT3Jpe_1rOeLh5WhtGETNG0bfgQxZz4c-So0u53SD-91lM9VPl5WpqLvC9Yr8T6ui6Gx9dfqCgsT_QNNtfvo6cMNfejoi9eD7kDuFeObzdXT,N/A,"3,9"
N/A,"532 riad, Meknes 50050",0603-439813,https://lh3.googleusercontent.com/p/AF1QipOss6f_AHsj_SCP5DsieyTG5_zUIKA6xOr_cpFm,Karim barber,https://lh3.googleusercontent.com/p/AF1QipOss6f_AHsj_SCP5DsieyTG5_zUIKA6xOr_cpFm|https://lh3.googleusercontent.com/p/AF1QipOCAymIw3DFiXftKi2r6XfxYFTlAr2859G60AEi|https://lh3.googleusercontent.com/p/AF1QipMajDX_Low1uA64By5b2KpvATFoCT31YWHzJNrH|https://lh3.googleusercontent.com/p/AF1QipNe3FUdcYZ-IIkHCpKXPzS5hwbMHB1j_Ae3Hoah|https://lh3.googleusercontent.com/p/AF1QipNLEdykmQ9ghf2NtrkDlZ2qt1ipfMGzJzLX2sNY|https://lh3.googleusercontent.com/p/AF1QipNVH7Qqwo1D7c1QO33DGeD3sUZU6fnGApEjM-zB|https://lh3.googleusercontent.com/p/AF1QipN7z0pesnntRcj3H5zreHP7YGTLw_F916-GLfed|https://lh3.googleusercontent.com/p/AF1QipPadTsY8hX_r7iBjZYN7mW-KHwNDLd-2gMh0DJS,N/A,"5,0"
N/A,"VC4V+QH5, Unnamed Road،, Meknès",0633-007544,https://lh3.googleusercontent.com/gps-cs-s/AG0ilSxtXtIIadmgPvbmmf4LpGxICsPS0bcHQ4FAEQryVrROTQhJ77AUUsBxQ6DCyavRpAmk-ysb4roH9_Os7Y2bHbCcyVas8iBlwOY6AGxx6V0_eUODkIflXXtFsCuj1TW74ybASeUx,Salon Chentoui Barber Shop,https://lh3.googleusercontent.com/gps-cs-s/AG0ilSxtXtIIadmgPvbmmf4LpGxICsPS0bcHQ4FAEQryVrROTQhJ77AUUsBxQ6DCyavRpAmk-ysb4roH9_Os7Y2bHbCcyVas8iBlwOY6AGxx6V0_eUODkIflXXtFsCuj1TW74ybASeUx|https://lh3.googleusercontent.com/gps-cs-s/AG0ilSz_D3YuphHn4kedq199zBmMcDShYMl0562qEV24F_-9bwChIOJmTSTGkX90kN5TKFaNC2-tfi1QDKFHlRNLCQExeAhJ-I1LG_A_WXyxpMpurJBr8y8quN7dlTVfqYunlXhPhEV7|https://lh3.googleusercontent.com/gps-cs-s/AG0ilSxeARrLLR299D_6LAkz-V3_nkGPgWeW4ZeIrnbFidwSSKnvsF3M-xx24dlWwrOuq5lpXn8foieDh3AHTQDlL62TBbc28--1F25AA0qZVd9VAQFgIDTTZhdJu9-XAPLR4M3EjIHlZw|https://lh3.googleusercontent.com/gps-cs-s/AG0ilSzoPh7XWEnKUbPT6D4jUVmEAPY5NLN8JhfDb7N01mx_ItnyqcB-QIrukuCQOg79hnIK2QCmZTpOovo_pHJmA5hroeFxBXRqaF_fbeokPXDhOg4dQyuh05Ffj8ia0ABDM9Ll5Is2|https://lh3.googleusercontent.com/gps-cs-s/AG0ilSy3Rpi4FzSPKHI4Af0VyW9FivQ-1VZbvf3DDjNe4bSeQ9zUYFB4KeElLeekTkqFWMYk5YdSHmUDJLmFi7cAByCcqjg2em5359tfPNIyRmwFBSD-iSHXG7nTF0L3u2gQbssbNqnsNg,N/A,"5,0"
N/A,"VC9H+G9, Meknes",0631-126086,https://lh3.googleusercontent.com/gps-cs-s/AG0ilSySesJHjAqgoi_wm7lcQsZnY02YPSJdxSjDD9fsVb2vfrUjy3uzvJsvzeYXUShlO3-akrS-i6Vh_s2OyVAmQg4bXvRfd-DjxPTOna8lXs_fdD5NqPiiBhEqlK9Q9sjlhn6JGYc9rA,IM BARBER,https://lh3.googleusercontent.com/gps-cs-s/AG0ilSySesJHjAqgoi_wm7lcQsZnY02YPSJdxSjDD9fsVb2vfrUjy3uzvJsvzeYXUShlO3-akrS-i6Vh_s2OyVAmQg4bXvRfd-DjxPTOna8lXs_fdD5NqPiiBhEqlK9Q9sjlhn6JGYc9rA|https://lh3.googleusercontent.com/gps-cs-s/AG0ilSyEt0QCBRd3NMC0r1tC6uKgLdZT3_FvAPjXizJ4A-vmCrpS4DdV4Jlc-l4giIgPoO6xxeYMd_CYZCEKjzROUtiI8Cesf98n0eXzLrroM_LJOKxW8JNjlEFF_lIIo5ZfLV1TEc1K|https://lh3.googleusercontent.com/gps-cs-s/AG0ilSyKzuF51W44-g_0hAWVMKlYiHxp9Fr0ocVPUS3AX-vQ7EqHjllbFcU6WkcMu7FyufghN79KgVbKjaexgGPk-lj_glgB7-CAREQ-smZA5gfuB8e7_beTkdxx-dX6T53VgIB6I3I_-A|https://lh3.googleusercontent.com/gps-cs-s/AG0ilSwntK8hPUIqoXKlh5KMvaeCiO5Ffw2Aom2grflCrnrTzyNIFITJu1rx9gnslQskwpQXZD0GNY7HtZuja00ihZHoYzqwg-RqGV5n8b-7AEqB0b0oeWzPQ35u4JVo2UzRO5hb_JyhcYwYCq2z,N/A,"4,2"
https://www.facebook.com/profile.php?id=100050417233739&mibextid=ZbWKwL,"5, Meknes 50000",0674-467470,N/A,Nabil Barber,,N/A,N/A
N/A,"Rue Mansour Addahbi, Meknès",0662-825773,https://lh3.googleusercontent.com/p/AF1QipPi00En3igbuQMrFPKZauEPWaeuuEXPFzxS4OWM,Abdellah zeghari barber,https://lh3.googleusercontent.com/p/AF1QipPi00En3igbuQMrFPKZauEPWaeuuEXPFzxS4OWM|https://lh3.googleusercontent.com/p/AF1QipPqedPqx549V4y5aDgijQpDM9W-rPpN0aYZ-A9I|https://lh3.googleusercontent.com/p/AF1QipPvjmLfmQ_i6bhDZUKoYpYV3-SWJ9rfJkgTQOMb|https://lh3.googleusercontent.com/p/AF1QipMAjq8YdPVsJey2TXFazvB83tNLGKaRLaHkeYpH|https://lh3.googleusercontent.com/p/AF1QipP1ssc4fJpG_bc9MUQETxQ2V-2kFXqrdXzyeYRk|https://lh3.googleusercontent.com/p/AF1QipNmFZRSX0XgWfl4NIDyaPF662FFZcaAbZewQ0e0|https://lh3.googleusercontent.com/p/AF1QipOpWokuutfC1Xnk9szPJb7wB4--htPMyApjI3aL|https://lh3.googleusercontent.com/p/AF1QipMjhx1qNmpMqsfypq7TrS2nyzY7kvzDboKBTrO8|https://lh3.googleusercontent.com/p/AF1QipNt4PICvb-NUlZ2pJwyBo7YirShmnGeZUae78bJ|https://lh3.googleusercontent.com/gps-cs-s/AG0ilSwGgnM6yZ7T_YhDfcyM1erPj0iyj7oWu1rZZBq71KU1t4z_dHtvV7KmsRQi4LcyFaap9UNlkbboSWqB7u_z3mmbvOY8D2vwJqnXRID_seAV1PcQseoRtwirHBbReztqUw63lE9c|https://lh3.googleusercontent.com/p/AF1QipOr46CpNNqnLYNOZ6TZBqcAD0q9051wFmMwLMDZ|https://lh3.googleusercontent.com/p/AF1QipPekXN6MU31jejVFjOqYBIbvj46Iit8yTuvjkV9|https://lh3.googleusercontent.com/p/AF1QipMaYZsRk6okeNxew2IVcyY1ZdzkxQr2pJRgvKWR|https://lh3.googleusercontent.com/p/AF1QipMqKdZtR7Lb4DvR21vPAiiRo0gDDAbJYlDBgAj-|https://lh3.googleusercontent.com/p/AF1QipPmzLrtv8WSEhCuuYs5uEpCTD1MxBZsUKIHDxpu|https://lh3.googleusercontent.com/p/AF1QipNJz0SG8iHsrYT1PLquyKsh65An3-nWphgnKGL3|https://lh3.googleusercontent.com/p/AF1QipPNR0Nh8YGg47NJ4xaVRkEbuYq77CIuKcJVQHOV|https://lh3.googleusercontent.com/p/AF1QipNBUXNlJeywdsmhbFGPD_toh1rXZ4DHfoqN1s0k|https://lh3.googleusercontent.com/p/AF1QipM9vmtikwc306Xsur7Wvf40RqxC92xlO8oIFTX6|https://lh3.googleusercontent.com/p/AF1QipOLnyh-1u0V9MovbAN6p5OfveYnqhZ5c19FrwFs,N/A,"5,0"
N/A,"VC4M+PCM, Meknès",0631-145315,N/A,BARBER JEADANE,,N/A,N/A
N/A,"Unnamed Road, Meknes",0612-620597,https://lh3.googleusercontent.com/p/AF1QipO5BdZ7oJTHxvkz625WDVNThdvOi8tk-TlZ5QW5,Khibrator barber shop,https://lh3.googleusercontent.com/p/AF1QipO5BdZ7oJTHxvkz625WDVNThdvOi8tk-TlZ5QW5|https://lh3.googleusercontent.com/gps-cs-s/AG0ilSx3Dxp_kTJKTZdr_cEK4e6gBUuxH1huVEHIUVqnGqhl5tfLGcAyfFXWWbSqOkef5CWd130wrIFu9jWsKKDDeWeAXiELR14MBc20rCzmXgUIe_7a8cdcJKF39D1SyDHcUjpUv2f1sg|https://lh3.googleusercontent.com/gps-cs-s/AG0ilSyI3-gCouHtQ5o2dh5-UgC6k8wOI7oDGUUp888cDTczacwbCKIN6KNMYcfdgMr8F1kIwTBUaEad5AHbpvlistgav7rBwduWV9icWqibmDrDo7_Y1Cjpwda3yOTSV11Uc4NOB7-4|https://lh3.googleusercontent.com/gps-cs-s/AG0ilSy3c80EZWgb-mftGsZg2kZNkXv1sZ7iFHhKqYN9-ixrg1pnCtVrs_wTOjaqmpaP4M_30s-za2sPczgCNUJir3BEn1agHT7PXu1B0_rjUyWdQflEWSCTQTG5d2K3935kmz0gWvIY|https://lh3.googleusercontent.com/p/AF1QipNc89C1GXMnWbX3IPABMuZQ2th3gvsp5S2pfOwk|https://lh3.googleusercontent.com/gps-cs-s/AG0ilSy7lJuEZTee0rIz89KpCvdQWhvRKSSXym0ohpc5EdLu90lSlsBKPH_HMZ2zZrFfnBSwQ0R2GZDhtAa0us5d0kOp99q2I0_MAxm8cE-K_1i20ZTyfTb4P6C67nHZ4u6F15dpnvI|https://lh3.googleusercontent.com/p/AF1QipPhQMpq1Lnb3f1ogqp9ev00tkWcvfFoqfgajpWd|https://lh3.googleusercontent.com/p/AF1QipN5OOABeYG7GEYNuGgDaE8pu4LPgaCzFEOCwdSV,N/A,"5,0"
N/A,"Qortoba, Meknes",0609-580678,https://lh3.googleusercontent.com/gps-cs-s/AG0ilSx12AfKoLvwMXYxOCDHYOQylEca_wuRUaWssLwQC2FXRsfcrBwTB5uQ1pxW549OZx96keGzOkLNlsUl0Wy31FujYC-V_YKEHCO8I0Hf_Ytvlxv9J21h7C5LHb4z3wRKJSbfIC-2yQ,Barbershop Belmakki,https://lh3.googleusercontent.com/gps-cs-s/AG0ilSx12AfKoLvwMXYxOCDHYOQylEca_wuRUaWssLwQC2FXRsfcrBwTB5uQ1pxW549OZx96keGzOkLNlsUl0Wy31FujYC-V_YKEHCO8I0Hf_Ytvlxv9J21h7C5LHb4z3wRKJSbfIC-2yQ|https://lh3.googleusercontent.com/gps-cs-s/AG0ilSw7YLznJuvSyuAYOGz1RIz_cr5ogp3AJwCVbZwZBAYdKemIy3-vAWLwRsgM4rt7REtL2gIYNQVoricAWx2dVysoyikkCLwzVVNP978SP-OQ6c_5iXUgaasPQx3MRTQbunzssMt0tA|https://lh3.googleusercontent.com/p/AF1QipOahLIS2HbX-8RE3lqxYc9tn_V2JvzuwFRcDLEy,N/A,N/A
N/A,"7 immeuble Hobouss Bl B2 wifak Sidi said, Meknès 50000",N/A,N/A,Barber shop walili,,N/A,"5,0"
N/A,"7 immeuble Hobouss Bl B2 wifak Sidi said, Meknès 50000",N/A,https://lh3.googleusercontent.com/gps-cs-s/AG0ilSx12AfKoLvwMXYxOCDHYOQylEca_wuRUaWssLwQC2FXRsfcrBwTB5uQ1pxW549OZx96keGzOkLNlsUl0Wy31FujYC-V_YKEHCO8I0Hf_Ytvlxv9J21h7C5LHb4z3wRKJSbfIC-2yQ,Barber shop walili,https://lh3.googleusercontent.com/gps-cs-s/AG0ilSx12AfKoLvwMXYxOCDHYOQylEca_wuRUaWssLwQC2FXRsfcrBwTB5uQ1pxW549OZx96keGzOkLNlsUl0Wy31FujYC-V_YKEHCO8I0Hf_Ytvlxv9J21h7C5LHb4z3wRKJSbfIC-2yQ,N/A,"5,0"
N/A,"Olm sud n 32, Meknès 50000",0648-054580,https://lh3.googleusercontent.com/p/AF1QipMQyv7GS8j6g4KTsYOnRlTF9Foak1XBR7VzMEPM,Barber lotfi&zouhir,https://lh3.googleusercontent.com/p/AF1QipMQyv7GS8j6g4KTsYOnRlTF9Foak1XBR7VzMEPM|https://lh3.googleusercontent.com/p/AF1QipPD2HUL-ymig1aelBqc_TH-8doP-nNxsZjgMe75,N/A,"4,3"
N/A,"VCW9+FQ7, Unnamed Road, Meknes",N/A,N/A,Pedro barbershop,,N/A,"5,0"
N/A,"N, 92 Magasin, Meknès 50000",N/A,https://lh3.googleusercontent.com/gps-cs-s/AG0ilSwoG0Pkc2sSj-XEzN9y9hQZOYRyEFZwFHGT0jhKWxap4OMx2OPrNtwwp1bNa3DKZYcFcu9-R_l6Sa0ObZgGbUzlI761GYwBmBj_-ZaBPAbOS3AiQ5Kd-Yqi96M7jY1Hyeh7WZy_Cd0ujE-T,Barbershop hajjami Said,https://lh3.googleusercontent.com/gps-cs-s/AG0ilSwoG0Pkc2sSj-XEzN9y9hQZOYRyEFZwFHGT0jhKWxap4OMx2OPrNtwwp1bNa3DKZYcFcu9-R_l6Sa0ObZgGbUzlI761GYwBmBj_-ZaBPAbOS3AiQ5Kd-Yqi96M7jY1Hyeh7WZy_Cd0ujE-T|https://lh3.googleusercontent.com/gps-cs-s/AG0ilSyuIOUfd3DlxJDoU7-Hiz2HQsBJMMV83Whi3V_za5z9t33WVcK7CQLHjNTfCcd7l5Qot4ItVC8raNoipG4ryvJO4SmWSwlbHwZAziZ2A2u58qQv6RyWwZdWVh3dKV9i5sk-37DNGe5uU0df|https://lh3.googleusercontent.com/gps-cs-s/AG0ilSyHuELXh2Hp0QXskO3Qhz8sTv4CxwIo-qT5Nd6e_D3y7ofLYurDNoGKf6V40aT5k974hzV1ka-X_v35AdVePy7o5g4W3SaqaAL2o-6zmhf2oYR0iGfs31c0r_ngY_ajv_4BF133ULPjpyG1|https://lh3.googleusercontent.com/gps-cs-s/AG0ilSzf4IbJhsAKEUiBQPoV6Ws-OKOFfw6Jzvx591BxCJZhHAZCyAgqej2cdYCcToBWoGBn_bVAGKi9Y16PyxnPzbLdQzckyLWwv-Z90SkqnnWle0VIpfbLfJ0mOUdr-kDw4-fVwaEgJrYuM1KM|https://lh3.googleusercontent.com/gps-cs-s/AG0ilSwGMgg23IP_QObOU2nBkhQ50abct1oaLP-nOmYJTvRhRMkJTSgTHuXdGMxZw_f2h1mWIPgk8u8J2fmuMEHjka0Lwzv02wmztk2lzIHD6ILNG_w9sZ8r7Uvf_XHdxUkYqc6iuPEIJUiqAUI|https://lh3.googleusercontent.com/gps-cs-s/AG0ilSwEGUsRZLMWk8PmpwQzjQ5CQ7ipNX_CDyEOtLk8Bbr9koxw1zmJub1JpHRh3gDEnSsiVIF0ELgb9BWfYWc3qZKoO6g2gdMur9yuNtseHi8PkSHkNjHEgD-3KoqBfKMmukWGLXZOZBaurso3,N/A,N/A
N/A,"Lot el bassatine 7, 253 trancher 3, Meknes 50000",N/A,https://lh3.googleusercontent.com/gps-cs-s/AG0ilSyuIOUfd3DlxJDoU7-Hiz2HQsBJMMV83Whi3V_za5z9t33WVcK7CQLHjNTfCcd7l5Qot4ItVC8raNoipG4ryvJO4SmWSwlbHwZAziZ2A2u58qQv6RyWwZdWVh3dKV9i5sk-37DNGe5uU0df,didouzbarbershopmeknès,https://lh3.googleusercontent.com/gps-cs-s/AG0ilSyuIOUfd3DlxJDoU7-Hiz2HQsBJMMV83Whi3V_za5z9t33WVcK7CQLHjNTfCcd7l5Qot4ItVC8raNoipG4ryvJO4SmWSwlbHwZAziZ2A2u58qQv6RyWwZdWVh3dKV9i5sk-37DNGe5uU0df,N/A,N/A
N/A,"Rue 7 hey el wahda, Meknes 50070",0619-796549,https://lh3.googleusercontent.com/p/AF1QipMZjA6h32i357tPQQWQJ6mlO6gR3O1zhWlHIaJ6,Salon al Ainaya صالون العناية,https://lh3.googleusercontent.com/p/AF1QipMZjA6h32i357tPQQWQJ6mlO6gR3O1zhWlHIaJ6|https://lh3.googleusercontent.com/p/AF1QipNZjTmdeEAEQ-KFIreLs1ExpO9BFtcG_hMiUQmj|https://lh3.googleusercontent.com/gps-cs-s/AG0ilSyvNGLbc05310-rRPNK0P9wZGuteK5RzQ1ZtEVSG08onfUM1yvexIaMfkMwl-wjlVDLvBNM7HpKYaa0t42gj0zu_5Ila7fr3aeIFDXnkrblUEo5Zzds9EfDv7YYLlhbmRlT55Dq|https://lh3.googleusercontent.com/p/AF1QipNXuQKXfePXCN6E_unkdanZ-LAO30LW1C7XXHBW|https://lh3.googleusercontent.com/p/AF1QipM4lKYRWdcYKFnUGjGnPGO-Z0SYtSuUhlnb_NTY|https://lh3.googleusercontent.com/p/AF1QipPraNMhQPEau9cpAa0gQdgrk1cDDRxDlT1JoPDX|https://lh3.googleusercontent.com/p/AF1QipO9nvgmuKo_ohClZ0V308c5MAtCb3jT7TfauL3K|https://lh3.googleusercontent.com/p/AF1QipM441FF7EJZqJFSekD_NdpRe95tOw8Ijm0Z4V_T|https://lh3.googleusercontent.com/p/AF1QipNtfXVKnC1h67OOHdFJtPWyo8AiH7j2_3uVZQ0Z|https://lh3.googleusercontent.com/p/AF1QipNIVfJAyYzYQi3RHHvbC4mLbOFGClZTfZrV9asF|https://lh3.googleusercontent.com/p/AF1QipMPp6hUvtFdVmrA6inINK3MpaW19JCR4tQeeXJb|https://lh3.googleusercontent.com/p/AF1QipNzgrzcoDlHTwTdBDyLpAwXceN2SuCRoJyMRkjs|https://lh3.googleusercontent.com/p/AF1QipOn1EPMl0TT6Pxz3RnbNZr8hzmX5trJvwPGrypV,N/A,"4,7"
https://www.instagram.com/hamzael8524?igsh=MXM0c2k3am1qcm5pZw==,"رقم 230, 7 الشطر 3, Meknès 50000",0629-181614,https://lh3.googleusercontent.com/p/AF1QipOLXwDrVOaCR-bpKmfkZ6nafsthPirepLpMkOj4,Barber hamza and omare,https://lh3.googleusercontent.com/p/AF1QipOLXwDrVOaCR-bpKmfkZ6nafsthPirepLpMkOj4|https://lh3.googleusercontent.com/p/AF1QipMYMR5z3tokGhKkhNOyo2b-SjAVpFU6PkGXYgkW|https://lh3.googleusercontent.com/p/AF1QipNEIdqJ3S_t2ZVrULFK4bl_l-wPr_6oZscjUOtW|https://lh3.googleusercontent.com/p/AF1QipMFCU5QbheVtEccrEW2JrIq9gVQQi_YwWPHzsv2|https://lh3.googleusercontent.com/p/AF1QipPjvjUKATykDoH9SEbGQgWpkJD6Mo1KmjRuw2Ex|https://lh3.googleusercontent.com/p/AF1QipMo9NYI47_aCoPK69suEvpsRZcplE6Q86oRq6Ep|https://lh3.googleusercontent.com/p/AF1QipML7eBt1yx0MEfS_pG-83pYUMjV4AZLsIw9dNer|https://lh3.googleusercontent.com/p/AF1QipPYXz69U5RCOgzZmWIYSsmQDKtP7qrxDsvE1HFX|https://lh3.googleusercontent.com/p/AF1QipPCqbBugQj18SHjnVkv8d0c6zGZdEbq_MV5AG00,N/A,"5,0"
N/A,"VC87+2R9, Meknès",N/A,https://lh3.googleusercontent.com/gps-cs-s/AG0ilSzbEBRYBiIj8Qop2MCGOVpTf3sKgEl7O5-hDdJlaP3oKT-BMdpd1mwKtyzRshSJVDVjhzZqiGGl32tlypMgNoeA0Fm0sMeU4es-E7SDG9t-p7FglnhSl7BY2LRC9c21qNSN7Dn5,KAMOUSSA HAIR-STYLE,https://lh3.googleusercontent.com/gps-cs-s/AG0ilSzbEBRYBiIj8Qop2MCGOVpTf3sKgEl7O5-hDdJlaP3oKT-BMdpd1mwKtyzRshSJVDVjhzZqiGGl32tlypMgNoeA0Fm0sMeU4es-E7SDG9t-p7FglnhSl7BY2LRC9c21qNSN7Dn5|https://lh3.googleusercontent.com/gps-cs-s/AG0ilSw3MHIZL8b9gpMarJhmBg8xgR-LpSyHEnd1F-dw3WcCMZKw9vb71X_BxlzPLyYDIb0BHbK0wIGKCSSNheNJNWD4_56cinvHstmfyxDZXD4Wk2XycR5Grycs7DUfB5v7CERlweBf|https://lh3.googleusercontent.com/gps-cs-s/AG0ilSz14vJSVQ77CGhiHLGIllGMfyAUQ17NWZun4Wdi_a7RNlOMJ6Afmp0cuQmToPGdsrO3VOfHlGiDBFYc2BGvP5EhTN-5M5TAu5V4PieLY1kDK47LZMg1jZYhJQSTC7JGzZavpoRh|https://lh3.googleusercontent.com/gps-cs-s/AG0ilSyAjMjRdh2ip9DcYsigoVmVsBD-G2Ozr8p4PO_BpvND7D8MQ4edOd8nHm936nYwSlKz12onR3J5XVVDsIHByocZBENq3qJy0IiuytRDdCyMV-NK28JdfDYx5pSLfbGjU2wvHbN2,Situé dans : Lavage auto midelt,"5,0"
N/A,"19db Zine Al Abidine, Meknes",0679-514643,https://lh3.googleusercontent.com/gps-cs-s/AG0ilSyWD2Td0PIuvKKtnJ3q4XUKKpWtpWpEWFvQh1fwWI98mfj5gJd7wGTysbfRMdE20ugCQ8i89xAiMXgTvEV14Jr91ZRg2HMI8R3GT-DeMayDDTW77Ut3Ix4Ai7PgVB7M4FjnJWbUFw,Barber_shop36,https://lh3.googleusercontent.com/gps-cs-s/AG0ilSyWD2Td0PIuvKKtnJ3q4XUKKpWtpWpEWFvQh1fwWI98mfj5gJd7wGTysbfRMdE20ugCQ8i89xAiMXgTvEV14Jr91ZRg2HMI8R3GT-DeMayDDTW77Ut3Ix4Ai7PgVB7M4FjnJWbUFw|https://lh3.googleusercontent.com/gps-cs-s/AG0ilSxUialPx1GyziVBMeT0ihTlSxeUM-Ht8d2bOXxOmTPcflvVfQEej-fikHeVpQi7x_V4vkKLbL2c7kcSduqDeWWAwMVOco6Sti3fcGPtJmTvfV_z6PChM3w318kUV1ywfxVUv_w|https://lh3.googleusercontent.com/gps-cs-s/AG0ilSw6JgIR7uSWaMhQXwSse7YtRlEIZzHRn24EAy1xcFOnKRbjspNuxBXNRwXhfkWX5YwcH32eaqq-2R53C8dUQiigO8fZWFa7o7Ynn2SV-bmXYJEAgt9_eRpQsq-i916MUJJMVx7oJg|https://lh3.googleusercontent.com/gps-cs-s/AG0ilSwzal6MGOST34PCbdgf8X_Z2WOV9v50deIY0KBgMXCMS0aejNhKXSIaAUK1_t1LaPGplP7QrwF4q3I9-3ryNpQOQXfBM82uABDdVqsX0axn3k411JxOqhq-5E_Z0gNSUVyzrY_sqQ|https://lh3.googleusercontent.com/gps-cs-s/AG0ilSwU-pb8O0dkOxAUvjRbGZoIz5CW2oJekvKtbMwzi2QmdPj2Ih_m5LEfGjbizqbUl9k0G0PjlTN22pYNkTK1J3AxLUmobUyrXh-d43sMwPDvxXSH4lIq6Hc2UaSqrB3HEhoNCUSBoQ|https://lh3.googleusercontent.com/gps-cs-s/AG0ilSzAiE5BaqSiXi9nETPeGWu7V-9Yarj-rof4WYHxtaSSJdg2w_wrL6wqMHsvxjjjI5oSRwGPySxX8hSMxxj46oNx_VI5rc4H3EoXrHeszneVSSiDFH5xeONz7rZQYFLiJfFWq7nuvw|https://lh3.googleusercontent.com/gps-cs-s/AG0ilSzy0n5IoPVhHj31nhlzACVtBVGFQShSi53kj70Dhj2C1sF8CIi_HVATro4jNPa46vlmyHnVGZf5mGRkUYBwWmsVwxRqwJiuDQOKdOy9EQ4TNrIRdMJ0nQ5gxcXICXHWnfBUHP2Q|https://lh3.googleusercontent.com/gps-cs-s/AG0ilSyB6lLkNHhwRWcptQZ8d7AGXaE3X1TU9ob-STM16o-nLehcGU2FK8xgAOkXGfiRalxujbN8aDq7YlxseUngigjALZbmvf-ZwLuaz8J0mVekYiUOxZtT9N1u3wmeNOP1ozrB3Hc|https://lh3.googleusercontent.com/gps-cs-s/AG0ilSzRNcz5XwtFn7QZBj_upC6QeXw77gcRz2YxjC6cgh_46Nn7_JfMLKjNejn82vAFiI61GBeo8uEfg9AteqhEx_zAWRFJ9pT5qwC0CeJGISRcEnxkkx50_kNERm4ygMn60Vw20u58Uw,N/A,"5,0"
N/A,"152 hay al wifak, Meknès 50000",0771-258064,https://lh3.googleusercontent.com/p/AF1QipPiEKeTU2-JorPpkxhJIr-8CdAc07V_TuSnYblg,Adam Barber,https://lh3.googleusercontent.com/p/AF1QipPiEKeTU2-JorPpkxhJIr-8CdAc07V_TuSnYblg|https://lh3.googleusercontent.com/gps-cs-s/AG0ilSwEVQs1H9gQnMc-SaDWGzIAe3zbJYIt9ik8YNBEo2pY4UVcJXEj2EybzHWbuVrxcXgw45xtt5qNDxgC4eJUYIYnkR0dJxuQk9JXhFF2G1jiv0FdkRKI7nYba-SiA9xdZ_nj1JLL|https://lh3.googleusercontent.com/p/AF1QipN6Q3JYqhxMw9yhretHxuTOphmjzZoZIO8lxO6i|https://lh3.googleusercontent.com/p/AF1QipPkHVzhuR0hK5B3PX6ulRf7ZxYUGGBR1Gbvcm5z|https://lh3.googleusercontent.com/p/AF1QipNfG5pXnQR9kSkVjKLwWd0Aiy1K-lLPdjccCq0g|https://lh3.googleusercontent.com/p/AF1QipNeJiMM5LpO07kj5eYv338uT7ykngD4nxChwg0T,N/A,"5,0"
N/A,"VC96+7WX, Meknès",0638-866997,N/A,barber de lux,,N/A,"5,0"
https://sherazadewellness.com/,"Lotissement Hafida, Immeuble 33, Mag. 1, Meknès 50000",05354-65659,https://lh3.googleusercontent.com/p/AF1QipMUmfYjDOAA-XQescA59Pg7blxa9r1VcQNxBttZ,Sherazade Center & Spa - Meknès,https://lh3.googleusercontent.com/p/AF1QipMUmfYjDOAA-XQescA59Pg7blxa9r1VcQNxBttZ|https://lh3.googleusercontent.com/p/AF1QipO_xvL2p5YpsME0J5mtFb21jSQQpiFjAomFXDz8|https://lh3.googleusercontent.com/p/AF1QipP8DENbLi17UsqgXFsu53S2P6n3-AD388jmB7uk|https://lh3.googleusercontent.com/p/AF1QipPPYIJ5lZ-7CUUCuQI8ESm7yOjEK3x1Z1AmxxBn|https://lh3.googleusercontent.com/p/AF1QipP8NyFdrF__5yKObt8ogxbDZAvpgEEyGD_UZvwK|https://lh3.googleusercontent.com/gps-cs-s/AG0ilSwBkPfsPsN-aVp1WIj1VwbN02evXCBcMph-1Cn1hYZ7V_wQh4_PcXftqQgqVONTBbTgUQ4a7TfB4puHcV_33Zevd2p4pAkrA95apyHEOuaFIA8Si7cNTGHiTZFaeEo5lM61j7il|https://lh3.googleusercontent.com/p/AF1QipPnCqKySAZmTgDvp4CZg0RomB7xD9iQqb1RpfnB|https://lh3.googleusercontent.com/p/AF1QipOzy93V1ebsy683VZUBrwZxWe7-ygByrYWCK0aq|https://lh3.googleusercontent.com/p/AF1QipNdyAh_jK25hJvRTUbwluC0oYMj9e_dTvVuyLXd|https://lh3.googleusercontent.com/p/AF1QipP8QdTYgQcl_p8dEpZbGqqmbrfn8dZ25Z8zm-H-|https://lh3.googleusercontent.com/p/AF1QipNSR0rljvFUU2P0WbrkSzF8uj5mWB41pfHDrgOl|https://lh3.googleusercontent.com/p/AF1QipMcI2EmRiiMH_qC1oC5lFMwV7xIG9TSUttdgKoe|https://lh3.googleusercontent.com/p/AF1QipOPI1ggT-EmCZxlsIQg42o8VKtbWMJQsBLh3hLv|https://lh3.googleusercontent.com/p/AF1QipPwZQwTpjAW4NSNmso-C34tRNmPNDruunbM_zh4|https://lh3.googleusercontent.com/p/AF1QipN-J1HNK0RyBeEnKF4ZfdP7IgS57WqPPqavJSnU|https://lh3.googleusercontent.com/p/AF1QipP1gZI-PnR9WIYDZESg5wBhuclBozVMfTjT43ZL,S'identifie comme géré par une femme,"4,2"
N/A,"VCGC+7PG, Unnamed Road, Meknès",0694-586914,N/A,Styling hair,,N/A,N/A
