image,images,title,location,rating,phone,description,website
https://lh3.googleusercontent.com/p/AF1QipOMv3E7w_Y9mV-R5ewHPYH3qblMVy-_fN3x1kM0,https://lh3.googleusercontent.com/p/AF1QipOMv3E7w_Y9mV-R5ewHPYH3qblMVy-_fN3x1kM0|https://lh3.googleusercontent.com/gps-cs-s/AG0ilSziEZoLtr48XNOb36hqK6n-Njnht7drhICBEvWHbld8Kism-FQqVajMROdRqXxSg_INM216ql6dSfqOXR93D6gcpuUHqaXvk28flpK8qYy26z1jsfQFlDQ2NAb7-6yYPfkg8DKW|https://lh3.googleusercontent.com/gps-cs-s/AG0ilSyHMiTsDnbCSNIDh_0lOtZPV227FxfyECITOc0gNMekgYRw7WpW2EM_LrDdiFAYiM7qSnV7siDKlunwCk6rcVqO3n-dE828DiA2gmOP_hPQibKe7b7jv7o2a3COZQsKEg9bHGQd|https://lh3.googleusercontent.com/p/AF1QipPwObC5MhTQpOhnqBX72mG9v2AvDPkEANfIBckI|https://lh3.googleusercontent.com/p/AF1QipOiHFIW6VCA2iZWLcdMKxjyXvlIOCQ3lFcYLFo0|https://lh3.googleusercontent.com/gps-cs-s/AG0ilSwXuq7PG8c9fID6jwRneVNz801_yyG6UW2BdF1tBA7hUcVbLf9Bl0hwI4Nrx-V4KklzgsDzpz9pgEwXYsKz2HsA0Gj3XieP7beAUzOMQsgaUhz6-DpyWpgKvYqnpZPyTit5_ZG7zswiahq0|https://lh3.googleusercontent.com/gps-cs-s/AG0ilSwSQm5j6WDyaP8QYSNkzvVARpV4BX_Z5AcwUI2YqOr9unOEqQ5fp39ZmK_ZUSwp4TemOsm9ZQzrQR7b6Xh3NRvcKxkOR1BRuF2C63svk4RfJEuztoUo4YwmwogFe2UX90WX6dCDnw|https://lh3.googleusercontent.com/gps-cs-s/AG0ilSwgChP2ucZ96axylDT4gHZp-VJik0iFFyhGJXkJqN71f_vTzKqsQIJ67UDCyyX4EDYvcDZPAsAsh8WOLjBH3CL4h6yeS3Aaoz6jhobyPx4g4VngA3-naboX-d4q-wmLbSxAYvfi|https://lh3.googleusercontent.com/gps-cs-s/AG0ilSwp3Fm5uC2oth7xPm_FPTYtj6nVgZ59bgE4q17icqa-zgPweB6a7RYUxrWwLj0rqIVZsdOJrwI4gtyFuDO-tktkeV2rpFROrAlsusXqgEYGeTPSbuaImdtfC3XlcbC7DZ9gTsm-|https://lh3.googleusercontent.com/p/AF1QipM7mumtWKaeH5Se2ldpex3-kBSbpbmvsLv_LFAE|https://lh3.googleusercontent.com/gps-cs-s/AG0ilSwThzDp5q4R3dVyW93Jy1xyf4TVifNStZTfy5jSuuWoBQtD4MqnTIb933RogbXbfaxDmBGNcc5ynEjSTZrmLQV2_9RMcHeIBmw5HIg3GqB-yiVyhOvWpnyr9ZRdepLGEfOQlqQ|https://lh3.googleusercontent.com/p/AF1QipNz137KH3x5mettMPoIdWgBgRpcZfsR8m2cpHMa|https://lh3.googleusercontent.com/p/AF1QipO0G5phzbLGPZvYBxz-0wFKOYDGerMDAZI8b6rb,Hammam Noura,"HADDADA, Kénitra 14000","4,4",0676-768448,N/A,N/A
https://lh3.googleusercontent.com/p/AF1QipPRPw6TxCr2aIGkbZM9-7d0kwa7hF3Uc2WM28V7,https://lh3.googleusercontent.com/p/AF1QipPRPw6TxCr2aIGkbZM9-7d0kwa7hF3Uc2WM28V7|https://lh3.googleusercontent.com/p/AF1QipMSjX6aWSqVgmazsxJbCTUgKhKKXYQVlnumyYT_|https://lh3.googleusercontent.com/gps-cs-s/AG0ilSyR3xE99AOJwK6cyW1XC7AXAvDQTQc3swsAXbgH3Do1N05wbXX1tFrUL7euZ1YFH3gPov11GPoj-PzKju_L3z9azbaVuF0PJJVUrMyeoWl1kt6xKbbHwv4kiavUOGa5Jqp1z_vBRAJnuyv7|https://lh3.googleusercontent.com/p/AF1QipPSjJFTHHpBbR6-HAyA160-w8aDLXI8ApUdTs9v|https://lh3.googleusercontent.com/p/AF1QipOZDjNBVH-8z2fCrIqRsnE-RWzAZMM9AZpl4yGL|https://lh3.googleusercontent.com/p/AF1QipPZrFpgST6bW7qWaiz3Vd4dDIECfGHFXE0cI9mq|https://lh3.googleusercontent.com/gps-cs-s/AG0ilSxbn4snGrgiyaAUGOJzOUK3Um7X8aaCsaHAYKln87DU0qvOYLD00j5o4V73uvmM7zz9rrM5JaxBIlkDdPg0n19d8QWAOardDMCltPQurghf4-2sC-ViwFouDg8gf8v07QcIlQ04|https://lh3.googleusercontent.com/p/AF1QipO4lWRM-nTPAm2nG31WQOkfreRJ-uC1pqPj6vAi|https://lh3.googleusercontent.com/p/AF1QipOGDK9ZZBqPypoxFONvJQHt2gJ6Nx4WioG0Dks0|https://lh3.googleusercontent.com/gps-cs-s/AG0ilSzAHjrXm1vZuAAO1UiGVqjuDKleKEj_KJKerlgyPe5HJWiFGry_LnCBdsr5VlLv45si5UCl1CuZbfnLC1InfnUjezW0wzR-3YMnxc1I8hACbl-FCIP_jiVmA93qG9QrCWw9w1s|https://lh3.googleusercontent.com/p/AF1QipMMx_PJt4_rT7iVfcVamQVjrgRJ_R7nZFr23SLh|https://lh3.googleusercontent.com/p/AF1QipMF6DSwomUvjx4RCR_Lq4AGeAmFRvXt6x_W1tKr|https://lh3.googleusercontent.com/p/AF1QipMoqV3WD0KWxRhqVtH6UYRj8Hr-ujjFrOTuI21q|https://lh3.googleusercontent.com/p/AF1QipONGqbs7LSegIlFGrOOsVTGwlF757QLugzO92jK|https://lh3.googleusercontent.com/p/AF1QipPLh_547mEOXNoraodyMvcvxcu_3MR_vWAT-0OS|https://lh3.googleusercontent.com/p/AF1QipOddeIWCWjXoKVTfktJxw-6WYXn3GY7lEAzznW2,Spa Hammam Larimar,"115 lotis Al Wahda, Kénitra 14000","4,7",0615-151904,N/A,https://spalarimar.ma/
https://lh3.googleusercontent.com/p/AF1QipOLcth7meesGa-A-AO_MX1jGxmjJsAg3fwXyqv4,https://lh3.googleusercontent.com/p/AF1QipOLcth7meesGa-A-AO_MX1jGxmjJsAg3fwXyqv4|https://lh3.googleusercontent.com/p/AF1QipOfkUtLIFdX7bSTPDdCAzDkhQ4p6sUMhayIsIcD|https://lh3.googleusercontent.com/p/AF1QipOKUOkiG-yIIUXM4c-as8rHjA-JdPIYOU8jthgJ|https://lh3.googleusercontent.com/p/AF1QipPtRHPt-LgERIxbZCCAKDic1GGHevaBiUyw_5Ln|https://lh3.googleusercontent.com/gps-cs-s/AG0ilSydIWyqPvd_Gh2o31USISBFClofZsLvCot0WsPmGZH_26iwAFcP54y5pxCzs5d8BkfVxT7uawXJFzcJ9TUNfgPvmFtTjVHZRxcCI79pHZ9PLbZo5BG23C5iTp1fKK98i4rf6cSP|https://lh3.googleusercontent.com/p/AF1QipMq53ryaviDXbUD0XRza8_q1OUNte6k1Okl-CJm|https://lh3.googleusercontent.com/p/AF1QipMOfXIElMfPdJ0cdWC47QGgqYf-AKFxPRNreBvJ|https://lh3.googleusercontent.com/p/AF1QipOFz8yn82QCz5H__Xv4hdiNQhOUBqNav2T9by4J,RIF SPA Kenitra,"Nr2, angle rue jbala et, Rue Saad Zaghloul, Kénitra 14000","4,5",0661-309660,N/A,N/A
https://lh3.googleusercontent.com/gps-cs-s/AG0ilSwO8flT_c7P9SUlzY803ZPQJw9p-AQN2SNP1TT4MvSc0elphGYFelr1PXZgWOKBkpX2WwsOmeoe1HNNFPb6IWMzNJaoJurV1MY8ZgCoH8bdOanj1H4nDvdp9Rhh1rz-HWz7umoc,https://lh3.googleusercontent.com/gps-cs-s/AG0ilSwO8flT_c7P9SUlzY803ZPQJw9p-AQN2SNP1TT4MvSc0elphGYFelr1PXZgWOKBkpX2WwsOmeoe1HNNFPb6IWMzNJaoJurV1MY8ZgCoH8bdOanj1H4nDvdp9Rhh1rz-HWz7umoc|https://lh3.googleusercontent.com/gps-cs-s/AG0ilSz8uz_Z_YXVWrUTZuzh7ysF9E1EsLwGTLhNiNUuubCHBxOgCVaXV2lfjoSMNSCsn_69OhCNIOTJkcjiyiPgcmd9cM57BC91Bz9hNptbrFAriLi0I28e1Bz2XyEE6tuG2krBsj6kIw|https://lh3.googleusercontent.com/gps-cs-s/AG0ilSwowu2eLbuv2vhG1zt7hQ4oK7wtCkA955c163z17yoD9MLHz6w66_qlcUzcc5Kr1k3AP2SaBrWdbkfkJIlA5_yaz1xsQhfS2SN0tVSfT6x4X_1c0R_FUDlOYW7nG80bWuAr0r1u|https://lh3.googleusercontent.com/gps-cs-s/AG0ilSwdJXw8JTjEY0jZthZm9-TjezwORHwoQccdDinvhSDdimbVCEWmRNag3c63Id2Ov_yudrkPWs_qWl4O9iF0EcUgO9ze1_Ggri0tJb2R1L3Yq8kirPCDaez23XIa9TvI7WrY8iM|https://lh3.googleusercontent.com/gps-cs-s/AG0ilSyE-xWXcfjEtdkv-qh6NUzIgQv8fnp_c7SYD_uKPMAvYK-Uq_XsZP9vtIhysSbQnQfKa5hWOitRj4f-4NXLH42wgn9XTA4dnt9l36UQd96FljDCmLG3ycsHPWG-6QxYLMdkpBR-fg|https://lh3.googleusercontent.com/gps-cs-s/AG0ilSyV7vIQbChYELpg5X4aEcajKrlyVdc_aaIInitZLdM-vrgygZPYskWnv7KPVUr_sKntbBOxdsrvB7q_F70OMwPmnbCrrEDAXTg-Pu8B4AIMzs-YjcjU_pxDkb113No7rvyQprVnww|https://lh3.googleusercontent.com/gps-cs-s/AG0ilSzRUFTHBVBVae2o99C_AvkrcHSQ6XZb8iTFzNy_GR-8yDYoy6mWvipoNlsJjnu6gFsaxjKTWOD8tDcu3JHOat6hOGc6dW_Ts6Cr9gmeaSvodnZ_UFKw6-sOTiUCujBQSouYttj1sg|https://lh3.googleusercontent.com/gps-cs-s/AG0ilSz0eWMI1nbP6RLG_kcNTnf0xA8aOIHVz4NSJ_Eh2lcb5QUDqR2LxYt3Zm9WzrFiIlPnEj18bMvEoGXxrchHpCN1Xz9ueXuB_a6wwuqg15Y55LSQUkSu8UhTjo43np86KNAfaNFBTA|https://lh3.googleusercontent.com/gps-cs-s/AG0ilSzYexHoXEl3NQTTP43i1_6XRAa87vmtX4K2RFf62QU63Ligw2XOwUeQsZQ3ZOd0-QZvJQiQKehymiQ27flbDPdfSbYD3hR28WaSMoDEe3DcjmFChnlBt972dkS2vKBSypep00-j|https://lh3.googleusercontent.com/gps-cs-s/AG0ilSyzgoXFkGP6fhLMYADtiAEUDA7YciGuMC49YXCeEQzOtXy9uoT5Wp91rHFTvSTBAFIEVu_YYzyMGiYPNVkFAooz82icD3Qd6TB_cEA6PLRsybjyGR7eh4J0GcQcaqEO_Fb1gO8,Hammam Othmane,"784X+P55, Kénitra","3,8",0603-028040,N/A,https://www.facebook.com/hamam.turque.othman/
https://lh3.googleusercontent.com/gps-cs-s/AG0ilSyUVlSKGjDz2CEvcOaerA3y0Yl7Gv6HJqERzi_zeOfWOTIL8h9HEpRkZKh10kAT_MKKlMzPq2P8SMKl57QcDG1NhPJ5ZCvcxHhsQckArpUBDiC1eKGxx5xaxAABSSVplk2IgA1s2A,https://lh3.googleusercontent.com/gps-cs-s/AG0ilSyUVlSKGjDz2CEvcOaerA3y0Yl7Gv6HJqERzi_zeOfWOTIL8h9HEpRkZKh10kAT_MKKlMzPq2P8SMKl57QcDG1NhPJ5ZCvcxHhsQckArpUBDiC1eKGxx5xaxAABSSVplk2IgA1s2A|https://lh3.googleusercontent.com/gps-cs-s/AG0ilSyeGcDbWOuJ9tCVXX8yzTkgdrY2XG1nFD3_OY89wvbuHGXLvLGE5Nn91i-iy-bU_0XcA2A8gbDoKUbQoS8BRR10RPGM_-k0HEp7yNJ3ptQRZ_TkumJ4R2iywk3dvI-GiPQ8s2zP|https://lh3.googleusercontent.com/gps-cs-s/AG0ilSxRtU03m4sSfU8pWtrpcQl4im0uPjnv_qobimnPr2oZsyfjHbavrmCyUXZYGd5p33EOSM4VKC0iwoEu65R1Sd2uYlsNtncEds1XR3fo-9D7ES-DSBHh67bMGqQUxoL7kfcfY3cOPg|https://lh3.googleusercontent.com/gps-cs-s/AG0ilSzLYyy02-dBfyi-n2GiRGgILl08FHJeG_Qfer4Whx17rznAXJt1eAbMdwYWSvuBMnBhfDzaDKQuom-UYp4KekCNBGR6Ge2iHn-F4YaKMg5O4QodXjAjw3_rjY4oXDNstKgRu1yiYw|https://lh3.googleusercontent.com/gps-cs-s/AG0ilSyzzr5j-IZzeo2fBxXow_YCTVZ9wASC96aC8jhxlYJ0Nd2JI3u1J5V_936U9syJdR01qiVe04jZHGKoZc9nEV-pMvBBLflH2Gh-NhqALDEmsaTIJ2n7uYkTltVW1ZFfDtyi5L7WiQ|https://lh3.googleusercontent.com/gps-cs-s/AG0ilSxeRtBZ9j2xdDXkvykF2hEu9NgBNZyQcRbO8lSW06te_mgYVQvg7JskWlLih_6xsm_-59B5-nS0GrDqJPIXCzQDaPS5SwcZMOljpG2rDe8X-lWCOkXQ-vQjI9ytP7cUxVK7t9ya|https://lh3.googleusercontent.com/gps-cs-s/AG0ilSxCE6xYAdvwdikQQCyGbGHSqfVHqmcLIpkRueVr9hQbaqXS1Mwn82tBukmvhM2efFl7ekc1_2239pJV_D9aYvHdNE1Izb6HEo6Tsqdny_-t9XEhky2GiYUDlhLDb9EQSFwiflrmFQ|https://lh3.googleusercontent.com/gps-cs-s/AG0ilSyHrvUhgiWtMADFy11q1uqy9zLGwP5VtKBO2Xid9_rOcrAOgEy4QnJYYtHFRy1nGraHfiYTCIXwl6zC15mby8RnqoDHSzyXF7pJEMq6tmmicThbcGCCDhYpt4P36Y47GoUJPq2j,Hammam Ismailia,"79FQ+F5M, Kénitra","3,7",N/A,N/A,N/A
https://lh3.googleusercontent.com/p/AF1QipPwVBTlRpiu19hM6S2Q397nm5jCnSQfsKDFN1lU,https://lh3.googleusercontent.com/p/AF1QipPwVBTlRpiu19hM6S2Q397nm5jCnSQfsKDFN1lU|https://lh3.googleusercontent.com/gps-cs-s/AG0ilSzc8oL5mF-5EfogvA_awAyeEU6Z1JT24QHLbqe6jyOb3uls1CfjnYvSlgYLDOON5hjd3kRhDU3fMN5_PIK3U8Od2BxtV337LJUEqZvJmGmu1ZqSvdVKkFDqwgqWkomuagxeeyM|https://lh3.googleusercontent.com/gps-cs-s/AG0ilSx3aQEQInHxw7V6UKcLv1yJZ9LMgYVUythGhxi1yj7L_j134Ip5Y9Pb6Twfg5eUu27pIff6hJ-HP6sZyZRoADigQdNHrlrqGNFVB_ggzRCA0kIRYlgpYQPnFwyeHhlzNBlGZcIvtQ|https://lh3.googleusercontent.com/p/AF1QipO9qRsHyyGtHjJpwWo6gdR2uQYdF_zPXi14YyHK|https://lh3.googleusercontent.com/p/AF1QipP5S-0UD8FQHfQ2B8zW4IrfETjIOQ4cyeE5oiFJ|https://lh3.googleusercontent.com/gps-cs-s/AG0ilSwF_rgNgCOtApp8dJkD4vmqldv_TFklbdWznfL5OOeoHlFeB9ISUQU26m282xrwZK6H_3-f4OVN3SAXRovc7t7Qp57B0I7HNlmNDAkyVImWyq_9xmC40gyzc_rWWRAyhpcexQbrnA|https://lh3.googleusercontent.com/gps-cs-s/AG0ilSwTGPjPqekAdnqvICDenV1FNzVXb_V8LHaSjb7GmuwxzVVq85P64YQMAp3Ad2Ex84zRYT60O7BkEpwjggoNt7PKJZuNg2yuhhn71hyz2dcTL_LJXt3VfVlIgFMX3QQ1G-fjQ_Ei|https://lh3.googleusercontent.com/gps-cs-s/AG0ilSzkCqlx4OUR9htI5yErHjB3WR84Gr8nkMSwBzpPSyhY9uvedI7gVuUZkFCTJju3X6ab5R6sA0ORsULnbjhohHOuqfvyg-jRuDCuZNeVuVzKMSUNUwYpMRFgrCCCRX0iEMRRRM3Vrw|https://lh3.googleusercontent.com/gps-cs-s/AG0ilSwbpoNQSCfEvUHuwGR6T2W4hoBg9BhMfePJsPdvZg4iF9YJlQmx-sc9Fkcm7Bn5HS7zYtB9VsbF7L0g9zBVmzwa9I31MI7QiBjfg8mPnERqcMfUespvEGdUCjatYFrRWePUuyY|https://lh3.googleusercontent.com/gps-cs-s/AG0ilSxL0hMO72qUGMQt6PYXn3lH4aQ-_yz7pOStOyD7fABlD6pTS7OsDyUMsgFsuVc4sMeqfBoXoZ8xHleKJKnDtl4fb6Bkar8jUNX_u21UJfT4xIVbxh9omeQ0ZMs1D5a4LyAKMtU|https://lh3.googleusercontent.com/p/AF1QipM3_uOH6--VtRiomcHBmTGJVJ-kIagtPP8_-qrY|https://lh3.googleusercontent.com/p/AF1QipNPyGi4tn9K1m6nMQAbiNUKQOrLffE4qxt-BBqT,Hammam Al Andalous,N/A,"4,0",0661-489311,N/A,https://www.facebook.com/Hamman-Al-Andalous-1902354326444341/?ref=settings
https://lh3.googleusercontent.com/p/AF1QipMkyHkBvuJd4H4B_RrghWosG0_zOvHf24XLLCsH,https://lh3.googleusercontent.com/p/AF1QipMkyHkBvuJd4H4B_RrghWosG0_zOvHf24XLLCsH|https://lh3.googleusercontent.com/gps-cs-s/AG0ilSzDh8FlA99n-m0qZAa8nGbQhIIvTdp2_h12fqiQaqh2RVKdsggEKPc3sl1AS8yGOB-qvdSVuW6du4vbFy2GAAxwC6AZPd7KpNCJJdfOCDY3WMO1web980fHbwbyLK2IP5vYgptmoQ|https://lh3.googleusercontent.com/gps-cs-s/AG0ilSzJCF15xmzoPWk-m1uuQOHsbGLFXrsr4Zz2_NdUyXXNjn2LE0LdrswnQyDeDeis0PeH9TRiHaAtUa_gv4w0R_L0OIPmCPF4HK1TcTf2yk8sW2Wkl0AlQyDS50YGwjptLMvQxS8c|https://lh3.googleusercontent.com/gps-cs-s/AG0ilSxlFp5EfUM9nG0RSkY8r49hBReD9OGF5rYYQgB9gdpq3mDdYhCcvB6OQVnDD1x5JMREyQew9v5n5vvbaodZV6oM1yuF1KQO60-uifl2T_1Fa7gtjjO-Gl0zmE9GAmTpdDp5Bcen|https://lh3.googleusercontent.com/p/AF1QipOxnQyNtaFOY9P5neuINosT2eJIkTA253YhNL_w|https://lh3.googleusercontent.com/p/AF1QipPnicVOaujqLOS7A_kM2zoWWTVNo9fzZQF7LT6g|https://lh3.googleusercontent.com/p/AF1QipNL83fNgWih6dm-4kxyl9C1bEYQNQb8RH8WSZo2|https://lh3.googleusercontent.com/p/AF1QipNNFkA5nK5sY6HKkYbuM84uUr65jb98eV_WfHd2,Lamsa Lounge Hammam-Spa-Salon Réservé aux Femmes,"4 Rue Ibn Tammam, Kénitra 14000","4,6",05373-95239,S'identifie comme géré par une femme,N/A
https://lh3.googleusercontent.com/gps-cs-s/AG0ilSy1t3IIUIE35T49W1ph1DZjibflJwK8RX_6_u2Za_9k53nkvTM0KMWKVCNFLH5Bqybwt8oKpXLomHKd8pTwiBn0clJphtkfJFU6aUQNJDHtHmU-ltrLoQLWML-2iu7FNQ4KTpk,https://lh3.googleusercontent.com/gps-cs-s/AG0ilSy1t3IIUIE35T49W1ph1DZjibflJwK8RX_6_u2Za_9k53nkvTM0KMWKVCNFLH5Bqybwt8oKpXLomHKd8pTwiBn0clJphtkfJFU6aUQNJDHtHmU-ltrLoQLWML-2iu7FNQ4KTpk|https://lh3.googleusercontent.com/gps-cs-s/AG0ilSwxPj5HofA_FR1LtwtzMOG4GlpU73yeAIkkstbaXr0_GBa1o_fxRQ2zzDwXb-EuVCwZa82fvuW8Em2_R0YxF6iBe4oHCqKKWEGf3d6j-qmdUVGpLivzE9KNxjqa1Dy5fSFzh9a2tM4iEWcy|https://lh3.googleusercontent.com/gps-cs-s/AG0ilSwal7Dm4WSsZsg9tmMyh5aDDFyvfoYq-DlHggk8IW-CJTJJ6u4kvzuLer1sntvGXZO1Q0SR3fUX1mq0cl_24_dtPOv-uuRXt4hRqU7fNLRsM_760mQsZJWpRNfKn8VTKfap_yo|https://lh3.googleusercontent.com/gps-cs-s/AG0ilSzp7aVuq0s5HOLI7A3gzMjJar_KlncTheDfH0ZTJtj9Z-x40_oMqsZaJPV-y9yc-G0rie9Tu4s6dt9nEcKEdTMmggnk7-sAAhyS_PMKG-1L5kSRui7eDgvofbzFRz4z7ZjUK78|https://lh3.googleusercontent.com/gps-cs-s/AG0ilSyitcd6lRoClrS-vPlkDpg7fpHjcruIGZ2HgLPO4ntrVOhEKa88NXtTqVQ44iJnfMoZKfsKJNlfw2Zhw6eJMV6rqc3QGoZi9UQ49m_ebsXG4zNiepP8cSfG6nsNshUzC0yrvSos|https://lh3.googleusercontent.com/gps-cs-s/AG0ilSzE3ZGLVpaSP8j3WQMjH6KEsqe1shlF20sFWoPSr9MmO7guSsdk4JCjYtQng4HGUsyo0-DY-G0M1_mkVSOwQ5BAtQY1rJUwtQuLmOJQlI0hZkQiiBEUvqgDUBtCOS09Pj-f1rax|https://lh3.googleusercontent.com/gps-cs-s/AG0ilSyTzXlwN9JtphqG3n7VwPHbR9j9mT_yto9ZKAIDIRwYSuZaDxlWy9erOfpyWONxBFPwB5LqXoujPilLKyGC1OjPWoptIPf0ES8KpjlBLB7sAgXUwdHNln1Uxbipvbs8P3M-fHk|https://lh3.googleusercontent.com/gps-cs-s/AG0ilSwaNvY3v0pFmMWJt5vlVXXNW6zwuvoR_q8USU9pykHJLC6JUv-sZBVKtqEKJ3RMSCw-nRyHGzDskJdKfsAQWyOZrIhpdtUbnHmjowbK_Pqr9SUOCpMBebiP8gvhrICS5gmv6M8f_Q|https://lh3.googleusercontent.com/gps-cs-s/AG0ilSyV0K7BHVVRp80O40kO54Us_o4igcBfsDquAL2NBOd2FQiHFoxqHYmnVIjlgTOv7SzVofqA4xeV1zApshHn4jgwVa_4kNi909ePBEawNPRAaT9-bpBqNFTgcsLPso0op_ikyAy-LQ,Hammam Turque Sara,"Sud, Lot 2067 Bir Rami, Kénitra","3,8",0662-875793,N/A,N/A
https://lh3.googleusercontent.com/p/AF1QipNxrnOQO860OnHlpwhym-Hzh-zOYvG7V7TUfIoI,https://lh3.googleusercontent.com/p/AF1QipNxrnOQO860OnHlpwhym-Hzh-zOYvG7V7TUfIoI|https://lh3.googleusercontent.com/gps-cs-s/AG0ilSxqapwcluMJxh38Nwf1MUfyQ2A_N_drO02yAiXvpiSEUuUymblkZaLWgEkUHUkN_dBPlBOQ-EDpVDj3JnW7KCh5J-xKovL2YxbCNQwwl8UjX5bxTuZzdllUeRZZSSUarPga6nU|https://lh3.googleusercontent.com/gps-cs-s/AG0ilSzpnj_E7zs1JBBEjfGnnSiRgHZmKIDE3Eb30lUPPLstmCsbLG47h0I5P6ztti17-fAAwCPTFXx1N8brkJJc1qYHXyHtsxc38RbJdtw3vrucbtGNiGVoMm9ecNvxOsVgXxeEmdl2Eg|https://lh3.googleusercontent.com/gps-cs-s/AG0ilSzj6pHxg0K2TiGbpcsVNt6suncFYuNarzn0APTI1sdY6J-QSNxDsM1ICS1XW46wgsQFJLv7jc3ompncZg1dJveL_S948AlBQSOSFLYv9BlzQ3sZMJzNYMlDegfjwW7woUSRSLfK|https://lh3.googleusercontent.com/gps-cs-s/AG0ilSwsabUV3kQbQGfkNB13NpQfmwTYkajRpdCXMsMAUNfi3Yn_8hHQDVJtrKHAnaHeNykNtdNuZInosxN3_SZ3V0qYrv1VZnzINjB_asMDT4bNmGxS7vzaBppWNYToUgZoDZe4BjT9ng|https://lh3.googleusercontent.com/gps-cs-s/AG0ilSzjvktPC5DegtqoQPlVURwee2IUrDuMz9UnqMBTkLe38_-ZtJh5AarKTgmwe07EVxBDN28ZXA_PliifkeNd_KgemCnoIvIaCGMTa4-dQ6sXGxOvDkJ55pNtJctl7uFxcL6Ckj49|https://lh3.googleusercontent.com/gps-cs-s/AG0ilSwopudCiX9XnNH-yV9JSZ9I2Y1et7oR5U7Lmp5EkfPQqCse39-J1GHZbuuBV-kOvQG4Keu45W7uchb6-xc63YIGNr2ry31WTGMzLFQ3uSAMeiUhP4FQmbvOjHQY3Ar14rLVm3pp|https://lh3.googleusercontent.com/gps-cs-s/AG0ilSxUEJ0DHxERojna3kbYmiDgVd0tkr04dvx-8mkBQibahSikz8_AQL8obdxEA61gBpvlIpFk8GhYPccUxjxD-XOyYaqwc8rOmprlbGvVDn-iY_EBxjeiuJ2W6mFO8D5t5W-u89_o|https://lh3.googleusercontent.com/p/AF1QipP24hWRQDi68WCq6MXKzchVL536F_gXCaT_m2dQ|https://lh3.googleusercontent.com/p/AF1QipPSSh67fwil8KZEElhHl4Qszoc6EX4JdHUrm1nl|https://lh3.googleusercontent.com/p/AF1QipNq_fHvkf33PnjC4jllg6dEnu9G1qyIZd2FcQa4|https://lh3.googleusercontent.com/p/AF1QipPlqe6EFoAcjHodKbQnTkA4sCnpgG7K8qK5iKxx|https://lh3.googleusercontent.com/p/AF1QipMJMs_Gd5ZscMr8b-B8EzDfkcRmJT_UkvYr3Mlw|https://lh3.googleusercontent.com/p/AF1QipPBs1dEsn4sdYnChr-YOf90qLtXSVmcX0MCMAy1|https://lh3.googleusercontent.com/gps-cs-s/AG0ilSzKCt3TxS7j3nx733vx-V-wldz7oRklHi2n4x4hjF3pMBnWtjN-Nt_Oh3nzRJJXUcG6d1NBuwi4s2Zqsr2KMMKQs9Z74NTbmVDl69y3Fm1zB06KXgF2ujKtqR_bGxhDvdNiUdU|https://lh3.googleusercontent.com/gps-cs-s/AG0ilSzphFOCzWqxvx6t9uiEEJYxUOCbCWWAb3jgZ_Of3RQ7WEpZjjCGN624k9SR1Vj6cu-Sowi5zA_12ThpOHrNK1qT9-_O3D-0iidOtzO_nkqUNtgBvZf7H3MAT3x0rsEvqBENK-Xz|https://lh3.googleusercontent.com/p/AF1QipPqH9MvybLIqYtw4T9EDBP_fQ6zlnU5k8U0-b4a|https://lh3.googleusercontent.com/p/AF1QipMAzON4-XNS39HyCccLDoiK51lbWKyVhVwSoJlJ,Thai Hammam Kenitra,"Résidence maria, B1 Rue de Damas, Kénitra","3,8",0672-826365,N/A,https://www.bttmassage.com/
https://lh3.googleusercontent.com/p/AF1QipN_HGpRDgAxoUxQwrXeZXf-iDKOjTsPxIDf2Rl4,https://lh3.googleusercontent.com/p/AF1QipN_HGpRDgAxoUxQwrXeZXf-iDKOjTsPxIDf2Rl4|https://lh3.googleusercontent.com/p/AF1QipPK-0Df8lEduy7ZAexTDRzxioTItsh9pSNcJ_Oj|https://lh3.googleusercontent.com/gps-cs-s/AG0ilSxVXtACkQ1UbRmDe2eeeuGKvSo7dkOk_F76zS0xwfAOFB_kNPWAuJc7Lh3Loj8xcaPe0Z-KjETvuizMi_FCnLmtxsQfwVC6Qw9PKjLJYVSRKCV-TuJfXNMem6xVxYKKwioyP3DH-nn9EgA|https://lh3.googleusercontent.com/p/AF1QipPv0UuGr7ZB8CSt0_nYaBlLcJMgZ3VDXFjCd24R|https://lh3.googleusercontent.com/gps-cs-s/AG0ilSzl7oDbfeocCT2thLu7jrdDGquN4s_TpREg8nSPOfEv2s4BRobU9aYx0otvnPR3nwbsfJLnVtotS0cBzIwChx2As0VB4xYNn9sSEgfIeDG_KIF9iZMfENKXPPM_fEkAP_izNwfO|https://lh3.googleusercontent.com/gps-cs-s/AG0ilSxFCyuNGL0fKU17wFHGySH7UhBPxsQ8o2nRK7xWhMaZDiUCF5YK2TP4fRQNDXNPDQVK-qnVZf8m7vzIiSuT1h9MPjLBKU_sCkY5cIbO1pEmbuvgQQ_cfZpfZyYE8yCObuSN4rKG0g|https://lh3.googleusercontent.com/gps-cs-s/AG0ilSxIz6ol1sp45roMd1f0Qi-UYyAEkmlLzFqp4Ezvt7h5HMOfSXJkrzgBXIYzQOAI2YX12Jm4cPrQSEqvd-dp1ivz7L08dv9eB7sOhOx47fQMrjK5aaMPGgEkTsYTOqZ6eh1X8oOgrg|https://lh3.googleusercontent.com/p/AF1QipNbczOQD4mUFqvDORy5h2IZpNLRLA-jwlb17ovt|https://lh3.googleusercontent.com/p/AF1QipPuq2p6pPA8jBagizuaxA6HVkqjMCgL6mc85YSQ|https://lh3.googleusercontent.com/gps-cs-s/AG0ilSxYnJ-V7ouuVh1YQ4QGCHSDLf2z3pjAqD_6MhI6CIX5XKzZ3A5RIECxIs_Av1w1Hcs_WsUF44kHp8W6WTXJJNBkF_82SLoM-pdSMY3k9JTO3rQv7gs7rkZTZRR4dvkkAzvbPQI|https://lh3.googleusercontent.com/p/AF1QipOJXxQMqCCLGG8M74c3JHXpvs8FtoOWzxCtAjWD|https://lh3.googleusercontent.com/gps-cs-s/AG0ilSxRPtleY8doMVJ9XCrQCOw4YYtAZ-o6RtFUaxipBU3Ja594NvZcF2-TaHj8b4KUDNsdRJbzaOCmApauSu0qQ9IAjJMuYRsMi6xJwfsIJyUI8vKMXGB6DtPcnRfdlQums2jiRRS3lg|https://lh3.googleusercontent.com/gps-cs-s/AG0ilSzhxjHdTC40wXLiUZTFvuE3JjiqW1CHEHThsgTPqot1iKDKc7AuW9ZxDBno2QxppevI9qOl7-VGGimI_608wjGMeyk2TSGszrtcjYV2n0LpzqLx_fZynUK3lhkAFNoyzVrjFhn5|https://lh3.googleusercontent.com/p/AF1QipN4kyVIN4UqdJIqGWyOAIVvvhu39DBZktMnjM-X|https://lh3.googleusercontent.com/p/AF1QipNWkV90iOWGIMgaTZGNrhsL8XBGYEOEd10UcK5m|https://lh3.googleusercontent.com/gps-cs-s/AG0ilSye1zcGs1XgVIuqwHF6giPZoTuSZ5VOtqR8AUIeB6DWTIAyYiFZ97FJOr9AncDe_I46IYxOMj29OhY4D26sqLbMZmdHF2E82MJApF-eEgUIgKNEVzEMkZxJrtn8WkLAXjcZl366jw|https://lh3.googleusercontent.com/p/AF1QipMsvagRIvcfEtt_M4KRmpcgZxRJbHmCk2MaorGL|https://lh3.googleusercontent.com/gps-cs-s/AG0ilSyZqZeXFBsTE39MM0QNeXLgCmZugShe_qT0C8GUyTpstoz_05lS92SBGGf5JM6xVP6Zh-fZePblqm38VnS9ntXlIrCJYfbXbWxfhllm1Y1fucEtMrByIcSV8h6CfVUspHYAcloTEmDLvHU|https://lh3.googleusercontent.com/p/AF1QipN_CfOOf2ralIbLE4OCWynEbcyd8N9D9r2IpyP-,Havana beauty spa,"bureau 9, Immeuble nour, Rue Maamora, Kénitra","4,3",05373-60310,N/A,http://www.havana-spa.ma/
https://lh3.googleusercontent.com/gps-cs-s/AG0ilSy6qejPg4eItblOnHc4lUgS-RHF2VdOXyfOAlcl-ept9QuifHWhD_Ymb8VPty6dxGg9-0MZI3rvVSTSFnBBSdTnVHmi_NZ7USr9SNAWoDnEIZWH_KyzSr_tWuaAqMBgzTptF5Sz-w,https://lh3.googleusercontent.com/gps-cs-s/AG0ilSy6qejPg4eItblOnHc4lUgS-RHF2VdOXyfOAlcl-ept9QuifHWhD_Ymb8VPty6dxGg9-0MZI3rvVSTSFnBBSdTnVHmi_NZ7USr9SNAWoDnEIZWH_KyzSr_tWuaAqMBgzTptF5Sz-w|https://lh3.googleusercontent.com/gps-cs-s/AG0ilSzWDA7CotLjFG0rRmhrYCOvfzVXmfEJcgeqhi_pMJQJdaN0S8NvGwR5bQrliy3gQ9-s7hlnEiET0O5Qndp8Dvbaa64qaD6uIB6y9_Yg9lridu9d9SziaKqBvLT49n_TM9B4DgG9|https://lh3.googleusercontent.com/gps-cs-s/AG0ilSwCINKs_dPQ0YJDiNEBMzS-y6EzqxFuGDxjVE4W-7EpsxciE6HlMEpDtjcw1S-CKoYeiA9WhhQCEotpjTopxdxInqo1UjniMOzsbbpUy40VuNkS497NZhE7kFv2Il2ylgB1XWnG|https://lh3.googleusercontent.com/gps-cs-s/AG0ilSyIJbv0r9E_uHJalqhJzcwSCFcL0iCIxFGXitrIBVfwjytHnLE-dJIh-E3Rgi2uEBV6rXVu5JVy0sqzPvfFmamPaIQ2O2u0DM3n07Oajz8g1GyqhM4ue0r_rn-pWHkW3m-PI2TJ,Hamam Chaabi حمام الشعبي,N/A,"4,4",N/A,N/A,N/A
https://lh3.googleusercontent.com/p/AF1QipO-e_QktDNIftIV6bShpG6XtM_n3HdNtnjHrfY,https://lh3.googleusercontent.com/p/AF1QipO-e_QktDNIftIV6bShpG6XtM_n3HdNtnjHrfY|https://lh3.googleusercontent.com/p/AF1QipPT-ROoSnDSPA8boHyxW9GDvhTwzHKTKBpr8SU|https://lh3.googleusercontent.com/p/AF1QipNkk8tWayzVbIwHMqmRB3irpy3OQQLVzckXIUw|https://lh3.googleusercontent.com/p/AF1QipN0eM2yo28tjVHMvT6Al9wLsgMYeOBMCRTPAao|https://lh3.googleusercontent.com/p/AF1QipPZjHOCemVxLZpIin2e59rXyqgZKHPOvcxuvgg|https://lh3.googleusercontent.com/p/AF1QipMraleal8w1SCAHIjSjzSoQedGWfYtDeKSfDbs|https://lh3.googleusercontent.com/p/AF1QipMNdPWDLbIWT08viipTg30VEeZHz-4iFPDFCQ0|https://lh3.googleusercontent.com/p/AF1QipPjtn-azy3tr0-mytZMUWqBni8la9x1vjZhKcM|https://lh3.googleusercontent.com/p/AF1QipMpnU-1rJg5qoFyx0I35O5ezGKBy4C1wLjtO4M|https://lh3.googleusercontent.com/p/AF1QipNFVCts2D4LuvD6rFsiJX-BO7On1OcMOO3Nqgo|https://lh3.googleusercontent.com/gps-cs-s/AG0ilSwbxIY94aWYV07S-TQa6d-AXUZPs2lQAszC3SNU5f5-Ps7l4rfi4DiXAhiaM-n0HiAZ-mLr5c4H7ti607Hj6hRBvtb-0UuDAH7mspf8c_P64GYBnteperdwvGDiEc4GxxYZyXg|https://lh3.googleusercontent.com/p/AF1QipMDAxKO99tUoNbwq09x-pAhAUmr_J8Z-_Ae1Jg|https://lh3.googleusercontent.com/p/AF1QipOa-ti2_EJzSzzL9C3CI8-AM8Xwoyklp_cejAA|https://lh3.googleusercontent.com/p/AF1QipNcSzoSVmbDgawKy8PoroYy9cdiaAqb5yw_Cmo|https://lh3.googleusercontent.com/p/AF1QipNkyzvWUgoqOY_UNW_oDfOaNofRVjLTKeNFXB4|https://lh3.googleusercontent.com/p/AF1QipO9m0MUkZWHwlucbBhgnQMR1xXwp1Sf8GBxni0|https://lh3.googleusercontent.com/p/AF1QipMOO74uuWnGGyNPqamzkCzrhCmgaisWSIpLwlI|https://lh3.googleusercontent.com/p/AF1QipNWzPEbPHaNZWeqRkS40OmivEfkPUquNOGkg_4|https://lh3.googleusercontent.com/p/AF1QipOBJGIwIYJeTcOLIZg_5VwdLJl0u08EGJ38Gbs,Wellness Dream Center,"14000, Kénitra","4,8",05373-73355,S'identifie comme géré par une femme,N/A
https://lh3.googleusercontent.com/gps-cs-s/AG0ilSw4AIYLSGgubPmza214FhUxpCnNlFgAHozk7hbUntn6BbZvvNrHZIlzJJw_Cm3Y5LIZCxMCE1zN1okfw8uqq6ejDa1kyDrk-LrUR1TjgpeteA7Tu8QxkxQ6gO96zQ0w1W8S4Y70,https://lh3.googleusercontent.com/gps-cs-s/AG0ilSw4AIYLSGgubPmza214FhUxpCnNlFgAHozk7hbUntn6BbZvvNrHZIlzJJw_Cm3Y5LIZCxMCE1zN1okfw8uqq6ejDa1kyDrk-LrUR1TjgpeteA7Tu8QxkxQ6gO96zQ0w1W8S4Y70,Benjallal SPA,"N°1, Angle rue Yaacoub el mansour et, Rue Moulay Abdelhafid, Kénitra",N/A,05373-24515,N/A,https://www.facebook.com/BenjallalSPA/
https://lh3.googleusercontent.com/p/AF1QipPatqnAphB47v55wwIJYtBTAn6p-Nc-tkVD1nBT,https://lh3.googleusercontent.com/p/AF1QipPatqnAphB47v55wwIJYtBTAn6p-Nc-tkVD1nBT|https://lh3.googleusercontent.com/p/AF1QipPs0-luU5deEPLN4FkN1ybnINDGv12W0uB2_T-3|https://lh3.googleusercontent.com/gps-cs-s/AG0ilSy19eD-6X87EMzFS-IGK_6KoG79SxTZ7166t1YKXJOvlgEENF8vzJA_zXbn6vhY8te9x6Spv4oENxySK69GOnggjIzw3jf0rbO1RZRi0BP2ILvS7jn3MlGTRvT4pgA5jYPmTa_k|https://lh3.googleusercontent.com/p/AF1QipPlVSQvmTJaS7CWTWAw1orlkXKkQ9_2adX1W_qX|https://lh3.googleusercontent.com/p/AF1QipPHkjgTFHD8i8L4jjI4HLVB0Z4RMkmYfndIDmsk|https://lh3.googleusercontent.com/p/AF1QipNWBsohkv7jJo0fMMb2Yc0dQ2VRUSEFGd8TtS1e|https://lh3.googleusercontent.com/p/AF1QipPlU85IeEmQc0AGD3FI1bYsJIs9AFlsQVsAyz4k|https://lh3.googleusercontent.com/gps-cs-s/AG0ilSwo2_DeskU2vUBags-JCdGbBcRyKl7ahmSjjlYJhvSNw6ygL6SXR_6RyrjgPl6QBTlh1mmCAzGlI_9SYRz8cAKB84ku7LTzCAcQIvLihrdAnuFiI6lgi79GDC-o8fAtfMwW7I2o|https://lh3.googleusercontent.com/p/AF1QipNc25Yhc53bI8wQ207ei1mw7SsTACevevMFE_gs|https://lh3.googleusercontent.com/p/AF1QipNLiuItoWLA2U42HSwg_pN0F7iekhugGRXbFZbb|https://lh3.googleusercontent.com/p/AF1QipNq9wo0NdR2_vJ8SDmL8lBQkyiYNkuKMCp7h4Ao|https://lh3.googleusercontent.com/gps-cs-s/AG0ilSyOhpvQupdD8uqtz2QcQl8qj4aZGdOm66EVLx02VKH0GJO59H0PiKtQTsT_CQkNNFiqiTGGFE94GbmCYsziDkg4eDKmd8jJBoTyoAleOmGeRwJn6JNCEOHv2wx6S0uKG5culpcD|https://lh3.googleusercontent.com/p/AF1QipPtyeGgNo6v2j3F55IfJAvhRyiIE10BvFKbsOBR|https://lh3.googleusercontent.com/p/AF1QipOS-WXKPr5L2k6BXdDXBmljcPTOQb4eIrllNiJr|https://lh3.googleusercontent.com/gps-cs-s/AG0ilSwIHG7IElRIzmVO_tTIe1UVHPRVo9YkEam7soioPtOVsVrpLcwFp1Vjmp2X-8F7oKw-kHw4DfacJZ9F-3kgoGYJf9D-8iv71sU2510Axd9hGHzTkrHt30tas8mz31Oai8cLVc2NRg|https://lh3.googleusercontent.com/gps-cs-s/AG0ilSyBRlMLcF-fWadZ5RKo3MpdxiANEqm2vH23S13yxWSizsXeM6JBUmfqvjTwzQP9X-kvjOFr3CNuQz3gGK9bY6Sg9D_7vk4feIdmkupO6gHZ-TAf3n4yg7VX7W4f8UkqWCPpeOTETg|https://lh3.googleusercontent.com/p/AF1QipMFFXp5FPQUdM7epiYNym6xDB9Cdx4WeBqiDDv7|https://lh3.googleusercontent.com/gps-cs-s/AG0ilSwAeEpNquJTw9i1OeIeZZBGjaS8HFXuRH91uP3n3q--uLYwFTLGk9YsF1gsuBOkpQ-xMJXNHaHhLUnbropKqeWq5T7Qc4j79DbSSmGQb7ojDfsgfdycxuZSdgcgedT4TMY5AlG-|https://lh3.googleusercontent.com/gps-cs-s/AG0ilSyStEff219wTAdpwyA3WPmgEaYk1L4zhc_EkInHHHYpDL3U-65u-J_Gs2Y24l8Z0M3qxYgBXwRkNDMxfXsDlgC6cPQI56iPJNx90psDGCA73TmTULw2TAsWffnkKD6LlEN9UytziA|https://lh3.googleusercontent.com/gps-cs-s/AG0ilSxwCa7yPigeqiOsX34_x3FVAeupBzn3hJNMBx-HijCC79hOOcyd1a3xxEWJlTPwOGl0UH9nUZUYV5-dx6rVGmnLLBspOMCDSQvoqxPletJEscbNpc-6T5tPNSiJgk_d16M8ealt,Bangkok Thailand Traditional,"Résidence Maria, B1 Rue de Damas, Kenitra","4,3",0672-826365,N/A,http://www.bttmassage.com/
https://lh3.googleusercontent.com/gps-cs-s/AG0ilSyp37nowPL3Wsoxu6VoYLXqnQpH9e8QuWUCDaQ9-OyUh1laVHwecpnnJ6KuXu5gskCYfSGnQ8VQlPJDrPI8ni1kVX0M7mvSzmGo8SADLcsbqPXlUqGVBQAaKhYm1-AWZ-02cgcJcQ,https://lh3.googleusercontent.com/gps-cs-s/AG0ilSyp37nowPL3Wsoxu6VoYLXqnQpH9e8QuWUCDaQ9-OyUh1laVHwecpnnJ6KuXu5gskCYfSGnQ8VQlPJDrPI8ni1kVX0M7mvSzmGo8SADLcsbqPXlUqGVBQAaKhYm1-AWZ-02cgcJcQ|https://lh3.googleusercontent.com/gps-cs-s/AG0ilSyoZNMEs6n10aO7X9b4NyZux4GFG1r6jEx1SX48VR4kSbGEyvfG9GlLumf4ZZSQlIQTwCFt379OBhdlY0SRs-ssicfxlNTrl3-bX88aQU8w_doQfleTJsNJRJfreV0PW2WWink,royal beauty center spa,"Angle, rue ahmed chawki et mellilia Magasin n°, Kénitra","4,6",0667-657514,N/A,N/A
https://lh3.googleusercontent.com/gps-cs-s/AG0ilSxRHKHSYB29sfzM4QPjmkLqKCd5s3phyWtJgs66SIyJmy1Hkxmi8BYsGXS65bAhYq0WcPmpXMBlguklK8qN7ODfoTUnYhrWjgOCVx-9g01WuXUszsYXe-hZwJQF-r_GgXM6jGDV,https://lh3.googleusercontent.com/gps-cs-s/AG0ilSxRHKHSYB29sfzM4QPjmkLqKCd5s3phyWtJgs66SIyJmy1Hkxmi8BYsGXS65bAhYq0WcPmpXMBlguklK8qN7ODfoTUnYhrWjgOCVx-9g01WuXUszsYXe-hZwJQF-r_GgXM6jGDV|https://lh3.googleusercontent.com/gps-cs-s/AG0ilSzdhqYnkZOie7PZUmfb7Qdw7OCFAQC5eOo7MnneIZVXL1p9xK0jVNw2KO1TwuP0gI-OUKWqb4GfjdKH2XNCjfOcxPu_Djsgv4xjXEBlHszRQxjihumZ0G1mHCaOPzoYo-z3t1pV,Amber Spa,"Nº 67, Belle Vue 2, Kenitra 14000","4,1",05373-27996,N/A,N/A
https://lh3.googleusercontent.com/gps-cs-s/AG0ilSxISnn2qtEAohZsw1YvDGbtpcAl51z3W2vYjA_dL9kW-USJ7pG0twoiJdxTmkHT8_x8iFHAjju0IZHo6IDj5DoWGicHH1xTk3hnP3ajI2Ne0KivkKsW2y-Q3ziP7Gvbw8lRUwzt,https://lh3.googleusercontent.com/gps-cs-s/AG0ilSxISnn2qtEAohZsw1YvDGbtpcAl51z3W2vYjA_dL9kW-USJ7pG0twoiJdxTmkHT8_x8iFHAjju0IZHo6IDj5DoWGicHH1xTk3hnP3ajI2Ne0KivkKsW2y-Q3ziP7Gvbw8lRUwzt|https://lh3.googleusercontent.com/gps-cs-s/AG0ilSwOzfWAZiL63KTPqliz7QwbTi3IFd_U0mx7tqsvCu8BaioU-qVDm8kmktlIwCLheH2uBdV4AD1YmLrnN-pBvbWczeA-xq8_U-9iWTiXWRX6CmL-MhbFS8KkRgZL8lMwhpxkAT32,Hammam Amina,"799M+8F5, Kénitra","4,2",N/A,N/A,N/A
https://lh3.googleusercontent.com/p/AF1QipNEhQLJ0EfuwdBFBtmzqJfRlKtEGPaVSO98r_hC,https://lh3.googleusercontent.com/p/AF1QipNEhQLJ0EfuwdBFBtmzqJfRlKtEGPaVSO98r_hC|https://lh3.googleusercontent.com/p/AF1QipMej2fQRGxzhkQ5kjfA37uFpm1y6uQg7Z077iog|https://lh3.googleusercontent.com/p/AF1QipOWkdHeUUSa6YBywsVNSd7TSZbS7E0BP3wFtzIX|https://lh3.googleusercontent.com/p/AF1QipMC7vRKap2fwRZbqIcx-SzmG5nAy0u2nRMRcnBZ|https://lh3.googleusercontent.com/gps-cs-s/AG0ilSyu654ZkKvb2BmH9ccArCJzwU3-_WpR66XZQFF5PffdNTtaByip4zbKm4oTBJuASJtFQ1D4PXOJXDb9OSt4BQYMBlTWucPXI_BaKK_XdIKUHMOgyxaWUmQ_f_9blzM4SC7vEwplCA|https://lh3.googleusercontent.com/p/AF1QipOBHzQAZxMqnkKE_QuP5ZZjfCD1jKuV7PHvYghe|https://lh3.googleusercontent.com/gps-cs-s/AG0ilSwWK5Lil4S613t-TlAIj5fyYNDFyssCfvBDsK3mn7qFsdW1RYGT8jhVQ0Ra4VU3T3P_tctK-isWRRYH75RIOZ5VgyW-3q1RsXDQ62U0fsSQCCsEpdkE6Mr0HdrQK0qSjJm-3bPv6Q|https://lh3.googleusercontent.com/gps-cs-s/AG0ilSxQfxC-i1hoi8Ryc3YzZpaIHsFLWJxgpSWE_cGNxeAf1AZszltyh5GFDHTiAn6EKXTY16WYI2InQYzrSCvshrn2T5n-7D3qKXwN890sFErJKAvjF9gjsZ-Uvxneu8KqcrP70KZC3Q|https://lh3.googleusercontent.com/gps-cs-s/AG0ilSyv3bOysGPKsZTBIJessOOT_DXEqdI1D_D6Qd4QWLwpMMZ_nydnkZsPBFNVXQVnGgITbXjCGlL7xn5HSJLmDaNsgDAt6L1m1G-9D5iucFXy9tv2xS7J63ZbLEdUJgUGlxedJkY|https://lh3.googleusercontent.com/gps-cs-s/AG0ilSzOA9GCFBMcJEmzeFAWGYBJyJdeV4icEPpyvfQjru-5b3x47M112NMv-OUStrb4kYK3EeYtMhmFGJ7HX3JAIF9QlMCiCTtX1sDGrUu_OOQRdooQ2UhkI5N3mdprhr-Ffddhb_Mx,Bangkok Spa Beauty And Massage Center,"imm 1, 5 Rue de Damas, Kénitra","4,4",0715-399556,"Services
bangkokspabeautycenter.com",http://www.bangkokspabeautycenter.com/
N/A,,Hammam Al Bassatine,"7F4G+843, Kénitra","4,8",N/A,N/A,N/A
https://lh3.googleusercontent.com/gps-cs-s/AG0ilSzedzB4TaRGUvhAxd41blulVN_FWroscdPq8KUxBFzP5tHs8MC9dmmJDN2oqN4M84aDOjAnZXnr_w1mA-U2L_r1gTnYea0eCjq-Qu3VAo3ffCzqAxstLASS9SvVyVtlPde-hd8Z,https://lh3.googleusercontent.com/gps-cs-s/AG0ilSzedzB4TaRGUvhAxd41blulVN_FWroscdPq8KUxBFzP5tHs8MC9dmmJDN2oqN4M84aDOjAnZXnr_w1mA-U2L_r1gTnYea0eCjq-Qu3VAo3ffCzqAxstLASS9SvVyVtlPde-hd8Z|https://lh3.googleusercontent.com/gps-cs-s/AG0ilSxtAtSRzlbNPuzCxwWfaU-jYE260Ek_LmctSJc1iunRft0sH48KitC9TZYn2qu5Rhf7hWYxsRk46waOOQY41a2eOguC0p2RmgZQhOg0PyXlpKZxBCZdgd82GOIf2NKk2HGiBdmA|https://lh3.googleusercontent.com/gps-cs-s/AG0ilSzFd5QvEF9HIFFg5wZ5--p7CShWxJd-flHAgrRpA0UIl9lwkTrl3-uf7DtR67wtxc6K3DLuneL6TJgMw7qUzbdkFo35RqTT3hh1Q9VSyY3f0fzB7JDIHiUHmGAyyi73TOx7gbJN0A|https://lh3.googleusercontent.com/gps-cs-s/AG0ilSy17F0v0v470bvOEdGkBB1O4T4SlYt19_XVxQ6nQLpXF-saDSRsSg-8878CyDgMdi3LENET-ytm4c1bK1CJT8hoYg7gP9mT4kdgfFmD-r5qX6uaKHsJ-OuX9Q1l3pIKEmlA7WI|https://lh3.googleusercontent.com/gps-cs-s/AG0ilSznYIJqNd14hPFS5GLUcA5TXTCZRcf1GbnCFTSWiAg7voDcDIJogm4yoLfBCQO-UlgXh6xLjt8yuwJ7ez4D_q8W3bgs9IlSL6wSYUcjuuceipPv5ztcCCqN2Zl-e4Jerk2C89A|https://lh3.googleusercontent.com/gps-cs-s/AG0ilSyVmTJZLIBcGvOJY1wnk2I3PuUfelcrThw_Xfbm_2cCJcD4t7nb6iCAGz2fa74_KEnP2XoUVVZ8t33R0FWCnPR5qwAzr-BGtejSDSwbmvwyLomG8yDRU8JQA7uiArMhsG8OemAP|https://lh3.googleusercontent.com/gps-cs-s/AG0ilSy6A3CmezTpmir8Eo9zIQARnNwXCYF8tTQ-EUX1-zBdzLO3GPq-80uTLQfjgaZ17zA-BIkeMSizGlYul7w9PeXxo1KGRrBnzNkEfiMFC3-6Qmv3RYt6eEjcaCZMHyFMdzooTkTX6A|https://lh3.googleusercontent.com/gps-cs-s/AG0ilSwaencYgUB4TM5G5wce-d7dmmFnViTj7vggngx22mF7TFiU2Li_ikUjdwFPYFmsPsEYXFqkCypJ89EmwWcrsle6HYqdbk4rFjqwIBrm-lUykpAQAV_Lqlpta4UWuMjpWu_8fWg,Vapeur d’Orient - Spa Wellness -,"7C74+4FF, Kénitra","4,1",0530-117692,N/A,N/A
https://lh3.googleusercontent.com/gps-cs-s/AG0ilSxR7kce_lGFqcmUgVGshxXatxrmd0v_OI4dXm_203DU3luXL_z3MT0fZ-EJSgOTLecYHKBHJY5Bw49TWF4L6zY54Xo2_JVsEOahFv4J9vKn858cH6bgFUww25unh9fued0NlvN-4g,https://lh3.googleusercontent.com/gps-cs-s/AG0ilSxR7kce_lGFqcmUgVGshxXatxrmd0v_OI4dXm_203DU3luXL_z3MT0fZ-EJSgOTLecYHKBHJY5Bw49TWF4L6zY54Xo2_JVsEOahFv4J9vKn858cH6bgFUww25unh9fued0NlvN-4g|https://lh3.googleusercontent.com/gps-cs-s/AG0ilSwZZTbVsgfGwAFHS1oMMTBbc5h_skBrGgHfMNdAsbSDVJPdDM2UX7LsM-JfDLudfYiCKHnrBY5Fy8w2mZmsEyoU7nRNykn6v5Dv6KL2jYiNBq0jM-mJxh_JmHTgE8YdQbYJ7saHSg|https://lh3.googleusercontent.com/gps-cs-s/AG0ilSzsBou56dHgURVSZ92QzDZwJPPWuWFFDwM-n1TBlhpGViocCjrV1ZqTkyPUdS6weLzVM26Al5SdA1POCwe3AopOKYuOBBPLbrNasd56e8HFHkn4gvxoknxeD92hfhxQPDuKUEGA|https://lh3.googleusercontent.com/gps-cs-s/AG0ilSwEnwZqAUtAmh0NCYnJadTjTOVYtFSHfHeOBMcDHPOprF0p4_SZVz6hUpxJfOOKgnokfvWzW-LOc_ZkAwqmDYwK4b2T7R2xmzxT4OQJWK5yOceNN1Bh4K6AQ5JFy34cniHwdoF_cg|https://lh3.googleusercontent.com/gps-cs-s/AG0ilSyTnxcXS-GWdlTWAl1dV_m1GVMSmVlAk1s1fCRfz8jsGrvwaalRUDXcm3qvRrvNenpX8N72vE8md334LriQfqRh3Eeq2-DoMjOAAfJzyWHj6HebkM90VexlLlXo7AY5ZGGBUWsmyA|https://lh3.googleusercontent.com/gps-cs-s/AG0ilSyL8SJwwgzcqgssu0e0fJA0FEajZl0GYxElAM7pG2_GngLw3_9IyI3j5WEPO1yXlOs8bsYl0LNJiDNeSHgdlxh2RWzlRng4aTxZvfQ_zKFn0nF--v9nEFigQVpklGdpJGlWUVrx|https://lh3.googleusercontent.com/gps-cs-s/AG0ilSx2E_UvgI5DIJrWiBSvPzGcq5IJzk-vN8BryQHR2AyjmWKRvncc1RRXaqu-iRa8qTh4okUh_6-DDtOLFPRHBEI9cu8ANzoHvqp0jAPfX50S8hTuxZwWImICWKUFfTDUPcNljkE,"Serena Spa : Hammam, Coiffure, Esthétique & Massage.",N/A,"3,7",0636-937528,N/A,https://instagram.com/serena_spa_kenitra?igshid=YmMyMTA2M2Y=
https://lh3.googleusercontent.com/p/AF1QipNofZBGfxRkzFkh6MeA2b1KDaiCyVdyw6Rq_8GM,https://lh3.googleusercontent.com/p/AF1QipNofZBGfxRkzFkh6MeA2b1KDaiCyVdyw6Rq_8GM|https://lh3.googleusercontent.com/p/AF1QipN5kJNIhD5s3wMgtSGJPZo89iC00DZippSMIWv7|https://lh3.googleusercontent.com/p/AF1QipMa-okwJprTPV0oRe3CVr9NXsvlDIRu2K_nyLrS|https://lh3.googleusercontent.com/p/AF1QipMM4nDLQXOFVAZlbA8I5EDAge8s5r8svPQfQYI4|https://lh3.googleusercontent.com/p/AF1QipOF2phEru67LkP-0KiEz41G-VPMV5IJJx1Ej_Mj|https://lh3.googleusercontent.com/p/AF1QipNN4VJirH_4-7PaKGVPEdGL3yCoWQKhhY_sdoyW|https://lh3.googleusercontent.com/gps-cs-s/AG0ilSwaemaXug8v6m6BP-XpjYXB5sbmiV3R5iPDVtNHxwxIvABHb5wiaROq-tMRWCIpZDwaHdU46Wq6ABh61FMHRCSbKiG53coFrvG03HGiOObvlHOJmrHNd0oV4R9UbdfnW3cfUZWERXWCqGAs|https://lh3.googleusercontent.com/p/AF1QipOKKI6ivG4rdAxuOMEmb7qcYupjcXnJhrR71tnO|https://lh3.googleusercontent.com/p/AF1QipO578mHzTDAb0Q7Pvj7_6cdYcLFjcqdY_R6CmSo|https://lh3.googleusercontent.com/gps-cs-s/AG0ilSx1A7sPYMolS4QkpCKeuFNbZzn4o6ZQre3YU4QsD_FU3nS4Uzo8mQttqayNKmJuCVu7CyyvrLXNWPplQQnPVYQiq6zJmt59zKPzzzE9MNH9S9BMiaFN5wvyWDSig9TbVymuF2Z0|https://lh3.googleusercontent.com/p/AF1QipN-_M-Rkg0011RRMEn33-gIz3Rfuh1cojEEMW4I,Lotus Beauty Center : Coiffure & Esthétique,"Résidence Khadija Oum mominin, 23 Av. Chakib Arsalane, Kénitra 14000","3,7",0639-075645,S'identifie comme géré par une femme,N/A
https://lh3.googleusercontent.com/p/AF1QipPunK-sB-FWOT9x_r67pRftEZub-O4diAs38G1L,https://lh3.googleusercontent.com/p/AF1QipPunK-sB-FWOT9x_r67pRftEZub-O4diAs38G1L|https://lh3.googleusercontent.com/p/AF1QipN2sFlb-fZNB8ylUnAizaZws8H020JVKelp-VUd|https://lh3.googleusercontent.com/gps-cs-s/AG0ilSys4OfH47vJMKWYUiNNJuJ2TdzN9avZolImN-_JZGzTh8ndsQbF-76446KkyTIULWBLU-_eaFJLud978cKD1u0-ljZn2E7Pzxv_P5HB3Qjc17pLB94kSl1gpyhuK4lj-AHY3iOl8f3thRNU|https://lh3.googleusercontent.com/gps-cs-s/AG0ilSxadF6jYQfih_CBmQyDAnAbPBNeoA9TrYohxmyaQi5_ROH5kW7BtCFybDTTjWczUwJ_Hlrn5mv5lCGzc5ry3pph6LQWfx9ofxRgn4P-7H_GmdSSuUCGOCTzNvDxH99fy8rb299XdA|https://lh3.googleusercontent.com/p/AF1QipMNwDMvJ8UQ3hlbgotMNTTsTxWAIk6jkK78rieu|https://lh3.googleusercontent.com/p/AF1QipOYB6QBrrydpbMTrxhA2SdrPMK6USTKhyUv5oLY|https://lh3.googleusercontent.com/p/AF1QipP9sZeoQEKAYX02XEw9sVO2gd1208ab4u3w1T75|https://lh3.googleusercontent.com/p/AF1QipM182fV82aVj7nt-vxzs8oIBTokWHjW2uzP8Kzm|https://lh3.googleusercontent.com/p/AF1QipP6TJf6O6jWqbOwAf-jVaUfdcBkKh_0JnD5b_2C,m Wellness Centers - Kénitra,"Quartier de la Gare, 33 Rue Idriss Al Akbar, Kénitra 14000","4,0",05373-07520,N/A,http://www.mwellnesscenters.com/
https://lh3.googleusercontent.com/gps-cs-s/AG0ilSw9XK-cKH9NiAfvhjTZ_-ILfzqnrFJw7_n6NpffBoROS33dL0bSfJCgOnibJvlwUfBwKPYIzIOcwBhleYc9zFOUrhBQlJmXraG4ykErbjhn7DPxecdC8PyxgKL9veobGCLZ5iKXnA,https://lh3.googleusercontent.com/gps-cs-s/AG0ilSw9XK-cKH9NiAfvhjTZ_-ILfzqnrFJw7_n6NpffBoROS33dL0bSfJCgOnibJvlwUfBwKPYIzIOcwBhleYc9zFOUrhBQlJmXraG4ykErbjhn7DPxecdC8PyxgKL9veobGCLZ5iKXnA,Hamam esthétique RANIA,"résidence houda, Rue Allal Rahmani, Kénitra 14000","3,1",0661-066940,N/A,N/A
https://lh3.googleusercontent.com/gps-cs-s/AG0ilSxKBkt1TAxyyCFpNARqL3lJO0737fXpCP6ekeh5MRj5zRrzvpC8l85GoWvH-35jb_Q1idg7iC6ZVeM0Zs8c9ZuaibiNfY-Md_HBjJrqZWdR1ew7mIc2QYTYd-ZI7Cwhwoo2x6M,https://lh3.googleusercontent.com/gps-cs-s/AG0ilSxKBkt1TAxyyCFpNARqL3lJO0737fXpCP6ekeh5MRj5zRrzvpC8l85GoWvH-35jb_Q1idg7iC6ZVeM0Zs8c9ZuaibiNfY-Md_HBjJrqZWdR1ew7mIc2QYTYd-ZI7Cwhwoo2x6M|https://lh3.googleusercontent.com/gps-cs-s/AG0ilSxYlXwzRAFOCEvyuavUzeZt4evHYeidlt9vI1P6YBm9XkcVipMQhxNczQTrTmWhvGQ_THLUmFL9_gAE7weeYDjC04UbdCsvKo1LDi_nGsAlqImAPg0kcEmUDuTjYWuLck2XsVUL,Hammam hamza,"7964+WGH, Kénitra","3,5",N/A,N/A,N/A
N/A,,Spa Maison Glory by mb,"rdc 13, residence loubna, magasin et, bureau sis Ave des FAR, Kénitra 14050","4,4",0530-770918,N/A,N/A
https://lh3.googleusercontent.com/gps-cs-s/AG0ilSw3TJPlTYx_3FZEwPqmARxeO4knR69Pw-3pZaGmWcYcIlzpvqSMLpn51NEfb7C-yEBw5Sk-oR0Jg6WJkekduWUtl4YUnANlQ7O95QA5D-WA6cyLB1WBjApOBk3CaY9R00dNLweEWYzAvbk,https://lh3.googleusercontent.com/gps-cs-s/AG0ilSw3TJPlTYx_3FZEwPqmARxeO4knR69Pw-3pZaGmWcYcIlzpvqSMLpn51NEfb7C-yEBw5Sk-oR0Jg6WJkekduWUtl4YUnANlQ7O95QA5D-WA6cyLB1WBjApOBk3CaY9R00dNLweEWYzAvbk|https://lh3.googleusercontent.com/gps-cs-s/AG0ilSyzx151ODgD0EEtrXsKh_-HhM4ue6PBXxxOSFesNK-N7z85uw72BiwvRkGlhb9A3-hIwYM3U3J5ByAYHAn39j3SyyTCUJfxzrvGPFi1fEpvJ6Px4WobEmLvOMKqR650SmlNLzDS|https://lh3.googleusercontent.com/gps-cs-s/AG0ilSzoDivb0QsCXnCLpWuw7F3Ktpcdm92iJUjt5xOItNA0WZ4Ji4_qWpYtxEDFAg2z8dnqVpkH8ypilQAsAPAw-bdX9pIwqcieIDQTXXva-XyKptTAw3poS0dabHoEhb7yyWvZLXsZ|https://lh3.googleusercontent.com/gps-cs-s/AG0ilSwcHxGykLhZPRR7KW7WjQE8MZsoRPujJjUU_KDxEqaA8GHpWRVhVWrCQGi6Yq71HLI9uyNZtkEYQ6x29oUTAw-apuuVxh2zep1uQSLG9xKHW71_ds6LkcR6T6bYiJ20beH1bCh4|https://lh3.googleusercontent.com/p/AF1QipOe-_yySpWbXCxNWNqYKIwrq6J9WqSVvR8hNYC9,Khaoula beauty salon,"Angle Saad zaghloul, Rue Ibn Battouta, Kénitra 14000","4,7",0719-353765,S'identifie comme géré par une femme,https://www.instagram.com/khaoula_beauty_salon?igsh=MW5pem1hcmRhdGxzdQ==&utm_source=qr
https://lh3.googleusercontent.com/gps-cs-s/AG0ilSzljpxl-X9Fu5SW2mcMPm6Cu7Q0KENmvEVmjl5j_brkkUaVyw61zGuoKzbCu_qKNRUdXTPI3BerjcY69Fz6fs2Xn19Dj6lZoMawEd147Q31UujaAKrwUIOO4xlSZh-SrrvVwjH0,https://lh3.googleusercontent.com/gps-cs-s/AG0ilSzljpxl-X9Fu5SW2mcMPm6Cu7Q0KENmvEVmjl5j_brkkUaVyw61zGuoKzbCu_qKNRUdXTPI3BerjcY69Fz6fs2Xn19Dj6lZoMawEd147Q31UujaAKrwUIOO4xlSZh-SrrvVwjH0|https://lh3.googleusercontent.com/gps-cs-s/AG0ilSzLAbyf4gV7d4K54j88d7jYQiseIAMN_pCrTXTKBhb1RL9ribUevbOvyGajCgEkQjk2jVkJ0iusog7Whb0EGa_vM3vLIu6PEHAryMhoqt5ZwFzNq3wr9ASIoqsrTP2AEWfGTVF1|https://lh3.googleusercontent.com/gps-cs-s/AG0ilSxk4PpDO6Sn_zwi0sjheTchVpPHdrdNw8qUpJSDotR9I2ISEFZvq-c9zp7YH65hAbIc6H77exFJSamQHRSIdVTCTH3j8wSlLe6YNuNONg8v48GsM63EDBAUF_KaoTlTJ2pxwuCTRw|https://lh3.googleusercontent.com/gps-cs-s/AG0ilSw0cpcTg6DEEVxT4IB_EcJsD9sr_8V17Yr8qO-A_PLAvqZ1_OM2ep3sKB-pPKN9exERzxml4o_nkkZMCSK_EjnuCg-5kZFflJaiMk89cvWvPSORt3YIadZiuQaFpphIRhMEhFu69w|https://lh3.googleusercontent.com/gps-cs-s/AG0ilSxu457vEDjAEOrwmvdoidyp6CjzTHgs-B-CBD6xZm0mm5B0AGD5WnqCI-aMmFxMwZZm89Eed9_-rwLl6NAqVDUegANLixd_Aiu7KidUucj64yEYAPbZm9qUzLXY3ponQLEDBhEo|https://lh3.googleusercontent.com/gps-cs-s/AG0ilSz446us-QCwwa8Aw-O4_nOuo80v3XwiohBbBu66aIxOrB59v7i3a3h3C_hZjyXRl3RtGAs1wGiTOSvo_nLkrec-N78nHL_BvG6D8aYrVrx8g1mshTTSPVfv1AmtOsmXiCjZuJPoVQ|https://lh3.googleusercontent.com/gps-cs-s/AG0ilSy8a1UuhiqlJm3U2CtDio8pJkJGBH1g8Bjg4JOvnYQ-rn9H5B_dRwQ6x4C7pGTwV7CpF6Z183B-6oyVQGdN1pVOfF0TNhtb4wa4Ckmb7LfGSIJdUeNlVWOPn20FMnsu3_TRKMWh|https://lh3.googleusercontent.com/gps-cs-s/AG0ilSy3Lm5yfGGGG-Nqx4c77AElHnZNQ9-gEZI-yalrqq4NNqIO63UrMSMZGWzMQ54cV_oq9ObIBCSx080_gfdVJiEHawVmOHbfFoYDF6h8_qMwWU0J3YPzWK2ca4RlPqZf_fxz8chz,Spa Safaa,"797F+Q8H, Kénitra","4,1",05373-50885,N/A,https://www.instagram.com/spa.safaa/
https://lh3.googleusercontent.com/gps-cs-s/AG0ilSwFgqY2yPTOTcwpAp_qEYia6txLCZ0f27t-62dqgF66emiIJGXX-pusqTdnc6CvMxTn-UOVfbWk2rKE7brPoJWPWTa5C6qtNT9KVZN0r3kxk6t_me1_cR_rnvXaZ2QksnqL_oYpEw,https://lh3.googleusercontent.com/gps-cs-s/AG0ilSwFgqY2yPTOTcwpAp_qEYia6txLCZ0f27t-62dqgF66emiIJGXX-pusqTdnc6CvMxTn-UOVfbWk2rKE7brPoJWPWTa5C6qtNT9KVZN0r3kxk6t_me1_cR_rnvXaZ2QksnqL_oYpEw|https://lh3.googleusercontent.com/gps-cs-s/AG0ilSwJFTOOz6Ouj2Pe7VjUXXl4Ra0MgKkSJUYQLvuORRzdqQ417yn6JwEyMIloC5YYrjBTZbjSAAoIpytUYo1ZmzVpZ5llgdz2AhVp0MyIJ1X7wHiXWFYaSa-G5owtA74zkCNEMJMC|https://lh3.googleusercontent.com/gps-cs-s/AG0ilSy71yneJ2oo2SS3GLbmt9qlGqPHb6wx-GhiXMgGFfh8luPi9ANfQiOBc-K_uZtKfdlAvRPmQhWLsxfqrDCCzieKJYn5GAg-B5xlOskdDiEj5V9EIQYPeE5Le5NukcRsSi6mINBk|https://lh3.googleusercontent.com/gps-cs-s/AG0ilSzpWD66DhAAlMmT7a03erdQIlC_OC4BtoLMYZV7J1qkgtVrO8nrxHz_3d3EkuXa4dnJGTFSlyYrVetlBGG_DXiepk_xOq4Wz9CtKkh2oQabLu-buLw1ZCghi6Fe3ZJuQm7IyqE_Ew|https://lh3.googleusercontent.com/gps-cs-s/AG0ilSxhums1zJEhiHql1FN_ooaaVW4t5cOnIBtM_TxVB9907dAR2Lpfl3n-BrYbN9BasllKOG2OPw_LgjV3Exd_ydp5T0aAKkkejBDVhuG0-_cf5UvDrLGUMVQy8O-Sq8N-CgMGJQWq|https://lh3.googleusercontent.com/gps-cs-s/AG0ilSz2KSthD8VN1mkyGt48_yZRgsiRk2ZAiOEz4y7amjfAM_24yMBuuPx_iddBdZ4zJjX66yZ2CeRVv0DZ7RXFiAzrsVb846diVD9g67PDRHFwDcAn4Agn25xQoMhC3eFzyVEWo0an|https://lh3.googleusercontent.com/gps-cs-s/AG0ilSzoiIqzFHiiTK8RvE2KXOSO8cWc6ANdTMQHdVzV1KiIGCD69ujdvOcwFi66OKkI-JKlVeukfdW_Brlk7pcsO6C8aeJMFKxDHroS6OzOtBihmArGxwId3ysBC2i3RZC-XQ7JRt8|https://lh3.googleusercontent.com/gps-cs-s/AG0ilSzigySnCrs0fr5aa13QRmZ40rQqjyleRqRfe-Ut3nMhrJVpALqeQwoOPT2jhNdhgQbzu8Ej-ydJAy-BS8_3a7JPNAkbO5EretGcviGneg2FoXDLv2XudX3FImJczANUlGU_sSzwug|https://lh3.googleusercontent.com/gps-cs-s/AG0ilSwqIbD5vNxSzQYwNClqNehEWpcnZD-Yl3XJ2634oz398dy3OhmEBodw-9d8VUF03OmKg8kkVuECuYNk4asNoYIifiPZq_MoSw25qHy5wtPDEuCNpbPFcC-BAkTsSMfKP8K2ZNsL|https://lh3.googleusercontent.com/gps-cs-s/AG0ilSz8GRIoCWJgj7kVd19DPGmfKWTsAM0zhSQCw_QT5WdD2HZIqOQKq_k1tQ9AWXjjO32Pmb4qhuG6u7kNNURkmmqFTcDuEVHVVWuq-55mtVCnJTNh5UPvOk8HRAiO14IsRtWpqRNr|https://lh3.googleusercontent.com/gps-cs-s/AG0ilSylDAtCgNJN6G7RyhHSAREoflcnUXVJGRihaQ5_Sjv74YC8jweZg58j4P6FfAmx48hoF2GSn_kRqYiuSIcIFzKChjU2WgxP6koiljkxs35jKAlxTIWTdkvYwmnQsrYKZcmBCOJ8|https://lh3.googleusercontent.com/gps-cs-s/AG0ilSzNsBs5ucGTySic3m9mM_r1SFGxse0eKbbKsQu_CsqNgzXevoBpURc-4-Wq_kb_Wiv0rP6c-h_lqN-UdEn2qlQUVuJBu6tcJsYzbZ82b_3kLZ1cZ6C3ev-_3OPK71cy9HjlJf14|https://lh3.googleusercontent.com/gps-cs-s/AG0ilSz-bfjxjlSlj878tsSQpCKC5jbbVlk4CYKaAfWcIr453D0lNNC5tSxb637P93y4NxnA7An1AX6W3if4G2tPaiaqhzN5vc8d1mpCSol69c6NSA8mp1vp1VWT0gfk_TLBTVGYbE55|https://lh3.googleusercontent.com/gps-cs-s/AG0ilSyAw2_nho3odV687B8Xq4Ir_II5l2GlcurRxUA2Bxn3HW722PW6hOCj9w8rl-ZZ5F4qWFHH153trCi_k2HxdwTLWZVK5hSBYU7TPTWa988DybX4gxfk5rdA9qBd4YC6c13kGrhWXQ|https://lh3.googleusercontent.com/gps-cs-s/AG0ilSyPsmHfviduq7wZFQ4XH13amL86OtRUiJr5o1o4iMR0SrKon0bUsCDis-NK7Y5fELkts0iyFjYobGTlAzwN28XwCLvGhsinRvSnznAVYu97ebNzhv93vGZU1txCT7mro_ObEhG8TQ|https://lh3.googleusercontent.com/gps-cs-s/AG0ilSz_li-pyaxiLl8W3qfF2F3oefWtEbj0ibzmmxYb6SbffFEmV_QFueZtOzCUHdyc-kmjqz5ywwvWHnfKypNQC7BpigWK-fkHnn9KYtbb-X1RyBQBDaXu_d3-p63QOan_blRF1DTC|https://lh3.googleusercontent.com/gps-cs-s/AG0ilSzwuiUZm4LKOyddrhVz2dAJDSUZ-f9hIOrknYfu4CfG7DBNhLKARpp9FDkpR5WyBnsUU5WXGA9lXAEbrZQa-SDhMOxC0qXGn9Bammz3N5WrwviRKEe2VUW6_dWiL1DeTCpIeQw|https://lh3.googleusercontent.com/gps-cs-s/AG0ilSxBRFzQ_Ti43cve0feTjPnirsVuWEr-3PysYCBdt9NRlVxvSjPNynFUEd9P4O_D72f2Nh68P6IaKIlH9qywLS6CH0gYQ4ancO55wQxFQLrWaJ88k2qyX5KVktNYv28SWXN24Dvg|https://lh3.googleusercontent.com/gps-cs-s/AG0ilSxKtppUg1eJOw_SGL6pqDHycEUbPBAUhPXvg-tiwDG5KXJrkuux9ztQwZBoy3NReR6a9K-5M28rqJMplK2atyMmWk6v1eVcgeOUnfdY0h7QIQ39dmoD8lsG4JZ1JGOSQn3Jy4zYIg|https://lh3.googleusercontent.com/gps-cs-s/AG0ilSwY4Bb-RHBudkf9OOigHPHswBxN1LO2-Sw_q90D7oTnbDxEQI48Vf2AKCgag_MR5VnAeJh7SIIb1O7yHOs492iJNcy2mYWsGAAvJr6Jb_eY-lP9ljF16esxwLQN7gt1FIUnQ3VK,"Mimosa : Salon, Hammam & Spa","7C34+3QM, Kénitra","3,6",0530-174402,N/A,https://www.instagram.com/mimosaspakenitra/profilecard/?igsh=NGRjeml0dGZobmNn
https://lh3.googleusercontent.com/p/AF1QipPtZxShD2KsiZPir2G0nCG-k8UdGyPFx4TSY_1G,https://lh3.googleusercontent.com/p/AF1QipPtZxShD2KsiZPir2G0nCG-k8UdGyPFx4TSY_1G|https://lh3.googleusercontent.com/gps-cs-s/AG0ilSzdniJ8ur8c2gbB_5BWEZobeEbQO7o0r6_RC76RpUaB5x33aIg6cH7Z1xHWXx63VCiUh23dhm4FkF4t_OGN9IwCihPgFnNokpmFWvbnpN3yOGE33WxESFLl_Z6bs0DuNrtprqqB|https://lh3.googleusercontent.com/p/AF1QipPiVNtLWnBppg3V-_8sQBBMg19FpsWLz26-J6xL|https://lh3.googleusercontent.com/p/AF1QipNMgAfPPO4iDvFqXdoSuzFedkfksFt_JWCThE0g|https://lh3.googleusercontent.com/p/AF1QipNupVCIsRpZfHSO8qZ8B6Z1HEgKYl_2IYJLzNYy|https://lh3.googleusercontent.com/gps-cs-s/AG0ilSwwrIe9FmUrg1b89ZJ2qFPbMEQCLGbhZKV-Agslk9-oRyf1IpTotgy2JXwOof-yyw24enIjWGdDqZSmf4fUii_uRdk0lw1kHCYhFg7IUP6luDKjGVP0oH-zVP4h-5bCIQBWM74|https://lh3.googleusercontent.com/gps-cs-s/AG0ilSwSjY_Mg2lAI1nZc0bmZ20U9ICOT1o2_Hc620U2wmyPRTDu2GZDOcYkfQiq-YKzW5FUdWnd-UT8aUQsRIeV6waKoc41Rutb0fYkTEeWEDD2qFPxwKgdte5mMeWUKWXyNoi8DkMiJg|https://lh3.googleusercontent.com/gps-cs-s/AG0ilSxyNNYigLD6YHl1kFTK3gkfjzc1-MK_cbXTH5K-oCwC-xBPxi2hIxqgbzOmVYfC4feUTw7NJ9_Q5k-0A5E75AQOShd6Ha882YVuNkMPwWTmCPYrl6-Ke89rwST5NcAcUb9iThg9|https://lh3.googleusercontent.com/gps-cs-s/AG0ilSw5H-VnOOcGOXrsKVSpgDOsqGDrE1DZ5t9e3W6dVlfxV51Xgykho-Gh2vs8k7u6MgewXJAVednsVjpy4PtBsJBVW6bAx2Z8-DrTpe0jdGKB8M4BpkhlocWCC9ccNZcQdwo5e7RI|https://lh3.googleusercontent.com/gps-cs-s/AG0ilSxpN90fbd5vekurCR572sjsQTaedcBKYmrke9stt5_vcX8HO6tqV38w0sIR7pDS_ihox_a1YYOnW2S2a2t3n-7nFzyZ_OgHXljhEEBnLoMUZxXd5_0Eo90U7d3heH7wWge4TVLM|https://lh3.googleusercontent.com/p/AF1QipOmaixK5wF4TLDAK324Sqd2Rqy9i04_OoTJiR6R|https://lh3.googleusercontent.com/p/AF1QipONJQQNJxujR-7vdUMtq1c3UrM--w-qSvaD6QKH|https://lh3.googleusercontent.com/p/AF1QipNHnFf7gvQyea72mE_XG2DO6UmpjIGaUc_jb4Oj|https://lh3.googleusercontent.com/gps-cs-s/AG0ilSzJB9BjKAO18ea8rAXlR19KZn0gcmv55i8GkO11k9ulD3UsZGU9XiXAnaSWYphYKv2y_QQHszDMyI722zsVG57VY_zOSsITYNwHe9GX-UsssfB2r1y4r1IRNQMcizNu-HciSik8Jw|https://lh3.googleusercontent.com/gps-cs-s/AG0ilSwD35kUY2usWrHNaoZKkDoRGVTASbwBkOn2G-r2tTU0aVRBFYc0fM0h5ppryLKHIITnL_mSeQcImY32Xo9mwXzdtfs-fqkdsgmNHeeu2qcYnkPki5J4SlryK9JlmOQ79QsvcP2O|https://lh3.googleusercontent.com/gps-cs-s/AG0ilSyLY0R4Er39Ivf5BDQ13Lp_CIaweO90cPdQBm3jM2Hx8r2scKUVw9wVSvl0R8betrJjoFu9Gq--DiLpK-0yYu4JsmAi2AfXcMhY0k254TxSRIzFz0qeT-INCQEKY1QV_jEuZhA|https://lh3.googleusercontent.com/gps-cs-s/AG0ilSwMI2W13a_xNWULaqGoWOG3J_Nl-1ejZw-8bXU5GiF5Dbek_abdnEeT4bolkVzH4FZH6dg8eeZhOwf8JFQrj7ZVBh2oxC-IM3HYo9Of4V8W2NL-fXP8b9dzJpKTxrO8uMTjzLfzaw|https://lh3.googleusercontent.com/gps-cs-s/AG0ilSzB6Gpmu7kjrRcrTdWrF8287vAZrgRf8i7AQCdJBXZej2t00Mtl6eHSjX69fmXHcbsx6BnJrO8k01LwW-e9tMlMjI2PELh5tUESR1Sw6k9dsq1RPEM9r9j2NrcFXehOwjtJ9SJl|https://lh3.googleusercontent.com/gps-cs-s/AG0ilSwNFk_OgcuschIwOjAKJyLdop63a6w7GeNtHpXMAEQjJ7qpBZqkPPw7Ixxx1LVankgvlOMMXO1I2NcYoClcsVETsNZmRjsJ7re0AcGja5v0310JB6peEw8hjRdj9wvqWdoM0ZU|https://lh3.googleusercontent.com/p/AF1QipOdteJJl6d_vMMl2gXUOWtLuElRw8S8asrEk2X0,CENTRE AL HIKMA,"311 lotissement maghrib arabi d quartier maghrib arabi n 1 KENITRA, Kénitra","3,3",05373-58589,N/A,N/A
N/A,,Hammam Bouchra,"792H+3R3, Kenitra","5,0",N/A,N/A,N/A
https://lh3.googleusercontent.com/p/AF1QipNLKL2PWWEsITIl62sPW8msCWK1_7b1eqB4EDgm,https://lh3.googleusercontent.com/p/AF1QipNLKL2PWWEsITIl62sPW8msCWK1_7b1eqB4EDgm|https://lh3.googleusercontent.com/p/AF1QipOt_FPv73xoc8Br8MKQ5IWPFxzUd85EFYDE5RID|https://lh3.googleusercontent.com/p/AF1QipMcC5Zuc_5Ho525AEL59dlxCZ5f-7U4mBxDv2nY|https://lh3.googleusercontent.com/p/AF1QipMv995L9Y8UrD8smt-qLgyVC33wOqKjHJ3SH3h8|https://lh3.googleusercontent.com/p/AF1QipN8LegXknJ_6qZMObvGoVTHMBa-A1pvt6DdBFw7|https://lh3.googleusercontent.com/p/AF1QipM81g0_fmxJTC-zZre25sU-A1AXI82-v_SekKlw|https://lh3.googleusercontent.com/p/AF1QipNGtgXIshieN25iK8JZ23ikw87ZMYRd4jLJ8IIe|https://lh3.googleusercontent.com/p/AF1QipMqIgQATYBLw1vzsqDd7COoIKJ-TVbOl8fTJL-p|https://lh3.googleusercontent.com/p/AF1QipNJPo54FvnAmBazwt4fqp15YUCGc6rA8l6YFh-E|https://lh3.googleusercontent.com/p/AF1QipOBnoakZo8f19LZaINeSsp7JLVglyiBbA4mlAmr,COIN ZEN ET BELLE SPA (100% femmes),"7C76+733, Kénitra","4,6",0618-185919,N/A,https://www.instagram.com/coin_zen_et_belle_spa?igsh=NjBoN2c1ajJxZDJj
https://lh3.googleusercontent.com/gps-cs-s/AG0ilSzQWqeGQSTOmbLr7YTGDiNo0ZvgswXfO4283Dca9Auc1zmXe4vdOLNt3x7R-tEWwXWr5HsHdmyWzJ84f1YVXY_lbiOsSL0WM307L868gOKhr476Ni2PBmJijk_bLHAfX6a6rw6BXg,https://lh3.googleusercontent.com/gps-cs-s/AG0ilSzQWqeGQSTOmbLr7YTGDiNo0ZvgswXfO4283Dca9Auc1zmXe4vdOLNt3x7R-tEWwXWr5HsHdmyWzJ84f1YVXY_lbiOsSL0WM307L868gOKhr476Ni2PBmJijk_bLHAfX6a6rw6BXg|https://lh3.googleusercontent.com/gps-cs-s/AG0ilSwMLFjdXJsHERSNWOTThinCcJUl-l6ZmgFIB7CsD4M6nMBLXR6FUknjJ5IBXpZEGzZXsx07DqFnbKdSHMSoHr28x2juSOBta-C4TDTB6OgkIQpgnriin82MzCfGoGgSkDyVA9ZA|https://lh3.googleusercontent.com/gps-cs-s/AG0ilSw5uVDx_doVDjGqVX5thaBdHY2-v4Axr8W4dOW0qy5mDLMVYvZIWxssmYxM9uKW1LLfhZVXFBU7olNn1vXRnHpHj30Un8B1hJ-OOhisI0GXLjBefyVtfo23Ihaoo3DC1_oCfTln,حمام الحاج فاتح,"7C93+V6V, Kénitra","5,0",N/A,N/A,N/A
https://lh3.googleusercontent.com/p/AF1QipO5iIHOae8iS15fMNSErsQV8lbkHu3eJ8TEH-Qd,https://lh3.googleusercontent.com/p/AF1QipO5iIHOae8iS15fMNSErsQV8lbkHu3eJ8TEH-Qd|https://lh3.googleusercontent.com/p/AF1QipPOJyh9L8YlVsDGnrqET6iiSm3M_hCnCNIAWRzZ|https://lh3.googleusercontent.com/gps-cs-s/AG0ilSwHyqApYecjXidn4Yq-RoJnmoFQmCh_E4n2zqITeCMK_YHQW0AE3M65L8cTtBp40wGZT1AZ04keb6Rp3b1x716RLECECdH1j1ot7MqG2LCDR29cY4dpTdY6Qn58LcnpmskvNx-AVw|https://lh3.googleusercontent.com/gps-cs-s/AG0ilSzGbkhX-Jc6XLvzBCnkt5Rc_kIspLdy1UYLVsiSNDyV_ndb-mgJWklRm5bZmuvasQ3dcTlQDi9q0zRBy4Iy_YeV07UBP1hEHZwJ5HyxjYPiUi7G4aQBIQAmq37D32EEPIkLVLvT,La Perla House - Beauty & Spa 💯Femmes 💅,"N°2, Résidence Acacia Magasin, Rue Challa, Kénitra 14000","4,3",0656-314943,N/A,https://laperla.site/
https://lh3.googleusercontent.com/gps-cs-s/AG0ilSwhrD0osGpZZzL4JyoUe8vBEq7A2uY5bcqsJydhZ79NOAOAHHx-hFfc0_5hWmDuB6lJvINGKHjpXUxkti4yj2kb07MlCBa3_cNwmRW1SyFkYH-rY_Qcz7wJTi3Ay1ZtNiI4ZS8v4A,https://lh3.googleusercontent.com/gps-cs-s/AG0ilSwhrD0osGpZZzL4JyoUe8vBEq7A2uY5bcqsJydhZ79NOAOAHHx-hFfc0_5hWmDuB6lJvINGKHjpXUxkti4yj2kb07MlCBa3_cNwmRW1SyFkYH-rY_Qcz7wJTi3Ay1ZtNiI4ZS8v4A|https://lh3.googleusercontent.com/gps-cs-s/AG0ilSwXoGm4nYy1Ur2UjSBQ2RWuqfiMNcfEO5BJaCL4W_2eQyBBlMwUdDHK_pqVjStjUnRTLt2wu8PbGhesJguF1TDl1dWhQfM2F0_WYf_An9yG-hmwP49Ru4fC2vcanFJ3I8LeaiKG|https://lh3.googleusercontent.com/gps-cs-s/AG0ilSzVcq5IwyJvyfGbNfWURgTkJRSiOZAlDBvkq2UYPA9RSa6hIRB4LLCQD8vQGNYJ3YZGbA0BpaHBvveon_1zBPSnItnXm5C5614w-OT2iNMK6VRm-RwXc5Z6VahIY1EWCxretdg2|https://lh3.googleusercontent.com/gps-cs-s/AG0ilSwiSktdZ7SZ_ZMCeZsywVYHeNSRvgAv_BKI9WW5pU8loEyDRU8CM6P9SmBB1JRhEdQ2mDuJOxQOyZyFPXkm_DKd_dPfmlisRcqVBnKMr9DZe4oT4JMms2M3AsTu-yOuh4OuFjPw|https://lh3.googleusercontent.com/gps-cs-s/AG0ilSyLqv-i_kS4o-gzSICOaOWWoEa319FvxJOyJuTPiRBVqtMZtGclU84O26jFmJwqrpRCOFO2hP9iLcqfGQRFdgt7uxzdkHR1FDfbld1UTzKQWoVtp3GwzHdv7nmK8ECS9fjxsfkq|https://lh3.googleusercontent.com/gps-cs-s/AG0ilSwtO0k3BSE7GBml7Bkyil8OeGaCEFgUyUFF5QrTb-kvCNprxI29IJXwGgFxsXiKEGn4m6gLgAj--g5nsS8zSpDjznTEpiTrf3vgTcrzmNAvM2s-ENqsobbH2w7Qz-AIdv6Gy8c|https://lh3.googleusercontent.com/gps-cs-s/AG0ilSxL4WA9VsQrLJmQoZyooGSYWcmhxiJAQwuSYY8OeH5yRu0YBijbc3o-_eOBqBHCz2_nLwNO85JGLBXEPGxkfgVIVEp4lOvblwLkqjsaFuCUULth5yySxpaNh6ID2SasSByHNaG5sg|https://lh3.googleusercontent.com/gps-cs-s/AG0ilSzNp-69M9Zyx0muB3CsZPLjI-29DAmqH9QXOMrdp3njVye8U0DY0bv3xgHVgBX_jSQmQPMyAf4uGBuc4pFZjqtWnqKCp1e4_ehz3aQL9WapU9jOZXFAhsKJ5rFKTD4cjjAuxylwkR6MLhmU|https://lh3.googleusercontent.com/gps-cs-s/AG0ilSzeGb3K3Ol47evDQ1IDp5lhtjIDxQlSVIA0s8ibxBOCP__QecfZp3_lus2dCQqsI1E9ZXHWDlKYQ2AUp_HHSm2JAWNl27If00rt6jgjS8679eOUmXfhj4c6-5l6gCGexxHB7Lvqvw|https://lh3.googleusercontent.com/gps-cs-s/AG0ilSxwg1DM0CwuJEeBD_AK_i0-SiZQMFnr_2ZNn6cKTXkGPkWSqQGlvKLWvw01RZZkm5UFdZLwqeedih7IFUJie-DCiWwvxNboIvrR1BYciM80bma6Eg2JY8iQKQx_myoH-Dr16bQ,Qoya Spa,"7C64+WP2, Unnamed Road, Kénitra","4,6",0644-800385,N/A,N/A
N/A,,حمام الرياض,"6CWW+CQ6, Kénitra","4,7",N/A,N/A,N/A
https://lh3.googleusercontent.com/p/AF1QipOMv3E7w_Y9mV-R5ewHPYH3qblMVy-_fN3x1kM0,https://lh3.googleusercontent.com/p/AF1QipOMv3E7w_Y9mV-R5ewHPYH3qblMVy-_fN3x1kM0,Hamam saknia,"6CVW+9FH, Kénitra",N/A,N/A,N/A,N/A
N/A,,Hamam baraka,"6FJ2+VG3 Wafaa, Kenitra",N/A,N/A,N/A,N/A
https://lh3.googleusercontent.com/p/AF1QipMGOcbGa3DoWPJkrMNp8w5_WRr_2QxvO8yqY9Ta,https://lh3.googleusercontent.com/p/AF1QipMGOcbGa3DoWPJkrMNp8w5_WRr_2QxvO8yqY9Ta|https://lh3.googleusercontent.com/p/AF1QipMgSpS-96FExh8nwdrENqVk4h5Uvm1k7tqCsZiU|https://lh3.googleusercontent.com/p/AF1QipO8c3l7iUdk9-mtMtJ7_PC_PLrGdLiLcyQDoSVk|https://lh3.googleusercontent.com/p/AF1QipM2fKsGt1RwVBNTELzMLtAzoGv-fXYQuA_DXlQP|https://lh3.googleusercontent.com/p/AF1QipMrz5JUQodFk8fiKZWlXgZUhrfMVuz8Gwx-IYw8|https://lh3.googleusercontent.com/p/AF1QipMVfZZ066UG4DCvJd-P6Ih2-9ohzTcdfADTsXeW|https://lh3.googleusercontent.com/p/AF1QipOgyMWw90EEIp4nsrnm2xDMesbeKUKvJ0-xDmri|https://lh3.googleusercontent.com/p/AF1QipPX2fb9isCbCvFlivUD33jFhvLsHtXLx5imyI0q|https://lh3.googleusercontent.com/p/AF1QipOygOCyr4XPUl1E6nrhv2KnKVhezbozFy5cgctE|https://lh3.googleusercontent.com/p/AF1QipM8fAEf1FoVo5cLexeDlCPtXY7KX-u70krmUYRO|https://lh3.googleusercontent.com/p/AF1QipOblRaP33yQ_Oqefabz6iICzjuBlJhYyNgCRQFl|https://lh3.googleusercontent.com/p/AF1QipOmNfNTAjnuNF0jzBHEJKClgn41VuClf9s4Kutb|https://lh3.googleusercontent.com/p/AF1QipNXvUOT5d4sWpjGLK7W7Gp4Mxe8OTPQ0tA0p_jQ|https://lh3.googleusercontent.com/p/AF1QipOA9p_oEJSsgkkLFbvdl8GsHH1Q6y6v7tMgrXtp|https://lh3.googleusercontent.com/p/AF1QipPslQ3-AEbwdVTASlnfq7-nuCeusmznI9NtPYRI,Signature By leila & Spa,"bureau 4, 7C44+8R5 résidence Palace Mimosa, Av. Mohamed El Qori, Kénitra","4,2",05373-71039,N/A,https://instagram.com/signature_by_leila_spa?igshid=YmMyMTA2M2Y=
N/A,,حمام المرنيسي,"7C8P+H76, Kénitra","5,0",N/A,N/A,N/A
https://lh3.googleusercontent.com/p/AF1QipOMv3E7w_Y9mV-R5ewHPYH3qblMVy-_fN3x1kM0,https://lh3.googleusercontent.com/p/AF1QipOMv3E7w_Y9mV-R5ewHPYH3qblMVy-_fN3x1kM0,Bubbles Spa & More,"Angle 24 et 26, rue Jamil Sedki Zouhaoui et rue M'Barek Doukkali Bureau N13, Kénitra 14020",N/A,0661-414177,N/A,N/A
N/A,,Spa chez Yasmine,"7C68+4QF, Av. Mohamed V, Kénitra 14000",N/A,0627-222046,N/A,N/A
https://lh3.googleusercontent.com/gps-cs-s/AG0ilSy2lxhxN3eL7BA54fMrQqzu9DMT9VwObeMKrlYqmKNp4vc1eZy_dd_Cb8GIxY4pksdI6dxFgzjquhHQ3pExggwx2UbkTuvy_wUjEYw5VXY6CXVhjD8JGllyZ-P8nM_07pbtvUaK,https://lh3.googleusercontent.com/gps-cs-s/AG0ilSy2lxhxN3eL7BA54fMrQqzu9DMT9VwObeMKrlYqmKNp4vc1eZy_dd_Cb8GIxY4pksdI6dxFgzjquhHQ3pExggwx2UbkTuvy_wUjEYw5VXY6CXVhjD8JGllyZ-P8nM_07pbtvUaK|https://lh3.googleusercontent.com/gps-cs-s/AG0ilSyWnp7Luond7xyHVX26a2AryyXoYOA9MC3d1JnZ78OOQANXlMgAFwGw5FTkWhAFI1KQoCRQwUfr5fX_WDQFJ4uzRzKGJ9wEoVQIzQt3z2VzVVWwOagedHCWE84lG9ApU_uIxD87neUNS2r6|https://lh3.googleusercontent.com/gps-cs-s/AG0ilSzVY4IThC_bqNNHGGosEtC4toNkTQMRFWs3CZqpwYDkhqsxe45hesbubBJPMpURIE1bM437r5_ohX_wt-LkaMQ76LfprMLAWPgwEhMeTOsbXyPI7Q5SIjOYscrqdVa7BQD8Dr-RPw|https://lh3.googleusercontent.com/gps-cs-s/AG0ilSzLLLv0h4yRYpoFPobTlfFUYhHwioN65xFbYSmXW3xiVnwlNGkSEdiW7OzPlgNnbwaodfbIXcMzol3oJAbvmdNkDn1CNOBSjolHGz7aFcXy0lbdEmJT-pO_thI44_gZMADzQfgcMZTSlIQh|https://lh3.googleusercontent.com/gps-cs-s/AG0ilSx_B5nGKiASProrB0tKecUX1n9Ac4kVBGJPtmU_ZkdxXtlVEBUeIF4lwfUsGX7rPXqCs0uxUU7Gm3E5Qkvg-J2t6SnhjAGZ48ns8-W--30qnBs9qT9Y73XdlgCPU1uWpdnpF1kz2rNy87Vk|https://lh3.googleusercontent.com/gps-cs-s/AG0ilSwEN1d0EvJiNPqklJTN2UkgMuLid0b3HFSOOSxCpyHyV6a94Djxm7ShvNIj4z-1eq5hghS8ZHvVKY2lOKe2ZKrBFsVhvUHvlcgQV2n5oO4G3fzOTR3MKN1LfSz5_MXXADmXcxuoBcwjUWQd|https://lh3.googleusercontent.com/gps-cs-s/AG0ilSwqcWzVBBoUSnJi1SoxnIBiKmEq4vM3gQ50F-v_i1hTJgwszrZmYvFUXqsvBtYeSAjL3tkX6PcdWz6hINDr2dASFOYioDPIWBFHPbyjpXTBb09DZGo3tdDND9-FQAJDjk4KQDiJvA|https://lh3.googleusercontent.com/gps-cs-s/AG0ilSy6Il9l_BbBk_ql4lgKbXE4X-tssA9fTJp72MRnJC7pDbRyF9iKdTKiYcLOljEUmG999ElSGQLfYjVlKLgE0W3AgRnuHFvXrcUpJ5UyXjxF6cO6r5yIe2m-BcTtmPcMQgOh3pFN6w|https://lh3.googleusercontent.com/gps-cs-s/AG0ilSwYD3C84m4FMCMddry81mFUBptdBmvdnXlssb5lG6Cgn_bpJrZvVJaKpQn9LnRUrWaEHVyPrkHtUgKeR2-pOWUVifsf49HtSI8-HkmrdyRfC8ECWTi5nca61NUMW5RLZXheE9cl8w|https://lh3.googleusercontent.com/gps-cs-s/AG0ilSz1G8BrWRrEnIbvqOI7wGjb7kdMwO9Qk8fRiZL-aTNPF5lRwYEHC7qJ31grS142Uypunj4BaE-FOqHv9vw6IYaANb_VV6juKdnRbnWZgIId7YMFcX2X4LEam53aNO1uzRyDhd44Il5IGvRM|https://lh3.googleusercontent.com/p/AF1QipP8IiuJ2G5dghfuUAI_rrbatJs5mZm2TRF2wwfb|https://lh3.googleusercontent.com/gps-cs-s/AG0ilSw1d2KMhQaXdxFNMFVsEY1dcdYazXaJvNeMo9A2Mz-fen5iJ0ZD-U7qx8kkYfxMPO2YRxqcaBoV8RG1TOaKw6Y3VEvA9hTQQxFNIJd9q0OU6KKDQS8sBJEF2PZaEGrcMZO8D2ExT32EFpGy|https://lh3.googleusercontent.com/gps-cs-s/AG0ilSxKv_MqS-y0u-mHUYNpSOHMlM7cccxSBHXabvFbR4-ArjEDWI_mrOS0_LcA5TCWa0PlkOX3UfwcnBIJTmJpMN6ZvDYYjHgOilk8Aubo2EPcpuMgNtJM6SqKnLazuG0BnuBDIhup,Centre Beauté ROJA Kénitra,"pharmacie Tarik, Maghreb Arabi, Bloc D, N118, Bureau 3, Résidence Rania À côté de, Kénitra 14000","4,3",0666-821134,S'identifie comme géré par une femme,https://www.facebook.com/share/16CLYzR7Ec/
N/A,,Diva Forme Spa,"7C87+72Q, Kénitra",N/A,05373-63271,N/A,https://www.instagram.com/diva_formespa?igsh=MXhpNmp3NzY1bGNuYw==
N/A,,Urban Hôtel & Spa,"Av. Al Qadissia, Kénitra 14000",N/A,05373-07540,"Heure d'arrivée : 15:00
Heure de départ : 12:00",https://urbanhotel.ma/
N/A,,Jimmy's Fitness center,"Résidence « Royale », 38 Av. Hassan II, Kénitra 14000",N/A,05393-48624,N/A,https://jimmysfitness.ma/?gad_source=1&gclid=Cj0KCQiAo5u6BhDJARIsAAVoDWvUOlJUZ-CaER5eQi48SYlhpjFfAbwU79IwMvE3iVOMGEZVzH2lRgMaAktPEALw_wcB
https://lh3.googleusercontent.com/p/AF1QipN_aRD_eMuvzHexOewYku8t8viJwihtXRaLQ99C,https://lh3.googleusercontent.com/p/AF1QipN_aRD_eMuvzHexOewYku8t8viJwihtXRaLQ99C,Hammam elfouarat,"7F2H+89R, Kénitra",N/A,0626-178910,N/A,N/A
https://lh3.googleusercontent.com/p/AF1QipOMv3E7w_Y9mV-R5ewHPYH3qblMVy-_fN3x1kM0,https://lh3.googleusercontent.com/p/AF1QipOMv3E7w_Y9mV-R5ewHPYH3qblMVy-_fN3x1kM0,Bath Valley Gold,"7F24+JQ4, Kénitra","4,3",N/A,N/A,N/A
https://lh3.googleusercontent.com/p/AF1QipNnQCbG-bOU2TXomOBtQOdEPAJVAbu1l7dVvqg7,https://lh3.googleusercontent.com/p/AF1QipNnQCbG-bOU2TXomOBtQOdEPAJVAbu1l7dVvqg7|https://lh3.googleusercontent.com/gps-cs-s/AG0ilSwk_LmC4GkSDKpMOEX-JBmOROJtgRmnVd86CTnzbLMYniScJ-oQgZtY4T92JMcApEtPgN9eESum5EO6xh0-Fo7WcIzQ7IQKcpH-J2BjRlWjl0ZcLoPA5Pgm6xpoxPlYDzVl9GidLA|https://lh3.googleusercontent.com/gps-cs-s/AG0ilSwtZcCh0fRUfJbHGFJdDWcjptlLqxEWJYPaYmqiHpJ_i7C3kEZ-fIcvbOzcQ0qqfqT75f6GYaivzF_vs5TBPP2nmdAu2-DEQSeFe6XzOuSKndFToJmTEDe-hks4nQu2QOl7yeWA|https://lh3.googleusercontent.com/gps-cs-s/AG0ilSxJPfE_Ym1I-DQg3VQFFNBROHMOF6qEJ0UItPxfTzl9bAgW-ZSzkl4_3gAGg2toSPv4h4yOUoG5z4TPoK9konzNv_E7VyeQNczSDaMR_0sl9l4lK7d7_TGvb0oaJwHSxxf2VKQTzQ|https://lh3.googleusercontent.com/gps-cs-s/AG0ilSxN8A-UTQ3zoI97BKsWpd4u7ryb95gx-AmXQjdDingzc0HBNd61Zt_g05XQpwaNe7WE-FcpKb3RiWRmoefwYTD2tyiBd-yOvBw7lPOgchJXILjSqc72tk23aTpnxCpfnGQ6Ht0C|https://lh3.googleusercontent.com/gps-cs-s/AG0ilSzGN-4ylrIfKz0W1om8IRK23euASqksWokhLPaDDR9zELvSsLZ6p3il5ltb90Wrn7rmtkiiIipgI8BG4l2NF9ChDrGfOJP-t5cRsYnf1ZlHrazbCQh3x6MXr2qBZ6zSCepp3RJ_Fg|https://lh3.googleusercontent.com/gps-cs-s/AG0ilSxh7f2PS7BfkfEnD6A9vpRBvCGRuUeYAj-5HtpRF7vLSKyoIYv8D-_mPG21vgsxBUQAa8-oZLWno0zfB4QinNyiKJhntq3j0V4KE2E0c9BBPPffuT-yjCSrvZn10IreZkqns_W7|https://lh3.googleusercontent.com/gps-cs-s/AG0ilSxW9sovrWEjq_A4mjCwY0d1EvGDblxTW0VdNal3TUrvj_8BwDa0I565AY8dqtxCdLsDacSxNitpGHoJB5is3dB10cOuou1TAAR00KgpgkWTpg4br3ULJ_3mQJxvQmQrW2iMW1Al|https://lh3.googleusercontent.com/gps-cs-s/AG0ilSwWjdKhbLoCcVNQNIabBRqy52q53c6vLEJgFdQl_nr2DfXmsL8rzKH4ZaH89CHAoGhOR3sS0ItF9bMo4c38K5UIi2KwH1JK8r8GD2LP52mOiuVVxN26l-h3fFwQbouINMJ1RHg|https://lh3.googleusercontent.com/gps-cs-s/AG0ilSxcDZellTaOouBGgWc2xH4DRoBAlMfMDnQlTHVsbYX3PVQ-mQalwEM7loWzLw8OzGYC6zjN1jdwxGRFHHCng6GoLzw-xBoQA8Wumrcd4YLoleeJLNXKg8798i9t2pK9opDhKmI|https://lh3.googleusercontent.com/gps-cs-s/AG0ilSz8qC0Sf2NQrpvzmSqGSF-zAHL-PaMfwYWq1Jqkvp4AME1VLbjtpN8gZN4g4YA95JNYNSdQUb3z4t2lGpUeVYKy-pXyhN0nyKPp-axzT9SLUvhBcHhytLbVrwRwrs4BchaEXaFbvw|https://lh3.googleusercontent.com/gps-cs-s/AG0ilSzl0hP1NvhLergm_8Lx2hl9zVo4yxhqEOl6iMoCCrKhoWrz1ckfObgh3302PnZpVBzWou5kCV5e0a0c3oyjijFyfBfQMpNND756dBdkVon1aNtJyxDMLz_Zenrexh64haZkmZpnIA|https://lh3.googleusercontent.com/gps-cs-s/AG0ilSwzPvD_ge8Ac7V-r18P_tjQ_u3LDwAqHwIux2MhwM642aYmE3sn50Uct8TKhasOV5EVAXP9NjrhHlhJLyO27pyslEvwna4-dgqkQzjhrX9ap72LcXESXM9JtJUznYqYVFNJtSrw|https://lh3.googleusercontent.com/gps-cs-s/AG0ilSxR0CnhBgORBXk__CBkED8_7cPLxYGdWjwwziQcmHYov59ZZT4V5Xcmk0neaQoWkaMxyiDcDdQHBycVnd9GlyKL_TnCVASC5_DEcBnaJuww9J3xeaZvX_fOxRnF4eRNoFs6VToA|https://lh3.googleusercontent.com/gps-cs-s/AG0ilSzlDjudJ6DIoURNvPasKybOiXcxg_X9l1HoxuV3kBrlUs4RqFe2lRMN5M4OWQmpusaYEQTwqFZGeax2gSfqZ8N0nv5z-IhjnMeP7FMPI4ByYwVgQb0AqdwVKjz68HP0pvVIRHMWLA|https://lh3.googleusercontent.com/gps-cs-s/AG0ilSxizRHXFHBXWDC3Xme9co651Ha-H99wPSZH4U1IVGPN965FJPs7p-R2vwZg74l2we5X0O0MT2XyET80-qWLMf9DBetkatIwW3HQ_t6H-Yglp7ejogPpV0WExZnoSSTfexl0ILLOrQ|https://lh3.googleusercontent.com/gps-cs-s/AG0ilSw2-vbZJsRvR8GWBNHXbLQFksZ_4NTYFqC35lNauUtyS4hZ8misS_GpjTOzsg0R70FgtnQ3XpR7lL3MWQfMAQEI7A3lCvj5NBkqLFiLO98wwUraxe-rU8bVaLBP7bmghqbqJY-ztA|https://lh3.googleusercontent.com/gps-cs-s/AG0ilSykPpvYUudX5uphQ8IuT9brAuZOb4Ku1LEpbZ3RVPS_9IW72Nn_igDek-nS9tj74F7OWiroMzNF38sb28k_MtjJ5mOXjePetkti5HhGdd3BA3JVrOpsC6CmNJdylCr1C8BOHPeR|https://lh3.googleusercontent.com/p/AF1QipOWJHEmCZn8lFKsJVZzdL2xvgdYmo07kpAfS_Cf|https://lh3.googleusercontent.com/gps-cs-s/AG0ilSzhEVkDc11An2UVqg5ZTAQE_o5Osf2O8PXRPGxTYgRRiBXlfT0jvWhlkQfy9rq_bHeQl9zwD4bl9Mh6_s32GZgZ5onAJJ5XVCINNeZ51hbNKJZdL3gTKNRrjt8VZGG_IzCwfJdDgQ,Waves Aqua Resort,"Avenue Mohamed V, Angle Av Al Jahid, Route de Tanger Rabat, Kénitra","3,9",05373-04141,S'identifie comme géré par une femme,https://ahrcollections.com/
https://lh3.googleusercontent.com/gps-cs-s/AG0ilSyo9pCE1esk20MczXluB_fEIr9-6eKhxjvc9up7VEcR0OSny6TwFAU6Uphb23ZOu4Uyvd6doN8h6kE6QAIrYjGkFdkUk7gNiqccpJAFRHLYwDLEQZL2mHD0PXRpyexy1M0grgBb,https://lh3.googleusercontent.com/gps-cs-s/AG0ilSyo9pCE1esk20MczXluB_fEIr9-6eKhxjvc9up7VEcR0OSny6TwFAU6Uphb23ZOu4Uyvd6doN8h6kE6QAIrYjGkFdkUk7gNiqccpJAFRHLYwDLEQZL2mHD0PXRpyexy1M0grgBb|https://lh3.googleusercontent.com/gps-cs-s/AG0ilSxXqNixPrrwQE-Jotbn33JPSS-zCCqKxckYnlZYIIpnQ8gsIvj0JSviUsmxfqEzWaRTsBFCdMfmyKP28if-B024qZp0A5OY4sDbXjj3lpiQb1nc28Voiz3vzhfF5zqqsU1GTxN7GA|https://lh3.googleusercontent.com/gps-cs-s/AG0ilSzTkwQw1JueFq0xi8_NFeThh82GeQLFU-xLgLyC0iLZg-tYS18Zc4Ewj3ipSXX9faVGqbaUrmVuj0NNVjYodlHTMFTiWEUiRFjnIdPl_TPybbbRqtC1hcDSD42l6216RPi0v7x4|https://lh3.googleusercontent.com/gps-cs-s/AG0ilSzC7BMSbT_YLAZcBwslOqqV-ULilgeSAxkzfQCXWL2CqSzmlZoXI_tqrroDzz4qXuiVtncpdp_CYu7-knBfw19ciw6w3ToFSzw_gGwBCE_M2fuzlXGffJMWuyu6823jUawdVOuteA|https://lh3.googleusercontent.com/gps-cs-s/AG0ilSyOFuHYPl18Emx5NuTi6NQhojF5C1aaB9MxDXANT7r8pNrEb-NkSBzAAck40b5pQ1DPOn6Ns9uTyktUvTHK9Qv7S4N3C5tZ5-E7n7M_N-bnlzz41kDrJOpjR2QMKqzvIO-G6MC6|https://lh3.googleusercontent.com/gps-cs-s/AG0ilSx8u-Q43OJcvDJlBRRaTiPwXq8owvZEyVg8MwGKUttnMmIHTN0bXBNfAZX9-Kqb2yFWbkk9ktGTmPTn8S_CbtXAzO0E1iTwdDmeKjk655LuaH6xneqlr9S7mxmM6MHqS6sz2gjH9A|https://lh3.googleusercontent.com/gps-cs-s/AG0ilSyXgl6m5K_BimRRIXjyslpkeg8tn3uD0QT4df6jbRYV055okpp8AXIM4I2nP88MvStoe80rVHeQkI62gtLnpem9jyD6OK1NY-CbDOKYPb9S7U0Of2aa37iWgKyfnuXuBnVPtpY|https://lh3.googleusercontent.com/gps-cs-s/AG0ilSwkeJ5AJN4lCh1CviMskv9Ir7GPHhyerOn8vzWzzRMIYPJR5kxzYJgCfU2ambq3RyaRKxU2VkkIcBT1G_hp9o0BbdWKlABmOmH8_NGjPWjLN4EqBimcwKOGawbWkSyWsWMpiw7Jog|https://lh3.googleusercontent.com/gps-cs-s/AG0ilSwR69i3HIOZFaXlTpyEDRBm_-Y-VIeHJDSW_OgSez1p5tuaQ6ongyQSnH_RkNM2G6q5BfyYGdsboRW3ADWyMdOM9lJdlyzLb88-W9O_NpMbsCdMRJZ3uTSDn_l9GDkdMer1rKSM|https://lh3.googleusercontent.com/gps-cs-s/AG0ilSy7h-lm0FimtGWcaAEy8wTc5_3yyC3ylJYiCn1YwyYaUQ8v3LFfE4OzaQaryqZtXAL63ZNtdT37k59_0yb5qiQnmgCbUQaOQZYPuLG7zIvWOzFdhEygUJo22GadhGG_HHcwIKk|https://lh3.googleusercontent.com/gps-cs-s/AG0ilSxXtWuqdczj9xx3wwUJoQBdm7Dp5xi4eohXkdGJ8h81Q-szrmQ2J8cbUjJUhQALRMVRV5HNdE7dwSYiRi4QmJh3G2KM0w4BPxv8kp5oCYWlOnPH0ikd5JqAAmGIJw0mmkINgbUY|https://lh3.googleusercontent.com/gps-cs-s/AG0ilSy5lKn6rNgSrO_guqt5K8Yl_X0h_33Id74RnOV6FYG0FxtIoyBgovlvgJzMhfnnAqKa2ceTe2ccc4_y8YZ3coRttJxLGyP8ifCN6ENZNTRlcFeIKIN-Tx7PWXPFi9NpzsmYCYu6Eg|https://lh3.googleusercontent.com/gps-cs-s/AG0ilSx3CQGwwvRudynpW4V-M_mJMdMgMCnuLVnoBsa0OXEL9KEuf8NnlBi7q7ClY284nyTP5i2KYPa1tqyuDzlGGc1jgrg22An8vXNtjLTmxB10TKvYZGbMJBorWqX12kjbcVDilTJM,City Club Lanasa,N/A,"4,0",05373-57859,sayad 2 Diour Filaha pré de HAMAM ASALA,N/A
