rating,location,image,images,phone,title,website,description
"5,0","Av. de Fès, Salé",https://lh3.googleusercontent.com/gps-cs-s/AG0ilSwPqaqSiUeSwU61LaRStuC613c90tLqvfKnc2iWJy-zySgiCf3SptL7FlaTcF0MmqnNAdCJ4CeA3QGxwdFtUGep440sMg6WQPENA-VXHbB88IdjHl5EzS30iGapI8CWeAGf9c_YQw,https://lh3.googleusercontent.com/gps-cs-s/AG0ilSwPqaqSiUeSwU61LaRStuC613c90tLqvfKnc2iWJy-zySgiCf3SptL7FlaTcF0MmqnNAdCJ4CeA3QGxwdFtUGep440sMg6WQPENA-VXHbB88IdjHl5EzS30iGapI8CWeAGf9c_YQw|https://lh3.googleusercontent.com/gps-cs-s/AG0ilSzmO2KRHzNcVitItc-s3LI_VprmI60L8NaZULnyb7TILu_1fynqZuloqO7_HQ1gVYJ00sWrkNhr4jXlGR6YaxDqfcnvOk1EnZrGo3ldEktFiIybL1uFky0J1YogEUvJ8ygBDlDHRy1P8rjE|https://lh3.googleusercontent.com/gps-cs-s/AG0ilSzzUQ5DaKCrQDGhjyT3Qt4YQKY4pLp2o04McJbFz2a6WxiVjO2LqrB5ppyFf7XAlTWvVNkmkRa_ikwKryoGMAMisj1uEqd7AyzmdK0g9wOLZZJy6Wbe9fwM68-Kz_fTbuvWCZDS|https://lh3.googleusercontent.com/gps-cs-s/AG0ilSwPFSgryqwXMRp9C0foBY_l9d4UDWPBSY2mcOCVIIM1vadT_5zXdJsNsPBoJxauhToA_8eBjFZgfbJrJh1pq-b8ubiKWTDqWQUOma0QAaWPk0g0FOKs81bsiEck-RMEWqtcevNJ|https://lh3.googleusercontent.com/gps-cs-s/AG0ilSyYtTQY1wXeFCUxb7-m1A_jNv14mN4h8e1ECDG78fJue7ROiBCTktzyxyd-aSD7dcHjcCJKilxJ36ZENcqUEbptjrluW98xHneyT-VbNFxU3AhwSyD5s0VfUTVOZDxYTip6odAz|https://lh3.googleusercontent.com/gps-cs-s/AG0ilSwml1EkdEhJp5S-7XL1FnAOo6x-vMkHJE9ZNZWicsZe8GxEsg4a7ozmlLS9MXsTX7fwqaOIopgRGlQDUUstogefKf0_iMRQg28KvyjAayzkQ57o_S9iLONA6pje2c0jNOwa7KPO|https://lh3.googleusercontent.com/gps-cs-s/AG0ilSwRYuBjtdutJ_F5bj3t5_r1fZb2Sp5sLYtlXcWvgaepH6AoWh_-topkplzThDl6tK3d0ih_bTWzuvaId40waInqk1EN2O0rWY0kpoE8EXVwYOFybfZjdmDEo_Z7YlOQcQe4RYjF|https://lh3.googleusercontent.com/gps-cs-s/AG0ilSxd1Y7oAd5bBU7-e6-FgZIZ7BBahAIf1XxFk1-ta4Ih-gGSggotz6gE7WgjNJhR-Zcgdjtc_T5q19DX2ujW0UhJQYOLson4mXZcxWXQ-TjJ8zGvvDDEbOsIlfkuwB-wssf_NYNa|https://lh3.googleusercontent.com/gps-cs-s/AG0ilSybSWkblTHQpvA8xhLfH2XFi2jZo52YN_q-4W1BCEn6AyJvsGLRhMmF4RSA3Sf5SGqmFB6wMQ3e_bEBdcBLjdGkDtvWREDqrD7sHoCXCtdgPijzr5XhL9n5320iuvSPEE3F9pvZvw|https://lh3.googleusercontent.com/gps-cs-s/AG0ilSyPPez1szko-8W9h5euqAxwhR659fCafJmWO1lKZnag2WTkCWTqhzWoxZ9EAe7TSvoNJZbxUx5_qKB8Wfqdtnna3ha0nCL1BojzTlolRJ1eH8G4IdbGbiCD7ATJ3pTJVhLBcCH7Gg|https://lh3.googleusercontent.com/gps-cs-s/AG0ilSwOyluOg_dQuH4E6ALZA-lpyL2rrP21yK5GMXHFzBzptd1XNpgWGzmoNm13q7jwHR2PjusxQXT4hdlaDbjRw_fT7EjTdI5hKEDTpVxSzJhFETewQCkK9H_J2SBNORfKq7Dt-cukNVGYYekg|https://lh3.googleusercontent.com/gps-cs-s/AG0ilSw4mkKjtzIsMSyNdRDYtuWJC2K7COhFqvV7oHDp88ZvaLKfQ3GoNXVSmUVg2cvh5ZO5HbeNN1twsaO9MLnPgbnPCPfiuaK4nb2YpROgn5bHEzjAfIjV5tXLeX_oB96xbmiQ8N9vWw|https://lh3.googleusercontent.com/gps-cs-s/AG0ilSyFAnvKVbmMUSFp1xRd4zLMV3zBxjaq7GBKGF-2K0rhsq7LvO0OQ7O6IGdeehDCWH9PPreOKA8At7fQ7U1_frU65m2jkpfPrPkbaO479P78Ssh-WMHnf9BDZh_BSPewBAc_bEcvow|https://lh3.googleusercontent.com/gps-cs-s/AG0ilSxw9RDn7hk6-52T8pHtBd3aZMZ9KTIbA-DLQ-s1rgw10-XAIJG2iqzf1gvhVFREZuFU7-lbYZIZjmYQx3BwdXyq69yzmZAVCwKsJYUOojcDBQc88BoQ7J057rZ6r63FeR1W-g|https://lh3.googleusercontent.com/gps-cs-s/AG0ilSyFxq57BlWt-CoKrxuzmUi-VtRBoFL0OJ1r6nHFC3amfcjuHFtFStPBO_6aSgRq6M3K-U0o813bKf43qfmEFj4raJFBiWBfYwL8Ue-lzfkKLIqcTY0WB7-FxZPMQmN-cC_i3zD2IQ|https://lh3.googleusercontent.com/gps-cs-s/AG0ilSwO4stXhNb8VNErLXvS1RtFDOK2wmJVEaSqxu7qAKW-XrwgYp3cWShBv3Q-1FZ9tPwjIXakpvpNt5fwcfQWFTTKbwx_EhJ8Sux0jQkWKegdb-QhjJiMXCxpOwWQVvJgjRrwiFZh|https://lh3.googleusercontent.com/gps-cs-s/AG0ilSxBZ6DizOe1vg39XVX0kWsgZxcRI4Il2zev8UZeOlGmKmLrmuo048eYgg1yMC8s3aiClSdMRwGEJfdg4oNJ_-GGe0_rXRotcuFYunYjouzp4c5LIqPzHhRRtlZDaqFHHWygobO6|https://lh3.googleusercontent.com/gps-cs-s/AG0ilSyMABglPaqfKtkM4EdLZWFn9vbuAiQTnLAPuCx5E0DwcFCmWfQE3ErFz8KwHspgZHJkq7u2I7BhflUxhWJXgpzfbApkRdgi75MEQxz0xvytXVmSrfletikKtTnPIRiqCqobpwLdzVBXHAiS|https://lh3.googleusercontent.com/gps-cs-s/AG0ilSzChfsGxPiHU_BBEhcqq1tHoVCgZEPp5oSEaWiwpFqie9YPagPba7F0-PXrQNWAxzdXVH609YEjMicBxviqQsILIBVtputuyj0J1El3AldQNGGD0h_2Aflj0TgdmMDb2uRDFieE|https://lh3.googleusercontent.com/gps-cs-s/AG0ilSwTu8wIWBsIhe-JSIZgPJTjlrWw1ud-a-xKxvhfDYsuJN5qF0apNYpjSInXWg9pT54c87Hu2CFRr9KBS4jGwn5vbjkEri_qF0ORDzTpbf9qSGfnZjws5Y3ZbqTwRckL9KrCduk4,05378-20888,Fairmont Spa La Marina Rabat-Salé,https://www.fairmont.com/rabat/spa/property-spa-detail/,N/A
N/A,"AV. 6 NOVEMBRE, IMM M, MAG N° 14, RES SQUARE SALE, TABRIQUET, Salé 11000",N/A,,08085-97636,Square SPA Salé Tabriquet,N/A,N/A
"4,3","Rue abda n39 bettana salé Rue abda, n39, Salé 11000",https://lh3.googleusercontent.com/p/AF1QipOEmbQkzrnMd9p1cQds7wZxgSNDYT-Bth3vwFG_,https://lh3.googleusercontent.com/p/AF1QipOEmbQkzrnMd9p1cQds7wZxgSNDYT-Bth3vwFG_|https://lh3.googleusercontent.com/p/AF1QipNGKjBdCJHUSa4S6BFjgCkCLL4QZcMfcZXlmtAQ|https://lh3.googleusercontent.com/p/AF1QipOfYk_sPwiWgrYMlx0OvC78-9t2JNLpLMpq-NCj|https://lh3.googleusercontent.com/p/AF1QipNP8BXka4MaVha2rx6zKeUFqs5E69Xhz6BFshVZ|https://lh3.googleusercontent.com/p/AF1QipM9l0fpcvanOpK-nWsIy0bdm45jkmyNEAo1UhXJ|https://lh3.googleusercontent.com/p/AF1QipN44zt7f42aNSaUn_FWfY-QCvdYVmEQXg6_rILh|https://lh3.googleusercontent.com/gps-cs-s/AG0ilSw8AFgpNoLh7K4iMFddOiZaobMVN8Rb4KH7KoAzyyXMUqp0V5M-ic1AgHrYPtxjeo_sk_jRzi1b81e7xkvvU9EsMyCYIfJJ6-N8MvQZ2A8B7lKTPTd138kuxJQzOC-esYMYJxY0d4PGfHrU|https://lh3.googleusercontent.com/gps-cs-s/AG0ilSyL9wiQ8poyf7c0MEvD6WfqTENyXM4NeR3ONNxXt0vbXHl7lPGJnQtCSZO9_IRg0axVAn4cTVvPCCQWXlpDFdRcaBI3m6Io5ue_NuN-Lgnc4QHjnavjodLxgOhclHI6qEbJ-dsIOaHULUo|https://lh3.googleusercontent.com/gps-cs-s/AG0ilSwLjTdw5khZ1WrllCspSDtsFlcsldxn27V4gNq2mLaW2mDwFqdxzNWOf9-ie9V5_3-pQcqH2FCxTOMk_pyNi_7chIkg9c4Yg2rS3-Jwys2BKu8gDz0Vbc-Wcn2Vp7dpHUreOkmH1Wx8PJzM|https://lh3.googleusercontent.com/gps-cs-s/AG0ilSw3kvTPTY6HG-OnkuBQ1fwEQNFt3uA0niFWARjNT4YXNAO0DevVtUFX8URV5-2bzJypdDX_EWIJqBpys5eHnEm365p-PLYzlazY4U762J1g5oQ6Xk9VnCRyTPlckE-yrEl5jN43|https://lh3.googleusercontent.com/p/AF1QipP9vdXYI5XmTbxVAvV5M0rBGtENgCL_ff5R1c8x|https://lh3.googleusercontent.com/p/AF1QipP4CMp39Dvyq5IbMQVgpEiQqZRqdojU1P5VyPAp|https://lh3.googleusercontent.com/p/AF1QipPbPZYBUdCFSz2WTUxkN8ae7fH71thr9eUubwzo|https://lh3.googleusercontent.com/p/AF1QipMDiw_69_8stVs3Qbfu7corrkncXYtvkc5VC5Tu|https://lh3.googleusercontent.com/p/AF1QipOPaGXVXtlTmr3ZwE79Tau9m3r5_Uqdau-3g0Ei|https://lh3.googleusercontent.com/p/AF1QipMoLMqXpQYKcxX8lgbTy9aEMJZg8JFJEXdvrGcR|https://lh3.googleusercontent.com/gps-cs-s/AG0ilSwCdFrCQiMLIk9FBQFbxWM94f0yMs-o2zhWF3F4ku09pTURCbb2YYc2sf461ir9KTcz7r6u6NpHFKlrFhXymoa5s_84NC0W61hz5wmqMzbtyaeZG4uKECsa192djREtpOS0kdN759gG5-Tr|https://lh3.googleusercontent.com/p/AF1QipOnXdV_hISw2lO8P2HTM5BauBw7zhyW7JYHshvY|https://lh3.googleusercontent.com/p/AF1QipP6BbBrc6hLXcnNFGfXUMMYJuPF2tD-OFjrUkDC,05378-08911,Clínica del bella spa,N/A,N/A
"4,7","357R+6QH, Av. Assalam, Salé",https://lh3.googleusercontent.com/gps-cs-s/AG0ilSxOk-19qY7whP2mRmv-ToEro1bBSG1s4A1P348LmtgxoVK5SWU9EmRGW9fEvYVAved_a18U7HbVL1H2C7AHNSOIezIq1wszQxSw1T2kEnlAU8J5TafUirNOF6_yrFx5HZkaJe7o,https://lh3.googleusercontent.com/gps-cs-s/AG0ilSxOk-19qY7whP2mRmv-ToEro1bBSG1s4A1P348LmtgxoVK5SWU9EmRGW9fEvYVAved_a18U7HbVL1H2C7AHNSOIezIq1wszQxSw1T2kEnlAU8J5TafUirNOF6_yrFx5HZkaJe7o|https://lh3.googleusercontent.com/gps-cs-s/AG0ilSxSycQOW1uEzSwns1AYlCLpfCBEzc5uIp52UKmJGhwUJsDWhWNz1xxa3ecocCsBLGNUIywSWHlQd1g1Hp0XL31yBGb-0BpPcqDJLFUikUyAldggrHVIsJ9rib3rRjGBdxQy4Rff1A|https://lh3.googleusercontent.com/gps-cs-s/AG0ilSyi-aVf6abi6zESrK-9HBAFmBQnnT4z2w9f5Saduh2zwfKMTZOJZFRzSO3wMHj5wT1cLA77wdilqYWDcWVBXbrv3TeFOGytDfZgpXXB0n9qfjBY__ibz6XvzVkLNpF120v9dkU|https://lh3.googleusercontent.com/gps-cs-s/AG0ilSx5IurSN3zMXQs7VMQb2Gq5IOx-atlTDJSP68Wqqo5NQ3mVUAnf2NTNxnQ1_80eLK_zzpwiBDLzHFvO9QED1u5wX1jsbcMdnn_qn5WtzRoA4Mz42omt35x7sJCQTTkdy5PGQu7A|https://lh3.googleusercontent.com/gps-cs-s/AG0ilSxzPo-RlCvhiiuWPCYlqiCqwvZuVwHN9SxfF591B3SbxZ0XGxl6X02XncU97T3D3Y0GLH3sMeUQPJ4q5bspA61hzNQVtJxdtw_p8UuG0hi03hzOwpa2n-j-Vux5-UNTUURxscjH|https://lh3.googleusercontent.com/gps-cs-s/AG0ilSwsZDuBSyJzIM_44wX1R8Ty5PpbqKQYQnBe0c47b9NZOgqJ5yv6qIykkI7xWG8UAYriCsb6ueUVd1d8CUVf-29e2xXic_YEGwXj-OFi9pS9r7K36qENMevJfH_0hVVfM0aNKOOs|https://lh3.googleusercontent.com/gps-cs-s/AG0ilSykMfb7oAeiNsrhET4zAh8YY3SBoOvxPhbT1SxXtDjHLNZfTEnLzM9HRMaa0yNw1tT6I-6MmxzJnEBKRCM9oD8Z4-ZrT6j1SEikPCUccgZG27czE99nduYj8wsTrW9frVjXCy0|https://lh3.googleusercontent.com/gps-cs-s/AG0ilSx9foxZnAqRMhwv9bl18554IQXuLU13CwZeQIUyyHMeY6O_GmLQ-q9WdWxLm3QCTep8tM14YRjVCXx2xF1h7Z3Y3gxoXUR-tdcq7_f1wWbRMkIOKkOYVsxQJYlHwkpOw6sLE6Di|https://lh3.googleusercontent.com/gps-cs-s/AG0ilSw7RjqXewzCG8gEN75pn8RlsdNvidRHhgmKDEFw3im-wn0SYvpdHmaxB6V93X_4DqKROHV_Kqn5IaeDcmXBxeJEoNs3ZlzfZQ3z9Z4FD9o0PDvpbfQpByTlR2aPWGclFil0I4o|https://lh3.googleusercontent.com/gps-cs-s/AG0ilSz-k5Igv58BFbCgpg7B1pp5d3XzJITr-inptkpKYxPwGfZub37AI2x86IxA9weGoPOn0WYQDwCLTC0NkC3i4pSzN_LNzFNNwHGvKKmXDeO26i_xoTa0jIve0iFgJnJsk7UFDA9HHQ|https://lh3.googleusercontent.com/gps-cs-s/AG0ilSwAW0MNMV0ttlmXIPh53ZRKjDOAcOcI_gnl5czcb91vfD7w5ZqpW_4v6IFiHvzkaTp1lpBRLWAF2Px4eU4yTk-YVOKexTUAP9Wk5oRphjUSxiO2AB62nsPLw-qT4N4JUGZwxPh7|https://lh3.googleusercontent.com/gps-cs-s/AG0ilSyw_0VzrGW6ar7OF5vlp2pXMsm_qeUf_s7P4gh7bFCy46NKNDxCq_FnPTP5vLBAhJbf0XK4U_Oe5D2UM6l9kB7HOLgxXT-KaiPwi9JqHyYHBSg1P7yx4khK2RwQrGz9aIhK438,05386-26268,Alghadaq spa,N/A,N/A
"4,9","RDC du l'arrondissement, Av. Youssef ibn Tachfine, N58 Bis, Salé 11100",https://lh3.googleusercontent.com/p/AF1QipPNtGYpza0bvp5kOmmlUbxtGgZl3ZuwZY7DTe5y,https://lh3.googleusercontent.com/p/AF1QipPNtGYpza0bvp5kOmmlUbxtGgZl3ZuwZY7DTe5y|https://lh3.googleusercontent.com/p/AF1QipMIUVrg0qmjxPic52cyDXPFKm1QnoA8_gxt0mfC|https://lh3.googleusercontent.com/p/AF1QipOko4QspgAwvGIxk1BVSUSFzie1hyMSbbVIkFiI|https://lh3.googleusercontent.com/p/AF1QipMokUQV2nmXhTdVcSkdrFXdV09MJsSroYNTy4R4|https://lh3.googleusercontent.com/p/AF1QipM8mDvU5wJZc5N-DE1KbHHcPgkSkO8Gm5xfywPt|https://lh3.googleusercontent.com/gps-cs-s/AG0ilSylwYxrSBz9MiVga1a2MXcCZAtdVpjr4VtUOxWkjMnyb6cA3fCdsNdl1tppIP9uuC7ev19uYmo0G6ToBhb-gYFiBtECRmDq7-B2TgRjwK_q_lJrTSSGGqtW6AhX-lwbUXRye7Wl|https://lh3.googleusercontent.com/gps-cs-s/AG0ilSytKb9GH7szH9BWktk5QL1ofoTuJwIclblNkN-GLsXjFyBiHnAM_Jmi-TAjOlgDu9fXmkfGSyZ91lonnYT59JfDemy9EYkDmquIpVxNl-7O-D0TyCX9nCBkwJ-6egBY-lDD-fHq|https://lh3.googleusercontent.com/p/AF1QipMVkOFrLbkojVJFYxH9EhlGXk3iXiVF2hIFep3g|https://lh3.googleusercontent.com/p/AF1QipPMBwYpSpM3UvqNeQRH4B96erbIB9cCDcz8iXeb|https://lh3.googleusercontent.com/p/AF1QipOCHTWpA_NRmt9UYnJLMruaeN-l0QKSgBv2cU1d|https://lh3.googleusercontent.com/p/AF1QipMBM_YC696YZWmt6mrmDX-1WhZJe6UyFpFBsTfR|https://lh3.googleusercontent.com/p/AF1QipPcv9VQ18UayxFeP6dkAdyZpo4gYi8EIM4ToqMY|https://lh3.googleusercontent.com/p/AF1QipMo1T1nb1P_7eCcPIooWdXz_nvQg8SRg99ThW5j|https://lh3.googleusercontent.com/p/AF1QipNdgQlfg5KrejWj3Awvs0wwXdEr-R13RuPiF4mg,05378-11425,GOLDEN BRIDE,https://www.goldenbride.ma/,N/A
"4,2","576, Lotissement Arssat Sala, Hay Al Amal, Rte de Rabat, Salé 11160",https://lh3.googleusercontent.com/p/AF1QipOQp2MTtLOFTsy97HAr9v1qRoysRSZ1D8EpvV8j,https://lh3.googleusercontent.com/p/AF1QipOQp2MTtLOFTsy97HAr9v1qRoysRSZ1D8EpvV8j|https://lh3.googleusercontent.com/gps-cs-s/AG0ilSxoUueqYkquTvJaFDgEuOBgZTmcChtW0dhA-39GHSmvNhAQ6CeMuFqZngYTzWcUGTd3WWhnHvsQqZMdHwb15DlhfIA3feRh05XRg9S0ZAex-RBl_pWnpX-7fUODw_mRalkvhg|https://lh3.googleusercontent.com/gps-cs-s/AG0ilSwoZqJb2ar7UzWWAM6-kgJ4Rp9QjlUe_b3FYEJesPp-i6AKPfJ5_dg-AKhXWprwEY7fkB1ee8QZxAFrO0A57otnAiYFmwsEbmZxZsZ3Lxg7FcCZBQ21tRJCCtEkOE_2D82K7M36pQ|https://lh3.googleusercontent.com/gps-cs-s/AG0ilSzaxy1edxDKvOJydhxKgVvotaVgtvOvn_AyRhMhcEMotff2oNYuOFj0Vot9nw_fU4z6L2kgwEXB9BpwSFvKJiIbmAmF5q4QgbAQEx8p7COlaQYTMlEmN9aWg8kSuRZgPK--Wgkb|https://lh3.googleusercontent.com/gps-cs-s/AG0ilSxR39uzwwL0MvSVESKLOxs5rp17AiT1E3ZfkGAd-7cmuhHw8s033NSxOhSbMGSLEvApUz63ZtoNE9NkY4f8ULyH3j1Pb0WCm7hLKmJ49W5wveCir_vu4VNT8vhGIeLRqHYDqPNx,0610-391960,So Relax,N/A,N/A
"4,7","Villa n° 456, Secteur 2 Avenue El Atlas, Salé 11030",https://lh3.googleusercontent.com/p/AF1QipNQ0wzb4cWuZZtY6Mgp4vCJt4Y1dssSQh_NK29h,https://lh3.googleusercontent.com/p/AF1QipNQ0wzb4cWuZZtY6Mgp4vCJt4Y1dssSQh_NK29h|https://lh3.googleusercontent.com/p/AF1QipPf03rEVgjZwy-Q3WdN7pv_FP4BKPlyhA-iyUUZ|https://lh3.googleusercontent.com/gps-cs-s/AG0ilSzaui5tD9zXBWWEe4rIPoECum6bStMcqNuf5uGc1fEBYY8FWFvaUbPvSRbQEuJ2fFf25McNT-K__BB00XLL1cODgsOk_7LQi11G9MiODB9sthIncMCMbAmcng1J835oKQkiWPxw|https://lh3.googleusercontent.com/p/AF1QipMOtfp8LvhyBmO_OrJ08aFwgsdk1YE5XF14E4MU|https://lh3.googleusercontent.com/p/AF1QipPGV6NiHEa9htCx-F1bZCpw9X1jGIbqcPTPRCkB|https://lh3.googleusercontent.com/p/AF1QipNXlruZUtYFOoqHaCH3rHXCE5BRQy1f_io5HVHC|https://lh3.googleusercontent.com/p/AF1QipNDJen31i7bF_HO-owHR8Y9VZgkTOPzLM9YvtZt|https://lh3.googleusercontent.com/p/AF1QipMcERzTzT9vHCDVj7HaJRa0XmlGuH71z5aeL5An|https://lh3.googleusercontent.com/gps-cs-s/AG0ilSzY8KN6yTWRfYq0Hz_CxM3yJzImvJpjAL1S0fdKjrZRSEL5FXF_M97t7Uf2xtLbOYTLOoWOR1sFn6mVAArw83Y3nINi_znmArQaq0msv5Ie5Z2_LGeeN_C_JuRnJEMeRsguK_P6vQ|https://lh3.googleusercontent.com/p/AF1QipNgc0I_xGgKjtWmvyLDCwkXbotuf_cykgUW1OKf|https://lh3.googleusercontent.com/gps-cs-s/AG0ilSzF2qKx64JzYhAyDBwrrWI-gN385YRZYkMKYy8nVXxE1xc94B_FvM4_WxOAeMxJlPFHMxjLuEj9ArNN_rFD2EXj7EKx9cSARH-WIcvJohSNhi0aiArYCz27KL6ugA4TFpAIvD1I|https://lh3.googleusercontent.com/p/AF1QipMg2Sl_0D0uIm4I_bo3xFxIsUt9OsyPfHJFRpkX|https://lh3.googleusercontent.com/gps-cs-s/AG0ilSwTODpMixbfCFhBZ2mabpenGZIHP0HFn50Od2ImoZoEz_Av3ZgDHsJoJv2nNfn1uiRd8_bW6TWEdx6mLyMIh6_3rZvTg7CFuTQnGRwJhZzy2kQ-slV_jKPQe9ukTkLXEBGvRJHntT9lR0oo|https://lh3.googleusercontent.com/gps-cs-s/AG0ilSxgz-uHKDsmlnw_n5-m00i7XitL_lqLLBOiJI18YoeJV1mUebNKrCz1kRh01tfQWrdLyHKGPmDCJ1Pz5YgdsITq3mESw82GU16TZArnL1rCDGWJKE8zeCU9xaB5iHEqgq42-TmOIuoNcsRe|https://lh3.googleusercontent.com/gps-cs-s/AG0ilSwd0Dz63rFN0oNTFlAIiiQXVyIZiSPN_BcegOS9klIkioNurICDo8VwCgMLhg9P4EPLetr8kCeBlKFpAhXCyiOFpFv_8GJA-0iR6Nhsb2feGchybpLtp2c0WdP60FJa_Tay3SrkQi_lLam0|https://lh3.googleusercontent.com/gps-cs-s/AG0ilSx_MpiFs58z-7JtZY868upsvZkzi9Y-UJO72Zq1XuasjyX7N2f6wtJg9ZvVT7UmrXH6X2dqmMyxHbXRGuKsnbsHt4YWbiXQOvWAHMk3iJEiQ1Ka7qhchFJxj5XMvqGZBiye2X8IZW1C7fqV,0661-238448,L’Escale de Beauté SPA et Bien-être,http://lescaledebeaute.ma/,N/A
"4,8","N°454, Hay Essalam Bloc 18, Salé 11000",https://lh3.googleusercontent.com/p/AF1QipM8RPEAGA-rUPhnaieeq2ybC40gWtnT9Q-Z-qnj,https://lh3.googleusercontent.com/p/AF1QipM8RPEAGA-rUPhnaieeq2ybC40gWtnT9Q-Z-qnj|https://lh3.googleusercontent.com/p/AF1QipM45cjX4d3TD6IjMah5P959UkLpzquFtnI1zQaS|https://lh3.googleusercontent.com/gps-cs-s/AG0ilSw3FXm6yO3yMtdafD1YWpfKbu9wCy4BXr7s531gmBPJZ5mPmDP7icVadJ0rl16a5NP4Y6vLEVEawOVJDSJ-okropMm41Ob4CKpejWOC8zLpGQnYYH_sIiX_5iGAiLwHa7mqNxAF|https://lh3.googleusercontent.com/gps-cs-s/AG0ilSzRLNN-isKLQQB0HsFlPeZSO2jbdbbABfrb_MtdY0neNGpp3s3rDpmcFFQjssgmoZVnTymjIiMeD3iuQt7tGIEulO_AwD6Xb-bQGHSYd5oy1F_oSxJnFWOtJiYnpheQnOlmHQcN|https://lh3.googleusercontent.com/gps-cs-s/AG0ilSwzx4r0auQJCh55kdNwOfyHGfJTJ44QSeibF80SjZFb_b19jyBkr4QSZjk47jS5sIw3EDBoS_83qIV0lBBa2blqGsHn4dk73Ttvbin8BYErklf65VOaP-kxydFPLOR1x52w4EGW8A|https://lh3.googleusercontent.com/gps-cs-s/AG0ilSzl1RwpmonhRqdVM6iTQLXAt3_cWSf-Wd_SzRB9hU8PFrouD2CUE59synaCQ09WjQ0l3c8JPOfrfedqmKhq2WSTctJY45KJOO-HwCHeiZzc8mMGvKkRrm598hxvW2e6FuJ7AURI|https://lh3.googleusercontent.com/gps-cs-s/AG0ilSzKSVu6J8BUOX3PQEfSleUcLmST4UQZTlHeVN471A3yAEAby2t5E6UPIJ7IUFVkOIlgFxw7xzdwaYyumu9Ea2N4_gC4NeX37AptrsqJJr_R6w2e9xZX7BJKSskdkZ1e1n8sh5c|https://lh3.googleusercontent.com/gps-cs-s/AG0ilSxzCAULR17UwjUwkZHk02mZg85pGQigj1mg2u9I5uZFYGSRoriMeAHkJ7Ro90InlLq0Vmv9rGeOYc4-7zBY_0CQcbuEo0ALTGY2YKU43B0bJ7bv9guASJAouaIPcfsi8BE4hWQgVw|https://lh3.googleusercontent.com/gps-cs-s/AG0ilSy_o0-SV0Op1T8k1iiiEKvhnyqQfnfN_VevuvYMx5YexkMUipvC1G5_2lgo-xhlQJgILpW_8PGycu9C__ihwTbSjfzIwJp3RuR8gUJpuM2rY0StvM8-2Vyr9Pjp6M3i62XYH7j6|https://lh3.googleusercontent.com/gps-cs-s/AG0ilSz2EAZE8_bqj9irtQgIGrlB1HhBZv0vAHQ_Q6aa8uaHv1AmgDUcTyZl1vBvQv0pERJ1HyLEr1aIWmYIeIkz8y1Gg4vkShoznMdcAls1dYL2dduIlQotVcUNVl4SuyYx-HboTTSVe-fXrfxa|https://lh3.googleusercontent.com/gps-cs-s/AG0ilSwwZjIannap2BzBIVgR4O_zh1AAGlCcq_FHGxM12DnILIquzmUwV6ecpdrXP3EwOqtfC_vVrBqZudPFLirawvw_a5etwuRh3KuqKXx9AiwZ-qaEVxyll0L4kycIpWPL1u_ZF16bgQ|https://lh3.googleusercontent.com/gps-cs-s/AG0ilSwqUnDprrR9ZD3zFDVe6dbOiIMCkg5AQnoYGgAmlPwrbmsJ6kB8iZvE20q2GpF0VftpaVTrdjei0gHjWdidJ98AGJDJV4Q7KzT8TRFVQB1V8EBa8RlGb2k64qrlnkRPYo0W_Hpe|https://lh3.googleusercontent.com/gps-cs-s/AG0ilSwp2sn2VooMQ7KabUbAs2W8HlMIpA5M9CWKEOdMHFEXO2qsGcIMhx8ye6rZ6VQxiQFL5oTU6pbMTAOHEsrAHaeS3-IGa7F5iIj8m0jM_DQWaJ0ylyswp_WT58NQCSP-IlfDPJY|https://lh3.googleusercontent.com/gps-cs-s/AG0ilSwBz7ks4V5dlN0KUXvfhJbcJTg7CTrFdUCO3EFMwEiIROgCdTP1fvG-rlVC4-vY-fkywRCqMbdKzKmskez7_Tjcg9dPgtxcIHjpUw1ipCFfJECzrzskuQeLLti5nXy7rmdacIcxVQ|https://lh3.googleusercontent.com/gps-cs-s/AG0ilSxetVvr9iXPKTSBjyxilPyfoZ-Dg9KOFKxKbLQZvk--xEvVhdxelqvoB3eV1xJByCvMlv5zkYWLPh2FZMofDz53ZgC-qa3uEnsvLhVPv8aQeFmEVQLPulo5XvKbKs7KNqmDwsd3|https://lh3.googleusercontent.com/gps-cs-s/AG0ilSxrTVASonlpIdmMzJtvQdv-qc6SZ6UoSbXFozzoVgyxR7cKyAQV65nEXuxthxrOiGN5Rcq6PrNZctuD1wQdGX-patpMzJl9x04fSXxE5imY7lpWafWTFE-nAfr2yLCR2BMyG-QH25yUjUE|https://lh3.googleusercontent.com/gps-cs-s/AG0ilSyQWHtodmSRx1dGNcycUXKjZ7JFWlyrG_RpaOnFB_bozbZKxEG1rphxkgCVHPlBw6_T6sKSCPws3KxXx30IEq-_HCFHI1WE3mJemLwClsUc8u90TIy3su5I6jDnFBHpvAKLofgvW8x--8C8|https://lh3.googleusercontent.com/gps-cs-s/AG0ilSw-fF33JAQQuhQrH4z2f3pZ5lk1U4vTYFgtiHXcy1BbrBqc1l-YH9sJfWksRT62iipfzuhMrIgirO3vfNgSPh8aRoJ2nz3A-vlnNppOu9voC-T4bnfGcb8PP4FGZFPNnTT2TffcfN2ALxL0|https://lh3.googleusercontent.com/gps-cs-s/AG0ilSyU0Cww6mmSnf4KpoA2D3L2AHPOvgl8oaaA_NXMKdugNOA80b1MwXRpTaXQC_wbsEX8ykuUE5JJQKOaQ95IYROJB9ipBOshw-LG2ujkzdH5VBAeQcV06ydmXznXEqw--jqc9vwk|https://lh3.googleusercontent.com/gps-cs-s/AG0ilSyRfg2DSYJiRzfPIatXIrRY12fhhA1flTuZyA9jS8XEpGqTGuIxxVw2ZlfiNE2Ga1KuZO7z6OrCi1Xqqtrf5F-Ct2mDsJyFdUrSuzwcd-YIesqfS_rF2WVN4bPfe7LeGRqmlRu0ZMBGBGLE,0617-790128,Balkis : Salon de Coiffure & Spa,https://www.instagram.com/balkisspa/?hl=fr,N/A
N/A,"Av. Jbel Al Ayachi, Salé",N/A,,05378-78520,Hammam Turq Mostaqbal,N/A,N/A
"3,0","352Q+X52, Salé",https://lh3.googleusercontent.com/gps-cs-s/AG0ilSzcWfg5K0WWXjUUcra26MZ4dUY2MiAwe_jFsrAVjqGaV2A91d51UDgAT2TrDWHNCTwXMJPuqO8DJVuqBYbBGOh7sP00B9vlpRdoAsEZrmrBDjolD-35VZLSQHlmtHk4iGEWouen,https://lh3.googleusercontent.com/gps-cs-s/AG0ilSzcWfg5K0WWXjUUcra26MZ4dUY2MiAwe_jFsrAVjqGaV2A91d51UDgAT2TrDWHNCTwXMJPuqO8DJVuqBYbBGOh7sP00B9vlpRdoAsEZrmrBDjolD-35VZLSQHlmtHk4iGEWouen|https://lh3.googleusercontent.com/gps-cs-s/AG0ilSyMH7BSh8vR4eqAbihH_P6xi6bhFD3gpxvGKMYc__I5GmerCtc5D05mSmVhQYIoOfwFIfIIMKj0NNlS2M6hdrBbv0Z-deyj7oAZm_WNnCgxPYB02ZU3C8QCCkvt6dWOytgh44I|https://lh3.googleusercontent.com/gps-cs-s/AG0ilSxm9Y9olKuP-bVtkwUA24ZOol0WfOIC4BAQ5LtoorQUSkZYbGRTdPDNMOK3VaEh34soHWFJqgJpp5xWJxIrLsScrxspJZ24ahLX-eHGBqq1f2RfZwjVKkUjPID_sxKPHfe4hsxH8Q|https://lh3.googleusercontent.com/gps-cs-s/AG0ilSwqVUS0KZUQNoGvUk5mMouqkw7OhUikZbHtY9f3lJt-nEJIMcJIzDcLY9JsZ1qXuqMENvC29dG5jB4AQeaw0sNDRFkSIl27LZXFK-gtra102i0x5bL6hKYHlgrXixHKaU3NEx4sOg|https://lh3.googleusercontent.com/gps-cs-s/AG0ilSwQX612MYYFsHq3dCT3w16a38wCd-YNqVhs0SwaPW0LCbrVIuqaoDaxEEKYy6RIMG6elOenukInbCESjzILXQ_DCHHFAjuDGEF1YOU28Lxd11xJU7K0FqqznZtmrr4w9Zhgbkvx|https://lh3.googleusercontent.com/gps-cs-s/AG0ilSw0Z_6ZsC-6qndZi4UKsLdKAx_QlsUUtj5o9Smyh4bYExFb5xrbBCLkDMwsEFuTui0ob4u9iGeOZN5mPWIMBCLx6M37XG7s5HSjoZl79sEKFmwU1SGAlfga4ygSLF_cEd_QqBw4|https://lh3.googleusercontent.com/gps-cs-s/AG0ilSx0JipQ9CRJ7z0FwntnuFWkvLYTMkTDrRaibeMpMcv9rZffm6QfO5T2C-j1eXVFoxAIZ9QEZvs781eSPq8Yp_7tDpIzbCuludfxkk0SoLkAYzFjUbakC6MXjhAK7LPRP-N0JBjp|https://lh3.googleusercontent.com/gps-cs-s/AG0ilSwrbBnjb-jNRDIncgsmtJHoO8SHa1dbRkSKb1CRoUq0vef3T5XMXYZyolr0H2mmRYIlmBpy9dzA6p026KoVeObyOd4ymy9YDyuC0fLU3ktUuDMS2N1m-y9MpXW-JYuAm5pHn0UXhQ,0530-324559,S&M Spa,N/A,N/A
"4,6","Lotissement Terrasse Bouregreg, IMM B1, Magasin 2, Tabriquet , SALÉ, RABAT 11000",https://lh3.googleusercontent.com/p/AF1QipMGEJsqxNCkgi_q8TX7vEnuckqIdtBz7aKNpzn8,https://lh3.googleusercontent.com/p/AF1QipMGEJsqxNCkgi_q8TX7vEnuckqIdtBz7aKNpzn8|https://lh3.googleusercontent.com/p/AF1QipMyJKJEnQ8E_TvEwb2PL976ERXMVFbmeTEPLGO7|https://lh3.googleusercontent.com/p/AF1QipPkHhwH0lpoU9Se_qQ8g-moGHCJLeLfJUK5pVRd|https://lh3.googleusercontent.com/p/AF1QipN4HaIecTeJys0Bar49BT6i32HQ3m-3h4OOlYGe|https://lh3.googleusercontent.com/p/AF1QipPqGLLKWI_dTHzevsZH8WtcVtJcpfpszS5vQLwF|https://lh3.googleusercontent.com/gps-cs-s/AG0ilSzWgxoGs7btTirAPqcwGlg_ruEG2B9Z6Ah0vgfQV7aZe7lDmCb07zefpCiiTwSMBGpGwl_oVDzpGWJuWiukG2M2REO4eH5etQtUEkav2aSzUhOqaQydFIJ3ZymC0MKZ_70qgNZWKKIzMcPy|https://lh3.googleusercontent.com/p/AF1QipNr63Wyx4tEM31nxcGAbPSmQOKNm-1ox9Swg_2q|https://lh3.googleusercontent.com/p/AF1QipMKZDGJstH_HcZe5M-K1YCtxJ_OgyQThAZlXZkU|https://lh3.googleusercontent.com/p/AF1QipNjfGi2nlTVpiqkvFieeiXHzTWbm10KuFrWzWHi,0622-227678,Tala Center Spa SALÉ / Coiffure / Centre de Beauté et Onglerie,N/A,S'identifie comme géré par une femme
"4,0","160 hay lala meriem, Rte de Rabat, Salé",https://lh3.googleusercontent.com/gps-cs-s/AG0ilSzdfuuXnweYV0GD7I1kRBDVoQYRqdJIk_Bhbs1Tlw2T9eIWaQ9U-x96tzvZnUF2VnahWAU0Aul7wmueQ5dwW7dLoOzId5wh9ORKxfFyjTSPFVaEqcV51HQXsc_AA2Mma_epQWI,https://lh3.googleusercontent.com/gps-cs-s/AG0ilSzdfuuXnweYV0GD7I1kRBDVoQYRqdJIk_Bhbs1Tlw2T9eIWaQ9U-x96tzvZnUF2VnahWAU0Aul7wmueQ5dwW7dLoOzId5wh9ORKxfFyjTSPFVaEqcV51HQXsc_AA2Mma_epQWI|https://lh3.googleusercontent.com/gps-cs-s/AG0ilSyjpnrRYnR9u3hivwQjSRSj2iGRcZ7SGXMxfGlCsIRz-zI-oIexZXPE8aqE_X1LW4bQvOm80hP6BdwOeilafWKcuCWpvhi5wstjbrSvgGxrFs-IZ79D1O1wnbQFoccyTexlr1IW|https://lh3.googleusercontent.com/gps-cs-s/AG0ilSyRd_BsRlDfTUvSEwGqYcyeDnQ8IXxeOniYxRQ41rfBgdzQGTS7nrnSXMjqMPSMVtdObDHFgiaNNg_v4JrS14m2m7oHHAzLqa7SjNA02SySTKMySbEXWvDRiwNI5YoUwOaI0i-3|https://lh3.googleusercontent.com/gps-cs-s/AG0ilSz8HtYuEOTFSufX5cEVHwRDaJhY0hTs9tdmmMZaXHDJxl4MBRvqBvw5CAqkjjCSZJQn59WzRXx60yvyAGhoK4pCEl-vHDgy_4WSOfi5YJWad_gYKRNGwVlZOzAQft86JIv149g|https://lh3.googleusercontent.com/gps-cs-s/AG0ilSxeeLZyho09Rhg-1XoYgVPgOF2YFvQN8kGq48hB7NiYD0eJbjByDSv3d5SJstbR3ePE4SmFOTqfhapyz3HgMg4BwMH5PCK21Mpmm2XvCKuCft_6YDvJ0nFXCX_yAyZnANef61fW|https://lh3.googleusercontent.com/gps-cs-s/AG0ilSwI8bGRRlM4b2Cl_FY8Jsf-pbds6ITcT9yAMf2rn3DBNjR_EsvLIFOsyLpOcXOe7OidOVxWd7JnRT-REb0phHHUD0UzL9u8ZOKtYO8Fa181fytds6vrtVwGxxjbS_r9iJVCUidN|https://lh3.googleusercontent.com/gps-cs-s/AG0ilSzeEt6JUQfBiTzcYkvf0_qheg7W6Byx8whSmzChlQYMlznGBZNdxxdKtry4E8-VUMQ9HIFj_59xBCrH_OqZB1AVjYPPIvYJ5u_AXUcBcsfEpsyyogdwrz9Iv-RONsNF7JwoRr8|https://lh3.googleusercontent.com/gps-cs-s/AG0ilSxOK060gdL0d7F0V0E-0c3DziXX1mXTqsxsID_PSuz4Aj5_cwOwBdbPBTt-Urqxjy9XGgk3caDOuD0_vE2IV9-Q8Ug9Em6ew_ZvpZ2j-BI-inkhjaBDGIfeyqNb0PnvKm6dwvIF8g|https://lh3.googleusercontent.com/gps-cs-s/AG0ilSyJDOC1yEra8kMwhTREydLHO6XZ8yHYqq5AJncns_XXcoF03gMqMdGxIiIJOhRQasEFB1oSCMtp7FuEVIIUDw0WmASIoRjUeR93-1IXs-9bg1qaEf08CLXY2NjW7u5R4SH2_clu|https://lh3.googleusercontent.com/gps-cs-s/AG0ilSyyou_RcvAqfkFZGupGnJ8EYwqYZvnrmHD1GkEI9K_IvWe3cfvm6XrUsseem-EOYV69lld70l3xIrJJPs_WB3QXKsXh5cvEkxnEcDB1qEYFJc0DiMa30CpajG_Xb5zG5CrXA8XY,05378-88393,Hammam Turc Sara,N/A,N/A
"5,0","abouab sale, Salé 11000",https://lh3.googleusercontent.com/p/AF1QipNTaK8LBmyvGPK4FAhJlrWzJ92Agsu4OQOaBJWQ,https://lh3.googleusercontent.com/p/AF1QipNTaK8LBmyvGPK4FAhJlrWzJ92Agsu4OQOaBJWQ,0652-356235,spa abwab sala,N/A,N/A
"5,0","46, Hay El Mouahidine, Rue Yaakoub El Mansour, Tabriquet، 11010",N/A,,0667-172196,Bonne Forme,N/A,N/A
"4,5","Av. Ibn Sina, Salé 11000",https://lh3.googleusercontent.com/gps-cs-s/AG0ilSwRYuBjtdutJ_F5bj3t5_r1fZb2Sp5sLYtlXcWvgaepH6AoWh_-topkplzThDl6tK3d0ih_bTWzuvaId40waInqk1EN2O0rWY0kpoE8EXVwYOFybfZjdmDEo_Z7YlOQcQe4RYjF,https://lh3.googleusercontent.com/gps-cs-s/AG0ilSwRYuBjtdutJ_F5bj3t5_r1fZb2Sp5sLYtlXcWvgaepH6AoWh_-topkplzThDl6tK3d0ih_bTWzuvaId40waInqk1EN2O0rWY0kpoE8EXVwYOFybfZjdmDEo_Z7YlOQcQe4RYjF,0661-731303,Ranime Spa And Nail Lounge,N/A,N/A
"4,6","25QC+CX4, Salé",N/A,,N/A,Hammam Chlih,N/A,N/A
"3,8","Bloc 450 extension 11, Salé 11000",https://lh3.googleusercontent.com/p/AF1QipO6niUqT_i0eD-JPG28GqmX_FcysjovXmc-YcsS,https://lh3.googleusercontent.com/p/AF1QipO6niUqT_i0eD-JPG28GqmX_FcysjovXmc-YcsS|https://lh3.googleusercontent.com/p/AF1QipOf7jPUnwpbRMKPJA8_cmFqbRNnkjGvZEI5bu6Q|https://lh3.googleusercontent.com/p/AF1QipNrJTeHYCENZcG5s6QTtF2VPdPuDQAxZqvCzOG5|https://lh3.googleusercontent.com/p/AF1QipOILJzgunLF9_DMLsddErXtGelbNqCO7SVFmblH|https://lh3.googleusercontent.com/p/AF1QipPsbUK_JTE1v1EG-6CiQt_8BaPfKv9sjOl4mkjx|https://lh3.googleusercontent.com/p/AF1QipNgAQZusICQHWLK_Eto7Qr_f8ErUZa7I2fpnITz|https://lh3.googleusercontent.com/p/AF1QipNbY40NX2jlMc9Iq22jfGWtrbX1blvue5ZoFuTF|https://lh3.googleusercontent.com/p/AF1QipMunRKuMtKiutRH1Mu8J-7-nH3374a0EqKlKGwh|https://lh3.googleusercontent.com/p/AF1QipPy165_nR_ijxvYqWKfIiZn2qzFSv7hscJagAFK,05378-00851,Segniorina spa,N/A,N/A
"4,3","45 avenue ahmed belafrej, Rte de Rabat, Salé 11000",https://lh3.googleusercontent.com/p/AF1QipP2SPAnT5WZQIrqecqZSHXbIZTQGU4XQJDCunu0,https://lh3.googleusercontent.com/p/AF1QipP2SPAnT5WZQIrqecqZSHXbIZTQGU4XQJDCunu0|https://lh3.googleusercontent.com/p/AF1QipN6TmSR-O6VPELLrI5_W3GcrrGBYZ76lS-2qRGt|https://lh3.googleusercontent.com/gps-cs-s/AG0ilSwVb1AlQsi9LtyyBzdG26vBBbcOI27uZjV0mTuq8PWN_Hb1kzmDyd6GFeWtsDre-Bx-ijsDG_QfDwBwPUK3NAnE3qsnAE532mOcVjpVRrkDyp3-0fCUB5vYjcQsIMH6KH0ZDETb-zsG1qo|https://lh3.googleusercontent.com/p/AF1QipOfnaxw7XPgQw2qSePK3rdQ1gB_Ru3GouqhlRfG|https://lh3.googleusercontent.com/p/AF1QipODsH79yBHjbU75jtkD4XPMB-oQ3NT_UjoOnUI1|https://lh3.googleusercontent.com/gps-cs-s/AG0ilSzbasKO-yJnW1LpiPfGA6S2qIv55a5YWOCgaImmAki1uTwvaZIQqseeWomvHqSpxpZ0u4jA5WJjwq0ZyYpwVk_ecyiV12WDyKO28VGvZrCEQ9DL7AjB790xzyDYi96RbHLsYB5T|https://lh3.googleusercontent.com/gps-cs-s/AG0ilSyJJiDEYds8NMpPgDLwUlsT7GzPy57QL39DXiXH_BmngyYYUZsnFCr53kwO9Oce4iiVdDWh3zWHHoQNAApdvTc2Y07oPhqh9n6kAXFOE1qUvKXHKtiOqNgA0zPtM9ANgv63KnoM6w|https://lh3.googleusercontent.com/p/AF1QipNsE0MODUZHiX3yKzLquh4Le87GSs91R0uDrZWA|https://lh3.googleusercontent.com/p/AF1QipMMd1uUygLgzVpWquYduC9kq6KRZqGLteTK1gY0|https://lh3.googleusercontent.com/p/AF1QipMrHE0i3YwkLiMivEf6K-K5noSH2WQlt92JhJ0h|https://lh3.googleusercontent.com/gps-cs-s/AG0ilSxEYE9j3ZNNX_QNXulGEkhpzxI42jtQMmvht7W7b9PMmT_pVBB414bGixSwlyPgXnjU_MoWRQN0Npgco4KeUa7oXVxsKZueNcsAlfzwIAKClvmxHmWSDXv1aIu8iRB2WgsTKcxRhoLjQqk|https://lh3.googleusercontent.com/p/AF1QipOtKHJYVVRq_AwlUrno_fjQNt8mv4mj-mSEsGtH|https://lh3.googleusercontent.com/p/AF1QipPy8zByavv6hRHMLVEvu2W3uDt43RphdSdSuMxW|https://lh3.googleusercontent.com/p/AF1QipPSR4dec8BpXMKEX8H-37NwxkUk4LQiepFqAryE|https://lh3.googleusercontent.com/p/AF1QipM82HMKxmX2vfmjFYiZ0o6o5p3Kjz10VDC63496,0642-290957,So Chic Centre de Beauté | Hammam TURC | SPA | COIFFURE | 100% FEMMES,http://sochicspa.rf.gd/,N/A
N/A,"26V8+67Q, Av. Omar Bnou Abdelazziz, Salé",N/A,,0639-198741,Coiffure esthétique la mariee SPA,N/A,N/A
"4,4","Av. Imam Malik, Salé",https://lh3.googleusercontent.com/gps-cs-s/AG0ilSzad4FG7yMlcqAjCClKl4GrQnMfrFl0JvdxBpkY7nksZOb8xoGeINKZ_VCPNk1QSHZ_AWOrmMqnmmuKZ7uXAHrOtpfE9lQiOBkshaiki19Ls6FQiEeT7ttgmXXaonfCe3ITkeP8dg,https://lh3.googleusercontent.com/gps-cs-s/AG0ilSzad4FG7yMlcqAjCClKl4GrQnMfrFl0JvdxBpkY7nksZOb8xoGeINKZ_VCPNk1QSHZ_AWOrmMqnmmuKZ7uXAHrOtpfE9lQiOBkshaiki19Ls6FQiEeT7ttgmXXaonfCe3ITkeP8dg|https://lh3.googleusercontent.com/gps-cs-s/AG0ilSwAYtPthOxS4mhxzE-eFCAzpgokwjb4V1yp2e0OMXvTf8i84m_Raxr_TQ-d3m32U2aVA3uNl1hiXEioOwoz4z1PyxyNAZMm3p6vRqxtXx1FY4K40AwKzVZDNj4kzYiAzkpSme_QGg|https://lh3.googleusercontent.com/gps-cs-s/AG0ilSwh0V-oK9vFSlpYcVF5gySCPiXM7iWPsH5XL-2X1oMtywc94BuVGEMdEhwoEbwdh0CHcm-FAibdH8mlq7FgKSPOQE9QOrtpZ2XtfuDYTWzAcc-t6kwo4ST4leTJttbKmfsgej0F|https://lh3.googleusercontent.com/gps-cs-s/AG0ilSxymwbWqzJ91_aNvopSIH4jOl4FLWe2ZeyjRfQoV0-RC9m04uEgPtHyu37B1y5F87cgNf5L8ONmio5UvBBeS_O7YySUw9gKQVKB_h0lTqZioO9q57GpSrlZDnMV4Wd4qvRK9zYT|https://lh3.googleusercontent.com/gps-cs-s/AG0ilSzqCsfBCewxCRxFh0vidPQlTVs7nXAzWwCSHY0Mn8H0SsN29PWrYCPTeBASxGqBdG-YMEKPZad1m0NaTobmRmU5Pz9v_v63TtBEkVsbFnsg_kkLzV6QftK7DmL6Y-0xqyV_8Tiw|https://lh3.googleusercontent.com/gps-cs-s/AG0ilSw7TU5DitMzTwjXDAP5P_llSJNR3D_pfFRwB42X3yK0V0kifnQFrujAxIfPMENdyb8FjY_1i0e9lvIOD-CbXXDU3eiHYbwh0L_0HgX5eZWFofLVU6Xa4BJGVvtAzBLRtfxJfsGs19TOsRfo|https://lh3.googleusercontent.com/gps-cs-s/AG0ilSxL9w-H9K5YGT_m-6ehtO3Ho5BvurBzDr2KnYY_WgKdB4iIjuHPB0uQen6faid6DE-XVq6iXCg0kmxcN55dyUoMz-7hSZ4rX1A-PINNkyiJdWP3-l8ueEpGmd6xyXLBz02uFiIv|https://lh3.googleusercontent.com/gps-cs-s/AG0ilSxQ-c_7a7swyQMEYJljUT1FpyjtbzFrqKP7hLONJUXTlVEcIp87_LmaB5DIQEp3Kf6HTrJc3GX--eb4K3Ufzpko1xAzLsEmbJ2oAbffuU4OnuhuWAye4ADApd-W_ADz37OgigjL|https://lh3.googleusercontent.com/gps-cs-s/AG0ilSyLTXxH3mdIsoK0WlQ3rfKy_Z96Qamng-Sbs3IKen2lPLGcYlBDmtJtPFYN7LCAZOQoIWZxbYiYcgNGWE5wJuXDKPC7aZZk07Gb7kE8SRJd3x_AHR3uYd9lSKM6hE8Yiasxea-w4XQo6hEL|https://lh3.googleusercontent.com/gps-cs-s/AG0ilSzt4xY4emGugLAxoMdjwQ9aLObPuHiEVwI06zlCP4OO1rSH-s_Mom3nlF95rAq4qlpHb1P5Y4kIpRYAomT53UAYCiEUSgTaHea6ukTXVvFdnD3WpK5RrrRjTlVV8Q43t-BXhwAx,05378-12527,Salon Spa El Jaouhari,N/A,N/A
"3,1","3672+JW7, AUTOHALL, Rte de Rabat, Salé 11010",https://lh3.googleusercontent.com/gps-cs-s/AG0ilSyLs_wyDH458M62qeZA6EzrvZnvuBt3RbUbhLNMFq1u84Dx79O1oD2er19AkG0EEZdgXy3D6S1YiwZmE1ymonxbU1ODIC2P5kIjPwl1kg2XGqrUi-qAe9FAQd8EWAthB0Bm3ymvjQ,https://lh3.googleusercontent.com/gps-cs-s/AG0ilSyLs_wyDH458M62qeZA6EzrvZnvuBt3RbUbhLNMFq1u84Dx79O1oD2er19AkG0EEZdgXy3D6S1YiwZmE1ymonxbU1ODIC2P5kIjPwl1kg2XGqrUi-qAe9FAQd8EWAthB0Bm3ymvjQ,N/A,So Beirut Spa,N/A,N/A
"5,0","أمام مقاطعة احصين, تجزئة أميمة حي الولاء قطاع 1 القرية, Salé",https://lh3.googleusercontent.com/gps-cs-s/AG0ilSwWOcSXmaV8S9mO_BWGrx5LpDlP42SisdWZfgyXbcM3-4EwP7syLnwTXVFWh4N7nRUMMFwoiUOHxgts5gsdekVleXJHtA7MgfPTvqi1dnjqwInTlQSGzuimzpt27-lQz07O20w_RxT73B-5,https://lh3.googleusercontent.com/gps-cs-s/AG0ilSwWOcSXmaV8S9mO_BWGrx5LpDlP42SisdWZfgyXbcM3-4EwP7syLnwTXVFWh4N7nRUMMFwoiUOHxgts5gsdekVleXJHtA7MgfPTvqi1dnjqwInTlQSGzuimzpt27-lQz07O20w_RxT73B-5|https://lh3.googleusercontent.com/gps-cs-s/AG0ilSzbVbRIN7mYT0ldfejmFjO17_AGzk4PXk_MYsOvwMqJ0QLhrnb26xyfliou9_AjeyPhvOZ2Sjt-2umJIMi7STM891tz2PKMtLBujFlree_uheyezJJ8OXy1_czv7xKuPNZ44mF5RqQdheg|https://lh3.googleusercontent.com/gps-cs-s/AG0ilSzEzH97p8U52jSs1RCkJFdZ2mA_O-VJQ33lYIY5dcBGQmx3IgsArZ_tP662bTFC2CXaPe4-no2RQnv-dGEl-HrR2vzRAc2roWhrSozr8LKKJkd-wMw85qM1tXtty6jZNdTNJTFE-AMlN5v8|https://lh3.googleusercontent.com/gps-cs-s/AG0ilSyg-hMzeJIPh_jwZO5eeiSYf5v1tINyaZbTqT62TfpBh6sB_rkWowdtrzwRd491m4LnSiVUpJp4TdGOc-FDhwOvXjaDIVZVd7tleOfsuh0i2I5uSlk4Qzz5L5hte-n8e9qtN16ATOUQkUQ|https://lh3.googleusercontent.com/gps-cs-s/AG0ilSxGpdTZnVbAIAxLxCPvGPoKuexITsxnwPKK6ydTU4VE_w8YT-esoq6DIBISL3ponkhcxaL7OUh3qlKTNFkxUSvDarpMkbIFQzHMI9APIlBHYHQrb0RmkxMIVK1qhp4F4wd9nbcjA72uBIc|https://lh3.googleusercontent.com/gps-cs-s/AG0ilSxhYvmuK2WstuRsiLbAnweA11EF-2YAtT3FklYjMFTdBK5w9P6CQZNKklYIybclHrhU5ZCKEjrvzGx-_gqou2LNooeh8eMrgYrhuTxFVn0Z8JcXYOi2IpVMqjWvpbgqM2CmJv4KSIdhun0|https://lh3.googleusercontent.com/gps-cs-s/AG0ilSwz3l2jTouEFnY-FIHg9YQwY1sXUjYoWZsWM3vZfM0sTNlkj5SR6EvbnpY0YTBPiK7l867sPxqEqEwqWpPhzrQSnhNk7YkW-v7Q7jZCWq-E_X4bnWa3cm6-yciDeOoCm1SIqYNa2YQL_9Qu|https://lh3.googleusercontent.com/gps-cs-s/AG0ilSx-a1GjxfCWEykZYcQK0pE9MjByISJZDRv7po13c6sdJ20VVl7f92F-mzWhCU4Yfw53-yFJm-OWRdkMgZLQ6RAB9T0Pe8ADLarXMlqjV7YBtnRKHgPxqNXpxNgPgy66Sxfue4-wRb2_4ReF|https://lh3.googleusercontent.com/gps-cs-s/AG0ilSxvRwxQhS9G5WVVH_TYiUvn7ag61NaXejqq5LTnQuA6azzUe0UidBFk9ghq8bAZdGv3D2eEGa3mM5UD0S2BymxwMJ9MOo_RBcFi_pQBsmG-I1MvWcguACD8K5RsYgKRHMk2f0t2Mw9R73g|https://lh3.googleusercontent.com/gps-cs-s/AG0ilSwY6PmTE4FVdtCKZlGjZtbbnmIxRzM5HaQXzx7t32gdTrMRe51D6MxXRHSXa-nWA92tlU5ld08cnqrNEgRavr6-Gr00s83rrhhBMh0OvGt_d6VDb_0DQprGb3sT1MIm0Pe8nmOCAHtlye_O|https://lh3.googleusercontent.com/gps-cs-s/AG0ilSzFNZ7o264jxR27x1mq32jA3mRjOQOqGMCh0VLRnh9rhDyviaca5Ff1BjnxF_LROfgga4Q7lTMzyfmQ_D7MPr39ArUb-QX2fshZB30Z8xZSgLFWPcjkVvhMtdpaxcJg0_h2i4DQGloJFKVN|https://lh3.googleusercontent.com/gps-cs-s/AG0ilSx3X82HENYrUxUCkm425RfLRHbnzAgx_9-PyP9ZS2TxmslB_RCxg8-_cicuuvh87HhTS-rLOTA-1LSg7Lw5yL3W0_71uW0c9tzX1p5ETQZmZmLxzdYvISqL-b84BcX9jMU3bdXoEofCojkY|https://lh3.googleusercontent.com/gps-cs-s/AG0ilSx_kPAUVRWBFxD-FpK6mRzSyXVViNEJutGk4-eezVfnOYgeEMON22saV1D8QO3G3DXesEjVXNPskhM68xRvcOy0Jc709fIuSMQRIRLvFcFLrpIVwpHxgiL-afkhImyckNnCzwvbqOGR3ynA,0661-134472,My nails spa,http://www.mynails.com/,N/A
N/A,"46 Av. Ahmed Ben Aboud, Salé 11000",https://lh3.googleusercontent.com/gps-cs-s/AG0ilSwQBoBUAijNH9O6ZZdQ09hrMqPdIwmflmBWa4oOWon30vzOs6SOQpZ4t8YYqrf5pDSXguiYcFTVsUz2UDBWBzNytwSFsessGqmUDuxtSbekQy9cibswNdc4Cjq19Mi1Dx69OcoZ,https://lh3.googleusercontent.com/gps-cs-s/AG0ilSwQBoBUAijNH9O6ZZdQ09hrMqPdIwmflmBWa4oOWon30vzOs6SOQpZ4t8YYqrf5pDSXguiYcFTVsUz2UDBWBzNytwSFsessGqmUDuxtSbekQy9cibswNdc4Cjq19Mi1Dx69OcoZ,0667-192155,Salon Jamila,N/A,N/A
"3,8","22, route mahdia lotissement zohore salé hay chmaaou، 11160",https://lh3.googleusercontent.com/p/AF1QipPU_Fu_q63Hqa1QmJd_tIfuiqOAQ83VG5lD11y6,https://lh3.googleusercontent.com/p/AF1QipPU_Fu_q63Hqa1QmJd_tIfuiqOAQ83VG5lD11y6|https://lh3.googleusercontent.com/p/AF1QipOv3YpoBf01yE3thMzHrW1IFCuFd0Z3Ctun3X6M|https://lh3.googleusercontent.com/gps-cs-s/AG0ilSx041XaY2oLM_LHI3qmMBhHht7luz2TbKSfhrXuFryvnfxeZm4kMHCBc38KjVp-6mwS5Exsn5KTppy_dRgJwiWwSYeq8bYx77BdxfY3yYtAjZA0LjKrQiQsSwM0r5bGfgVzuL53,05377-81808,Beauty Break Salon&Spa,N/A,N/A
"4,1","HAMMAM Salé tabriquet, Rés.ANNAIM Tabriquet, Salé",https://lh3.googleusercontent.com/gps-cs-s/AG0ilSyVWKgoQ71cGc4vLRlTOyehMVNEEwMKmfxaBSdEgbhXtSUR_Ay8TRtBdL4Ooh3FUGbC5Tqa8M1HsawOL4QEZZxtbbmhp7isQw14ypg_N8HAyvjBmUG4bROAj37wYmI0ChY1VaYw,https://lh3.googleusercontent.com/gps-cs-s/AG0ilSyVWKgoQ71cGc4vLRlTOyehMVNEEwMKmfxaBSdEgbhXtSUR_Ay8TRtBdL4Ooh3FUGbC5Tqa8M1HsawOL4QEZZxtbbmhp7isQw14ypg_N8HAyvjBmUG4bROAj37wYmI0ChY1VaYw|https://lh3.googleusercontent.com/gps-cs-s/AG0ilSytmBFC2H_T7GDpklCnpku4O8Jp9wdqhpMS1_1GqHu1oYGhxKIvTnnize98kFVEhI1u633cshQtzfuQyEd_OHD-Ta09ztrvGv4pz7QpYbGqAcilWTJ8nKY59hFylFjJjR512eZVhA|https://lh3.googleusercontent.com/gps-cs-s/AG0ilSzhL4d8t-2qyw5YE55QzuqU9r_8ahu0zS8yLrF0HewOlRA9vokHustVngtKNMUKVHvOAfNR6pmzaBDqEgYtBdWpiZI_mOUVCvWngfXiAut84bvKP9pDOf75lgE-NrHmjx5eZQ|https://lh3.googleusercontent.com/gps-cs-s/AG0ilSyyb49CuXV8zNQnjIcHUdTH6dxQwMDABvgqt9zXYbGiYX6jI5NaEnJgtF8KnGv1w6-11IDzOxdmvpEnxKlCWaUUoUAAsCwbGiH7OIhofw253IgOSwk2Mk0CEttJHtkku8wADa1iSg|https://lh3.googleusercontent.com/gps-cs-s/AG0ilSxccx_7kzDzdYlsbyJtUTohHXoa0p8SO7nQc45DpnonGJnECuZLTLY6uT3rb6lgc9VzUewDEOD87u7v8Hov2nMor3-YH0S1-k-uVmF9J8kTN8Ya98NdYfOBIYOCPq64ow1UtToC|https://lh3.googleusercontent.com/gps-cs-s/AG0ilSxxUBEi2U6q7Li2pFHTxeo53l2wnLnyKHmfH1eBJW-eEN5UwsPHLNaGbU0DE9Oo56hDDteJBo6XmDELdedIESTleGNq9RkSlmba4oVwiBAasjYFE_U1qT9_EgDGtt_eYKbiPShC|https://lh3.googleusercontent.com/gps-cs-s/AG0ilSxUSCpfWPQh3oF42q5BRO77vIi9tLbcvL-Lac12NywI_S1azkJ-8h-NBej_bSsV4MdpzraR-RFaSM77tTwfXXSaDu-BeiUhuCMNCioj6tEfHR4PVPCoFzxlTL6atDRjyJpHJWCk|https://lh3.googleusercontent.com/gps-cs-s/AG0ilSy2b38dscqlptiK89u5psLofO3Uq4XyXwOViuxRHE22S7C0yVS1nG5n6i5QVaVZhyuZ9PhDT0L8dYTN-IeJTdS6I96wU_feLZRivhe_0-u_1R2otV2VjCd-VGCvm4QT7xJG1thHtQ|https://lh3.googleusercontent.com/gps-cs-s/AG0ilSwDgDxiWuX9on1Lf_CKOPwDAGD_Cb_70Aj_uJB9YQaTkdxb0Lqat8GtNI-rzKRc0AsLgNiTTBA7L8YRiupswwEqiks1E2UJEkOmf8_zozdSCAxNiz1cHHrugnBFE8uP5eihK2xHaQ|https://lh3.googleusercontent.com/gps-cs-s/AG0ilSxPmZXLjnvPy9FzPVoBK165ZPqLxYWsuVWuuNwIzfHfcyBMIF_AA74aTlwXNvPt0Hjs47TLUf_b78ftRacPWAxJUevS26CIy9li5jbMQsy13apSoOoZERumP09IpvorvnL-pEuq|https://lh3.googleusercontent.com/gps-cs-s/AG0ilSw6mlsbxueeWyqmdKS4XZHnBgNEEGjBwNrVuGP2mpcgAai4f7g6kNjnU0zVd3myh5XuVZwEW80Ie99C3fI_BpIl-1VXhkDVRvF0Z75-ySlcMpb5vOpMv_hSwv1ibcot93zpIyYTHQ,0626-214622,Hammam Hiba Turc حمام هبة التركي,N/A,N/A
N/A,"306, Hay Essalam- BeTana, 319, E0001H (217 Avenue du Sahara، Salé 11000",N/A,,0669-698951,La Bohème Beauty & Spa,N/A,N/A
"4,1","26CQ+98F, Salé",https://lh3.googleusercontent.com/gps-cs-s/AG0ilSxQwxrgJdPyB7BMoVufWzFdo5pjT3faeqKl-php2epYfezhyiqxlZiUVccWh2m4fUXcvk6WUquGSps2E4RiVLAndozQsCD6FPNIDQCjP74852NrzaMhEIWDzGO9dqMv77NH3iJP,https://lh3.googleusercontent.com/gps-cs-s/AG0ilSxQwxrgJdPyB7BMoVufWzFdo5pjT3faeqKl-php2epYfezhyiqxlZiUVccWh2m4fUXcvk6WUquGSps2E4RiVLAndozQsCD6FPNIDQCjP74852NrzaMhEIWDzGO9dqMv77NH3iJP,N/A,حمام عبد الرزاق,N/A,N/A
"3,0","358X+468, Salé",https://lh3.googleusercontent.com/gps-cs-s/AG0ilSwYaOzr_4Ul1Djr2yoo3s9N1SOwfgZFT14pnK1WNQa0KvDHPGdHoxGpnyZ7BcQTxe1Uc9yLUb2QEsR89540ytlzr7FNRXRyX9YFmSNNgyUNDKiUviydFbd0GKVMyHHgXMGs6WL18Q,https://lh3.googleusercontent.com/gps-cs-s/AG0ilSwYaOzr_4Ul1Djr2yoo3s9N1SOwfgZFT14pnK1WNQa0KvDHPGdHoxGpnyZ7BcQTxe1Uc9yLUb2QEsR89540ytlzr7FNRXRyX9YFmSNNgyUNDKiUviydFbd0GKVMyHHgXMGs6WL18Q|https://lh3.googleusercontent.com/gps-cs-s/AG0ilSxojNJia-Nk6iujji7bFcoVY8tCi-oZG1qWqtMCrY3glW3rx-TrMfu3BmiajPugRMQDVnT37CMH7l9DzjeuMwl0VvYb1WDhvumVictdLskk1lDz5rfm9gnx-k7F9lPOhCjusC-q|https://lh3.googleusercontent.com/gps-cs-s/AG0ilSwyIrGg5iTQ1-_v0X1VGbcD5cFwAooH3YS9E7rPmS5pMXRq9qs2cnIlWAohENpOXheIzEZNA0QMVKI3oT40qBWL79duUKzLWALm4DL5fKLEzGQyXmVoLNm_kT80lETCylQmG4qmQw|https://lh3.googleusercontent.com/gps-cs-s/AG0ilSxGVnbLISkOOwcHMvjhbCGo5bHDdKwH_8Fic-NWDIhvEUqopggQszRtIy--ovDIH_YrVxRkNq1CJz9qLRHgYu2Nqy6uzyZJnFi_U2zxC5N-s6nUH9AJUPzhQLm1LWpqmNqfeUY_1GNerEvh|https://lh3.googleusercontent.com/gps-cs-s/AG0ilSxNkAhqemrZjpIi9PAHsR6T234ibx1WSYe3qnp1YGWAev7_SqObK4tcM1N-8a_6FmJ6_WWvV6U7a2EyOfap0XH33-LHtmNs-p9a4Me0r1OYQWBgKXe00aDOhzhx_EchYV30Oz8,0680-802082,Soulafa spa,https://www.instagram.com/soulafa_beauty_spa/,N/A
"4,7","2794+RF3, P4006, Salé",https://lh3.googleusercontent.com/gps-cs-s/AG0ilSxMS4XZtkEQ569n8QPAINycPgvtzWmUji6tKiRGQOb1YbN9tMMF0fmI24q4c3JC1QvexrS9wPAAL0pfVDMOD9CUjvtW74KVXUVL6vczqEsI2NlpO_Nx_H_-knsxc8k_sIGOtXpukA,https://lh3.googleusercontent.com/gps-cs-s/AG0ilSxMS4XZtkEQ569n8QPAINycPgvtzWmUji6tKiRGQOb1YbN9tMMF0fmI24q4c3JC1QvexrS9wPAAL0pfVDMOD9CUjvtW74KVXUVL6vczqEsI2NlpO_Nx_H_-knsxc8k_sIGOtXpukA|https://lh3.googleusercontent.com/gps-cs-s/AG0ilSyfy0_h1N1L29fPEmio4tXxcUJLwRvXentIpc9PulAp1jBNRJ0oJRVNia9HbKk_NrzrSqLhzafiH8AajSshut652k7tN3_xGNhzgdjPL2yfMUqIWev5GYU3NoB9rroPy-WwcQ|https://lh3.googleusercontent.com/gps-cs-s/AG0ilSxZzmafYSMnSupwlSm_QCHksRlI3OR12usYwx9YtgdUuHYf49Xcn_QKuWeYDICd4BM_12_SH9vwntO21dxe8ffL81gnZxDz1r64RjiGs_1TlnIYk89uqMXAOf2rIy1a2g1n8GVB|https://lh3.googleusercontent.com/gps-cs-s/AG0ilSza9uYt1VCjdab5djKYEFKhmgDkyiXGUwt3V9KNMSo7MiSyJGKXtmJHte9odyYIBhWAlB4LrQ-zKvp3576MZBXveL77DAQe9R269j59EzG1d0d4P0lCBWACWlEwAYwGP8RM1TljV8fLFHA|https://lh3.googleusercontent.com/gps-cs-s/AG0ilSwqZVG4n4PxLDVRSHutKxenEPwylYlbOJIVFbvZqz7yfVsNGmmI9NOWdI-A0V68v2OjRDg2XJ5fmxjIDLjX5DQw7Ui3gE1CsUfPpo_G-Dri9gY3tf-RZppZEQzqYgRLChLjwBKF2Q|https://lh3.googleusercontent.com/gps-cs-s/AG0ilSyka9Qoed0O1j_ErxnM6fZKJjW279MApV-mKBaXhnKp3_ybQa3WJc_rtg85uBOy4O9hDbsvIHSZIeHBgsCmRHTZDi1hvZ1ikbPqazhxUEaLUFT11qcSj4ZxY5Nhtnhhwqw6lMMWw47FBlat|https://lh3.googleusercontent.com/gps-cs-s/AG0ilSwQw34PqzTU3YPgjZ19eYusE6Pz0ymrv2dQE4UrNTfQqie22Un_9COuaOvV5TovPtXHKVLoCuz2rj0asmiKTGbw86PUrR7yjvquJk-cGkLgb5jQMTBtaTexljmKPEmCfxw8Ykq5rYNUS0k7|https://lh3.googleusercontent.com/gps-cs-s/AG0ilSxMjo8EEhXGxqAnD0sRufKzdPFlt3RA0pVFgewBED4XeT_9gxPUWSKpU1dyVmCqaCpnfNrLD_98nG343d6k7fi0egcQDfiF3XNVwpsgg2ZZeoUv_niqN_VD3li1KH9PItXhPTHA8b_5urnb,08086-17586,New Land Spa,N/A,N/A
N/A,"Bab Lamrissa, Rue Boumsellak 147 640 6411003 RC Médina, Salé 11000",N/A,,0600-848182,Lara Spa,N/A,N/A
"3,8","2786+GJM, P4006, Salé",https://lh3.googleusercontent.com/gps-cs-s/AG0ilSx5WKpcUBg2-7HIhwRpPowvGpGxAfvKqoXAYEx3PxURxaalvm_nKNWZReNeZTi-0e7gzBnpanlGQ5VndsqHTjgETd9nNESeEU9ibC647V0AXIh7yX8-OT4Yg8fo573nPkHD4BszDg,https://lh3.googleusercontent.com/gps-cs-s/AG0ilSx5WKpcUBg2-7HIhwRpPowvGpGxAfvKqoXAYEx3PxURxaalvm_nKNWZReNeZTi-0e7gzBnpanlGQ5VndsqHTjgETd9nNESeEU9ibC647V0AXIh7yX8-OT4Yg8fo573nPkHD4BszDg|https://lh3.googleusercontent.com/gps-cs-s/AG0ilSxfLiA0A6iOq21tO50qaDIO5D-x1e8bPBUI4daoC5Z0P6mTGJU0lJrKPvI9UuJdUui1rcybPZh4SFZ_EHEpZWNyvOv7Dm2Pa_H6mOcDIUkv85gvaz8IaKA-w1QnAcKK8WzEAvUNRw|https://lh3.googleusercontent.com/gps-cs-s/AG0ilSzETEaJqk5taRErrd5iq_PA05QF-NjmeByxUdez7AkEtORjNQOrAaRi0JoaFB6d7NpBPHYHWJr1gk_VrA4z1dZP7s1XRHUVtdOVRqMD8EILZ-7BHqiwYTiiqucEyq-PjxvkysVqog|https://lh3.googleusercontent.com/gps-cs-s/AG0ilSxP1NPngpcCWni38JGMYIUp_ewtNgCxVw4YJmRnYblAHOQZO8AdMBA0Xp_71CX253DIe_TATzZJUBA1eo1u5Qkw1S5SO7Pawm7hQ817PNMThYiNFPomke43Ungzv5vEw2lScDnY|https://lh3.googleusercontent.com/gps-cs-s/AG0ilSy_TUHt17tuPcmrtAbK6B2tLhknZuNcouxVlTWgxlDb0UUeoE5AzPME5CgNrLOigPol2C8yBNPUoqjYHmqSezn4Ek0bz0bglQmn5815c689X1PJMVhc6MAUPFKOLt5Jsh2aTZp36w|https://lh3.googleusercontent.com/gps-cs-s/AG0ilSyJCNzmDe2Esw8mAPdLPOdgWhhwZrMY0ZZZ5UXjB7SieUQYwE_vyEdrXxtLx5RH9N57gxm2DemnE2ZmmKqQMr0_4cRbVHwcyhlr8dHLW0VlkVRGhc8hkypG6WSLD1PSrUdhU-at0g|https://lh3.googleusercontent.com/gps-cs-s/AG0ilSwx_hJNQfYDBRYNYH8e0D7fOJyG6KCX42ZH_sU48cjEmurQWxI2mDls8Nwt-1R_KX6YJflkTOFsz1AKpQ5NQelP9hvzX_ycYLopJ_u2L6e5pAg-e79tmJgapGotOrgW2lT1TNsr1g|https://lh3.googleusercontent.com/gps-cs-s/AG0ilSyZaTNGWk7nvLPsreCpQ6JGCNso-eB5gHqiFjsJAqR5ztMe-Md8vWvNoL2yAqTAW_wtOle2MC2U573wjjPBPlqzbUXl7jAcpUxKyG0VlLwjaJuEdNVs-ONdvNpnRiLrWH-1dxs|https://lh3.googleusercontent.com/gps-cs-s/AG0ilSwf5OD_5kNkyIF3WKu3lIAJPLWKkmm_QTd3ChbYC4lFRvnonuGN5Gi-aqfO6zwwhssTPje_l8XBWeD3N1GepoUxlkch1dSvUBwlLqHHZW03954w9vwCHU-C4GA6JK5-85sQW9Q,0661-595117,New Look Beauty Spa,N/A,N/A
"3,9","Avenue du Prince héritier, Rabat 11010",https://lh3.googleusercontent.com/p/AF1QipPqv5bepYK2unX4HgeSrrT4u2GnCft4pWEuVEQA,https://lh3.googleusercontent.com/p/AF1QipPqv5bepYK2unX4HgeSrrT4u2GnCft4pWEuVEQA|https://lh3.googleusercontent.com/gps-cs-s/AG0ilSwFWZYqFZjd21jQnW1NP_CG3o1oOiqEQcsw6dlun_sJF5HiN4jG1ZDyJcxWWPp6NmvZN3jrfKpusz1cuejhm3DWgQGXm8IsaVeWGlBB56cPDxA3nXvURRdlOvXR3ozouL6OlYmbmw|https://lh3.googleusercontent.com/p/AF1QipNbVI6zloeJKVi-p7C0Oi-pb6KHHCqLpqImivHX|https://lh3.googleusercontent.com/gps-proxy/ALd4DhGUpr6KffCAz3Y5dJvYmRUBgvZ1SGWzksSGyuph8bsQaQBHw3P52yQ12UHyi57qjOhIQO_ckGM-skRzHzxJAXg5Xv3Y2W7-2XK4z3EDin_cipNvJDAlAySwBi3TdA6999cRIrYRpJBY7fv8vGfNiN0B0fNgkY0G6lfTcxS435svh5Y2rFiowvxI|https://lh3.googleusercontent.com/gps-cs-s/AG0ilSyfemQzW6BE12L9aIv5wTlBjSo-0GgPI4nJJvsIgczJhsxoPSUMaGtHo22kB2cGCXUX5LI3vNEYNu3Z9BNDesNi6EUMpaXmD5RVwMgM_VhXHYb15hD1tIurbTdZlXBjieqOf3E4|https://lh3.googleusercontent.com/gps-proxy/ALd4DhH13fIcHtrej2CwXdGxRQDJbg6t8QcgkDtTWYiJqGMlIFgjJqXLcW5oePzO-N9u_RgqAuUZcLT0V4VDKlZjnrvX3-10SvAsZq4QBjxO4TaU6dFf7HtfXq3G5HmJyv9HZ2HT2q7wTIIIpinJsR6ECMP-NGMn8Fs6RcOBWZe1UNKzhskag_aC3Qm0Jg|https://lh3.googleusercontent.com/gps-proxy/ALd4DhHbabjvCvqGxOUcDec5xSGiS_hur4JpCX7NptxWGZMQUuqlwjC0YMvlfH5XjPrae7nzicnaH2pyfoe5WEYrzreT52AmnwiooaUidfLaiiQ7UDmKO9psO4WZY1xQ3K-JpfkPK6dJuVsLdK4HMiPKTCGaq57i6oSWvGnXE_ZtKfC21kegcXYBgjoL|https://lh3.googleusercontent.com/p/AF1QipNpqW5PbqTfWscb6BgPgxSjkwa7S_F1-u1T1rA5|https://lh3.googleusercontent.com/gps-cs-s/AG0ilSxhCxdoV40jyHYVsnoMmJQeEyerNXNedazHtPVgRs5QhaTuTsmIKVPx1bwPhyKpEbhu15mjWFLUAtB9bjYDL5p0x6dDgCgvyNEyVMhXlftj22OLK6I9d60iZq3brUpmzIpxFTNi|https://lh3.googleusercontent.com/gps-cs-s/AG0ilSwuVrXxxfJe7kLTcjZz4XTgkmZDVsHbBXrz8CZw_yBVeeWkdfyEaIVL4OHKafnnBOX3jby_TYlQchzvMASY2JTuF8BREsIIarxLHf39ssPkYM1TKBCjFB42F4dp3wSrdSpxIkMI-b2RzgrR|https://lh3.googleusercontent.com/gps-cs-s/AG0ilSxG-38TeKYKP3473QjHCe5mz3Gy48SrgnKRGK2dRS5r3VWXuaVec9vxpiMVbn-9AWYZxIUJ8_k4majspYq5LwnG40aUB_6m3-FfhRbGkgKzrK_kDS1x99zQNBR8cQqFXMiD9YPE|https://lh3.googleusercontent.com/gps-cs-s/AG0ilSzmSQUBg-2JQsaRA3QPjpT9lKUPGyuK-X3p8WzkHn4FcRI81OjtExsdmsK0xKcBvwllqSHZL1Shgy9mb2VS3ahCj7CFU2pE0piByODiDxlTdWcIySSTbSyQyYSqBj22JMeUpPI8BQ|https://lh3.googleusercontent.com/gps-proxy/ALd4DhHig2JTjtsItIuqMusYv_O1rzRNElUTojoFO1TWx6kz6u7k8zCiTUxH8HoaB7CeAKWPiIlH47Y3YKKq8DPI0FI_DPPZLcC5qE8VyXTkyjnfuv1hGh95ZUXaqwkAbGl2VOcAJiHE0qoanP8XZZFef3rZO1GQQCtzu9PQql5RsEjvkepolnxX5_NM|https://lh3.googleusercontent.com/gps-proxy/ALd4DhFak52Z_9J-KUGp60NOJkY5h-9GjWqcni738RruGKIP4hszgzD7ywogOJc3NjDPYiEXKqdkx7LBJQ46BOg5cNtciamGYtQCDud7nZKrLhQpHDs3xTiLhMpvD4XRwACKQZAWIW6pRt8NiFOhaGnPeSFndG-jHlEjYB1q8dsfp8BOGX33CQwqzyegHA|https://lh3.googleusercontent.com/gps-proxy/ALd4DhHNAkUkLpIMZOg4PiLMlrBWG47vvSEOkcykUyX_Fx-eYPG0SbhZJX9YZ3E1Sj6SR1bjobRpIwMOgZzHhxFgNy9SOa-4qLPy3tfn6Buz0K8yNMYNxTHgk5tKFH35hZ5Fe8UyrYUlSSP8Xk8gAWStngt5FbBMuwRdFZ2hv3m68lsADyTQBe8AmgBc1Q|https://lh3.googleusercontent.com/gps-proxy/ALd4DhHbTyr9QhRbGl1G7DyJi-2ZcxgooCuV0p6zsz6aLkX9mfMSJiIASlWoIh2lVgqfcEF2wp1YrPEcZizeinLBNmgYvFJxr_dTMozdTqNSymB9yPxTLtxhx0wCjJ0AYBQcJl7Mk4XXl0RBTUzwB7gMj78vH4CljtB8g-Ft0WRQfP3IIgVsBb0LK3_u|https://lh3.googleusercontent.com/gps-cs-s/AG0ilSzIs6huioTULctuodW8HDd1KQxlccl8O-4g1BWqCZDRNnsjYQ7A3rGgeQUw585n7_bWiA-TAxg1gXUgJyo6wOu5AV3YsjeWza_bq1iTwRYtg1W7DW3YskvNK7hlJ2Q7gX30tM9jvQ|https://lh3.googleusercontent.com/gps-cs-s/AG0ilSx6O2C8a8wj327zradMIilSh0D6-77fLwB6nqqVbtwCem1nFVbip-qp2uxgui7VZgzkTi9dzv9InGgId281lKQC9dJzjU3Wx5efrBxeRmPNaoyBMBAyyVi__fkcD17Gaey4cxqc|https://lh3.googleusercontent.com/gps-cs-s/AG0ilSzYccwBUHXT-bpgeoyO9vrLWR-hSWwIB7-dPK4Cd4tQIlOtw8zxjC5mr8huH6XZM-q_RLZeOqEy_X2JCc9ml5waM1XIb_zmpvvSpDkWLTB7OIMO_CI1DEQQnOtwJrmPeTIs5xsr|https://lh3.googleusercontent.com/gps-cs-s/AG0ilSxv0XsCBIN-nc-Df3PJXXg753YBb34NVS27kFqZnRnYDPzCAft1uTLWby5HJa7kiKpopeypusS9m3qxw7Z4HdRN6U3wGANf7F-LU8RA5zNXGCXEPHkwakJjzhfptic_LSZ4pzrUbQ,05378-83277,Dawliz Art & Spa,https://dhotelrabat.com/,"Heure d'arrivée : 14:00
Heure de départ : 11:00"
"3,0","Rte Hsain, Salé",https://lh3.googleusercontent.com/gps-cs-s/AG0ilSzb2nznv89FLMQOwY51Cdy9HoW1XYBt71oSZEN8CpyPwoMF8v5_X6aKHrUVMZQCSGgFnC2sWoumIJWPyzlVAa43KgHr_zEbN18ykNRKj067kVrCkKPpOAnAZAqe0Fvq54itTn48,https://lh3.googleusercontent.com/gps-cs-s/AG0ilSzb2nznv89FLMQOwY51Cdy9HoW1XYBt71oSZEN8CpyPwoMF8v5_X6aKHrUVMZQCSGgFnC2sWoumIJWPyzlVAa43KgHr_zEbN18ykNRKj067kVrCkKPpOAnAZAqe0Fvq54itTn48|https://lh3.googleusercontent.com/gps-cs-s/AG0ilSxzvNaKF-_cG3MN_P52tz8Xd8SoetD8T2FjIUFZin9ZXP4PDVQnG4cOhhrZXRvgKJOwCDwl6aTodW9Jzj6blGb2tY86r9pMCdoglW5hc5rG0kVEx6kLKqWs_epeAX5m6wu3V1zy|https://lh3.googleusercontent.com/p/AF1QipPhkagvC0igYnGuTBbQV3EHfnpWq_k1qknrE4tg|https://lh3.googleusercontent.com/gps-cs-s/AG0ilSx7ib0rSSpbjVdKsq2twCW2pnJgUz76-7WI_7hByZJ43PdRF-pkva680E-qyZPW4gvIExfNAcT7e_cj7pdz8LGpUrPocmXajPnlYBpRaK1F8_cwsifpNYgufmakZgNzDGPXHO3r,0666-660600,Samines spa,N/A,N/A
"4,4","رقم112, تجزئة المستقبل بوشوك العيايدة, Salé",https://lh3.googleusercontent.com/p/AF1QipP1qZqDkUYMg8v2w1n5S4jgYbFfPEexNGseLPgz,https://lh3.googleusercontent.com/p/AF1QipP1qZqDkUYMg8v2w1n5S4jgYbFfPEexNGseLPgz|https://lh3.googleusercontent.com/gps-cs-s/AG0ilSwHzzIamZdG8-s3vBrFQfsTcsqPTEJaO7M6hiMqPz2n11MjxYLDARYp7u2-e-FlxH3eMZHvXF-iF5rHVZ6pEWLiNcbRL5mEkpVsmjNKGZOKZcG_TNUwBYgQfY_KsMPieUf1peI|https://lh3.googleusercontent.com/p/AF1QipN3LuKDaliHTSAeksVDS92z0ATbFN6JjpKQ6lE9|https://lh3.googleusercontent.com/p/AF1QipMUYtk-zufs9WZbTky5IojcBX7LsiYcawyrfz3M|https://lh3.googleusercontent.com/p/AF1QipOgmF-yH10PXv6WbzLp_nthO1yZcPOQo4VIHtNP|https://lh3.googleusercontent.com/gps-cs-s/AG0ilSw7dBVPU65x40YufqsEiVHbjbOwe8K8TkzfDAwoTfedAE1KhBsAIyivHAWfZj2b_trj624p88qHg_naVozqKXjXWxTzLBJWwU2gYOIn4fzT8NKHuEY-nkTZs-57ai4fj0Nigl1P|https://lh3.googleusercontent.com/p/AF1QipOUn7ImGdFmdNtXDkaH18D53ansv46Ygfla13We|https://lh3.googleusercontent.com/p/AF1QipMQbLGyLDr5JG5c-S0FkJQkYbsJ8fHi5YF5bGwE|https://lh3.googleusercontent.com/p/AF1QipMdbNIv8ZcoMBVYZd9sUFvtf1vMHDMzmEo0Hge0|https://lh3.googleusercontent.com/p/AF1QipNFcXAeXlIan7oyflORZa17MgVyLVGKs-UfapQ3|https://lh3.googleusercontent.com/p/AF1QipOPOXlOhaLnTWSWrF8A_f2b78Es1fP37fW6Vuu-|https://lh3.googleusercontent.com/p/AF1QipOctLdiuwSxhSq3iVOSMtvcypLADLdAVg698GFZ|https://lh3.googleusercontent.com/p/AF1QipMLS1-1X9VE5Jp5rKHJ4hSek3xIemeoW_zCb9lC|https://lh3.googleusercontent.com/p/AF1QipOELvPwRitm27Jq7Xvz3DJn--dTcdJOG4vL7b2Y|https://lh3.googleusercontent.com/p/AF1QipMGtrSQ6YPAuEYgfGCb3XTQfdpGykE8q1UqUDzv|https://lh3.googleusercontent.com/p/AF1QipOu0T6hMaS3uHyKx5lL-TkjlPmiZvMMyYvmLR6B|https://lh3.googleusercontent.com/p/AF1QipNEpoj3yjkkpKyxE4wJhwQpuikgWPmKQn007znR|https://lh3.googleusercontent.com/p/AF1QipMU74-5RC2mx-tBAXbHMAga7mjLoecsWMaENKb3|https://lh3.googleusercontent.com/p/AF1QipMLKiFiBXhmHN25_kjMoNXSbiZpIwH2f9kk5SQA|https://lh3.googleusercontent.com/p/AF1QipPJOy3KofwLRjQd3hXAO-8ces6q5AdYFKH-mEud,05378-80169,Iris,https://wa.me/c/212664332109,S'identifie comme géré par une femme
"4,4","Rue QOBROS, Rabat",https://lh3.googleusercontent.com/p/AF1QipMWw1Z6HL4wTWK1oAUuXodA467cVtkao0rDnSBz,https://lh3.googleusercontent.com/p/AF1QipMWw1Z6HL4wTWK1oAUuXodA467cVtkao0rDnSBz|https://lh3.googleusercontent.com/p/AF1QipNdxNGR2JzSjmXh3BlEB2ToxdyEm05S7Mus_45Z|https://lh3.googleusercontent.com/p/AF1QipOX3p5HJSz16D8jc6qxU0xmbfiJe08XloqLU53j|https://lh3.googleusercontent.com/p/AF1QipNAILGVripoWj9sRkh1C3pdLRKQxCtVR5IQfide|https://lh3.googleusercontent.com/p/AF1QipNw1Sp6t1Je_pokDh7w29dcUqV8Bf6b6aSa4GHq|https://lh3.googleusercontent.com/p/AF1QipN3xbM__ufrV1oueEqZb4C1CcuKunC_JMAfl1c0|https://lh3.googleusercontent.com/gps-cs-s/AG0ilSwDfi5x2qoEhSCencW3bm57ee4WuNl1gWyJJT9rFr4-Ve2LvRG-FWsChgEmDuWkiTaVrpWum3ZPVSJNlwS2k3DkotdZh0pF23WgbzZvHChaMhr2W9GEnmxWpODg5SGQJ6_atjGCtLiVHyFC|https://lh3.googleusercontent.com/p/AF1QipMT_mw9hHOZyu-QHreJTZ0Srno0wcmlveYj6uD3|https://lh3.googleusercontent.com/p/AF1QipM99MOxLp7oIB9oeMEvNhBU2F816ypdfdr0UDSE|https://lh3.googleusercontent.com/p/AF1QipMPFgJ8Ilc7wjSsiDdHHYWNTydh_dbrwPIzaoLz|https://lh3.googleusercontent.com/p/AF1QipPvCAUiAZKPdp1cGGGv5vApPlgZULNg0n3UWkGY|https://lh3.googleusercontent.com/p/AF1QipNpKRCIlrMy5KOtK_Cfdad7Aa57qH8cYju5V_Hs|https://lh3.googleusercontent.com/gps-cs-s/AG0ilSwly9hxceHlgo_foPf0fGgP9Q5hrsMPNO9LK7-ErN9pdkpt7jHLnyTEMdsa5gunj2HGE2iPub5-WKDVCt09Zjrr26UFwWwrsHFYm3rOG1xkyv3lwoYJp-qNWR5Ghvmy5OwOCwzs|https://lh3.googleusercontent.com/gps-cs-s/AG0ilSwLC1vLGvf1DS0PdXvrRYtRx-nMQkXYEN01O__vZaH_wmoFTGH9gqJu7IbT1SvNO00pwX1xYymCFkhB96NiM8YUpOVE7McX_yl11vtoqEV7io99Oaq8cQWJNkdU4DjkBTYEZkJ_rxh9bI8N|https://lh3.googleusercontent.com/p/AF1QipMDKEiUEn5WFsPdu6CnqA2wNeqKknYWYlUyMiTS|https://lh3.googleusercontent.com/p/AF1QipNH-NNnM-uhMO1o9RskLOa6vCHtjc2WiSApkKHN|https://lh3.googleusercontent.com/p/AF1QipN9CCJTnpPxADW_kBp3ZrXch29GB1k5WHRrcGkg|https://lh3.googleusercontent.com/p/AF1QipNYuFaPQbg3sdGZGP4a6fh-OKqysJjYQNCJp6hk|https://lh3.googleusercontent.com/p/AF1QipPLpYHAXuz9A2nhcNSlMP1mV3azkBhXI2fLYtT0|https://lh3.googleusercontent.com/p/AF1QipMWj6bjPKytGCFtJ73FjRdgCWUJy7rzZkX2zghf,05377-21461,Hammam Marassa,N/A,N/A
"3,2","Imm 19 App 01 Quartier Al Houria Tabriquet, 11010",https://lh3.googleusercontent.com/p/AF1QipNzKvWiGbhB0vjjEjwzcSkuTmfWPLOscdz_X_mc,https://lh3.googleusercontent.com/p/AF1QipNzKvWiGbhB0vjjEjwzcSkuTmfWPLOscdz_X_mc|https://lh3.googleusercontent.com/p/AF1QipMZBV7JUD0aKepPH593yhbeUDBPHA6bJz_QcDPa|https://lh3.googleusercontent.com/p/AF1QipPS52S-n-cyOuRVa5mt40kTIgDJUjP96Ary8Jxc|https://lh3.googleusercontent.com/p/AF1QipMvD7h1k6RGUiERX2DtQMob3_3hSQcrLKxhk_8a|https://lh3.googleusercontent.com/p/AF1QipO8adc7AX_D3dXr0X9o3LBTViU_cICClF7RvD7M|https://lh3.googleusercontent.com/p/AF1QipOusEseyduYEfxSS69dZYgDDANsMKCDlphXZR6I|https://lh3.googleusercontent.com/p/AF1QipN2-kZ3rz1WsWrc77_89tEbkEfg765xvqcwQWkV|https://lh3.googleusercontent.com/p/AF1QipOrUaRmpslUwbTeyIgoXir0wxKvRKLNbJNPkVAK|https://lh3.googleusercontent.com/p/AF1QipNxUL2NRaj0qyhZQHKgmKBXfxrZYr6WlW2lbCdP,05378-65050,Harim soltan SPA,N/A,N/A
"4,1","12 Derb Chmaou, Salé",https://lh3.googleusercontent.com/gps-cs-s/AG0ilSxQwhSlQuiNRDB75ma30QBcUnAgkqXZhHVljFVD_KGW2b0I1yDjVh117oL_DwCQXdYFjv6fUCq48sPjAzrk1_73kCr5YtPOZRHGSfuRRSqrD_62J8Kq1AFIC8an4fOw0yc3yq_O,https://lh3.googleusercontent.com/gps-cs-s/AG0ilSxQwhSlQuiNRDB75ma30QBcUnAgkqXZhHVljFVD_KGW2b0I1yDjVh117oL_DwCQXdYFjv6fUCq48sPjAzrk1_73kCr5YtPOZRHGSfuRRSqrD_62J8Kq1AFIC8an4fOw0yc3yq_O|https://lh3.googleusercontent.com/gps-cs-s/AG0ilSxheWTkcLHANE03xnV6vOXbUkXiJGnEOk-cS4EJNz1TDIsJILzTZCPujkmdCfoRsSTs-3lW8TWDbPilHW6c6V7Y65_W6XOqgCiBhudfkwOaY_CB1J5c631jnmwqB_0gGJ1a18Q9|https://lh3.googleusercontent.com/gps-cs-s/AG0ilSwCr-Jq5EEH49Ue3AyH6FQTlYCtIq6sVAR4plEzkUYyxESwu8TolygyW_8jjdSoMl-FDIwOFAS22Kcnm-J9LrGOiFoOKFFvevP9PGphqU4G_yqSYTA7FtMUYiRaaon5LGsJ7Btqqg|https://lh3.googleusercontent.com/gps-cs-s/AG0ilSxyYK4zM-Sd1sP4r9mt1yHShGiJh4h5nIMxpKaylrPh78o7yOYT1POskJt76jfcjMcGG2FabByfNMQBmZszc7ntpmFHAvjNK2dxa8ulFTm0ou_EmjVK_4iFGZ4YW62rHkctTWKwK-H4OSw,05378-47403,Centre De Beaute Flowers,https://zhournejmi.wixsite.com/salonflowers-1,N/A
"4,9","a cote de madini, 98 Av. Fal Ould Oumeir, Rabat 10090",https://lh3.googleusercontent.com/p/AF1QipMdGNBoKl20HsWdNGnFN4uuC57LstsCcpK5sXtT,https://lh3.googleusercontent.com/p/AF1QipMdGNBoKl20HsWdNGnFN4uuC57LstsCcpK5sXtT|https://lh3.googleusercontent.com/p/AF1QipP9Ivxkw8oSaYGD_C7wZCi7M5cXfmcjSKmw_VoW|https://lh3.googleusercontent.com/p/AF1QipMwBk8k9gaV5KTmh15y50YdEGubNVzCh_-673is|https://lh3.googleusercontent.com/p/AF1QipPgCMYlsoJ_4AWrhA4knTYIJercDuZgofYAlVkg|https://lh3.googleusercontent.com/p/AF1QipPQ6jMMr_XJOC3-q2rk9ge7lV77H6kaa1BMtsml|https://lh3.googleusercontent.com/p/AF1QipPw5_LYSCvkBO52gkGCn0iurM48OJjTt-aRcU1f|https://lh3.googleusercontent.com/p/AF1QipNtSvL3ko3RfA7mMWpCc2fVoP-_3lT2Vqv6wCJ3,0637-552607,spa douce,https://servicerabat.com/,S'identifie comme géré par une femme
N/A,"Résidence MABROUKA, Angle Route Nationale de Kénitra, Av. Assalam 11, Lotissement MABROUKA, MAG 1, Salé 11000",N/A,,05378-40705,ONE DREAM COSM,N/A,N/A
N/A,N/A,https://lh3.googleusercontent.com/p/AF1QipOOTQ8gTQb9qSccQLJw5e8YotyBmPpkhfI4jRE,https://lh3.googleusercontent.com/p/AF1QipOOTQ8gTQb9qSccQLJw5e8YotyBmPpkhfI4jRE,N/A,spa ramsis,N/A,N/A
"3,7","Av. 6 Novembre, Salé",https://lh3.googleusercontent.com/gps-cs-s/AG0ilSymegerousiWxrxHPB8UKnXWD-vudeMQiAvQFgsvoxdJsMTbuQbpxmYATC1Qy6Mj-tEVz4VkYyroEqBCOCJbYRc0TYynJkpJy4K4DYMJFO65SznNWSjsRcbM3RMRxP16YnrQXKLo3qiVSs8,https://lh3.googleusercontent.com/gps-cs-s/AG0ilSymegerousiWxrxHPB8UKnXWD-vudeMQiAvQFgsvoxdJsMTbuQbpxmYATC1Qy6Mj-tEVz4VkYyroEqBCOCJbYRc0TYynJkpJy4K4DYMJFO65SznNWSjsRcbM3RMRxP16YnrQXKLo3qiVSs8|https://lh3.googleusercontent.com/gps-cs-s/AG0ilSwmyAK007ji_ngloU1_JwRvwq7KEOm_15uLueJTxUT2vAoTpPT3-e64Eigmf2lacsFMebo1d4GqyBRB055j0pZXSpMvxYwxU2gPV7efvWuUFTnu1NuPmQNB3710fAa3NByMD5yZTg|https://lh3.googleusercontent.com/gps-cs-s/AG0ilSwUQIfjt0emh9kqB0gowlv3oCO79Ciurku_q-XsHJ_jS36moQgI1jZ1tyrWCcwxcM3ILlfmayNNwIgXtejF5FLsKSN6H-N0_KZCNsvA7YXvyK4kpItXxuvC2UTrYfvwU-pUsGn7E1T76arR|https://lh3.googleusercontent.com/p/AF1QipOWg8R_761KWFt05a7qRJo7v8dCBrE1EGJ6c_kU|https://lh3.googleusercontent.com/p/AF1QipMy5qtQiaH3PlQz55e269Clvsz5NyuHBcRQFXVB|https://lh3.googleusercontent.com/p/AF1QipPxZaNEtZc324gUqfe4hUa_VIdvopvANXdKn45m|https://lh3.googleusercontent.com/p/AF1QipPLgk_nwKbwiKa_bQcKgF670wXBA_zwY5Q13C6Z,05378-56318,Salon Oumixa,https://instagram.com/oumixabeauty?igshid=YmMyMTA2M2Y=,N/A
N/A,N/A,https://lh3.googleusercontent.com/p/AF1QipOOTQ8gTQb9qSccQLJw5e8YotyBmPpkhfI4jRE,https://lh3.googleusercontent.com/p/AF1QipOOTQ8gTQb9qSccQLJw5e8YotyBmPpkhfI4jRE,N/A,spa ramsis,N/A,N/A
"4,4","رقم112, تجزئة المستقبل بوشوك العيايدة, Salé",https://lh3.googleusercontent.com/p/AF1QipP1qZqDkUYMg8v2w1n5S4jgYbFfPEexNGseLPgz,https://lh3.googleusercontent.com/p/AF1QipP1qZqDkUYMg8v2w1n5S4jgYbFfPEexNGseLPgz|https://lh3.googleusercontent.com/gps-cs-s/AG0ilSwHzzIamZdG8-s3vBrFQfsTcsqPTEJaO7M6hiMqPz2n11MjxYLDARYp7u2-e-FlxH3eMZHvXF-iF5rHVZ6pEWLiNcbRL5mEkpVsmjNKGZOKZcG_TNUwBYgQfY_KsMPieUf1peI|https://lh3.googleusercontent.com/p/AF1QipN3LuKDaliHTSAeksVDS92z0ATbFN6JjpKQ6lE9|https://lh3.googleusercontent.com/p/AF1QipMUYtk-zufs9WZbTky5IojcBX7LsiYcawyrfz3M|https://lh3.googleusercontent.com/p/AF1QipOgmF-yH10PXv6WbzLp_nthO1yZcPOQo4VIHtNP|https://lh3.googleusercontent.com/gps-cs-s/AG0ilSw7dBVPU65x40YufqsEiVHbjbOwe8K8TkzfDAwoTfedAE1KhBsAIyivHAWfZj2b_trj624p88qHg_naVozqKXjXWxTzLBJWwU2gYOIn4fzT8NKHuEY-nkTZs-57ai4fj0Nigl1P|https://lh3.googleusercontent.com/p/AF1QipOUn7ImGdFmdNtXDkaH18D53ansv46Ygfla13We|https://lh3.googleusercontent.com/p/AF1QipMQbLGyLDr5JG5c-S0FkJQkYbsJ8fHi5YF5bGwE|https://lh3.googleusercontent.com/p/AF1QipMdbNIv8ZcoMBVYZd9sUFvtf1vMHDMzmEo0Hge0|https://lh3.googleusercontent.com/p/AF1QipNFcXAeXlIan7oyflORZa17MgVyLVGKs-UfapQ3|https://lh3.googleusercontent.com/p/AF1QipOPOXlOhaLnTWSWrF8A_f2b78Es1fP37fW6Vuu-|https://lh3.googleusercontent.com/p/AF1QipOctLdiuwSxhSq3iVOSMtvcypLADLdAVg698GFZ|https://lh3.googleusercontent.com/p/AF1QipMLS1-1X9VE5Jp5rKHJ4hSek3xIemeoW_zCb9lC|https://lh3.googleusercontent.com/p/AF1QipOELvPwRitm27Jq7Xvz3DJn--dTcdJOG4vL7b2Y|https://lh3.googleusercontent.com/p/AF1QipMGtrSQ6YPAuEYgfGCb3XTQfdpGykE8q1UqUDzv|https://lh3.googleusercontent.com/p/AF1QipOu0T6hMaS3uHyKx5lL-TkjlPmiZvMMyYvmLR6B|https://lh3.googleusercontent.com/p/AF1QipNEpoj3yjkkpKyxE4wJhwQpuikgWPmKQn007znR|https://lh3.googleusercontent.com/p/AF1QipMU74-5RC2mx-tBAXbHMAga7mjLoecsWMaENKb3|https://lh3.googleusercontent.com/p/AF1QipMLKiFiBXhmHN25_kjMoNXSbiZpIwH2f9kk5SQA|https://lh3.googleusercontent.com/p/AF1QipPJOy3KofwLRjQd3hXAO-8ces6q5AdYFKH-mEud,05378-80169,Iris,https://wa.me/c/212664332109,S'identifie comme géré par une femme
"5,0","Appt. n° 11, 34, Ard Lafrougui, Salé",https://lh3.googleusercontent.com/gps-cs-s/AG0ilSyp5a_vltQZyWTGKsIxRlQPghqDajEtU03gLuS5jruvR6zP23XhaoYtsnWhJ49lRC-652_KwnN4mRCg0-fSwcxZHdlSxQ75EO21K8GVeP3_q6GKcBe3WxxhfR6MqiX3RPbyoIrK,https://lh3.googleusercontent.com/gps-cs-s/AG0ilSyp5a_vltQZyWTGKsIxRlQPghqDajEtU03gLuS5jruvR6zP23XhaoYtsnWhJ49lRC-652_KwnN4mRCg0-fSwcxZHdlSxQ75EO21K8GVeP3_q6GKcBe3WxxhfR6MqiX3RPbyoIrK|https://lh3.googleusercontent.com/gps-cs-s/AG0ilSyclRdz0O_OhfXi8py6jv25hW54KGsoJCw6OatzcEbbQ-OfFw3Q0ZpTusYIbUfd3MFOf60kp1xPhpvZw6LnC7KWTngQdHU6uP4cHgSOhcAeYQrr5Zu76IfyduaqfnGAl3SR86UZ|https://lh3.googleusercontent.com/gps-cs-s/AG0ilSzcSbkjfprV_xjx2XnLlufGrDk5Z_O6j0rFZ1jRyN1xJnnbgW_gpjzZUZ8A0ZIQcvrcM73fGdK4oUpEORpIXT9kk_JzXdoUY1ab8pegvfX5KtWQeRqcWjr9ekCxwRVPDinnmS60|https://lh3.googleusercontent.com/gps-cs-s/AG0ilSxU5QZaLfQuMKlNeYS9tgqia09pzDMMUihPkHQsKEGwIYQXKTb62zaPHyhoz7QNzSg9TUbtHk1CjihkPELx1fkPUgNGAOLJuFz6Zowykjjw_CX5ApMCWCsi_BWDibi7Vq1fk_UZ,0618-261526,Gold dream,N/A,N/A
N/A,"36J7+9RP, Unnamed Road, Salé",https://lh3.googleusercontent.com/gps-cs-s/AG0ilSye7rtyv9p00KiB4UJ6ub9D-H8_b4qFtCuwuYS-BYSQbLCjOCex5BDPgWQIMNMRzgHCnSLs40--6ea5SAwUK95bxM-RfukgEFx-Yhp1Csv_SiFK3OHT7wUIN7lq8BO0Rbi--Aca,https://lh3.googleusercontent.com/gps-cs-s/AG0ilSye7rtyv9p00KiB4UJ6ub9D-H8_b4qFtCuwuYS-BYSQbLCjOCex5BDPgWQIMNMRzgHCnSLs40--6ea5SAwUK95bxM-RfukgEFx-Yhp1Csv_SiFK3OHT7wUIN7lq8BO0Rbi--Aca|https://lh3.googleusercontent.com/gps-cs-s/AG0ilSz9_eM2LgXk1vWe7O2Txju3OVmlLtCe1cnLgr0mpWnxtpu7UrtmVwgHNjFOgXrI4Qgo04y8eLqcWn15JIzo-GHIQm860kdndIzlZR-k-a3UL1VBaKXsRSXOuk-Kh-4B8nKb1hDSQw|https://lh3.googleusercontent.com/gps-cs-s/AG0ilSwgZnW1XDPmgetFnfshwCJ0CFkylftpdsHJ-FTt6-yTgzFxekhZJlW4F1t9iTkFVKokwgDfgwC3jwT64O9SO5sKrEbyrewm2s-n6FnDzUlu9M675Sg_vftrow6blzBefFL6mFRS,05378-88371,Allure beauty look,N/A,N/A
"2,7","25PV+XCQ, Avenue Lalla Asmae Tabriquet, Salé",https://lh3.googleusercontent.com/gps-cs-s/AG0ilSwmr2yafGAVIY4wkcg-uh-MKW2fOqLnF0SQ5t3Srz5HuXpyF8qFiYv6i2XJ7dS_DojSksIOTQnS-maiCTFw0FCI3ThJeAGz1uAUHCgq3t9BBitCwrRJJiE5bx6d5Eda_EErq4Y,https://lh3.googleusercontent.com/gps-cs-s/AG0ilSwmr2yafGAVIY4wkcg-uh-MKW2fOqLnF0SQ5t3Srz5HuXpyF8qFiYv6i2XJ7dS_DojSksIOTQnS-maiCTFw0FCI3ThJeAGz1uAUHCgq3t9BBitCwrRJJiE5bx6d5Eda_EErq4Y|https://lh3.googleusercontent.com/gps-cs-s/AG0ilSxxV_LXI0KUS_31G45dzDBVcHHleCUHQeaI3LFepKgiQNoSkum2a2GTak81rjulqYuGmhK5XUr45w1qrivqk4auM0rGYwLO_fedoKo3IAoURlhn0LgWrU0Unitbx-rQETIRyg4hYQ|https://lh3.googleusercontent.com/gps-cs-s/AG0ilSwZoSAeLWQvdqFalgLvxyBusqMCoqdmZwcM_YwMkylGX7rNwGzEvjj9_prW8VOIG6JVyxpgLeVL1mcT-etMoyVB1i4UrGD_SvAW87vQn-Y7C_cUQ99fzPtz_GMVxXP0Wvq1QPaeew|https://lh3.googleusercontent.com/gps-cs-s/AG0ilSzG9VS-f3i_rdbvPuO72J3DCCQbRB7Q9RPk5t2dLQTmyTINIxr76RmsevvnA1L0MAwfV4IRTUAvKzfURz09rvvsUPRt3ldYa7_aHdbDa5T_tgPyL_UfjtyGMh5g895RlgWLqs2lng|https://lh3.googleusercontent.com/gps-cs-s/AG0ilSxUrVY1bKERKXZRU0BrKVkEmBfzj6gtALmcsKrYLsrb_XSxA5Y56yPoNXK1c3kpJ7nyywzChNwdlTLqN_FntDgo0Nm-1uoCinEm3Yq0BLLTNwc95NdgRPqNPrff84TyGs90jXbsyA|https://lh3.googleusercontent.com/gps-cs-s/AG0ilSz7-jsDz_QpRLdS5XMn6cfhEAOmxjWHHI4xNrkAVHSnLG83QRL8RmWT70pu5c7Q9L7LhQWiak5tB5NKiCR36KkWyfOZGJHwS01mRcZw6g1umSsau914ASpWMtY97Le4DyEe3wg-Sw|https://lh3.googleusercontent.com/gps-cs-s/AG0ilSz8wUJ1zRZXGwNIgSv8rGfR8B75jQpAOCD8HYD4BoX4qUkQkPTfUnxQEzgAJhct4Dk_D25kFdUTXP3CkXrYTkkc3J7pdcSj9vWbdyQdHhzMy7Yd7wyAaROU1akH4Sv49gR9-u90CA,05378-50481,Diva For you,N/A,N/A
"5,0","366F+X2G, P3015, Salé 11090",N/A,,N/A,حمام 20غشت,N/A,N/A
"3,0","Av. Houmane El Fatouaki, Salé",https://lh3.googleusercontent.com/gps-cs-s/AG0ilSwaj0Ftnh9qby5wrU7PRzOCh7doERHIA_DbdnBnl-TOe6B7Fk60O3VTgtAuyBzw6v-9dLedl7va-Bx5PoPUoPRh0BTchldhm9f29pQkBiXFY_jBsiiMFS2_ggqmkXeAcs6vZL7r,https://lh3.googleusercontent.com/gps-cs-s/AG0ilSwaj0Ftnh9qby5wrU7PRzOCh7doERHIA_DbdnBnl-TOe6B7Fk60O3VTgtAuyBzw6v-9dLedl7va-Bx5PoPUoPRh0BTchldhm9f29pQkBiXFY_jBsiiMFS2_ggqmkXeAcs6vZL7r|https://lh3.googleusercontent.com/gps-cs-s/AG0ilSy2FgfgHwXWc-Hiblt7gLIDiaRmisycAWAyPomIVwMXuKWeGKCEKtTNC4Ln1QZe2kYQUZFvwUyLecUphO7PoeyuUlKMrb54ERMkhi2B2v1G-cErUgIvDY_QWr1dHN1ITeagxx8|https://lh3.googleusercontent.com/gps-cs-s/AG0ilSyLDEOQKCA0A9zCAPo1QrJ2Ce642JAILyvTdH7XupCP_6pE-3af1wu4e5vfZwMsPSkcmGjcfyG0jGkcQbuUhfc-euocqZ4u6pkGunSFFawipjUeo9QwBbn2CI-pdDTEkRVqo1IvyQ,0661-545271,Espace fenni,N/A,N/A
"4,4","Rue QOBROS, Rabat",N/A,,05377-21461,Hammam Marassa,N/A,N/A
"4,5","9, rue Karbalae, bettana, Salé",https://lh3.googleusercontent.com/gps-cs-s/AG0ilSzZr8mN7hM4ib22jLph6xlPo757IVL5KQ8ZUEOnRSW4l3fz61bsk4yyAZJKI_xemU_drUVy39Wt7nsym6QbBOF98ngCkszu6n1CkVglb_KD9yUjq7hy-OCdbHZlEY4i2Y7RtgxC,https://lh3.googleusercontent.com/gps-cs-s/AG0ilSzZr8mN7hM4ib22jLph6xlPo757IVL5KQ8ZUEOnRSW4l3fz61bsk4yyAZJKI_xemU_drUVy39Wt7nsym6QbBOF98ngCkszu6n1CkVglb_KD9yUjq7hy-OCdbHZlEY4i2Y7RtgxC|https://lh3.googleusercontent.com/gps-cs-s/AG0ilSxlx4t8FHAwFFsPVOjzTQmwh4EQCtp0_Ixqh-awK4XJflnIUebJyJE5tNX1cbcN18oroalgHe41db8tvO75Ja-NGBpVxk0CVfQRziT0c1MkrRO9Yrj1TihxTfNxblXYGRnJQ1E|https://lh3.googleusercontent.com/gps-cs-s/AG0ilSw5VtGO-n1AvQTzuySrMaUpepP1-XOwS-u4-5IKPJC-jo30S8L2pLtjo3WcdMxxDLqrgSK5K6vtnp1835R3ip7quG3XxxEnOrW-tWJ3zLjhToL22r_53z-evM1weiNMGDmZ31O1|https://lh3.googleusercontent.com/gps-cs-s/AG0ilSwKN8N0CRk6aQL0ftiYddUVhvJayPaZxWayRA5UjWCsyeH8OOn87WIKhhKCVTl2fI2ulTBen9aA8bsNfDBU4S7S4t8RuSN6elSTrkLvt6rYmUY6GR1JMh5gsuB8yW07AweacSKd0w|https://lh3.googleusercontent.com/gps-cs-s/AG0ilSyFBQ6v6BVsKB8NgaSZRa-pKqyFzq4bFpamOC3EunT_rMfEB4-RMdT6XPrUVGeKqWuI23ZuatW-20qVyvKDeYJLNEFbmIqjJNTcr_pMak4k90WYuz6bw6qf3sQLgpe_g5HTq-s|https://lh3.googleusercontent.com/gps-cs-s/AG0ilSyBZyAC4K5Qj4ectX8epjF6gKqHNilHxVHPXcdLYojx7Oral2qq741doZv66gQLkc4X9q7Xu7G4B4Vjg7WBigECOgpmmIPXaKVEtAR7Glt5ETARNPZX_7Awar1UPauFH-ldr1rDtQ|https://lh3.googleusercontent.com/gps-cs-s/AG0ilSzyEj4S241q2mAmFw0D9l9SxVfoREWTxJPhmUmsllIAzRm9YvCCc24UDDw4YpmMOVpsZlRoKl_WxJOpOgq2wGqn_HH2LKcR_XD7sct-3qh1sefP2zFzGy0Zy7IkAMHq9vNrakWv|https://lh3.googleusercontent.com/gps-cs-s/AG0ilSx9XnecqkSG7iCVaik5sBDL7ENi7ml1vwczeu1olF-tJH0f4X-gJFGxOVs45ekaDRekFZd71pwIFOJjLrqKcLD8W3F71hRQZx2LB94ULyIAzoEgC2SFk2gWHJrQ6BH8sGq8kXJG|https://lh3.googleusercontent.com/gps-cs-s/AG0ilSz2mIE5V3ilHSxhXnoRMnSR6_XI2I2DPywhwwrBFJIDoWPlJq6GH6VsAOP4OPxR4yTnf6evZP7aVE9NvSaU3eXxHMXGuxRNZ54nQhUFSKZa4xcOsGLueMr7rGDiwAZ01J_w3ar4,05378-43136,Style à part,N/A,N/A
