location,title,website,description,rating,images,phone,image
"Q5FQ+C7F، Rue Andalous, Tangier 90060","Ur Dreams Spa Tanger - hammam, jacuzzi, sauna & massage",N/A,N/A,"4,1",https://lh3.googleusercontent.com/gps-cs-s/AG0ilSx10TFFczIpgppIKuQK-0V9QfE6s6xOPJrsG4O-bvjLVxQZ7IZMoU1JMDcDLrEY9LeAaP-NlUSffERVfGClihdN26zLkU4dgOP_u_hsGaCLPwt5w-fnWgnyMweIjBHXnQOf__Fy|https://lh3.googleusercontent.com/gps-cs-s/AG0ilSwksWhJhkRubBnIg8fElxVQO01n-HX3dDPeY_PIEC0O1tX5sSs2TXSmbv8bjNZTI-BVus1BoLNGgWFatsC4mTcD9UVNuRAksW8G9iLO0DBU1hL-L4CIMuz7lyFBQg1ls_n6kUlr|https://lh3.googleusercontent.com/gps-cs-s/AG0ilSwvzSkFl6AjP26RdALl5Npg4am3GKZ6PkWcidY5KNDCiDYRvYnXXNrqmbn82H9lWAF3H-ijvyDR-Qm-RcuQRGIG0COCe5xKqYO99nSQ9-pxTr0N3apErqrRhcll4hCJwt1ptDuS|https://lh3.googleusercontent.com/gps-cs-s/AG0ilSxt43UBQfp3diVfgo9mt6_4Q4-nmKgRFzCMsmn6vCbg_9cuTIeRt0axLcE-IpCvi69nYOz-9jqaxz7pFnJf8J9Ho6UBST-CugUoAn_Ah8pGEKEx9hzQGBbZOBCdRCYnlIUEssDwpw|https://lh3.googleusercontent.com/gps-cs-s/AG0ilSzsYfKE7NotsefyvFure32RRvpWdJPzTTDv1w98o41194J7l4HC_MI1uAr1GXGPgwO_2hBtRDW5LMUeMZeNyep_ctcC7MQ9ryUZDj0OCb_0q2_wYpunHRijTS956vvd0uncEte_4g|https://lh3.googleusercontent.com/gps-cs-s/AG0ilSygpMs0hN7hwLYEheIIrndqVoQ5FsnBdfncMu5OpaDHTGtAEUGfpq3SF2t3ktcmBfBnzT6Agye-1oH2S9KCAn2rM2hWEaowDKNwONX3MpUoBsgL76MsGJqqKW8B0JVRKUKoBSn5|https://lh3.googleusercontent.com/gps-cs-s/AG0ilSyMqa4t3-2Z0V7vMd9OLteWd8OdO3ph8Qwz5W_02c24wJwXwtJKNBIoDVxh5DoPT6M_quos5DYXl-aOCBhICTf2bPfSf3T_Fk0eFdQVZlPdbAE3UG_EbLaPPaJLnU_sFqLjyfNS0Q|https://lh3.googleusercontent.com/gps-cs-s/AG0ilSwHtxz-IHMSS6YBqLw6CVP51vuYJK28BvgkScq9NAF3Gfv4LVJ0rwXPjEVMalrhqZRyH6FgN4TpWJUUfCkQmYdSjfOKxPwzqmtYwO-5S_xRPCzXysjU_fuXulLiyOlmx3cHSqYf6g,0647-888686,https://lh3.googleusercontent.com/gps-cs-s/AG0ilSx10TFFczIpgppIKuQK-0V9QfE6s6xOPJrsG4O-bvjLVxQZ7IZMoU1JMDcDLrEY9LeAaP-NlUSffERVfGClihdN26zLkU4dgOP_u_hsGaCLPwt5w-fnWgnyMweIjBHXnQOf__Fy
"Al Haytam, 1 Rue la Sena, Tangier 90060",Hammam Zaryouh,https://instagram.com/hzbeautycenter,N/A,"4,8",https://lh3.googleusercontent.com/p/AF1QipPlkaHBkOqZOHY-1mgq8rLWD2F-rJVLJ8-GGi9F|https://lh3.googleusercontent.com/gps-cs-s/AG0ilSxZHNJlDmNQrxafO0g15mUMviOqqTo9Suk9eMT1L8mjWUzXEd26cgNURO_H09e7qeV-3QG9JceUWxXtO80wRTmkN5fAk4rtSUVKR3Qx9mpJgWKxS5kfnuZAahg2cYnn5lX0CLgC|https://lh3.googleusercontent.com/gps-cs-s/AG0ilSzk5qA4YlWWnvSwq_xHAKSyz_fgcFpcQlna_nQENzODVwQzz9cx4Ry1gQ1zi7MzxQC1r0F3kK4o53z3oXnSVQumb4Wu1NqhI_-Soz7R3Z7AqvbcbzmicCSqfM74NfoIgzE4iwBRjw|https://lh3.googleusercontent.com/gps-cs-s/AG0ilSxCE_UHC9nIuOOi_AHBg22tvUciRrSGfufVElwVq9KNkeRdNLCzmLRgEnlC5RpJoWF7o3wVwcC-PcXaVvIF4E7xdhkLPl6RGTauIPt5lWxw52mfLJTAaVnzZKQYmDa0aXNDuCg9aA|https://lh3.googleusercontent.com/gps-cs-s/AG0ilSxRbxnolIxRckL_0LyJhS_p5WfFg9CNzZSOQxcb3QF3biw8RC9ASdpBG-otpdviN2wnlREswxAqXjD_rKASzqOeQO1LsdYo3zGxpc63a6jWbsb7O2iDNY_PWsbVOl3eI9ysrOlZwQ|https://lh3.googleusercontent.com/gps-cs-s/AG0ilSyjhGK_17jPHK40MbbUZv6DqzcCNdulcDazg7khalZPxP77ywD9rMdx6JJHNEtdQawik9aO6M_30vVtXUEYp0KBisdLTCefICcTdXjylbPGBfofzvA6vwhOvStnqOK8LtyfDAvf|https://lh3.googleusercontent.com/gps-cs-s/AG0ilSzfFrJ_s1KqtU1QeRvhG18bzVbsmk7CdrLKJAG0Zo5oIgh4qqENq4FPOl-RW8V3f0A75VAyjdPa8YqFfQxzAdAuj28JhguBTc4TFQ2NY2TVFFHsJ6QIHaSLKQpTvHEWBpKW3jk|https://lh3.googleusercontent.com/gps-cs-s/AG0ilSwOKof7NS_MGS2RBK5TAZKAqFY8OnFCoxUhm4Gl30gjI9u8KWb64rOI2mW_HcZV0Dy7gWB5hQqJiWZ5s6rs38J7B_jk4MbTTJlR-FQAELSDOIIzw82_UHUkj9ZtpwbWuU7G1Uqo|https://lh3.googleusercontent.com/gps-cs-s/AG0ilSxlCohDleH-gsfI53ptOm24A3G1VpskPIIJyzVT3GVv606zBFiDfT0lb3Dup8ksr3D9LRSv_Yr0Sfsq2KU4yHUFsCgBTpp-HVUdEf_PH1KX--OlY9tlQUk0U1fnE8oLLzpZrGlj7g|https://lh3.googleusercontent.com/p/AF1QipNpQHRM4AGPpnCWiYZ2GYhtF8BQf_eGz9c-ZoOX|https://lh3.googleusercontent.com/gps-cs-s/AG0ilSweUen7BqAmlzr5WHawWLwRwduJGSsHhDA5tGYRzDK3fMJ_wQvUSdTwlyR-JJsduc7UE8t3E67H3RnOuxCbTotlVomUQztOIwZC7AVwP59OnjWYAZ2cTJR7WrR6w59Ec_AYU7pi|https://lh3.googleusercontent.com/gps-cs-s/AG0ilSzU87GLT5rMc6SXdsAEZCEepMdZT-KVb_x9PzXO0UhimOAUTEm4hRhF_jcnADFJoNp4Bet_4OcRZqvEDZlzmLzYPlMm-C0a0s4LcnFGNNbTpFX-4yJ2O1gQDGA6A2nRoPKejwdurA|https://lh3.googleusercontent.com/gps-cs-s/AG0ilSxu5zuIuInR5nHZNFq62Xuhciq4mWO_oRYiqJ5cKCa6nhCUA1kkCciRJSvJ6t_TiyvHbjOzbmwpA9kX1qAfkbQygnxOZKFToTd7I3gb2arFJL69_CRvEba4W5vbYyBVI7pu0uz4|https://lh3.googleusercontent.com/gps-cs-s/AG0ilSyYXNXiyJbd-YaGzjXaZUpk-klUf5s6mHFDpcavbs9ifTIBSuTuPO7cXoqbot7eLUM6XVw9aA-ViONCrj-po5l9-Vr4BtOgbcEg7tfGqmPY4Rp-PXmMbDDGy1xUlyXCBaJjmME_Sw|https://lh3.googleusercontent.com/gps-cs-s/AG0ilSwWgL-JWwP95LZfU-ekhTRkbHokKAN0Y4y3ssPa91bEDudUMqmjkl-LEIzuiUNAhIY0FBihOzrF3KAowHs7OHgZjXHFWTBPJcqAmPKvyDYOk7tsHfLUJVkgdgPc-DDwkvl-JhN8|https://lh3.googleusercontent.com/gps-cs-s/AG0ilSyGp3DxXnJptcjLnlXQ2TQUSgd7uOpoip0Xi4XTGceuitMBz7qKozd7Bt-K27YlJZDu0brVLzK2kvVt8H4RE2V46QRdWDsSAdhQBSDERnVceMgrtHGXt-xHYH1qQWZuBhaxdIOF-mj-t7Cc|https://lh3.googleusercontent.com/gps-cs-s/AG0ilSy-l1ccy6Tu7pIomwRhVtk-yyIPSE86CklOjQujSLFb7WioK4Ig6zEadU017yAEyTpioukS7HRedufLWNnQrSB7cpE9enYUgvL_mKNx6BcMe3vP8OvgemzV0x_1uFQr7eIl6Tez0w|https://lh3.googleusercontent.com/gps-cs-s/AG0ilSx82gEg0SAgfkIn7VfIVyMyhwZUnUSdAOfmlo0slUF0C_iVG-EzfsCBFCJliXpztkniGlihshea2yfGJ_BHm7bztXF1N5X1qr7PXi2za3aspWc0DSWItszvPiXvpSZ8LzxXVS6qzwfq_fd2|https://lh3.googleusercontent.com/gps-cs-s/AG0ilSzs50gI21bm3jodlo1ARP1n9afRwjHAKbcGyD4hS6pOHQfBMmvPwHLzD12B9lCL6hW0LBoPDLtAfYUkvSirJ5y4Y4jB8hyPJ0aBb5USO7HkggZ4k6cjfr-wqLKsQ4kFYZD7dvWd|https://lh3.googleusercontent.com/gps-cs-s/AG0ilSxk4l-365LkLeZAQOkaeGPtjTIvEihnrHrxtb2RPoUFJz9ei21BghUKgmLFUUh3W41RmS5OqdHUXEi3xXWrPGnEoYh7qC3xGXoSSGZ_M4fKaGPVyaWROgtpXO6ujujMVYkAokDGbl2Rnfk,0773-221110,https://lh3.googleusercontent.com/p/AF1QipPlkaHBkOqZOHY-1mgq8rLWD2F-rJVLJ8-GGi9F
"Rue 39, Tanger 90060",Star spa,N/A,N/A,N/A,,0662-620059,N/A
"18 RUE EL MOHTAMID I ABBAD, Tanger 90000",By Sophia Spa,https://bysophiaspa.beauty/,N/A,"4,7",https://lh3.googleusercontent.com/p/AF1QipPOv0xQrc8XUdMUvIFLRtaUoKGMzJf8n-s5QfN1|https://lh3.googleusercontent.com/p/AF1QipM5wN2NKBWfn_x_62t7V_F_uQcx3b90OFNraPT1|https://lh3.googleusercontent.com/p/AF1QipP25LDv0-Nzi1ZifXkTFRlhRuTegILabhSYMGfC|https://lh3.googleusercontent.com/gps-cs-s/AG0ilSyyQPBIzHK7yZ8c-LTRQLyBbnzKcb2JG3CB-umVrx7UYFvy6JG5xhMVyp28fR6b-_sai-EzgjDsJ_wSxzEtzkpB3EyAw9-SjkKXo77kwHBLCcPJKUD8CKKRblO7XvCVsFFFm5HAUMPQ8j3r|https://lh3.googleusercontent.com/p/AF1QipN_5lHt8GxyG3i9EoB1GEzOc7t9QQCYyJ4cCy6D|https://lh3.googleusercontent.com/p/AF1QipPOdUk17YnOGrSlQLQBtaUKPQmcjrxFzYbTDVTa|https://lh3.googleusercontent.com/p/AF1QipOjlnsHkVAnhEGbW5AoTMdyUDWA5Qvh6DWP8Xuu|https://lh3.googleusercontent.com/p/AF1QipMG6c2laHu8yxkUq0pcyOt_ooirWcLxBtEF5--7|https://lh3.googleusercontent.com/p/AF1QipPa_Xrt-NOwbk7lc8tC_iGCjX2cs1SeWRcidqVE|https://lh3.googleusercontent.com/gps-cs-s/AG0ilSwWnL5CQ3kZ8z5ru6veoRPwslhc-Lus13n6HviXnfqhP5TTcxEcyzaIYK0IFAMp5e4EXFN-nQeyW1awgSAV0C0sYkvpnLCtNEQuWY2qBmyZ2AuVdkxD8oKSc_aE6v1YAq-gRPND|https://lh3.googleusercontent.com/p/AF1QipMEkV71rqbT8GCpHvvUswMPvrWccVr1rwbSo0bs|https://lh3.googleusercontent.com/gps-cs-s/AG0ilSweSQbX_2aIN5RLOepJ_vJ8pfPeWFUrnMobYJQ_-sjhP2KYrE5SX1yKJe9OdmBRQcCU31TidKaqDS6G20vheB_QJ5-q0AMw_B27wEJbPcCYP5uNZqhadAfYS1c54FoBPdQLos7Y|https://lh3.googleusercontent.com/p/AF1QipN0LskuTAHZPsdjAAdMnvKRAkBLIxCKyo0FvWsP|https://lh3.googleusercontent.com/gps-cs-s/AG0ilSx59uNKl3gmY9zYvo7TLvJRYxYzUqA61rFg6SafUs4CWfV1E7pFvityoGpfHLtqAiTwjVcAcmmG_Q6sip9a63Kb6XSguK-seWjpPJkM6jX5789dVN5-L0xc3q2jaA_naK04cm6wbw|https://lh3.googleusercontent.com/gps-cs-s/AG0ilSz6vUEq5Xnb4KQRlNLbxkAeR3m3C_wsk6FdR8s1rpnWfCMfn43XmaOd_jdlpglBvq2wtFgBs6uZh9KSU9xEjzt1YA59STES6YoLVqSulvutzzuT6eVIf-tfL7N8BKI2Dgxlx2VoPg|https://lh3.googleusercontent.com/p/AF1QipNpklgm6nBQRpylCkhCGYNC8XTrlzHSJCtPXW5y|https://lh3.googleusercontent.com/p/AF1QipOmRGw-u0YDt4n8wi2b4eas-YjspAvvUsLmKxM8|https://lh3.googleusercontent.com/p/AF1QipO6TZs7UESdCMbkagsky4mR7k0Di_5PjsG8PO2m|https://lh3.googleusercontent.com/p/AF1QipPIhogy9qTCGCvmc5oYXvxb5RuAUY10eEpQZ3c1|https://lh3.googleusercontent.com/p/AF1QipMp3qYDRqb0bNOpxPXfoxG9AJreGeOCow7Xm_TR,0531-069828,https://lh3.googleusercontent.com/p/AF1QipPOv0xQrc8XUdMUvIFLRtaUoKGMzJf8n-s5QfN1
"Rue Fquih Ben El Mekki, Tanger 90000",Maison Georgina,N/A,N/A,N/A,,0663-402011,N/A
"Rue du Mexique, Tanger 90000",Armmani,http://armmani-spa.com/,S'identifie comme géré par une femme,"4,6",https://lh3.googleusercontent.com/gps-cs-s/AG0ilSziF3nG_zD7ojWcsNDG118CHoRH-_tCOkk5bjkyi57_n3P0CCZPbxwFROAJXlx4tGJ97sLKmwSwqMWLHslk0nHDfnEGnq8gGdrjVulqExbqHfJ70Ja5rH9mTwbQBErTvkpSca61|https://lh3.googleusercontent.com/gps-cs-s/AG0ilSzYUWsrWKeWuDJn2ctHBEjcubp-noq_m3Ps7CsBGgU8JBRAGxf0FHpmXQ6vCtm7fPZ0RaiFkG1R0NAVCnj0TBzxbyFB3TZcqkbcJqISTF0pVK_qRhKP4a_Z5JrJMszeIBEYnVXX|https://lh3.googleusercontent.com/gps-cs-s/AG0ilSwSvvIPXS1nkJaSeFV73gGzA6S8H9hgmMupi7FKg3xcVmMpCJsdrxeR0COVeavQ-4g_EchM0-9pESOmIAYxHEwJyWrdKNmcDZ86WwUyqFhSR0PZMjrUSxQcxY7XbdDuVpLPGIfA|https://lh3.googleusercontent.com/gps-cs-s/AG0ilSzwwSDDlNtoR3vKSojRJT1Czalggt3wRRInVdCkQRDF9aUaiqG9Ye80DVKLH90hiX1TPEVJjjQC5g-VlFpXZPeKjb5avSc0hAo8cHt-jDWmlbtJl4voJO6YYYpIFEJH6OgyfK8K|https://lh3.googleusercontent.com/gps-cs-s/AG0ilSzDndfjUrmw8YL49Fey6Op9jIdRH-vs42TmCcIFbzletbO2AzhQaNeNVT9_yczFR43suJTkAer1XYNZxEzjAqqZVGI2bcvyxxq4Sf4nBUVdzxH1Jn-QyHq45huRxWv_5KLOfmZ4|https://lh3.googleusercontent.com/gps-cs-s/AG0ilSy3wTePUE9XLRMCacu434accHlznJ5Yh3aacYqbABjVG1L6Sv_NrJ_ai-rezVMStSmvyvKBCWe93QFoCNYiP5IVZGfXoqGA1RIvBJ-MvqYba078lFXEQek4q2ykxD0Hd55tGN0PCA|https://lh3.googleusercontent.com/gps-cs-s/AG0ilSwI-CXzLvkcSEtCI3Ncf2SrXVFpSJD7BHAStuDn6IGMuSpltqGuvmRDawVOpA3t7iuc-zxGlyGKwP1vetvqdVR30GIa2gHa4JmsChG5-V4yze6de4nN3in2o-ISpMQAk_CV4i_b|https://lh3.googleusercontent.com/gps-cs-s/AG0ilSxcgPDH53tPP95iTamhTkFhO67SCkAv4l4AxqJkF8qGUhnIn_nahvdeqwnkrZkZHnZAPnv4MhMQT9NvPA4kg4WOrNj7yBDZmAEWl47HMe-EgHwChc0BvCATtKZz1IzFxzZvjfzK|https://lh3.googleusercontent.com/p/AF1QipO8MA--xL1zFvNDExnpz4tx2ACiuY98Oz4b7iE-,0531-069971,https://lh3.googleusercontent.com/gps-cs-s/AG0ilSziF3nG_zD7ojWcsNDG118CHoRH-_tCOkk5bjkyi57_n3P0CCZPbxwFROAJXlx4tGJ97sLKmwSwqMWLHslk0nHDfnEGnq8gGdrjVulqExbqHfJ70Ja5rH9mTwbQBErTvkpSca61
"Rue Antaki, Tanger 90000",Empire zen spa,https://linktr.ee/empirespatanger,S'identifie comme géré par une femme,N/A,,0660-268491,N/A
"8 Rue Bilal, Tanger 90000",Verlotus Spa Tanger,http://verlotus.ma/,S'identifie comme géré par une femme,N/A,,0664-414610,N/A
"complexe la baie panoramique, Tanger 90000",M spa,N/A,N/A,"4,5",https://lh3.googleusercontent.com/p/AF1QipMfZWFi7XmzDP22BKq07-68xqiqBQ1ZfED3OYqE|https://lh3.googleusercontent.com/p/AF1QipMv7DKacyeRzQca859NERhX4pMkgTfyX9U-2ea_|https://lh3.googleusercontent.com/p/AF1QipN-yBQ-p6wXLzy5Li5AnW-xWummA7sTi2MzauPP|https://lh3.googleusercontent.com/gps-cs-s/AG0ilSztuipASHOGDYZthCru6x29MOfcZB4M0slupbMxOj_LTvx9gjZu5ttrigldXElFDQaQNRZ3IHWE0R__MXljhVfZHkeDVpcnmwGuBoR13R0aWlRCV060Kri3NzmDCY3EkTfWpUgr|https://lh3.googleusercontent.com/gps-cs-s/AG0ilSycKVJRW5Jja_wVWTDEKa1uY94_r_j_0xaxwtsHdMyDtBvTd3uKRYUUd7cmLv8q842n73rJVaukeqOq7ESJ6kxlFQJkE0vbGdGT5Rf4o_vrsgDmyVIfDapIgr3KuEX2bUJOZQEU|https://lh3.googleusercontent.com/p/AF1QipN3yjldpTEejULjkM7OkHWe3LiOOK7b9tReEs81|https://lh3.googleusercontent.com/gps-cs-s/AG0ilSyC0LNGUsdM11QLxZ8Y3YAS0O881pPOEPLu6CdzBZSwt9cDk0oPKtv02UhX6Zvf79zHWPZXqZxlBkSk25cYb-d2tYe1vzdb451bxrQ4URz7HSteYWyTbfiHa6GDYitMvBvFACc|https://lh3.googleusercontent.com/gps-cs-s/AG0ilSzP91wcBEch00AhNa5hR_18wHNTps4iokz1hyRSaicycIa1_YqAAsT3hgh7Xx-TrrPfDCosuUgemYICD9iUTRxszotqstMa96d6eWUT_hcAGtTjdZTbHVEyFgnwZaLtCjIMEtFtOw|https://lh3.googleusercontent.com/gps-cs-s/AG0ilSzVIdoLAZrB5XZlCCaEvHQgz9R3knWPYHykPrQ2vWgnkoRtzwVUsEbrDecHaOAj7iwKuqvKSth572qqgmoY5W1HR_QiaWSoGWqDeh_e3UUf-AGjIB2r2FyJx-Myyhpuy4zU_Wl5|https://lh3.googleusercontent.com/gps-cs-s/AG0ilSwHItXNJxYp9EjVTbTpsdAQLGkkrIaIv0ZShsyEQnuKvucKNCN1uLEJPkGNCF4bJBrXCSlLN3qDwdtHW6kxUFbi-bWv4VT5FDwH-4vYXceNFudGraVM-cy7fpnVDDdS8WV7DuT36Q|https://lh3.googleusercontent.com/p/AF1QipP4AKHohn33Ue8_4PZ7MU93FmlvhgPBpKViQSxy|https://lh3.googleusercontent.com/gps-cs-s/AG0ilSyEVzfHzLsr1vS3aOj_0rsoXA75bo_vUB_IwpY18FqQs-ZMTSVRSZPnq_wAIkrYOjcyJxIwxq1YMcjOirrdbmjUZcsJz-hNwezrmTHtaZPOC632BYuFDxV1zawWo5ykWJ58440|https://lh3.googleusercontent.com/gps-cs-s/AG0ilSw8bh3AdxU9g7OsfErT6crSbpTxGvjXDKPph-mTXqJVIqhut9GwGIW2PfDdgwywbQC9zrGBzA7rV4PyLOWSS4X0I2-bSPccxlK_m8ClMGoaEzHjRPJc2V1qYnDJG4oMmTjEJdc|https://lh3.googleusercontent.com/p/AF1QipPlm6sw3psT_Keoj9fq4DkLvT9nWySLeqHANHja,05393-01103,https://lh3.googleusercontent.com/p/AF1QipMfZWFi7XmzDP22BKq07-68xqiqBQ1ZfED3OYqE
"Khalid IBN AL OUALID, Tanger",Kamakura Spa,N/A,S'identifie comme géré par une femme,"3,6",https://lh3.googleusercontent.com/p/AF1QipMgsuWBnWLX3nHOf-G1oEOHANGpiLzloxyDvZaC|https://lh3.googleusercontent.com/p/AF1QipOZVqIHmzJ3bvNXEcaIXDdwxdlWdSYS1gstColT|https://lh3.googleusercontent.com/p/AF1QipMbS5inZJ-uGhDbyaEXag_5141BSHpUpiSJoPmO|https://lh3.googleusercontent.com/p/AF1QipO0s01tU-fEDcAyYYMpoW4AeNPbjS8ZdOYlbwqY|https://lh3.googleusercontent.com/p/AF1QipPSVmauK-qyh5cvkI7lTWVMmynyrGiZFhgDIqS7,0661-914141,https://lh3.googleusercontent.com/p/AF1QipMgsuWBnWLX3nHOf-G1oEOHANGpiLzloxyDvZaC
"Rés. Aurélia, 61 Rue Abou Alae El Maari, Tangier 90000",Vip Home,N/A,N/A,"4,2",https://lh3.googleusercontent.com/p/AF1QipO_xax7hOJ0_PZRJQhSE_kCw-6mTR98Tn1TopB4|https://lh3.googleusercontent.com/p/AF1QipNXYbtvrAEi4v9_HAV8sb3C0gjigl3kEYsDCyRE|https://lh3.googleusercontent.com/p/AF1QipOg2BIwpTtbYe-th7eCpRFxLlVqc7PJ0uQK5faV|https://lh3.googleusercontent.com/p/AF1QipMuzsRUV0KXJ3TKwFgnbU65NCrhzPmUe-xt15I8|https://lh3.googleusercontent.com/p/AF1QipNLrr6R9fXKM-6eieXMzJ3QRMWD_IabeBTHZp3U|https://lh3.googleusercontent.com/p/AF1QipPm9c8UET40aIBrl9zD7qF8nvvPFChIDDqxU94A|https://lh3.googleusercontent.com/p/AF1QipNCTALjwlhDM6JscvyiV1U7vZ7c-NibPSXE8JXN|https://lh3.googleusercontent.com/p/AF1QipNiL6F7odOjmvcAFzq1XBcz5BoWZzgFrKOwy7Yw|https://lh3.googleusercontent.com/p/AF1QipPu3w082hFG8vQQCSKgZWREoj6lDsnw_gMjfVTZ|https://lh3.googleusercontent.com/p/AF1QipPDIRDu4HIbW9XmwfPDkRqBNcoj2zKmw0-WSKaP,08086-21504,https://lh3.googleusercontent.com/p/AF1QipO_xax7hOJ0_PZRJQhSE_kCw-6mTR98Tn1TopB4
"Q5FQ+PQ8, Rue Ibn Okail, Tangier 90060",Spa Simo,N/A,N/A,"3,9",https://lh3.googleusercontent.com/gps-cs-s/AG0ilSwkUw1sdbPp_gsc3CA0uS8Pq2jUz0UWyxlmhjnm7O-sctrz5_ghUrWIAao-D9ludJdjj8_kTqfGbkMyo91CGxhCED_eeURfjtkCosy3ZnqFLwbbWRkY2NgHkMHwWNjQ6iAqpNdJ|https://lh3.googleusercontent.com/gps-cs-s/AG0ilSytlIjjDp9KKdrLzqRbdnQ2QSH5GNJd090U8CBPLbx3CJvoSiB0BAYriwE32xWJOgK7CdheD2_BoiC8fXzsZ8vwOKpGOPt7UIAoPeZ6zO_Zu8Ru3rpgVlAT3Uf8fNaGOhVOv6OLig|https://lh3.googleusercontent.com/gps-cs-s/AG0ilSyt2yo1xGAoUbJrguohRlwpthgFPMpo_Z7LKykd2uqMAfJaJX18KL5DqTP-i3jbWp_XxSx81BrtOqnzXa86NKMGw430TGDWN3xvV1tMKqSQWZomFYGFhSkaf4p2dQxyAaNZ7NTaHA|https://lh3.googleusercontent.com/gps-cs-s/AG0ilSyy4D8P_8oVg2_hVWR7f7XtsJdN-Iqvdk6cyNRXTcJUyFHkg8mOYg2bhWlN5rKla2pBQHcicpgK4EH8hAUJQ2ErWY-z8uiTVR5fmHsTuUYZUtMnbKrUebjyuEmlkfACoBIu8gs|https://lh3.googleusercontent.com/gps-cs-s/AG0ilSy-KYJqttQFtBWc_RcA64mAZUwvyVxWqojaYRyQxThrj7Aj21NslBTGa4n9HiKG420MSq_S1K71ouhin9LQVc10nEAg7Lz3jXmtDbiJaYhItpz7T0Mrs7WpURdTtV2ipOfl7oCqAQ|https://lh3.googleusercontent.com/gps-cs-s/AG0ilSwau-7XMCUF7336sRvVfXiskjHAfYHF2Rhk0MKX3pK20JTbPej0h84UNdiy24akJNl38PcYQXn2MuD4i1JU-f2f3fZ8Yd-BuPWQnvEuXVBVcioH31ughUXCTNB6klOKePrx-YtAdw|https://lh3.googleusercontent.com/gps-cs-s/AG0ilSyBqc2S5EDL6BthZMCmnrKjsdbXBxdLuhYsqSyzXMF5cvJ_-OcrkaGaFbII7JBPGeFYiak9_t9tg5yXsgvLPSV6jEEPzAFF6b7KcAp-LP0J_IkjmB41GHmNxucJzgg6ucFNQJgw|https://lh3.googleusercontent.com/gps-cs-s/AG0ilSxCqAvL5w30y6JSK2y3JKImd530OvfvirCSfIvBgfbafDcDODfTVh8iXxMvKK_VCleMdydBrYAGIwlJ3ctN7ghvV0LUyNlVAX2OxGsiGOfWSzL_Lsdf7xuTfiF_ZkFJOH7U0F0|https://lh3.googleusercontent.com/gps-cs-s/AG0ilSzZ0AdsxyKQi0GPr1XZwfLT1J0yNTDu0dWE-4rKeA2NxATNIuQEm-TOMP090vn_o8yRuHif7uKVLvh-jV67538EAcdpZyLU7Umw7smT3kvepjXSd4a13jjgyaVShSaQNZMgyQ1S|https://lh3.googleusercontent.com/gps-cs-s/AG0ilSzp0RP3bjE0FZLBzy4_K5vVgjE1WcsxRJbiFg1KNyTNDk9so4L1am67m-JpHwBdG-sSVkLgSXlh1O1OkEVdLD8ooywxflXZumzIanPgVuZd6T2ZEBaO7yNuGQXmpJdG0lCa_MH5OA,05399-45210,https://lh3.googleusercontent.com/gps-cs-s/AG0ilSwkUw1sdbPp_gsc3CA0uS8Pq2jUz0UWyxlmhjnm7O-sctrz5_ghUrWIAao-D9ludJdjj8_kTqfGbkMyo91CGxhCED_eeURfjtkCosy3ZnqFLwbbWRkY2NgHkMHwWNjQ6iAqpNdJ
"2ème étage, Centre Saada A, 28A Rue des Zenata, Tanger 90000",Bangkok Thai Massage Tanger,http://bttmassage-thai-tanger.com/,S'identifie comme géré par une femme,"4,7",https://lh3.googleusercontent.com/p/AF1QipP3dJwfK4d16n609hguCZadSegysyQA4RSejm9J|https://lh3.googleusercontent.com/p/AF1QipNIt3MidgquQML01GPinJsVENAXXCs1_rvX_4Ua|https://lh3.googleusercontent.com/p/AF1QipOybZ0rspJZh5KiiYLVKSNGfHQJX_G-2oBPEUx6|https://lh3.googleusercontent.com/p/AF1QipPOy99YGKCAygIqqxPIUkCUIgVNEb9J1SqKGuWg|https://lh3.googleusercontent.com/p/AF1QipNA9I3Iv7WjkhE1A0pRcoq1ETzJr6YRQQFUJLy3|https://lh3.googleusercontent.com/p/AF1QipMN99GrdKNLdVYscbPQJ8Uoq2xQqOysjylUqojQ|https://lh3.googleusercontent.com/p/AF1QipPIytGkBPuPv7kpKvvHm856XJQcNrcASrf7r3qE|https://lh3.googleusercontent.com/gps-cs-s/AG0ilSyRLU3VKABK_NxjwxU2ykmKJ6UXogbeAYx2D_Nn9J7v5erLks_RwjpZZlqToAVgr8HJfUHi-IX3qnF1h7HLJoHtDaFnaMyHZENa8peitMLppniJBqk1PtHiFgK1y9lMIO91P8w|https://lh3.googleusercontent.com/p/AF1QipOPMibNHUCtIxJm6n5-264h8ybkmyq4NDka5aMu|https://lh3.googleusercontent.com/p/AF1QipNuOrUZIT8ryDWd_CZv9_y8agw4EbaQi4kgViHv|https://lh3.googleusercontent.com/p/AF1QipMmqcqfXrPSPFwk3YkSmTPsIWeSD1UdWVDS8c78|https://lh3.googleusercontent.com/p/AF1QipNQ5BSXUUqG8UCShqfuzm1yhPMOgE7OfT1UvJoe|https://lh3.googleusercontent.com/p/AF1QipMZIJKddViiNf-wWUkA5IxImfsGxjfDbhiId4Wh|https://lh3.googleusercontent.com/p/AF1QipMmmC9UK6uJ2NVW2tTefVa3OskZvJBvdJVUY4EV|https://lh3.googleusercontent.com/p/AF1QipOF2H7Tmx0ZK-WIA-WqWXyYvfDmLoasvvZOUF6S|https://lh3.googleusercontent.com/p/AF1QipOnYJMt7ASIcwhX5QtdAYmfvQn3armNj1PQlHqg|https://lh3.googleusercontent.com/p/AF1QipP5em8i1hInHuEKct22HBFTuWscsqO1aG6PtUmk|https://lh3.googleusercontent.com/p/AF1QipOJ-5cZhZO9DH14qiuxcOrijvvSDJfD5UYmsCkl|https://lh3.googleusercontent.com/p/AF1QipMtdpEZQ_yjpPz9VUZUOwhTSvpQpv2ptIGwWc54|https://lh3.googleusercontent.com/p/AF1QipPeG64qMkCZuhfow2bj4vjqoocEdWa1zsNTDLz4,0699-969224,https://lh3.googleusercontent.com/p/AF1QipP3dJwfK4d16n609hguCZadSegysyQA4RSejm9J
"rez-de-chaussée, Résidence Baudoui, 34 Rue Antaki, Tanger 90060",Smart Body I Spa Tanger,https://www.smartbodyspa.com/,S'identifie comme géré par une femme,"4,0",https://lh3.googleusercontent.com/gps-cs-s/AG0ilSz6eYfcBqlWUB69Qn4Xj-v9pE2RCvOTaPNbf11E-WATwmoATO27BUoxuvOEIthta89985ETowUuGth3CEwceZITNrxoPcAdVLz-QHPA3dtBxi9D6z6Ht3Z6fhXMwgr7OZYRzxHJZA|https://lh3.googleusercontent.com/p/AF1QipOJOsPzyYKYJO1iZAZOBuhzE50k3KtLlfHc5Gnl|https://lh3.googleusercontent.com/gps-cs-s/AG0ilSypQi2JSaP4sUKfNZEDt7tyKBldcm2zZtqAHXMHvbam6vf6qBA_QiPPWiflzeh4EkeGn9UAEZgyTdfSS0sYnhd4wTddFTmjGKiVmmQLOryPwOVZsbon8b1qCpjKAXNRUUYQLxRp|https://lh3.googleusercontent.com/gps-cs-s/AG0ilSwOQZKcd9X2eEFJIJNp8nPNIJxwrV3lfOYX2z8eCDrHO5LarFX1TeVksrwzevfTJMO8cPEGD6vbibI_bgTDiA4lyL6PCoEloBlBpUV8xLR6X6TvlXCohsOc-1wQgf5leT3ysmA|https://lh3.googleusercontent.com/p/AF1QipNsO8tu45kjEfv3TNj53ZKAdTAO2AGUFVkxgIct|https://lh3.googleusercontent.com/p/AF1QipNLIdpkqwtSY-pONhGPOcyV2kEqkkOgNK2rkj2n|https://lh3.googleusercontent.com/p/AF1QipOM8pcPIREgsTBUGgtXvzJkhKhg3mvSTX6jguB8|https://lh3.googleusercontent.com/p/AF1QipM92UN1YcWvoMJQOIwx8mm76JS6JwZpR1WZcYt6|https://lh3.googleusercontent.com/gps-cs-s/AG0ilSzsix1s4NauhIAhmWpSLbqMyKSIQSxR7ACpKW5vE-0SJ-Mdhhhd-MeWG9bp7qL2Qv-xvV8BgT8HTbdKUcKv-SAL9psQgroqks73Lo6ThCQUcXKTzksJQN7eXOuPH0g-xHLslOA_|https://lh3.googleusercontent.com/gps-cs-s/AG0ilSz6qAs5nRcFt-6XgViuRiUNqcxZv-brkg1aGO79IPg5fulT9zd3fNJO3wtH3YUt7ECg15S4QIx_u8Jo6dAAb85QOisBSVW7bvvyuiAisHTM63NvL3AVgQ1MLmsynbAM-vBgE-eVNA|https://lh3.googleusercontent.com/p/AF1QipOZMWP3I3plJROV4xFsrYjhxmn1KDOPbZtuj5-X|https://lh3.googleusercontent.com/gps-cs-s/AG0ilSyF-I3jQbllJRnxgn_00iQB5beDtkBcI8QlkFno66-4waRYUVn_T9wEUdbx90u0U33wUyhjRgGFSkDzv52VJDaLjOASsOQmMfTdqkXmFe3-GmI0WQXi5uTbDj-NFvn-8mB__IJe|https://lh3.googleusercontent.com/gps-cs-s/AG0ilSx_HGoUxCEr63ihzk85pi_AIAHOtTcwEN24nUXdYBMGuMossrd3-PR9XZrUET-snHABJoEIcB8od4Tfg2OCVEcdmepxqVuxqEpfhZXsdotxZXuE-x1jq22HqDOS2smb3nQk-KE1|https://lh3.googleusercontent.com/gps-cs-s/AG0ilSyZwvBLpAgNEEz7wbRu-K_lKf1GPKbihQodsqb0ZvjIP8Z7ySo2VEWbHVnV224kWk_fHpJE6LJQdIghan2tEHn5CM23zHZXpBlv0TVvjQImurM17lGgHb5s_OCnq72IVwBGEtwT7jhjgqQB|https://lh3.googleusercontent.com/gps-cs-s/AG0ilSzn6MyE5dsKqzz94X6ROmTlUuSTsaGUZwnPSX0FuElsOgZKWnY7V5IO8vZp5yvqmxeA_B8UGkkhQyZCpo4KIl2sML45pZm2YrKRENmkzfZY6_dzCTg-j-NO-lOJZ4tCmtZ-sgdr4xReqeg|https://lh3.googleusercontent.com/gps-cs-s/AG0ilSzsvEm1sfVdjy-zkk5mhzXra0V_aUdJYeJbkjzCGz0s5L5WrSnsSb3T-Ln-lJnVFoeuKSP951D37Lr4qlCe6c3U9bcm8iwFlKQqE3zbaIS8ieARtOF3lDUbAKpRux_CoOJbbfJ__XEPr2xY,0633-244416,https://lh3.googleusercontent.com/gps-cs-s/AG0ilSz6eYfcBqlWUB69Qn4Xj-v9pE2RCvOTaPNbf11E-WATwmoATO27BUoxuvOEIthta89985ETowUuGth3CEwceZITNrxoPcAdVLz-QHPA3dtBxi9D6z6Ht3Z6fhXMwgr7OZYRzxHJZA
"1 Rue des Magnolias, Tanger 90060",Hammam Boughaz,N/A,N/A,"3,6",https://lh3.googleusercontent.com/gps-cs-s/AG0ilSyiXA5D8WdaQkL48YAScIH_lK7NXHtF1y92rjRS6Amm0-vtinJ7gk2Da84cJ8cNwYqooAPfYiMYa9Zy370e0miUDSmcIg0NI6suoK3prf6dY3FhpsKgHaXmfrEtQPC_edVseBoK|https://lh3.googleusercontent.com/gps-cs-s/AG0ilSylFvG3UCGJFHjLE9FKlycTzHaevtgkbF97ar6u8USi2_igwk7zG35s0VGnvNG7_CSdIMqRRC9pCwMQJfuK-_JNoImf43eMKjtJPH5uS2doKO3dhaTe4SNoqsJoP-VxLmibsYsS0g|https://lh3.googleusercontent.com/gps-cs-s/AG0ilSz34nJYdin6OvYD4eB2RQ7sZcCdrupFDiTMI72B5XT96HXQ-3dzWz1uixY_RT1wD9Or091SJHxkCBwoWsplqUveCWvYaRG4khqMJ2KTqoG_ohS9XpGs130KuQFfHGfR26BI-xzO|https://lh3.googleusercontent.com/gps-cs-s/AG0ilSxvaSXifzo1R9UBGJ90FyZ-9UBwTsYox5SBB4w0k5NS475aemHsarCH-vjDzCiP8_qKWpORTOESP6bMIrEiFkERlYf2tb1Bvtla-Lg3a4e11QW9rXvjZcqjFAwwo38kh99H8m4KaQ|https://lh3.googleusercontent.com/gps-cs-s/AG0ilSycv2bPIFfdZE-hgnYl-TWAbsvyWBKkyPxzGuopqgECvYxalaBhPM9_RQ8Ngv-TON0KgqPV7_92jnXy4gpuNyDluS2f-h8KrVE8seb_gTDXQ4mA31n8wBphDdXIZnLm5nbT4xWjZg|https://lh3.googleusercontent.com/gps-cs-s/AG0ilSzfjtARydnjJwQTrFen9msloaSOAXzgLU8lRDFIrjrmeD8n-TsfxShietDuyt_0Br8qREWrhFyRpY9FtYGiPJQFiUujbpe0-NKnhTh5Ag9nIZu67oR2pj0DYMyErOUFbIpPRG5n|https://lh3.googleusercontent.com/gps-cs-s/AG0ilSxV3nPXrQUW54VAoteYShuG9OREVphu9ga5dv1miXi1or81cVVXxRe-xVx0vM4iDLhv0Q4V_V4BannVWbLcf_ysChiQ9JmuXmWXQspHWMpuwWrimaYFpNdD2gDqtkt63YWfIUNavg|https://lh3.googleusercontent.com/gps-cs-s/AG0ilSyyd1JeqHWMM2vq3-qhzzFhcFmYAD9hPm-mM6mMcNs2Bjl5IdD7h2tJkxl8Oro7T-VSyBOnaDdV5bw-FDaiNIDuHxfG4vqE4UGNWHduGMvK3F00jlam0Ji-F27DWPy5PP-yjmNs|https://lh3.googleusercontent.com/gps-cs-s/AG0ilSxS7OwVktI9gR6FtMcQ2hzO1TjN1zOS9E2eAS45EH1x1ej11YW4yriZfqHYR5HfA3L8WClABoFEMmNC2ptSQwMS-gYRv0_iHhtMMY-5rTRyTCW-nISt944XW4jvOkou_fe-v84X|https://lh3.googleusercontent.com/gps-cs-s/AG0ilSyuX4TQ_WRE12X5JTVFkBQKAd3hHCaAesH1zGilKZubdszAbORnY53SVAFH-_emIYMHuZkJq1yu82p8DFwTICnqbk2SDtvUcgzEekFqrWC2xE0ABNsX4RTDj07QKQxYQ2WVYP65cA,0625-876732,https://lh3.googleusercontent.com/gps-cs-s/AG0ilSyiXA5D8WdaQkL48YAScIH_lK7NXHtF1y92rjRS6Amm0-vtinJ7gk2Da84cJ8cNwYqooAPfYiMYa9Zy370e0miUDSmcIg0NI6suoK3prf6dY3FhpsKgHaXmfrEtQPC_edVseBoK
"Rue Foret Maamora, Tanger 90000",LA JOIE,https://instagram.com/spa.lajoie,N/A,"4,2",https://lh3.googleusercontent.com/gps-cs-s/AG0ilSzR7LVS0h1ukwOe_mo09zD-nxEFlAraptuWeY6ZsDD3i5gpcmgU7s5PvlNhiQKtiUlRSzZbpUr406d8zK_lpt89ehWcGS_9Qd9tKuAA6LbDBNuxRJiXYEMlDKM9E3z2N0mrjYjE|https://lh3.googleusercontent.com/p/AF1QipMqt7nBStR-Oy-3l8GwKEBEMU-L4yqzPwxA4jcG|https://lh3.googleusercontent.com/gps-cs-s/AG0ilSzh8Wjj3CzL4RQe6vDZSlerQqHlnUmSTBKfotskhQ3id33r-fWJhfmAq4oAfqe6FwNa2yGjyWgwzY_pJXryIi4p4KWls6L2UyxR2zFXYtTergmeJQP63PAhxP9ZE8I5M_EfPG4|https://lh3.googleusercontent.com/gps-cs-s/AG0ilSxzmXSE9qsOsh14vTTxghVvzjf5X4texiAwuEH7GpDLN7n9x0ucVEnwmVrKRvJLUN9_NBfLTnm8vuv2cw8SMCyQx2SVN70ieSYx2DgzY2zb38YTiFNJS6zETCJ-pStI2C0NeXsS9Q,05393-08462,https://lh3.googleusercontent.com/gps-cs-s/AG0ilSzR7LVS0h1ukwOe_mo09zD-nxEFlAraptuWeY6ZsDD3i5gpcmgU7s5PvlNhiQKtiUlRSzZbpUr406d8zK_lpt89ehWcGS_9Qd9tKuAA6LbDBNuxRJiXYEMlDKM9E3z2N0mrjYjE
"20 Rue Antaki, Tanger 90060",Best SPA Tanger,N/A,S'identifie comme géré par une femme,"3,7",https://lh3.googleusercontent.com/p/AF1QipOYRVVZ6y0zphjK_1bpcWtCD4NCftG0OoZC-tpE|https://lh3.googleusercontent.com/gps-cs-s/AG0ilSxBjTMDoSQkxH5uUIqfRgZ1ZseLtrRKuPclgOPeOne5nb4bvHoVPcHTs7tkPseDRXPvaIDKYIdVzPBYdeqebYJWQDCSkyYHtn5fKqySIXU5NBUAbwZ1s9_M-dQUhIjvCYtCf2x4|https://lh3.googleusercontent.com/gps-cs-s/AG0ilSwCHP2mb779PAngsvw8g7ZLKAL5hw7SWIIyHybCsArJe3UUYKfytD2mplh9n8N3bLRz2I2bYPgpsQUz_9nPWdrNcnGEBir7pcAZfK3mPlTkMMj_etc_68KQUIiWRAXqIm-CJZ2cFQ|https://lh3.googleusercontent.com/p/AF1QipOThzWC_0EuoT51TVNvlFyvh9-iGnK6TaGOZSBt|https://lh3.googleusercontent.com/p/AF1QipPZEF5YCLIMqphGAfVie2XCihBzWWaPTD16W7Tr|https://lh3.googleusercontent.com/p/AF1QipMYN-bPsPkKGKgJC3RSAPf13MTV003a0Xg4-c5E|https://lh3.googleusercontent.com/p/AF1QipMcYQ6gpVXgf8nSxy9eZITi5M8fyxj2X9edOwZ7|https://lh3.googleusercontent.com/p/AF1QipMHZpeBofyh-x_CVvfUxwGN9V4RyLfPJkMQqycP|https://lh3.googleusercontent.com/p/AF1QipOTdpu9AgpGmQosNEFAgUaLNucEi_YgoROwdvy6|https://lh3.googleusercontent.com/p/AF1QipO6_4a48wnP3rfO_5ioJqR9YajmNEQcg4mRy0Rm,0631-533261,https://lh3.googleusercontent.com/p/AF1QipOYRVVZ6y0zphjK_1bpcWtCD4NCftG0OoZC-tpE
"Jondole 2 Complexe El Hassani Tanger, Tangier, Morocco, 90600, 90600",Havana,N/A,N/A,"3,6",https://lh3.googleusercontent.com/gps-cs-s/AG0ilSx6H1pfADm4LaF8fNYS_PuMNRie22FOQc4kL8sHKIXYT5uOt8WhrL33mllX-Vpp53TAl7bl4v1obpNrZ5NDN4kaX6f588M2qMo8EwgqrXQaJgccrq8iEfUZoLAlpC9gmMFgJ_IE|https://lh3.googleusercontent.com/gps-cs-s/AG0ilSxD8EXyzMasXOGalB-NwEFv4zvS-xQZ_F6x0FXb8vKhYWbilDg3XttFEpTHPHA4LRJGmmd0hRMfo_5mdNlIycXgcQZfT71kaJ8QyCDqbhilub1AIKaIX0NBXVOmUqqCusO5ShQK|https://lh3.googleusercontent.com/gps-cs-s/AG0ilSxrsDBXiZm0EqklB2X370GmQPbRaTmLuL6jDCOqqRkxYjyEZ7c48GZFuQJcvzHxnfI7Q6WwfGY8LUeMnYZJrGTYvJcY-3Vk-Qmyb50Klxu9uX84pjgFHS7z0qYOvd-v9pm55-yX|https://lh3.googleusercontent.com/gps-cs-s/AG0ilSzgb5tGsba5DqXDDpHPuHmQ6JlSxqw1OxmrTWhElkJXT3pP85PrVkjRHM_xaMBGMUbwyea7c0EsMHYnw3dbWIEr-QAq4nFYDzHCyQi-pUQ2RoP2X6vBzxPOrdQOjfI7ylV3oSHhIw|https://lh3.googleusercontent.com/gps-cs-s/AG0ilSxkJBDuOyR9D4UTKgRH6oaN5B_ucygdxyHC38XmQE5cdlbd7Rb_Hz7cDS2S2DLorzWAYif3Uginf12PLM9977XoN2YN8vkte5tp7xtJ17Kqoy_RhGEk6XG9Cogx07VylIeu8L1j|https://lh3.googleusercontent.com/gps-cs-s/AG0ilSwMVGt3SNcTNBDXDkuWygWZMpQtUXbQ86cMZQBrKaO8qbtF_iufZXoN_773cG823vyXlnANwt51HNnDUrye7ZTeTpdUAZyXBwqSHSe25D6aYheHAc8_qvc_C7cX4zrQLC8Pt5c|https://lh3.googleusercontent.com/gps-cs-s/AG0ilSw-DPO-3vMJb3yAG4ZUSzMTqlz3Xq2SnFSJmFDYpZMWjoiJXq9-2lI0PgDJv2pb_lPXnQRSY-wmSZKB8ihuNRSz88h6fVABZs1p_SOtgeIv8OELgl1IBQWDzxYak25df89494Dv|https://lh3.googleusercontent.com/gps-cs-s/AG0ilSwCMAU1Dl816ssrPLYTi3Pmvq2mMxKlSg76DHKepjyokcmcU5EcxIq1bibSrKncm8rfxqlzf0D5qtL1am5SwxV_jOrhVRD1h0KMJmNhNmAerFoB46DkBbUjG5jGMPkkj4cDLU3J,0650-747699,https://lh3.googleusercontent.com/gps-cs-s/AG0ilSx6H1pfADm4LaF8fNYS_PuMNRie22FOQc4kL8sHKIXYT5uOt8WhrL33mllX-Vpp53TAl7bl4v1obpNrZ5NDN4kaX6f588M2qMo8EwgqrXQaJgccrq8iEfUZoLAlpC9gmMFgJ_IE
"Q6CG+FRH، زنقة شاطئ قزح, Tangier",Hammam Chatt,N/A,N/A,"3,8",https://lh3.googleusercontent.com/gps-cs-s/AG0ilSzFvf_uDP_H6xxKCyuWyBnXasDOlT4PSQbRrlNfLlHrTaxtJJL_QDC5FjxIL96EEM77LR2SHep2332tJoeGJ6ZF2RFr35VkOeLa8p5XbngNW6zaoZR1Z9zun-rYrej8SH5tBDGPbQ|https://lh3.googleusercontent.com/gps-cs-s/AG0ilSzv6GtRFKlj_0_HQ_mVc72PmoDy1aKtwQZoWdd49PKPwRIBJJChQU9np4cxDTTxLbmeY3iASJP276iV06xa7_7XhhyaRkvK42SLbi7Ty8Asj6RPrzhKfQTF72cGscuOJq4c1dxL,05393-02154,https://lh3.googleusercontent.com/gps-cs-s/AG0ilSzFvf_uDP_H6xxKCyuWyBnXasDOlT4PSQbRrlNfLlHrTaxtJJL_QDC5FjxIL96EEM77LR2SHep2332tJoeGJ6ZF2RFr35VkOeLa8p5XbngNW6zaoZR1Z9zun-rYrej8SH5tBDGPbQ
"Rue al Farabi, Tanger",So Thai Spa,https://sothaispa.ma/,N/A,"4,6",https://lh3.googleusercontent.com/gps-cs-s/AG0ilSymA3SGB3VeaUDn2N6ZeK0QHqWOB635W5ZvzN9dqO40btXib3eE4VoEU61j44bvZHumFsEt88Ky3Neb5FX1mmHbYjTGO9gb9BvD4GCQgwaujpx-Ua2pzrZPEZXN4KJFonb0ZY5MJ8n31NM|https://lh3.googleusercontent.com/p/AF1QipNE1iK-NDj7OYcRIGXEwK-Pk_6-VLxwD25E9JMB|https://lh3.googleusercontent.com/gps-cs-s/AG0ilSxeRkn7S0xUDqQyPsyNMrzarxdWfz0TYnZRBb1JSx7IkxRnbGzbm7KWix2OoNxeRpXk7_-AXSGUHLjdRKbRf6jVaNrPAY9YLzUHdwah5bxrsLUcQHY3AFAcd1TkpL_Yg-j2FD3z|https://lh3.googleusercontent.com/gps-cs-s/AG0ilSzLpiXssPeaNux3XnjwDEPxRIQQSqqC2LLvWEePHExQ1nkk3EJXt7pDkSbtOIOr7qJdEavs_U7ChiUMkU3aEUhewtnyQzSf0A1MRDIahoxB1cgt-dF6z5aEwli_qBKLuORYZh52uQ|https://lh3.googleusercontent.com/gps-cs-s/AG0ilSzH46Qoi758FpphzARcUsEE6fMsglyX0epy4zYfhRYHKCvxFIsY2Ej5UEcGS4qDDRrhrSNNgdh2QhpccURKP9aFalrYvT9fBCqlKldDhuEMlh2YxwBTXuY1GKhRUdoxwjloaqC7FfnTs5bT|https://lh3.googleusercontent.com/p/AF1QipO-KcB-vO8_GH-sTUHEf7T5sZMkb-Ei3OQk6ErY|https://lh3.googleusercontent.com/p/AF1QipOhCYBg3edYCHS6I9HVHyyWvuk6xPsl3pBAaV8h|https://lh3.googleusercontent.com/p/AF1QipPYLX9rCKkkZnUYv3kDbmbVqQn3N5HD0gemph1z,0531-415677,https://lh3.googleusercontent.com/gps-cs-s/AG0ilSymA3SGB3VeaUDn2N6ZeK0QHqWOB635W5ZvzN9dqO40btXib3eE4VoEU61j44bvZHumFsEt88Ky3Neb5FX1mmHbYjTGO9gb9BvD4GCQgwaujpx-Ua2pzrZPEZXN4KJFonb0ZY5MJ8n31NM
"C, Residence Majorelle, 6 Rue Al-Farazdaq, Tanger 90060",Edenz Spa Tanger,http://edenzspa.com/,N/A,"4,7",https://lh3.googleusercontent.com/gps-cs-s/AG0ilSykIs61fOIR_ql8FNKCM6HwasCk1PxfQLpGbVEZZwFkLZ7M-KuPpAxWgNcOac6gKJdPWrXrjhur1je9-PAD3Y7sPNVYrOF7fGTeYN5d_6TulXIir0oj1GjewuuoGX6jO32E9IrQ|https://lh3.googleusercontent.com/gps-cs-s/AG0ilSwO5dpIsTTOXDBpGMUh-vdtI7Pajr44aRSsxbPPgQg6aMavcqZ6QOPf9acOdeOgeeAiuP0KLoAqxOwR5h-zzh3N0OUjavqihZhS5Wfl8UDCaKuIFtYiKIoAPn-J0iUhMzj3JFtM|https://lh3.googleusercontent.com/gps-cs-s/AG0ilSylvNkPXbS5DuP7fckhZoxH07UfoA6GOsDGwiKr2rtOru_pEomtKkfyRHBEpAMypAbEHp5crEBNGt8oEK8OpFu3wibhRaoaWgeYA5LCzhXzqvkDikKhU3E8hDigmi39opMHa-_u|https://lh3.googleusercontent.com/gps-cs-s/AG0ilSw1WzptSp2t-PW5o3Kjl5QUrDEJTmy-EGPlTfgE9rbr3nuz3gk4jiHefZX3jBUSarLRQbQhAeOTly1VCGplu7PUYkXoQqvCKR7yj02pPGN8OyDludHLgL4iFcdChnUHv8azX6eO|https://lh3.googleusercontent.com/gps-cs-s/AG0ilSzUWExAgpfwTo4eHczO1EybUCzoKeaQMZNtyeLwaajC99uGGy8y3LTtsnAzDBjrKFEgdtJ60XSLnPBI8QUO8AXKSbAFWFVriUeheo84EqBnHPL0vkgf6Cy4wXLSNls7Pbwa2T5EfAQGXhTF|https://lh3.googleusercontent.com/gps-cs-s/AG0ilSwyO2pnZQQn3mM0lbcEnaXlq13Hq_KhFiMbe_bo8fg8iOLErXx--V29GINMFpx3hHV1Pl0nvBw6CqcoWf7yGo83OXhhTvIx-ajVv3rl71RLYaxlD5IVy43I9tz6Ewl--Q1McO1v|https://lh3.googleusercontent.com/gps-cs-s/AG0ilSxEkGHYAu3v9rFwqJajjtjatkBRtuntxmTy7rue0sKzx8AzZWy8TevFr3hj1MTuHkZ8bb3SmN1rMXaSqYaMhSshL9mdjHIxq29wpH4xk38D-cAezqggxlj45KbKoTcSguUJ-Th74A|https://lh3.googleusercontent.com/gps-cs-s/AG0ilSxim3cHswzP3BENjP_1V_rxOMstVeskiE6ZGZ_MFrZSJjhYy-hx4wiDhcnphDV5En8WpT4sH76-vtEqqUab-8MkD-MRG85nIJqUWnfCQakOeAkOHWZIt6gs1qD8G5bhapzUsnM|https://lh3.googleusercontent.com/gps-cs-s/AG0ilSxeEGbCtmw8eU9Vfp18XXaVicOV7-cf2wE14Jd20_zRNgOMWQP966SFpP-9Cd7uhzCwuLTNHdkL79n87Enebyp9mz4HfSWJEYkPShBUyl-3FaA5_eBV3jDd7z9vItkpYwr4At5P|https://lh3.googleusercontent.com/gps-cs-s/AG0ilSzzNQGBXWKbjzevM2kkhv4n3F5BiWlErPROu_yizmOovLlVKtLmxuQTwZQD7pbdBQ44ZBy3p_8Gy8yQthZldD30qby2f_1cbqDAxmX2_OehI_l5CJjyFa7RV3ekuedWg6LGDat1|https://lh3.googleusercontent.com/gps-cs-s/AG0ilSzEpafJ10q1g8GfmlF1RNMAzuj3CSmDsnYGa-ToloTOIgRdv_QCl4Hk6yPDXPVj46017nebVYO3s0iEyR0EChfM6JG8YOyl6gC9M8Ecfz5Jjxrjo3Dc9GpaIuh_h3UtjtdBlcjf3A|https://lh3.googleusercontent.com/gps-cs-s/AG0ilSwaX7OclEvCUFz-beNN464FburS3WDfYHRbWM75HrvCM9Ex-P84oHSZTRKfD-G1-2mdtpBtaL3RlYxyHDFu5uVup097rZjHX--xPubDECb1U8CVLG-Pbi0p0b0ymuE3fytdvWdd|https://lh3.googleusercontent.com/gps-cs-s/AG0ilSzVAJxtZQTLZXJdjv_Sml7PPyJuIGsEhI1ufh_jv8DysQSQKBC6NioDzjI8V0xJtJCxm4OrJyxp-rLL7bWyKiSW2lH9A2NwOVsEHk3TxEYN24Bk1Yz0dR2L1SyIzMk1kOCPgO33Lg|https://lh3.googleusercontent.com/gps-cs-s/AG0ilSxzU1bs8r8yj39UE-jDRu_-2CnjIGUlZAycrLQ3yPEt0hkBFva-1HcJKqpLtI-nOp3kqFC_dKyGvGAbcwQsT4xaUnjhdvLaPR-L-FW6iKO1MQ8Wx4dpei94embvhIgPKuqUh_4|https://lh3.googleusercontent.com/gps-cs-s/AG0ilSwRbI1dttozbXacCdSBnRU8nSasBljHlzgmGIuFpbaa-40QMLqvPQfbKpzvhlgj2VAs0pLdHQLT6z_kOoBaUtJZBpux-n093zoHajQTfLpDOXOo-U8sBlryugydP3DRZWnWrac|https://lh3.googleusercontent.com/gps-cs-s/AG0ilSxWM_ywYDYvs0CLVB2RiPWq01HttMERzBJ-XgeahDZC687_FZ_1Mgqugso4a2E8OzNE0AFySXjmdr0gajNFo25sMw3SvXZN4PkIRiqGbErIqOiVmvW1nl2iFTRcAsk2hf4YhZCS|https://lh3.googleusercontent.com/gps-cs-s/AG0ilSwXA3W9rKCSukxO_b5M01QBLH93VhJH3tbuQu8RzDnIlNGtJ4xJx0naZJyVzayr9pHfrBDSKq6rf1MMV85eDpPZgigsspheGZ7GG5aSjC39bUG6EaBAftRaAghaTTyOJq5_v4jixA|https://lh3.googleusercontent.com/gps-cs-s/AG0ilSzVQerTdWABApr9PNC6TAZKrbEMdq-IyTahdV5M5W89hmvyI5WXIQEUJufnsAJFG3iOPpagUm3cRpb1WF4K8cLeU7rwvKxJS1YrGZApSBf88kmUJYb_daquv_stQgD5owmosM4v|https://lh3.googleusercontent.com/gps-cs-s/AG0ilSz4WntF6l4Cs_UID9-Lw_BbpQrBYc5HZC7GFw16cxTHDEnc9VvJvkUbrQnfzGpo68xCi23IfzNiTVqZGX0poFKdEVekRRvCxTrpu2eZrtj6dH1I0xcUohl8VK1gCQXYREo_JZ23|https://lh3.googleusercontent.com/gps-cs-s/AG0ilSwlxHgRj5IgOzjdhhoRTK9upqTbRN7Mj5oIkfJ3yow23WWinl9rtQqN2Yd2fI5RbRy9p7QwoKhPCaYq0dEB_Nou8_hALIjrljPecE9VVTpCmyygvqUAiiJCvukb5bXuJv20jPqIvQ,0661-849467,https://lh3.googleusercontent.com/gps-cs-s/AG0ilSykIs61fOIR_ql8FNKCM6HwasCk1PxfQLpGbVEZZwFkLZ7M-KuPpAxWgNcOac6gKJdPWrXrjhur1je9-PAD3Y7sPNVYrOF7fGTeYN5d_6TulXIir0oj1GjewuuoGX6jO32E9IrQ
"Q6CG+FRH، زنقة شاطئ قزح, Tangier",Hammam Chatt,N/A,N/A,"3,8",https://lh3.googleusercontent.com/gps-cs-s/AG0ilSzFvf_uDP_H6xxKCyuWyBnXasDOlT4PSQbRrlNfLlHrTaxtJJL_QDC5FjxIL96EEM77LR2SHep2332tJoeGJ6ZF2RFr35VkOeLa8p5XbngNW6zaoZR1Z9zun-rYrej8SH5tBDGPbQ|https://lh3.googleusercontent.com/gps-cs-s/AG0ilSzv6GtRFKlj_0_HQ_mVc72PmoDy1aKtwQZoWdd49PKPwRIBJJChQU9np4cxDTTxLbmeY3iASJP276iV06xa7_7XhhyaRkvK42SLbi7Ty8Asj6RPrzhKfQTF72cGscuOJq4c1dxL,05393-02154,https://lh3.googleusercontent.com/gps-cs-s/AG0ilSzFvf_uDP_H6xxKCyuWyBnXasDOlT4PSQbRrlNfLlHrTaxtJJL_QDC5FjxIL96EEM77LR2SHep2332tJoeGJ6ZF2RFr35VkOeLa8p5XbngNW6zaoZR1Z9zun-rYrej8SH5tBDGPbQ
"ap.G، L mouna، lt . 42 et . RDC, Tangier 90000",Cristal spa Tanger,N/A,N/A,"4,4",https://lh3.googleusercontent.com/p/AF1QipNKrq4QTzUTI6i6IPv8ipA4PPiggTWrb7Zfwuc2|https://lh3.googleusercontent.com/p/AF1QipOw3B5m_IVYZFmx7_fGNu3978Z6bg74-EQHhiDB|https://lh3.googleusercontent.com/gps-cs-s/AG0ilSxUt3NwFoRxHNNbBHMSS7hOEsyvzmt52INxULW2XilPNw50ireSeRvgXYQz8_whhIBw6r6XkF91dL7_Ojcnz_J4RiZuP21vKYkC1YOQpkfUqC4vPCaIw9cbvPawYYLMgwBQC-co-A|https://lh3.googleusercontent.com/p/AF1QipPTjC3qXJmzTrI9LsfKGiZKbgNUG0GmqbMQxNEr|https://lh3.googleusercontent.com/gps-cs-s/AG0ilSzAUi4Nk_7PlnxHZuDiB5UvMJlee49kZBrTUo6PgKuzJtwpNTSriR-b_chOqGcMgo5_zIxXJ8nzaZkoJxwWOFlOpSO7WWpEqE7ZUHCpEM1xtVtYDBlXJdPDf3N3heCPRmq5QIWQ|https://lh3.googleusercontent.com/p/AF1QipMDqLEA0IWp3XLkI9spoyOs3A0bQHk19rgDBEm-|https://lh3.googleusercontent.com/p/AF1QipMbpI-2GNnfOD-HZhl3zN_HPS6lCU3w-BNjd4bY,05394-29182,https://lh3.googleusercontent.com/p/AF1QipNKrq4QTzUTI6i6IPv8ipA4PPiggTWrb7Zfwuc2
N/A,Basalte Spa,N/A,N/A,N/A,,0606-160165,N/A
"Rue Mimousa, Tanger 90060",Kenzispa,N/A,N/A,N/A,,0660-636467,N/A
"124 Av. Habib Bourguiba, Tanger",Mary Belle SPA,https://www.facebook.com/marybellespa,N/A,N/A,,05393-36408,N/A
"Av. Aicha Moussafer, Tanger 90060",سلام,N/A,N/A,"3,7",https://lh3.googleusercontent.com/gps-cs-s/AG0ilSzT3gS42pimU2WEDLeMxQdfmNDcLcKBkY-6tBKepwTGFwne8weOkLYYK5qBZcUuXvpcxV2CUw-6PgVWCleDL2WcOnX3BZ-Ct8UVu42mzNtKzdZeq8PKUep7oSKKz1Sz9LUpKPcc2m3oG7y1|https://lh3.googleusercontent.com/gps-cs-s/AG0ilSxezW2h5hZ9ebrg6NQBkvI15aU0tZYzo__UX0gIppHEOkbPeGS3VWhkpP1j_l7f8LUCfHmy11W81YcpPcs31I_GL6OOyUdH3qACNteRRr3RQsf3vnk6t7XSBaOt2hHJoik7WWl5-w|https://lh3.googleusercontent.com/gps-cs-s/AG0ilSxSV6l_TbcbWjG1x0CjB3u31GYsBhm2zxZgdXdoNe2I9rFHUvNhUL5kewDVUJB22TqbQpIuMV0E1P0SQWZ5z5KIoP--snwvBmjaLD4SxgH97DQ87afwuY3WHd97SHSr-iLbBfutTuX_uQo|https://lh3.googleusercontent.com/gps-cs-s/AG0ilSxn_J-5-YOUt-0hCweFFaL0Mkc3Yv-puzw3ZKOGDjNjrEEjyO8jD2x3tlC0R3X3qznkC9SgKLd55kcbIWj1RbheR0WYtEmA1S1rU-Ctl2uX9B40kHuS4nfEVGcdDakgpWWBcTGa|https://lh3.googleusercontent.com/gps-cs-s/AG0ilSwSUurLZ-UD5u55Nbu4MF4TOUuhkruS_uTOstfsPSnlPsOJNXNiXl8WRyflwwebYov1KT7zURBktRhKPvmXIpO9lGVBST00uSoI3oCR9EvIh7DaEF1U7S4klauee00QKO20zB64LQ|https://lh3.googleusercontent.com/gps-cs-s/AG0ilSymgP_uml7xxYl-9NQEaI19yD7zw7R0pMjVeiBkd8eqsyPd_-GLJ8zllX8ulImltas3ZW_1L-KcPdD87VrK8qlI9SgU_jXOhgjf62MHtkXgCno12rE31oN36dlJXHvcPvj5Wsh-oQ|https://lh3.googleusercontent.com/gps-cs-s/AG0ilSxYaeH5YkfZuLBPiDY0YAb3sZYBL77WXsDRIpUoM9hwE5FxQy7aCii73q776QD_MZbY9WzQq2JfkiMXDemxLxSpG1BzqYIqBUFrRkBIdjs8IXQQLmR_C2ZZskFoE0ndfZvk648xBigNPOZ1,N/A,https://lh3.googleusercontent.com/gps-cs-s/AG0ilSzT3gS42pimU2WEDLeMxQdfmNDcLcKBkY-6tBKepwTGFwne8weOkLYYK5qBZcUuXvpcxV2CUw-6PgVWCleDL2WcOnX3BZ-Ct8UVu42mzNtKzdZeq8PKUep7oSKKz1Sz9LUpKPcc2m3oG7y1
"55 bis Av. Marrakech, Tanger 90060",Diamonds Beauty Spa - Hammam Massage Coiffure 100% femme - Tanger,N/A,S'identifie comme géré par une femme,N/A,,05399-54854,N/A
"Ave Mohammed V, Tangier",Bride Spa & Beauty Tanger,N/A,N/A,"4,9",https://lh3.googleusercontent.com/p/AF1QipONkHO9DmCJFXcDaXlZvEkgmbDe1IUO50XjoKIp|https://lh3.googleusercontent.com/p/AF1QipNOXMC2Rie8fEmPLDNSap40BcvNO0x5MgZ6ux-c|https://lh3.googleusercontent.com/p/AF1QipMWe4kc3L3IQUQ4G-kvt8m7hhtf9Zab4E30LH8O|https://lh3.googleusercontent.com/p/AF1QipOTVJB9QydbN1CYVGBr61kF72IZtXl3LUt8bIoW|https://lh3.googleusercontent.com/p/AF1QipPtiS-A4qaKZF9Rz4D0OxIgwvM4LNdfrJG0dMN-|https://lh3.googleusercontent.com/p/AF1QipNLSQfOP5ygZOpSDrCoLwiGU5Zb-jjClACk25_c|https://lh3.googleusercontent.com/p/AF1QipMaNhmvUWLFHY9xmllK8QDqo03pruQxC5Uzr2df|https://lh3.googleusercontent.com/p/AF1QipMYRk-Mt8XT5DFR71zV_JyxfeAuDBRALTlGN61i|https://lh3.googleusercontent.com/p/AF1QipPzaz-zvtmWd7Xf0XJ6VTsEsKDowHLS-D-7qzhd,0630-017575,https://lh3.googleusercontent.com/p/AF1QipONkHO9DmCJFXcDaXlZvEkgmbDe1IUO50XjoKIp
"residence tajmil, 5 Rue Abi Dardae, Tanger 90000",SPA & MASSAGE EZEL TANGER,http://ezeltanger.com/,N/A,"3,5",https://lh3.googleusercontent.com/p/AF1QipMG7RH8nxLIYq0t185-Toioj7S1PqFSOi8HNyaH|https://lh3.googleusercontent.com/gps-cs-s/AG0ilSytr9KNdpfIhJYDVEeRSgnaKkchmMY0lS1Ks55S6b-9RAa8dpRoo3u9cCmh1fo1i8I2_03nsXpsWUju6bM2pJptwH1GoCvs74_5lmIVcLwYa3YbfaPH9THv6qdSrw8YRLLQQNX7voLGeH2_|https://lh3.googleusercontent.com/gps-cs-s/AG0ilSwWzEZrsiZu2H-sbKbhT3ns_PzfW8WqnJFKORXiwIP_s9Aa2S5z4nQ_aMlPeRoLubSdTg40sUxZi8Pk7_93jIsn0jO6Ba-cNXVYCjP2c-EbhNqhR9w0qiZVqb1RcTMaAOhZcMj8WRv0kfpa|https://lh3.googleusercontent.com/p/AF1QipOVzooadUyeklxc3RKYD7P8L3ahcYJd1h4uvmyJ|https://lh3.googleusercontent.com/p/AF1QipMtaw0bzzLr-S_8i0KONvoBzquVZSiZ-1GP1p5x|https://lh3.googleusercontent.com/p/AF1QipNg2VOknYqLA8GcQQEGmc67NPxr2MgqT7HmEDBk|https://lh3.googleusercontent.com/p/AF1QipPhLnrqc3WN9d8SRiyo_E6T8Lg1IRfsId_V9PG9|https://lh3.googleusercontent.com/p/AF1QipNec3u5dydNqUO26xHMuAMjdCQH4Bb4AaZsbSKm,0531-246200,https://lh3.googleusercontent.com/p/AF1QipMG7RH8nxLIYq0t185-Toioj7S1PqFSOi8HNyaH
"Rue El Ouchak, Tanger",Maison Jouhaina,N/A,S'identifie comme géré par une femme,"4,3",https://lh3.googleusercontent.com/p/AF1QipM1okUgYUa4Al_rHLf2Cg3dZ84LGTeDRbee4M7D|https://lh3.googleusercontent.com/p/AF1QipOh-n5RWYDYOMCelD8iTjP7_NXXfmhnB7a6X6mm|https://lh3.googleusercontent.com/p/AF1QipM7BUwpoLAoDf94Qr5xEWJY3zYwOFSb3KOV_Mm0|https://lh3.googleusercontent.com/p/AF1QipO8r13d8qaXoZ2KoPobUicgZ4Tf0c2AHVCoEMha|https://lh3.googleusercontent.com/gps-cs-s/AG0ilSzIrARONSvcIAKc4dPBmNopO-YCcJ0X4RzYi_orSYDZtkl3S_WkgjN9QpAC718t26yGzDiVVKOfMv946Eqo-XoPy0JhPsZtdKD9krE6wbOjVyBFtcIwqNTbf-U5W2TiO_PRVP0|https://lh3.googleusercontent.com/gps-cs-s/AG0ilSyGw4VvGIZzMOXeMYYjnquXRXvtxqOkH5ngk5hU8B3pdWiMO-dAI6Ke564eCpqSXIj-llglKPTGPwbvnQ3X-mYcYBCwYg1vyKkuMk5F395cvK2wG6ewjTey-s7TaLR4VtN0OgB2|https://lh3.googleusercontent.com/gps-cs-s/AG0ilSxXAqCh_AOlhb0g1pcAxfG4MGvjwSH7VFvQrvHS_VDbYZxIkZW2QiW4TZPDD6f_MzlX0AG26TgY2kZb4CnDIFaiQXwBl0hdTvO9A4jxARR3FmGCzbPA-WgdycDjDCDgoATaRrML|https://lh3.googleusercontent.com/gps-cs-s/AG0ilSx1VhfkniIvcJ81vgQVNDD1TOz6Dpw1YwjRUoBqIm5T7CIusH6HpWj6y7S5oykUVjSfSQpVsij2wIINRWb0aPlqj-m5ySm-x5Ts1chv-Azow06zRg5udwHJfsSb29qHO6Zt-eJQPqmTTFs|https://lh3.googleusercontent.com/p/AF1QipNAuWYRnHvXTVy-Lj66GoI3DVir8_bsscWq4uMo|https://lh3.googleusercontent.com/p/AF1QipPzg44KQV8NWdoG8ZYr4gfNKscjtttGejlbnysY|https://lh3.googleusercontent.com/p/AF1QipOF4RUBISi1uYpnd8jzT6DFnwCKrvRqPwrJuolj|https://lh3.googleusercontent.com/p/AF1QipObHTuTdMaq7nqP_8XZI1pjUdVZe6PI5A8NEZrf|https://lh3.googleusercontent.com/gps-cs-s/AG0ilSy2YHTLQa2YjzcnjHPovrYMjXBcxMdTLYVyrFQrGEb_NKTQoNJNim5OvqG28VKmxElMCDoyZhMIFypcEJkqfsVnNrf7PhJi71AX9BeMOocvChdmE11sxrI7I8a255rQ-NJmqNQkQQ|https://lh3.googleusercontent.com/p/AF1QipMYdIXi264-GtWVtX-TYHGr0RnzU62oObx4qmSe|https://lh3.googleusercontent.com/p/AF1QipOChKBtbc3Dn-mOdQzaDS5LQqg0S8p9wep2dL_O|https://lh3.googleusercontent.com/p/AF1QipMgipEAf0LBbXSc6lcTbTYZ9Vt8228SIV9iDlSf|https://lh3.googleusercontent.com/p/AF1QipOEmNIK6qWRvlnjpV5PKE-pmA1KF0evqX_L6hXN|https://lh3.googleusercontent.com/gps-cs-s/AG0ilSxRuKyleAi0lCUv5gzTao2I_cYEsPuSQgv13vBFZyDtStYESPC-ukP8l3xmegZVqAglwUxScy3ph4JVYxnP1GopkevMMJbX9t2Z4TcnF2BPnJLP74r0siwGbaPeorF4_-oIfTGAhUj__mxi|https://lh3.googleusercontent.com/gps-cs-s/AG0ilSyQRMaZC6cCNP_PIOBfvmbTpFTBDawmUi2DskfywNVZ7cBPuoGHtv5nZbdYpd_3qu-KD7XQjlUL2Sj7FmSAMC7IMIJJL_UZX_TWopU0VMOqqQC8ysQ2nMW_W1IkfKRoZp8TQ-YxFGnX509p|https://lh3.googleusercontent.com/gps-cs-s/AG0ilSz3Z7Pz3T9SKG3SHU_2u55emkcbXe7tKd7FZGk_NPNiQ856IBTDeaPTZciwmgTJ8uKBNN-L72y5ARumim6ruMp4qJZF6WtK8n9quybGnJSi0bPBa8SG1oFd_MgtDCbIMb65rLcyrXd56iCS,05399-34427,https://lh3.googleusercontent.com/p/AF1QipM1okUgYUa4Al_rHLf2Cg3dZ84LGTeDRbee4M7D
"171 AVENUE MLY RACHID LOT SOUANI 4 VILLA 1, Tangier 90000",Victoria,http://www.facebook.com/victoria.spa.and.beaute/,N/A,"3,5",https://lh3.googleusercontent.com/p/AF1QipNiUpUMz2Z5IMm45zY-JM6Y9Q3HPeBjYgDL1ZPh|https://lh3.googleusercontent.com/p/AF1QipN7NWquZTcd9sLSogbjwQvc8DTFSAL6nWryKisZ|https://lh3.googleusercontent.com/gps-cs-s/AG0ilSx_RLnwzNEElG_qjAoIDhw0yT-hAqyTpM4e98hSu_kuuV8MLhlzkZZPcbsTUHYfetVg_BtQ9R1KSey59kjZ87k1RGMfVQR7kvgYFC_zLHB6ihhRGy2TeUQGXLo7GV0mzVXmaSiJEv_ddu3D|https://lh3.googleusercontent.com/gps-cs-s/AG0ilSw70CtoJyzQIMCbaBoIfb8COlRPl4RHZg1Q6_0LgdzMNmtNTNXmTtXZBkA7pbNK0814ptTj29mWU--4lpKfh0u5Om4Kta8055Jm8mqzGsbcT6FhE38Qp3lyoEL7OLtHO7mEKMMr3zRVpM_Q|https://lh3.googleusercontent.com/gps-cs-s/AG0ilSxV9KMsMeeBQ0VlFJ3mf52Gi478OLE1C5VMiQQ64OBkOlP21nOS3aZUIbnKV5oqvRx2JJ150sZyf714-Hj-qC3E6gTLvWjXNtLyeH10wPynJ2IX68bi8zkMX3Tjehw8DEKKz8uC|https://lh3.googleusercontent.com/gps-cs-s/AG0ilSzCW76GT7DcQnGTpuZnpmNKeZIXeAWk6tSvkU2g101p_TwlJyGWmICWjvXayueMJcNx1Zf4ik9loRd88OEopwuV8tEStzbfY4Z0R2bKN9ksbei2h6By7UL23fD5MOjW-os4KOHV|https://lh3.googleusercontent.com/gps-cs-s/AG0ilSyBXe2hhdaj_yi3vct0g7kaauyHp25u0JqHw_IlzsUt51Dq9qEr5TKEgKGFjEJ8r7rb08de7Zs0t7uQjYZyBNvX7q-g_5erVBwtLhItDiYyVc1xGmfxu_60AU-enIExF-a9RA6nGw|https://lh3.googleusercontent.com/gps-cs-s/AG0ilSxhxl5cdAy6dX6k0e2Dmz3zarJ2ao0xJn9kNnAh-Hi-dfXXd-9nDdDHIOpaSCbPKQMV22iDe_-8ArI1IdlsOsmGZIi4KAKliVSJeGvdkGfG00neiuJaSqMIOI5yw0gWwRKqmOc,05394-28584,https://lh3.googleusercontent.com/p/AF1QipNiUpUMz2Z5IMm45zY-JM6Y9Q3HPeBjYgDL1ZPh
"6 Rue Mohammedia, Tanger 90000",Chez MLK beauté SPA - Hammam- Massage- 100% Femmes,N/A,S'identifie comme géré par une femme,"4,8",https://lh3.googleusercontent.com/p/AF1QipNt9MY6JHZVmBR43fzxlx8JmlLyLYBWMFdq-U8k|https://lh3.googleusercontent.com/p/AF1QipNaXX5zYPKDa9IsyoYmzqlP68FGa-dhiHaS7pEg|https://lh3.googleusercontent.com/gps-cs-s/AG0ilSyaOadg8bHmMOstoopwYdtTWbD4-nM8m6ccih38muF8tg6HP7i5Fv8jfx016E4MWPcV-vq6kxadu1eHj1QGn5vtvrvUgUEZcq9f5liMf1ov95BqtjaV-0UrS-UREGIPLSFlbJ8Uojgd53KC|https://lh3.googleusercontent.com/p/AF1QipPIQttjd4Loe8B33eg60xr9WGXPJ3KQxgX6H8ZI|https://lh3.googleusercontent.com/p/AF1QipMccRTNuzJeZXAQIIZNSkZqG_C1gt_CXwS2MYky|https://lh3.googleusercontent.com/p/AF1QipOc53Otkd-MWxdKCdxa-VMmrJH86NUKjeNMVj2z|https://lh3.googleusercontent.com/p/AF1QipNwKdXj_sDpMCGyluKUdzOsoiKRKDzPce2q1YRi|https://lh3.googleusercontent.com/p/AF1QipOtkpz9hBvT-KUj0tzAqN-H6z7lIeU9r_rf7H7W|https://lh3.googleusercontent.com/p/AF1QipMnji62GQfqPz3PG_EArf1okXqvbfKwp9rv9T3V|https://lh3.googleusercontent.com/p/AF1QipMoY4CBf3_cc9Nq81mjFX2BRAGiw73Z2HOXDD0N|https://lh3.googleusercontent.com/p/AF1QipPHUYecsbmA-pJkLicysEGycS4D1TrnxjXt-rqM|https://lh3.googleusercontent.com/p/AF1QipMXvE0vOWpDVzU-0CVfrYxfGZsTZGvhqbLDc8qg|https://lh3.googleusercontent.com/p/AF1QipMTz_DoZTx6WNLLCCJ5pAniL1ijCo8iD0BAyt2C|https://lh3.googleusercontent.com/p/AF1QipOINXvPvBA-TApmOTnjXdk1ThQo3XtcR5_d2MIC|https://lh3.googleusercontent.com/p/AF1QipOHiYlpgq-qzeXUDiD8UWtTsk3hm2hn7cnzHLnB|https://lh3.googleusercontent.com/p/AF1QipNNF8hudbiZD0GPtfb5DqpV72F3oBR5MSjq2dlf|https://lh3.googleusercontent.com/p/AF1QipMc63SfF36PJR5XaLjR-_EQ3mRYXgvsVdTZp_uA|https://lh3.googleusercontent.com/p/AF1QipOwYqfHiTqgnwe--GnZDDCViXbLbuVybx3x_-xo|https://lh3.googleusercontent.com/p/AF1QipMWdKsAN9m5DdtplXtMDDFDPfaHwP_8x_YYIMKx|https://lh3.googleusercontent.com/p/AF1QipP3ZFwwyOaGBIx7M-143kVX41nNn_54Yi1LxerW,0662-733219,https://lh3.googleusercontent.com/p/AF1QipNt9MY6JHZVmBR43fzxlx8JmlLyLYBWMFdq-U8k
"Clinique Assalam et Café Lahaye, Bd.Abi Hassan chadli, Résidence Rania, 1 Derrière, Tanger 90000",MedaySpa,https://www.medayspa.com/,S'identifie comme géré par une femme,"4,4",https://lh3.googleusercontent.com/p/AF1QipMqe3v1bZ_vHR52-mSKwBpzQDHd4FTpyX3xmnfg|https://lh3.googleusercontent.com/gps-cs-s/AG0ilSz_SXc6UjNOl1d7R3XvV_FDMuFrTP7fharpN_WI-xROUbiNZq7yLYRORbGyQ0swSPMFizDD_aHqbxZ60J0us8WIOqQ5F_ufZY8XYIDok7r7cnB9zob4-RIIjQxn4RQBnJXrSrea_Q|https://lh3.googleusercontent.com/p/AF1QipMcmUTXH8JNiV-9S3pqC_GyQfqHrOe8jQtIJjTq|https://lh3.googleusercontent.com/p/AF1QipNnKieRV-pC0ia0M6oKzh2aBfQg76W7IhWY7WiC|https://lh3.googleusercontent.com/p/AF1QipOAcZCHHRmmbkrwSLCYUxv5cOfA2qHaJrKk_nqf|https://lh3.googleusercontent.com/p/AF1QipMSmtJp-ZbNOf5UOChwrrd1E4OSH7BJ2e4fFcN3|https://lh3.googleusercontent.com/p/AF1QipM7cUddcOlJi3k5rOvPKZeyP2wSaCwftSMC8bux|https://lh3.googleusercontent.com/p/AF1QipM8BUGgqjMNSaD60TIKrWF0VyQnFuSkhnjV6d7M|https://lh3.googleusercontent.com/p/AF1QipOn21pAM-tbjUCrVpcsNOpDCMcGxksNAQHWpRus|https://lh3.googleusercontent.com/p/AF1QipMm6o5a2k5ZpJ4FE5iTqFqppmSekTsLFDkgOgOm|https://lh3.googleusercontent.com/p/AF1QipNCxLyuWzaUcYNj6M8JOLS3na7L2opBq-S1p7b8|https://lh3.googleusercontent.com/p/AF1QipMagMkITsMukXyj-_fch-VT41-Xm6gCBPCyr20U|https://lh3.googleusercontent.com/p/AF1QipM01yG4dbsxWsqPCugEzUeB54VqEfJE2VcFagKK|https://lh3.googleusercontent.com/p/AF1QipOsp4UtDIIa6ZNJNOwYXkfZwxB1TzsRgJ4XmEB0|https://lh3.googleusercontent.com/p/AF1QipPGnZwoXOqyrWR7_nuwdJQQQheL2c4hF6puEXZw|https://lh3.googleusercontent.com/p/AF1QipPC7Qeu_Mud_J53aoqWXnsZ4rv3hbNp5jau-Ebv|https://lh3.googleusercontent.com/p/AF1QipOjCFNDeYxmbZtUMN-FHdA5crODZG9ETfFoJpFs|https://lh3.googleusercontent.com/p/AF1QipMbQZSLuctsVZ_HN_vOJOdPj9rY2RZByptSU6Y1|https://lh3.googleusercontent.com/p/AF1QipNtA86oFViLIvp_7pxekyM_vv5nmC7ZcIeP4HeQ|https://lh3.googleusercontent.com/p/AF1QipN3sfMTRukNyGGPy0pnHhQZLHuykgldbNxjrzTP,0689-679328,https://lh3.googleusercontent.com/p/AF1QipMqe3v1bZ_vHR52-mSKwBpzQDHd4FTpyX3xmnfg
"Résidence A-Sakan, Rue El Wendal, Tangier 90000",Asfa Spa,N/A,N/A,N/A,https://lh3.googleusercontent.com/p/AF1QipOAcZCHHRmmbkrwSLCYUxv5cOfA2qHaJrKk_nqf,0648-532627,https://lh3.googleusercontent.com/p/AF1QipOAcZCHHRmmbkrwSLCYUxv5cOfA2qHaJrKk_nqf
"Residence Al Khir, 2 Rue Abu Jarir Tabari, Tanger 90000",Magic SPA,N/A,N/A,"4,6",https://lh3.googleusercontent.com/p/AF1QipMaY_2txT9x5ABoPjpuf2y8w8L6RyM7x6nF-P8P|https://lh3.googleusercontent.com/p/AF1QipOi7KAW8knXpE6iOxZlpbwQxuSrESW7S2RrSNYX|https://lh3.googleusercontent.com/p/AF1QipNMJHhC1IN7ofsl2B9vxqcAPv3PMGFz18IXMzE-|https://lh3.googleusercontent.com/p/AF1QipN2VbphLcTIfrUPtGLdWu5aOFYlleWFKHO4dYz0|https://lh3.googleusercontent.com/p/AF1QipMNJ7HGyjrfzg8-ABWie7kkHpVloMCMiFgP0tgB|https://lh3.googleusercontent.com/gps-cs-s/AG0ilSws_vxqbMKS_XL9zQTs6V53Ys3uTnygASMLHN3Mb2ocab7x_hEUF7bdJtg4MWFf2Q0t9U0l_1KOZXbDXu1odfBtyKC71ycygZAHiyIXGFT8bC2VhvJoCj8Oqjb_C2SFv2YNxAL6uj9WGFt7|https://lh3.googleusercontent.com/p/AF1QipOjB3zs2T1rPcUOyTSPDw8pIo6RqXk-TMv0c_HU|https://lh3.googleusercontent.com/p/AF1QipOREI132h2vJSObXEdiWmWit0e9BILli_q-gBRE,05399-45211,https://lh3.googleusercontent.com/p/AF1QipMaY_2txT9x5ABoPjpuf2y8w8L6RyM7x6nF-P8P
"IMM Najim, 8 rue mimosas, Tangier 90060",Nefertiti spa Tanger,N/A,N/A,N/A,,0531-300827,N/A
"145 Ave Mohammed V, Tangier 90060",Zin Spa,https://business.google.com/v/_/AKsrIN0azl_OfLuHn3ZJEs94pLfT9am_zGRDE_JuOiD-ztYtJMluZg/45c8/_?exp=1778401&myads=1,S'identifie comme géré par une femme,"4,7",https://lh3.googleusercontent.com/p/AF1QipP3oz98IuTtGtTKStHN2l_JAApPy-Ul_SdRNY0U|https://lh3.googleusercontent.com/p/AF1QipMjcWKWs-lCM3ja3wv7urvkBOOBXBG9cli-kVR2|https://lh3.googleusercontent.com/p/AF1QipO9C7nwfHmhPrRl35WPIY5LXM34U0O1WMc-sZj3|https://lh3.googleusercontent.com/p/AF1QipOsvVYb5S30z38ipQ96fKU5E0GupCwI8BLxN1zY|https://lh3.googleusercontent.com/p/AF1QipP1Oxfw-sQ8sCCFFPu-8uMuJT9hihn92AfJvPfV|https://lh3.googleusercontent.com/p/AF1QipPdDeCU8BBzyKcV9g-aKaM0Bh1EVeAGLjqk3xuy|https://lh3.googleusercontent.com/p/AF1QipNp_LXNfT9j89W4N9mp_2v2409J-X7-e2ciQ4ps|https://lh3.googleusercontent.com/p/AF1QipNf3_drlfCYtTNOQpqzplqQyn6rE-vmez6lfba2|https://lh3.googleusercontent.com/p/AF1QipORm38EWHE-tX9e671FBP7PcXKnyPMHpwdbKtl7,0675-270259,https://lh3.googleusercontent.com/p/AF1QipP3oz98IuTtGtTKStHN2l_JAApPy-Ul_SdRNY0U
"Lotissement al khayr 2, Tanger 90000",Glamour spa tanger,N/A,N/A,"4,7",https://lh3.googleusercontent.com/p/AF1QipMzQ0nBOeRloFG8KtinTvM5AzhRjq10EkUlkOo6|https://lh3.googleusercontent.com/p/AF1QipOrIbF5k0ZiTIvzL7x8TS9tBGSZtI01_CsepCL3|https://lh3.googleusercontent.com/p/AF1QipPrq6QwAPVrNGp0OumGjQsCUrZY6NJIZM43pDNO|https://lh3.googleusercontent.com/p/AF1QipPHqpmBUTnICYbZmEeTM8NjhJ8aDtmf6MvOTYEK|https://lh3.googleusercontent.com/p/AF1QipNARi8cXpfKQp31h3mtZfFdnBbKkGDPXVtAd6BB|https://lh3.googleusercontent.com/p/AF1QipP8cW0tH0LrERwHDGQNZhnWmGeNfrExentk0U6Q,0661-046152,https://lh3.googleusercontent.com/p/AF1QipMzQ0nBOeRloFG8KtinTvM5AzhRjq10EkUlkOo6
"Q5CR+CXP, Tanger 90060",GOLD HOUSE,N/A,N/A,"3,5",https://lh3.googleusercontent.com/gps-cs-s/AG0ilSxTbgewLh2WpAt4_6QPvF1fJVjqP1vVB4ELGMQXy29zAgSlqLDcPNGzqlWX-cDACqHJqg6K5UlUMC6nyUet-Ib5-lEpJFdA-f0dXO3BBtXZkNmSPtxVwrPaxC3pDddsQWjxTzWp-ka7Nmk|https://lh3.googleusercontent.com/gps-cs-s/AG0ilSwTZK_wq8piegP75alczpHd6idz6wsbmHTnBaHPQt_smIwSqo4OIZ6LhLzBgroVHpGcf3J13IccSuse8XXtcZZXUBG4ZiWStg7x6zzt5ExDJw6Z7LOhxaBJ2T7QD1zg9Fd8TqJ7|https://lh3.googleusercontent.com/gps-cs-s/AG0ilSy-Itz8O7229iqasqaJAZT9-wyEcc8F0ekvoRyOExgAB7TMsfL1zFcJo-BFQsolQc3tsmmzLwmLv55SH2_t4gCODhg8IPYh6eCs2cATwi2z5B3MKP04YBN9yJ--rUA0PoD3Zg|https://lh3.googleusercontent.com/gps-cs-s/AG0ilSxhbOH20MSRK85ztJ_vSgJPxCB9xbLmV5xK_-Ur2RQINUXHUrSGfK7HmDBH_bIsiMpGrUiBkHg30xXoQcnSB5Gfa15xAYyJ5NZZ1p3-xlj8HLDBiZGZZRr5acRlMm1rlzbqLxt2|https://lh3.googleusercontent.com/gps-cs-s/AG0ilSwA6NhXKV9oUHPt5IQKx6zQLBBulCvAcFPmF4AFFtwy3456u2AEXGzV3OWPShNYJ6KU5TRejqS4eRPzR4JpaW16KJVR7_ttWpFO6dL9mx7k4XV78U-hPDkWIissf7j0ZkNBIzqM__vIssCq|https://lh3.googleusercontent.com/gps-cs-s/AG0ilSz59l_rj2VMVv4TyDPgkpCYBnC5QuZoeaFEnhJQY9o4dfrEmQFK-dFOQSF4XVFGvVTqQCnR5b50rZQnmqhNlI1RIwp9K5RFNRkDWKtE_JPoB-easpAviIZAams4mxm1RNG-VRsSQRnSviUZ|https://lh3.googleusercontent.com/gps-cs-s/AG0ilSy8kE3HBiKfcAd7S-nsQC1cXPy99SI21Avfv3GnNbYyNd7f6hD57Rj7gQP5AjYs2D7h5_lIv05wkF6IlVVMLDegEH6QNW0ZN_f0YAJj3SG1Vl4BnDRUHaCsYM3SfGkrgLd2r8PJMB2cU3YP,08085-45277,https://lh3.googleusercontent.com/gps-cs-s/AG0ilSxTbgewLh2WpAt4_6QPvF1fJVjqP1vVB4ELGMQXy29zAgSlqLDcPNGzqlWX-cDACqHJqg6K5UlUMC6nyUet-Ib5-lEpJFdA-f0dXO3BBtXZkNmSPtxVwrPaxC3pDddsQWjxTzWp-ka7Nmk
"152 Av. Ibn Batouta, Tanger 90060",حمام ابن بطوطة - Hammam Ibn Batouta,N/A,N/A,"3,9",https://lh3.googleusercontent.com/gps-cs-s/AG0ilSwiqO1iasK6kFX9h1dOYlJ_92-tTOEHdgH0CVGYL_DbSt6f5REDX3zvYxl-gGoPLdYPdp7ajaX0wCtvhgtbyXWIIL8a_6UyImuqsgJ0xekrphxaZ6PZZD7Fc78UAWWybYi-I_o|https://lh3.googleusercontent.com/gps-cs-s/AG0ilSyv-hKKZCk54BoZP3opcKHeaCRvqjYUT05GiFIpqz11d7HGp_vzxS-4lzgHTfFb1WQISZhpkk7lG2tkbZ6u7FHhapQ_pK5vaddo9tUheuLdShjrk8PpU3eouhCt44DVseiAKWs3FQ|https://lh3.googleusercontent.com/gps-cs-s/AG0ilSyVrIqCPoHVYXzT2Mrqnsv4s7rCIcULYLDepSqF68p9-vTZF2DNUJip1tn1cO-zW9KtGBtugZ62OQprFuxTgCKjR9_TIi_jGikzzKIQV6WDeIrOAb0DqyHFtkLi6ctP4eLTYRRDeA|https://lh3.googleusercontent.com/gps-cs-s/AG0ilSyMWlvIjdcxYQBGbJSGQmpBoJmcv58CGhyFukv4J4cpWivrk6FCql6nMMzUnX4Fb4yr652XD-aOSZpz-xUJWxCdjCKZuxXXE2w1US3B2LjvzU4t9m8xlhiYmOSDhzNGh1ZAdaJp|https://lh3.googleusercontent.com/gps-cs-s/AG0ilSx4H22MXLvXud8_znUenZkhfF2NP4Yi75bLe205A4iyzsy4Xm6_hFLxSo2BouJr-1hQj62bfU8uSjIzECXDQGKzC0UysE1wdr7T-jksJKO5rFraIg_BJCW3r4onJi_sjNQcvSU|https://lh3.googleusercontent.com/gps-cs-s/AG0ilSzbYxViL985ADTlKwRBgXdJIKY6RBBjAq1afd24RIqf-J2Riwnt6hXCScoHAlQUfwOZzpz7Mgz2NK_0eK3pJBqXbMyZ-uGFEnIk0HkF087wQga6LBRmZDpKKsTZgkUd0RcNIxQq,N/A,https://lh3.googleusercontent.com/gps-cs-s/AG0ilSwiqO1iasK6kFX9h1dOYlJ_92-tTOEHdgH0CVGYL_DbSt6f5REDX3zvYxl-gGoPLdYPdp7ajaX0wCtvhgtbyXWIIL8a_6UyImuqsgJ0xekrphxaZ6PZZD7Fc78UAWWybYi-I_o
"Villa 4 en face de Asswak essalam, Tanger",Imane SPA,https://www.facebook.com/imane.spa,N/A,"4,0",https://lh3.googleusercontent.com/p/AF1QipOOAcq1q5EuTht8KudZsw4YnSjXvfwxi3M0PX7d|https://lh3.googleusercontent.com/p/AF1QipN71uqcj3xEQ9nQRitZQasj4KnFv5pGvc3i2Ssh|https://lh3.googleusercontent.com/p/AF1QipNkbh7ouG0ZEHX_Zgyhh7L1g2CCco9eRtM2VX3Z|https://lh3.googleusercontent.com/p/AF1QipOK2JXghTo_sZZhUwlKQFdz7goSMWSd03O4inxU|https://lh3.googleusercontent.com/p/AF1QipMomCSWw-guYCdVhqbA4pjxN36-mO82glLEA290|https://lh3.googleusercontent.com/p/AF1QipPk02qSykwSa7FMWO8L-dBsFu-FicnTPIfOcaas|https://lh3.googleusercontent.com/p/AF1QipNK0ETKeQhIxR5CGjNbiBMUaxPIJnmkrq0M2zao|https://lh3.googleusercontent.com/p/AF1QipM4nF7uTwf5wIe9X6JI_N-vclqHz9gUsv7GU2kc|https://lh3.googleusercontent.com/p/AF1QipNu5Q_mZEAVBaGBrS2Wmrsz6F79rA8rEhijXr3m|https://lh3.googleusercontent.com/p/AF1QipPR9WyHG1HywronPxlgOOpSKx_S3Y95bUkoF1Xd|https://lh3.googleusercontent.com/p/AF1QipOg7QyTZ-M0RU1jNMTImfpgLDGoiG1Y100sv5re|https://lh3.googleusercontent.com/p/AF1QipML12r4Q_OAN36PXCgAGOfsd89ncUW3LQvkkr0J|https://lh3.googleusercontent.com/p/AF1QipPAxSO7-bJbjfX1JZriqkjk8HBaBw8YnCB6KISd|https://lh3.googleusercontent.com/p/AF1QipObQX3P5_W9beckvv6tNZlAP7bmLxVVg3jqRkVF|https://lh3.googleusercontent.com/p/AF1QipMAK8sTPZGyUnH9Tps50w2QU-hPX3iUzvht-gqa,0531-050028,https://lh3.googleusercontent.com/p/AF1QipOOAcq1q5EuTht8KudZsw4YnSjXvfwxi3M0PX7d
"15 Bd de New York, Tanger 90060",MARIPOSA BEAUTY SPA 100% Femmes,https://www.mariposa.ma/,N/A,"4,7",https://lh3.googleusercontent.com/p/AF1QipMjY0-kqBJWJqb2gvBJOk1U9vKps8rs8pMpBd92|https://lh3.googleusercontent.com/gps-cs-s/AG0ilSxwq66tCtIZzKEZgRKLnwPGueyQcdDtk9LNVTD6h5RtGcgPqsdfM1OpfgYwQ26qW6Ik_pqFMLkv1N6k98LXO1-jmXSOtIdOKy_14FQ50-YlNZEkXDe-OjRXdrAb0c29KYdJtO0NGfOQYhmG|https://lh3.googleusercontent.com/gps-cs-s/AG0ilSyZtBhhndW94s4L7nKS2JXDimNIg8dKXsZ-WmgmjWIq80jjMtyKdvubgQSvglgBV_kyWTJp5JBXfkLs8gBBOmSooMcqbKZdNzhnmXUcIrMaMoj4NE91zAES1fEXg1CwiiXeKFQL2tzT7eEu|https://lh3.googleusercontent.com/p/AF1QipP9b7Jos2gjBflePnnXs1gIzawFBYbqV2kfXYHJ|https://lh3.googleusercontent.com/p/AF1QipO7EdDMKvpOPib71YIQ83LN2gXSJpqHh8FkMFze|https://lh3.googleusercontent.com/gps-cs-s/AG0ilSxDNrAuEDTmroUHuzm1CXgIMVgkI1uk0yU7r3tOFNOAThh-OalAlJWnS5I5joD2hZumshsr6P75-fx4XHAtW4nA_5Rvj_2KD8d6BGk1AyRi60nDoUrZkbeYiQ4wUEzEvmf5jZVOxXqHc1-B|https://lh3.googleusercontent.com/p/AF1QipPza_PvSWkyRCeilNXwciX7D74sYmN9FrOMTX44|https://lh3.googleusercontent.com/gps-cs-s/AG0ilSzLUpiHAo3eAG0mj3NbZnbhwUIHUgyV0lI20STh2MqOPQg4k-aZCOIyeWxzRoUCsgLlyx9xgTCBpCtHHMElJLDzkCB8zwDrf5ddFLn7tkulgpCurmrAhFmbO_mY7e7EMQbnjI2FyUsoQNM|https://lh3.googleusercontent.com/gps-cs-s/AG0ilSyukas9DOWuQal3S_JGydz61ycAfp7izro7Gr8uUqRaJIt-iZeIf3m86r4sfdQKdM8IPA_ILezqoyTdMgg2foT8B8XTRyHGejr5XhbB72XD81vIFTFsnaDv0v8LniJlbxpfWefmfUbFQlrc|https://lh3.googleusercontent.com/gps-cs-s/AG0ilSwWEr1cQIWcC4-b2FemP4pZKMCifS45YOhxj-IUl89mLOru9LMwskpxGj50yrtrmq7_7uHRGMCNjVuR3taJPp3DQnjX4ojRLn73IjeeVPabWVKv2glmEgQUE3ZAlyBrl-sEYwYZbFtyNp9b|https://lh3.googleusercontent.com/gps-cs-s/AG0ilSy5OzrdHapF4uw5OT8xilxFe0LoEZAbcqGMScPbci04YDtUQnM-2U3b5h0rzo-CciLIMoNEWEgNJCDL3X5B0tYiVNYj-fwwgRUrriaXKRfhScZ1888sby68ccHuIFQHlBoWqeXd4Klurb90|https://lh3.googleusercontent.com/gps-cs-s/AG0ilSy3gwzdOUv3_wF1k43jNByry52JV1r-YcoDP_u8c6S52ViXG9nhINh5JuvK7hWWLomug5M3mL_mCKWNGfnlBGg5tpDGIG_5JxsveJpFvn6r2bpJWe7fwHFGXCDhXG3VWA9uivGgB4cpP_NN|https://lh3.googleusercontent.com/p/AF1QipP9IvpJftj5xFow65r4wMwieZ58oqsCE6N30fav|https://lh3.googleusercontent.com/p/AF1QipPepuIZhcqhyfAUnxp9pri9Kn6Zli9PIPKcWkmn|https://lh3.googleusercontent.com/p/AF1QipO_28nR1QusInAhtfOG_mnSliRBw83CYttQLs3c|https://lh3.googleusercontent.com/gps-cs-s/AG0ilSy5y2CJN2g_GCm3SQNa5kTrebZVygwT_9eu5GYbP3XLiBQRjMRRQ2CuGmm2elGgj83nvL7aeRXfjTcRD4CKMdKTgA4plg_5qmJFs-vbv1Y4k-I6o7dXcTipaO1aodlmHlMFAVQpdBaPNfx3|https://lh3.googleusercontent.com/p/AF1QipN5Llac_vWURoImHg0dLumVS3UQe_42FVjnBoEb|https://lh3.googleusercontent.com/gps-cs-s/AG0ilSwfOucJCfurWrFBBLz-sZb6fenrxeviWbTiiLPhvkIYg85k6WON-I3SFik50_s19zCLx58MVY2sD3JDnwNH16tqf22sKP04VAOON4sYfkI7GQAvxVTo9jw59DiiiC6LPrG4x6wi7sEJuDyy|https://lh3.googleusercontent.com/gps-cs-s/AG0ilSzBjVUt02NCUjdJaotRs0CFca16eqFo4maUNMGltP1cXOVifYG6D0Fm0VVc_aUCe0bDi1Fbvx2WmLkfyvSIMj44L9CLzNTSqF_fpjVE7u0amIPHBO_hYPf9oxLHRs9DAbhzNCGW6dLYV6uv|https://lh3.googleusercontent.com/gps-cs-s/AG0ilSzUL4HskLWLdMBZSIRt-j6OAQvou650Rd0EB0DX3s-qbrL_2eKcYpR24AYP_UTdT2ffc3f7BX1YI7zcd3Nm0DOtvvCKxuH-DVmdXAOZ8JPMvkLHJGNTNdPSG_Rc9ixcJ_Ti0Mt4SgVO5ik,0662-871727,https://lh3.googleusercontent.com/p/AF1QipMjY0-kqBJWJqb2gvBJOk1U9vKps8rs8pMpBd92
"Rue Ibn Aajeroume, Tanger 90060",Quintessence Spa,https://www.facebook.com/pages/Quintessence-SPA/632896310188784,N/A,"4,1",https://lh3.googleusercontent.com/p/AF1QipMqPwoJVHGIypwhXFyx4_oBGN6wwbEb1J05PHyZ,0661-447179,https://lh3.googleusercontent.com/p/AF1QipMqPwoJVHGIypwhXFyx4_oBGN6wwbEb1J05PHyZ
"Q565+47, Tanger",mouna spa,https://www.facebook.com/MOUNASPA.MA/,Situé dans : Complexe aida village,"3,9",https://lh3.googleusercontent.com/gps-cs-s/AG0ilSxJ6sMdsZg9PTG2LdaMPIE-xwTZj9yGeshupFjZqghZsm50ulXfsyuTZjY-AIMMyohddqpz97iiQWph7zXB8iVKaLiBA1-TMxjgkUpcYVHm0jniqMrwvGvEfmjiGVCsf0qk3H8Y|https://lh3.googleusercontent.com/gps-cs-s/AG0ilSxs81hxRHyhIVTdbFQvx02i9luCFLbL2Lvox9pS5xUXLuQk5_vtmZ5yJE02aVorJUofWb_nDBB44MLNMkePOjMdBrhQdt9ZNIKVKevjfentUo5XKdedEoWUYt8IeCH6aYMHbkls|https://lh3.googleusercontent.com/gps-cs-s/AG0ilSwtDhMMUl_6umt6LHngSCjYi2wajGOLU9Sn88nVCiZayf9awFLDXYGjSj4rNXTtHyvGyvoVnyFGcb2tcI6hqkxa4s9aXYYZgnWxTlT4SXlfJFkJzfYLuY715-6YSA-XNE35xvHu|https://lh3.googleusercontent.com/gps-cs-s/AG0ilSwI4Gq---IJLHsHlbfC8Jb1Z2t-SxYOT9K9zVf-OaNQrIxhqu0uOguGmN9iRujJXkzRQ7dhJfkRm92kvsCri0kFsGvF2dj2Vm1gNHwSkJslCI9SWbF87NY2fZkflPbeZyrCEvZfhQ|https://lh3.googleusercontent.com/gps-cs-s/AG0ilSwsCjWVYTNvPqQzFdOMGoXWUYDvzRwBp8nJ8H1C9LK2tCAV-1-IpSHpj3zKJyPmNxC0_4wo_hV84tGHeql9xo_GbGitH7SlS_zvSUF65lB25Cbe_1sXX5YcmI7inbv56KSGLn06WQ|https://lh3.googleusercontent.com/gps-cs-s/AG0ilSzO1_m6rNx8BifEO1jWseD6Nz_O-w8IrrTRdi2JrxTAooRA6jBeNiLFZCgM9ToitkHhexSRN-AmoI4XjE-jZzZxio8KOAoIbyZgIx2zYYeJwo-hbJNWunEW-ezNpMLJLkKw7tf9snXHPCqM|https://lh3.googleusercontent.com/gps-cs-s/AG0ilSw8nQFzGICvkVK2JBe3SEtuqFkaNhX93v1QfLMdGbCiCEOY6iBk75XFGFkomzVBHjMcXPUMxLn7oEsQ1lclF-SmLEYmP42lZ6JYTVx31DunuxLOHLYTFPhSPgogxuo1_8XwCDV9|https://lh3.googleusercontent.com/gps-cs-s/AG0ilSwWHobOo1QmVstWY_6RALlM8ZRB93_VFI7z0Fddpi8j3irs53sgiELlpSCVksklhcR3SwL3plGVZIAvsrLYV6VNVya7VRoq5_qMWaI5PEC4LsrTDrVEumQAQo0miySQ7tzVounmlQ,0637-756892,https://lh3.googleusercontent.com/gps-cs-s/AG0ilSxJ6sMdsZg9PTG2LdaMPIE-xwTZj9yGeshupFjZqghZsm50ulXfsyuTZjY-AIMMyohddqpz97iiQWph7zXB8iVKaLiBA1-TMxjgkUpcYVHm0jniqMrwvGvEfmjiGVCsf0qk3H8Y
"Rdc N2 imm el fayhae, Av. Hassan II, Tanger 90000",SPA & HAMMAM chez Jasmine,N/A,S'identifie comme géré par une femme,"3,9",https://lh3.googleusercontent.com/gps-cs-s/AG0ilSxSDpCsWqFRRX8h7Qw-QkKrzJtSFdSuYujUBixPRBdF8_Mnm-bYpi874xWZvCGsqRmv7YkS-UfrYgYGorjQc_kA3EVFtZiigrca5Hn-QI9jznAfYhPgGdhgjdAYrQhLDBHOH0oeysmlXXk|https://lh3.googleusercontent.com/gps-cs-s/AG0ilSwlFKKiG1DRhJdCfdd8WN6r6QUN7FgTVc-rriFjnVfAtjEks8WXjDUUvbPAsds27R6GT-l29seRCcxvjHKkOvIM86vFfW0YoSINy7rANLJlZNZBA2vGvM-EqBhS7BEjRCRO-iEF|https://lh3.googleusercontent.com/gps-cs-s/AG0ilSyW46rm-umc2KWTft91Sq8rqwm43J_28Ccavff-cKcrUPH00DoyIY-iSAG52YmtBx2vPX0-aQDU982k0f7kSFchGsqSQ1X30tGfZYAeaBK3VSj5jbke_q330sfveh-YDtp2x4tuS-_tI1Pb|https://lh3.googleusercontent.com/gps-cs-s/AG0ilSyaNGSTZIIOOvvfAgjplknEPwTNRhjPz3-_9lyVGEGJAoRihQk2QpuX9e8E3b3QVzexpHNwvyA89FnW2CCZ3fnctvB1bJbzy2bo_z8ICAdap_3LwiPnMdr_V2NiDLAwB7Hc5tf1QQ|https://lh3.googleusercontent.com/gps-cs-s/AG0ilSxeOzpLdgNRQiBqbCbq5NkMbTZ42iz5He9zSYN2pIJhpOR35um33qN4Ej6MlpJwMrMwzRbKseY9L3A3ue_T7nMPWGQh9oeu03sY-IsESkvj49g9HkEliwLUfH1wKfOlMUU7ynhSEy1FfXtY|https://lh3.googleusercontent.com/gps-cs-s/AG0ilSxvOppOM9sPxwPZAsEywnQiH0ZSABk-1DDlKAG0-azXFbBjxR3qibgO5YzzMqVbvVDPFja7YYOFcbC8OwAzqZhQCygrhpj16H5dwaf48lKFx6zjmypho8tEi_njRODHiULWm2gHeWdDmkFb|https://lh3.googleusercontent.com/gps-cs-s/AG0ilSx01m5HDvytDqovmZgfIx_Uuh7q9sxFGeQjypdZ6PRuuAwCxleve4swHaXyPJzblacYLqJ1TelRkJhGTWIZq5rKVlejLNiV31RzcghXrpOlXDGTjk2aAXIx2fEohuQfueZIpAU3N7vJwPV6|https://lh3.googleusercontent.com/gps-cs-s/AG0ilSzENnU-ij8cFXjq4lrH_uWR_toMvKi9Mm-YO5TpBH3swPXHBbr8gWjOHBlPQz7l6O58UMgG-lw9nbu5xnIc55hVReAgxSLa4OVreTzXfxpCOSQj3RGU59cMYvomHTWVHW4bzinhmw|https://lh3.googleusercontent.com/gps-cs-s/AG0ilSxBkkNOwLTgv_akdJ0go_juZLuufmMczU3l56mAESWwRwLLsH0r3RnRAtJovekIqUQey-U5ZUTtEI26ZnhBWRzZvgrxNBIUeq11HJmoAQwczL5bra5eB-kei9HCzh_j4mUIr1pmbCqs7wqo|https://lh3.googleusercontent.com/gps-cs-s/AG0ilSxBJBfO0MVUs086wPj2boR81CsnmLID7Q990nY4Lqn3JF0yo5XxwGAlIwp1Qj3ONuZI8dCWyumPnBZnXT2CBEajbnCK-VsZWhgFOvIDUwCwV8EjxYwP0gcKUSP-VXae4Hb5U_E|https://lh3.googleusercontent.com/gps-cs-s/AG0ilSwC3QLz7zVCujd1JprYipQFP-nhJTUH99v5cFTtzXEDkvScwlAB7XzOTDBoNeciyY9Dgbs2o1rRfcclOUCofn2mtPX7dErYSSHkj-sj_RCxBWcLlgw0zzerHbh8PLs3DKR1yVPeaQ|https://lh3.googleusercontent.com/gps-cs-s/AG0ilSwd0U7zzIesQFzC0iBG-IPcfVI-rNX85F3cuBNCAP7bSyYcJeYioL6jqAI-x9U764Z8wfmgBT0_mRc8kKsqJeA7EYPK2u4ll9CH2CHnl0O_HkyAmTSIg6LUHkiOecDr0tPSQlgSkYR1RW7R|https://lh3.googleusercontent.com/gps-cs-s/AG0ilSxGalHzNKg_1JDISAgEnNgOgR58v7BPNRFOM2UH6dx4uEBTIQdEgGMEeOCQCAK9cOdN-kYRvCbOURK7Wgfn8R7prqgiNJ8CJBZJUkXSpWdxzMRNXCzw5b07WR9mL0BrJaeLQbfnlNqzPLGz|https://lh3.googleusercontent.com/gps-cs-s/AG0ilSyneUqDxsezMQYwTwFg564AFitOUzsDhKDyoAMm7djSwdjdI96XPAcSsKPqAM35PoT_6TSIOR8CInq9RuWQUPVleewVX-SyD6eFIJO1m5EWKkfIBOUqsnFEY1h7G3jHLVtVRV4GyQ|https://lh3.googleusercontent.com/p/AF1QipPaKwA5G0er7iCZhkU-UaQ75WAFJww7T6BwBMHO|https://lh3.googleusercontent.com/gps-cs-s/AG0ilSwYKJ1cfVSnHtXlbBIuEl0yaKCHixi01Crar7fLNabZzL-7K13oiLDaT0g-8c4PeL_JUoslE28dJrx3Gd9RFiBEaxQ-y_7v9tyAfQbvMX-FUdb6Lk-bOAU6Dq0yaQNQNIndALPliQ|https://lh3.googleusercontent.com/p/AF1QipMyZ0jSh46Djz--OB1lih3IXHY9f-9kKRdM9rkW|https://lh3.googleusercontent.com/gps-cs-s/AG0ilSwnrpoJ1sEi9gyU3gjlal2Yj1hImmqo45BwJABsQfVvDLFJ7Zoqi_YqD746GBDMUs15Q6qx8x3n4O9Hz9xcgQi6JCKxYKVMepSwUW_bo_lC4vAlfsU5RYBX1UWgCvplv41UxJbrtA|https://lh3.googleusercontent.com/p/AF1QipPI9tx3yMoo4QFUl1lnlIOgfYsbu0DzPl6_oHuH|https://lh3.googleusercontent.com/p/AF1QipOX3frknyD4kAji0KADpoP_ZCQo5JsfAWi9aEVu,0531-036508,https://lh3.googleusercontent.com/gps-cs-s/AG0ilSxSDpCsWqFRRX8h7Qw-QkKrzJtSFdSuYujUBixPRBdF8_Mnm-bYpi874xWZvCGsqRmv7YkS-UfrYgYGorjQc_kA3EVFtZiigrca5Hn-QI9jznAfYhPgGdhgjdAYrQhLDBHOH0oeysmlXXk
"Résidence Idessia, Rue Cordoue, Tangier 90040",Le Bristol Spa,https://instagram.com/lebristolspatanger?igshid=YmMyMTA2M2Y=,S'identifie comme géré par une femme,"4,6",https://lh3.googleusercontent.com/gps-cs-s/AG0ilSxWOZGBe8HqH6RsJFt-w2YF9Boj-Lncyb-qWg3sER0yMu_zv8MwSSFGMlLrCF2__BJHUvpsne8ESFFhlUzcWI9CZD7L1di0RxMCkSApHmAOm8OgBDrPuQjNVaYtkbc9BRiazHSg|https://lh3.googleusercontent.com/p/AF1QipOr0weh-K5p-ajbhzet6RNAyHY66cmanwbZThAv|https://lh3.googleusercontent.com/gps-cs-s/AG0ilSz-ckM-qAmxlZOvoKLVNUQtqwfYJBc04-R6Xi8EpVa_wHF4qv1ydCq0VzOe0yFM12INQg8ZDOfogG5KItwPQ9aYRGeMUIye_O5b_KgwwuyWZhOVYzGcTrWMy3PB9yt0YYE09Ds|https://lh3.googleusercontent.com/gps-cs-s/AG0ilSxu9Fk1YR6rQL6K86O2KjkoDzsljsVXpPqYpwY9hgQtTQbpv5GDlqf4JxGcmYIK5FcFK8Jbw-HndioyusW6EyAtieHmpmmaDl7YvvmTA4pou6G2mXoP0EqFmL--ZR7Bcfy3292Y3g|https://lh3.googleusercontent.com/gps-cs-s/AG0ilSzCVxDauexOI24iXHIeK3ztYB3wkEA9FJ8UaDHCQnTlQOii85-9XIDAIUDsUAxOzRQ1wffEk5cEhFVoND2bogZcykYeTCfB5VoXyGAMST7kVu587464cKBPPU_C9-kG8cm-XKun|https://lh3.googleusercontent.com/p/AF1QipMTHSUIOrY8y7EH6oCHaGdbjWiYtH7nLhTIuZms|https://lh3.googleusercontent.com/gps-cs-s/AG0ilSy6sH7_UQumdymQ-HBWhKLjgo3uy_6pjBkCCml8ieV2Kfxq3ajRFsTj2kALqd_uXqKE3z-hdNgIyG9kWoPsRrnrjWHH-jjhU9oxP2g_XNkmMe8huojfXMpTxfUbxiyfA62ZnCccQG7kS05Y|https://lh3.googleusercontent.com/p/AF1QipPKi9X2zMsZ_7GFLnq9kUEKZ81bhTBdGJJKlR6t|https://lh3.googleusercontent.com/gps-cs-s/AG0ilSz-JhF-0xuXZSo3ZmmqvCkZdvzARHjA9pKhYON5DwZZyzhZ-yWVsIJu0jkltigNiJ-RJqjhoLef6tOX_yNZXsPSPiEcA5c-gvAMnzNwJ5qNo5NUUXwZvyVKhnDmc8TH9LPAi-3Kjw|https://lh3.googleusercontent.com/gps-cs-s/AG0ilSxUH54kYWcFmG6mco_VDA8mrm9TLQUEHjN3rTRgmNFe4JT1jKQzd509v8cJZeCgrAsNKq6YfQfqHfPRNuTF-7pPz18pkV_XuQs2O73pHYqXo7mw_igfhfrCHbqaVNH-igLXyAQKQg|https://lh3.googleusercontent.com/gps-cs-s/AG0ilSxPttZdtiJkcRpXet47iJE3_LHGFTL6wQKZrgj9elnZ2Y2VoR7G3mp6dSgXeiwgbiePb-ahUxlyLGA3DOfQWLlQouxjJked6QAHVTo7nFTqvGYLt_ZJTMJuEsr1_ubuZ9vcAsMDh1o5bYuo|https://lh3.googleusercontent.com/p/AF1QipOhFg99xc9eSJ9yCKKZvfpCYz3REBDtGdgVl4GQ|https://lh3.googleusercontent.com/gps-cs-s/AG0ilSxG95rOXdGizV-ZlX668MN04Y-eUJ5459YKZfBcqXu5ZY2lK4gLKiq22Sv1OCNHBG7VCSGL6Rd4zElTkxTTISRz9R-EaiLmgXmgbxkyqOUYYGn-A4Lwd1XMtweFHJoAH9tM0l8|https://lh3.googleusercontent.com/gps-cs-s/AG0ilSx6mBjy0Z_gsgGBIuQCcPiLJiIfZ766rd-gV1IVn3B-BkPwsY4p_EMLadc0LvA7_DKIprYmHhmXJUAQcxsBNy2uJEVFadOXlbIm1t1UpkyiKRAm1RD4XZ_PUOG2ll1bEcFUQSbSVA|https://lh3.googleusercontent.com/gps-cs-s/AG0ilSynCtVL9RmQ9O_vAnTiXX66fPK5BDfcvVhj7XKiRCfOGziW54ofIiKYxVOKzfqfmsBhq3tla6AK37anLoLTk4V-0465WXAqpwkJJH1v9SuNZh-HhBCKGeXQOLszgcodZ4tOdTGVpL5xC74|https://lh3.googleusercontent.com/gps-cs-s/AG0ilSyGMi7oF60woSUtBa3qMg2t0xk360risqeRS6rxZGyZ2c8WLVc5oibxIl7rAUAX0Vm4GshkznuZLl5AS1ZgZyZoAKzwvPYwdYJpF3py3H3jI22HyG7lpiWOEbjApy5i0q1clt6Bkw|https://lh3.googleusercontent.com/gps-cs-s/AG0ilSx5FkklSgBCuAkHo3tMozoNboFqex0wlSvNiYtJAnUHGC-RpgBiYHc__986bJ_Kwk5PGnU4NnfuawUBLVs6S8w7ZavnTAo8hc1jLTAsA9JdE45roeEzJ6hitiQE6sL4P6T-h-DL|https://lh3.googleusercontent.com/gps-cs-s/AG0ilSxXEOE1AtPoTI338KJdNQHhjfkK3iWjmG4Fh2bnZF5CL4NL_QPedKHvhOAJTR1B75_x_mcRrNWY8zK_4UEv-lHp_ERVKsAgxtNNkHjsnn331L_KefFRXdmxQyi0cngjhDNO7-xT|https://lh3.googleusercontent.com/gps-cs-s/AG0ilSx3hvcUFOotZfq20p5axHlWZIaDB-KDxD4JIvcJWMY_ft-7luFnnCfPZZtHwI25CcU3fxti5Qtv97LYX2nOmQOflM8ZVzvv4arFaNe-hGlfFhk3t63Y2BgvosvFf6TQ3cw55a5Ryg|https://lh3.googleusercontent.com/gps-cs-s/AG0ilSzTFv_VYJjFA90Uuh-gx_KQRpvZwXb81_D294DeLpaZccWUnZh3DLhAn2DVRFlID_ca4XLWrfqrDeInwKnyb7RGTjghNrz7IlXpaF3FzJpyVK3yLDyfAd1l1H6hVN8ZuBFjIZwWDLowPE8I,0663-303319,https://lh3.googleusercontent.com/gps-cs-s/AG0ilSxWOZGBe8HqH6RsJFt-w2YF9Boj-Lncyb-qWg3sER0yMu_zv8MwSSFGMlLrCF2__BJHUvpsne8ESFFhlUzcWI9CZD7L1di0RxMCkSApHmAOm8OgBDrPuQjNVaYtkbc9BRiazHSg
N/A,"Lahlou Hammam 💯% Femmes, coiffure esthétique massage",N/A,N/A,"4,7",https://lh3.googleusercontent.com/p/AF1QipNbzRtnxnI2cJdse-gBpxG7rV6u701rPY3m7cHL|https://lh3.googleusercontent.com/p/AF1QipPdelWogdTajUOkkTXhhxfNMECFfWLjk8UdBRSi|https://lh3.googleusercontent.com/p/AF1QipNN_zvT9DgSH_HCmgjLivEA6ntOAs02cn-pM49G|https://lh3.googleusercontent.com/p/AF1QipPPzmIqbTBRA_wG6rtRTDC10ZNcSWeNbQpBpKu3|https://lh3.googleusercontent.com/gps-cs-s/AG0ilSygcR0maG4wbNb_Ut2uA6h0ZckEqvmv-JzfokW8QUbX-7smHgGdzuARLzRLW_gHK6_ViaFvjm_yK6TVi56lS4be-8KtsIuPjX5sl0X50FSGyYHIGdGZNOTM0X5cOPkA4vBsuCfPXbgw5AA|https://lh3.googleusercontent.com/p/AF1QipPYeEKRV9DiNOzLsr2_v82iaaLKXRXGf2xZDUBG|https://lh3.googleusercontent.com/p/AF1QipP-KN2mv_5QM-MxWzCDHkFXM8vYpEDH5hlyFLc3|https://lh3.googleusercontent.com/p/AF1QipPkFzAv-Vj1WevuFn7faLaxmOUxqf1626EeE7fu|https://lh3.googleusercontent.com/p/AF1QipNUdNb3Fita3UQwHVJZcShtizAABEej-CA-pQvd|https://lh3.googleusercontent.com/p/AF1QipO-wQ9uDsPVQjGG9jmdFSa-8N8-dMNI0kbZIs9m|https://lh3.googleusercontent.com/p/AF1QipMbeaj_Ug2KqS8o-pXvuK0Cjw4lFC94cRZh6U4S|https://lh3.googleusercontent.com/p/AF1QipNUL9r6fvVTpbbUj52PWDR606WeCKLFqIn15AQT|https://lh3.googleusercontent.com/p/AF1QipOX60O8ONH6zLn7cTN7eBe5soz4wH1QJkDFmLPi,0663-622657,https://lh3.googleusercontent.com/p/AF1QipNbzRtnxnI2cJdse-gBpxG7rV6u701rPY3m7cHL
"Residence Salma, Rue de Russie, N1, Tangier 90000",Lady Spa,N/A,S'identifie comme géré par une femme,"4,6",https://lh3.googleusercontent.com/p/AF1QipNDSnq6rQIALjnaqxojVs4oWpqw7E1q01szC9bL|https://lh3.googleusercontent.com/p/AF1QipMi_av67jkEyx0X3nkDFMsAnFTtvwdMmvFdxVT1|https://lh3.googleusercontent.com/gps-cs-s/AG0ilSyjV5HDZSTzD0pnx2fOvXgmboYjvGtDHGwfv2LgtpOEZa8YmZrxi7D5tdjhl2WMesL1-YvYc2X3sIQcZJZJ8uYCzY-KHLUamHLc1eSDG4KR_ImSYT7vgmUoxUNIPCwWluo_ezV1FpgZshjd|https://lh3.googleusercontent.com/p/AF1QipPGrKA3IwVi_XsCoTmSNqK99Jr-16p69QI4YEkP|https://lh3.googleusercontent.com/gps-cs-s/AG0ilSyBWRT0dJjdKaKjd4CJkbOgncWdkUIFzSUj9gDjn1LnPxn81PZQd-zh63c1JfJ1hXFiXQUU3sLzJBZyIZb9JSOLxg5JFN7jztFoxVbrKe2re9brnTNEVTdmrd-BJHvw2KgMtj4g2I9rMdGv|https://lh3.googleusercontent.com/gps-cs-s/AG0ilSwnZ-fXsB_lWin9j6M4fE-HMFXqXyRQJA5tLjhKzJ4cI5Vbc_DHZipvJKIV9OP2588Xy4SC27DnFalsk7dWk-byTkEyq_GcmcgKQ9ydMBS26akLp3zy34diZzRWwVl5APKxsKOU1A|https://lh3.googleusercontent.com/gps-cs-s/AG0ilSwkt7rnxtCsidGA7AjXGkiwMNkoyBu99PuTZW3kC-WDuMFFQ3Kpr_3xS3VdZqdJyn9CTlsS4dwoHIRPQdc7zwNkMbGJlLrdhISqxfvascLoUsERwkW46aZGdanC9ZgLondBLHYMzzTtTx64,0666-513327,https://lh3.googleusercontent.com/p/AF1QipNDSnq6rQIALjnaqxojVs4oWpqw7E1q01szC9bL
"Route du golf galerie andalucia Nr 50 50, Tanger 90000",ALL LADIES,N/A,N/A,"3,8",https://lh3.googleusercontent.com/gps-cs-s/AG0ilSwUuBcPpbZLX8bdo7-m4BrLCQZSYhPEv7U4r7iyx6hfe2xqmxpgXoKrLdR7SMvZV4pL4Idkf6uyOrxZt17sz88hjqXEdudIHA9qAjSS9HLLwDmMD-639uNt6Ioa9FfydJw-SDpS|https://lh3.googleusercontent.com/gps-cs-s/AG0ilSwgr3mYTQ0ins8ZAnQ2XJcg8l7QO8UuxuJVuNH037J4mW4R3E_NTdrqM407dMuegsikPqnIBj7FJho6AEp8Hye9wQ8_U2XNvLX-u3N7A-cnDc5gMYjnVT-Ui84mUyObKuz-Zho|https://lh3.googleusercontent.com/gps-cs-s/AG0ilSyTjS4zTRSkqhn-Lao4olXliJ3c5TRJVYdMrqld6XiMIsQXWW2EgLFuTwxhiq2mVjl4dM3bSqmIL5-drW8nLQvfszGxJkkjpNCwbV3BXpCjoYDva0Uk7BXwtDlYC5POyPPBUTuVmCqWzWUD|https://lh3.googleusercontent.com/gps-cs-s/AG0ilSzsOF2BrOKzIi3rqVqkgy6w0lpxSG5jpW_tqaldLBqFv4lj4wW-KLpydjegJtUDKEGxMn08AYr58Je_J7cP8PhnppMrxD-Bqv6FQiZvuM3RIV7lT9s0uFNkexgDF9XtWl3yUuxx|https://lh3.googleusercontent.com/gps-cs-s/AG0ilSx7kvSz-hn3qFcPWKrdoSKPW-3wyqcUL2CjRsYUs3NUNI3bsCevRP7a0QbeUs8YSdSHPKFte-sVU--SAYUgLuzwsNXPx1sLuVvqoMlU9bOnydP9nKJQzB-gQqjwc3RXLrcwieEtUQ|https://lh3.googleusercontent.com/gps-cs-s/AG0ilSxD24BCfdt5ySlzBo8qZCtl0Kue0EhsnC_m7N3HN3z6z8l7zEov0C-1403Y4WpGCY5DEDDI-yU1Z_GOQGbY0CyMkYcEW6pVIBs-h7lDTDQWS5DP6eDQ8lDMk31o69S4Z1d_DjXa|https://lh3.googleusercontent.com/gps-cs-s/AG0ilSztVdf-O924ThR61jQxQSArUFV3eoW_DyjWFX9WbnxhPXSsL6H5CZ15L5ZL0bIWD9EkNELOJBA-BNcwkKqoqtR-e4TtLnHgQStBICbK3To3ZidWEjxSt16hbgRkR4wGJNAsNLTX|https://lh3.googleusercontent.com/gps-cs-s/AG0ilSy1-nCNYxEICv_K0hb9Wwns-TnOkQXUgEmV-qSvQq7r0y81L0p8VsJZGJB_TT7XiXZYSzSwaQx5BYfofLxsHEHq96En_eZXKEnP787lm-CqXwSi2LQzM55TRCXuliDO7YW1guY,05393-33133,https://lh3.googleusercontent.com/gps-cs-s/AG0ilSwUuBcPpbZLX8bdo7-m4BrLCQZSYhPEv7U4r7iyx6hfe2xqmxpgXoKrLdR7SMvZV4pL4Idkf6uyOrxZt17sz88hjqXEdudIHA9qAjSS9HLLwDmMD-639uNt6Ioa9FfydJw-SDpS
